date,station_id,station_name,province_code,province_name,latitude,longitude,altitude,tmax,tmin,tmed,precipitation,wind_direction,wind_speed,wind_gust,sunshine_hours,pressure_max,pressure_min,humidity_avg,humidity_max,humidity_min
2013-01-01,5000C,CEUTA,51,CEUTA,355319N,052049W,87.0,18.3,11.3,14.8,0.0,24.0,1.9,11.1,,1013.5,1010.0,69.0,83.0,59.0
2013-01-02,5000C,CEUTA,51,CEUTA,355319N,052049W,87.0,16.1,10.1,13.1,0.0,29.0,1.1,8.1,,1015.8,1012.2,61.0,69.0,50.0
2013-01-03,5000C,CEUTA,51,CEUTA,355319N,052049W,87.0,16.0,12.4,14.2,0.0,10.0,5.0,16.4,,1025.9,1015.7,61.0,73.0,54.0
2013-01-04,5000C,CEUTA,51,CEUTA,355319N,052049W,87.0,16.3,12.8,14.6,0.0,12.0,5.6,13.9,,1026.5,1024.5,66.0,73.0,59.0
2013-01-05,5000C,CEUTA,51,CEUTA,355319N,052049W,87.0,18.8,12.1,15.4,0.0,31.0,1.1,9.7,,1025.3,1020.8,70.0,80.0,49.0
2013-01-06,5000C,CEUTA,51,CEUTA,355319N,052049W,87.0,18.6,13.8,16.2,0.0,31.0,1.9,10.6,,1020.9,1017.8,59.0,65.0,51.0
2013-01-07,5000C,CEUTA,51,CEUTA,355319N,052049W,87.0,18.1,12.7,15.4,0.0,30.0,2.5,11.7,,1018.6,1016.1,54.0,63.0,45.0
2013-01-08,5000C,CEUTA,51,CEUTA,355319N,052049W,87.0,19.4,11.8,15.6,0.0,30.0,1.4,6.1,,1019.8,1017.4,63.0,79.0,47.0
2013-01-09,5000C,CEUTA,51,CEUTA,355319N,052049W,87.0,17.7,11.9,14.8,0.0,29.0,3.3,10.3,6.3,1018.4,1016.2,51.0,63.0,45.0
2013-01-10,5000C,CEUTA,51,CEUTA,355319N,052049W,87.0,20.6,13.1,16.8,0.0,32.0,1.1,6.9,6.4,1017.0,1013.1,53.0,62.0,44.0
2013-01-11,5000C,CEUTA,51,CEUTA,355319N,052049W,87.0,19.9,13.7,16.8,0.0,31.0,3.1,10.3,,1014.1,1011.8,55.0,72.0,43.0
2013-01-12,5000C,CEUTA,51,CEUTA,355319N,052049W,87.0,17.8,13.5,15.6,0.8,29.0,2.8,12.5,,1014.2,1011.3,66.0,75.0,56.0
2013-01-13,5000C,CEUTA,51,CEUTA,355319N,052049W,87.0,14.4,10.8,12.6,6.6,32.0,3.9,15.3,,1011.4,1007.8,61.0,85.0,49.0
2013-01-14,5000C,CEUTA,51,CEUTA,355319N,052049W,87.0,15.6,9.7,12.6,0.0,30.0,3.3,14.7,8.3,1014.5,1010.8,51.0,,
2013-01-15,5000C,CEUTA,51,CEUTA,355319N,052049W,87.0,14.6,11.2,12.9,0.0,31.0,4.2,18.3,8.0,1015.8,1012.8,54.0,,
2013-01-16,5000C,CEUTA,51,CEUTA,355319N,052049W,87.0,14.4,12.1,13.2,4.6,24.0,3.3,16.4,0.2,1015.2,1010.6,63.0,79.0,57.0
2013-01-17,5000C,CEUTA,51,CEUTA,355319N,052049W,87.0,17.3,13.5,15.4,2.0,30.0,4.4,17.2,4.7,1012.1,1009.6,72.0,87.0,63.0
2013-01-18,5000C,CEUTA,51,CEUTA,355319N,052049W,87.0,17.9,15.1,16.5,9.3,27.0,2.5,14.2,,1010.0,998.1,84.0,90.0,73.0
2013-01-19,5000C,CEUTA,51,CEUTA,355319N,052049W,87.0,16.4,11.2,13.8,32.6,25.0,4.4,23.9,,998.1,983.8,65.0,87.0,51.0
2013-01-20,5000C,CEUTA,51,CEUTA,355319N,052049W,87.0,15.4,11.8,13.6,23.8,29.0,3.6,19.4,,1003.2,995.3,64.0,,
2013-01-21,5000C,CEUTA,51,CEUTA,355319N,052049W,87.0,14.7,11.1,12.9,1.0,30.0,3.6,17.8,8.0,1008.7,1002.6,60.0,,
2013-01-22,5000C,CEUTA,51,CEUTA,355319N,052049W,87.0,16.2,10.5,13.4,9.5,26.0,3.1,17.8,5.9,1008.9,1004.8,71.0,80.0,56.0
2013-01-23,5000C,CEUTA,51,CEUTA,355319N,052049W,87.0,13.6,10.6,12.1,1.0,29.0,5.6,17.5,8.5,1015.3,1008.6,52.0,69.0,43.0
2013-01-24,5000C,CEUTA,51,CEUTA,355319N,052049W,87.0,15.8,12.4,14.1,17.9,24.0,3.3,17.5,1.2,1013.4,1007.9,81.0,87.0,64.0
2013-01-25,5000C,CEUTA,51,CEUTA,355319N,052049W,87.0,16.2,14.1,15.2,10.2,25.0,3.1,16.1,,1010.4,1006.5,81.0,90.0,69.0
2013-01-26,5000C,CEUTA,51,CEUTA,355319N,052049W,87.0,17.8,14.8,16.3,0.0,29.0,2.8,12.2,,1013.6,1009.9,73.0,87.0,67.0
2013-01-27,5000C,CEUTA,51,CEUTA,355319N,052049W,87.0,16.7,14.3,15.5,0.4,28.0,2.8,13.6,,1015.1,1011.0,65.0,78.0,62.0
2013-01-28,5000C,CEUTA,51,CEUTA,355319N,052049W,87.0,19.9,10.3,15.1,0.0,30.0,1.4,12.8,,1019.5,1014.8,47.0,81.0,28.0
2013-01-29,5000C,CEUTA,51,CEUTA,355319N,052049W,87.0,16.8,10.3,13.6,0.0,18.0,1.4,4.2,8.2,1019.1,1017.4,76.0,91.0,59.0
2013-01-30,5000C,CEUTA,51,CEUTA,355319N,052049W,87.0,21.4,12.7,17.0,0.0,24.0,1.1,4.2,8.5,1020.7,1018.5,54.0,75.0,38.0
2013-01-31,5000C,CEUTA,51,CEUTA,355319N,052049W,87.0,20.2,13.1,16.6,0.0,29.0,1.4,6.9,8.7,1022.0,1019.2,62.0,75.0,46.0
2013-02-01,5000C,CEUTA,51,CEUTA,355319N,052049W,87.0,19.6,13.1,16.4,0.1,25.0,2.5,16.1,,1019.6,1013.7,55.0,72.0,40.0
2013-02-02,5000C,CEUTA,51,CEUTA,355319N,052049W,87.0,16.7,11.6,14.2,0.0,32.0,2.8,17.5,,1014.8,1010.1,55.0,74.0,43.0
2013-02-03,5000C,CEUTA,51,CEUTA,355319N,052049W,87.0,15.8,10.2,13.0,0.0,34.0,2.5,7.2,,1017.9,1014.0,45.0,53.0,31.0
2013-02-04,5000C,CEUTA,51,CEUTA,355319N,052049W,87.0,15.4,12.6,14.0,0.0,11.0,4.7,11.1,,1019.8,1017.4,43.0,56.0,39.0
2013-02-05,5000C,CEUTA,51,CEUTA,355319N,052049W,87.0,19.1,10.6,14.8,0.0,28.0,2.5,12.5,,1018.1,1013.1,55.0,72.0,29.0
2013-02-06,5000C,CEUTA,51,CEUTA,355319N,052049W,87.0,14.8,11.2,13.0,0.0,28.0,4.7,17.2,,1014.7,1011.5,,73.0,47.0
2013-02-07,5000C,CEUTA,51,CEUTA,355319N,052049W,87.0,15.0,8.5,11.8,0.0,30.0,2.2,7.2,,1015.0,1012.1,50.0,,
2013-02-08,5000C,CEUTA,51,CEUTA,355319N,052049W,87.0,17.5,7.8,12.6,0.0,30.0,1.9,11.4,,1013.5,1006.9,47.0,,
2013-02-09,5000C,CEUTA,51,CEUTA,355319N,052049W,87.0,14.8,9.8,12.3,0.0,30.0,2.2,9.2,,1015.9,1009.8,43.0,54.0,34.0
2013-02-10,5000C,CEUTA,51,CEUTA,355319N,052049W,87.0,18.0,8.5,13.2,5.3,24.0,1.4,14.7,,1015.8,1009.0,45.0,65.0,29.0
2013-02-11,5000C,CEUTA,51,CEUTA,355319N,052049W,87.0,13.5,10.6,12.0,0.4,29.0,6.7,18.3,5.2,1011.3,1005.9,61.0,85.0,54.0
2013-02-12,5000C,CEUTA,51,CEUTA,355319N,052049W,87.0,13.9,10.0,12.0,3.3,31.0,4.4,14.2,6.1,1013.3,1009.0,63.0,97.0,41.0
2013-02-13,5000C,CEUTA,51,CEUTA,355319N,052049W,87.0,17.8,11.5,14.6,0.0,30.0,1.7,14.4,9.4,1013.8,1011.1,58.0,68.0,41.0
2013-02-14,5000C,CEUTA,51,CEUTA,355319N,052049W,87.0,17.5,11.3,14.4,0.0,17.0,1.7,4.4,9.5,1013.3,1010.5,65.0,87.0,53.0
2013-02-15,5000C,CEUTA,51,CEUTA,355319N,052049W,87.0,17.2,11.7,14.4,0.0,10.0,1.1,3.3,,1011.9,1009.5,78.0,94.0,63.0
2013-02-16,5000C,CEUTA,51,CEUTA,355319N,052049W,87.0,18.4,10.4,14.4,0.0,31.0,1.1,6.7,,1011.0,1008.2,77.0,94.0,49.0
2013-02-17,5000C,CEUTA,51,CEUTA,355319N,052049W,87.0,16.8,11.3,14.0,0.0,26.0,1.1,8.1,,1008.3,1004.5,67.0,83.0,56.0
2013-02-18,5000C,CEUTA,51,CEUTA,355319N,052049W,87.0,16.9,13.5,15.2,2.7,99.0,1.1,5.0,5.0,1004.9,999.5,74.0,91.0,60.0
2013-02-19,5000C,CEUTA,51,CEUTA,355319N,052049W,87.0,14.8,11.4,13.1,61.4,14.0,1.7,8.9,0.0,1001.4,997.6,93.0,97.0,78.0
2013-02-20,5000C,CEUTA,51,CEUTA,355319N,052049W,87.0,16.6,10.5,13.6,0.0,27.0,1.7,7.8,9.1,1008.6,1001.4,60.0,81.0,42.0
2013-02-21,5000C,CEUTA,51,CEUTA,355319N,052049W,87.0,18.3,11.3,14.8,0.0,24.0,2.5,13.6,5.8,1008.5,1003.6,62.0,73.0,51.0
2013-02-22,5000C,CEUTA,51,CEUTA,355319N,052049W,87.0,18.2,12.1,15.2,39.8,30.0,4.2,18.3,,1003.7,997.8,71.0,84.0,61.0
2013-02-23,5000C,CEUTA,51,CEUTA,355319N,052049W,87.0,15.0,11.3,13.2,0.0,24.0,5.6,22.2,,1009.7,996.4,65.0,82.0,47.0
2013-02-24,5000C,CEUTA,51,CEUTA,355319N,052049W,87.0,13.8,9.5,11.6,0.0,25.0,1.9,10.6,,1011.7,1009.5,58.0,62.0,52.0
2013-02-25,5000C,CEUTA,51,CEUTA,355319N,052049W,87.0,15.3,8.2,11.8,0.0,28.0,1.7,9.4,9.8,1011.6,1008.7,47.0,62.0,33.0
2013-02-26,5000C,CEUTA,51,CEUTA,355319N,052049W,87.0,14.5,9.0,11.8,0.0,8.0,4.4,12.8,7.3,1009.3,1007.1,51.0,73.0,42.0
2013-02-27,5000C,CEUTA,51,CEUTA,355319N,052049W,87.0,12.4,11.3,11.8,6.5,12.0,5.8,14.4,0.0,1007.1,999.4,57.0,81.0,47.0
2013-02-28,5000C,CEUTA,51,CEUTA,355319N,052049W,87.0,12.8,7.1,10.0,8.7,28.0,2.8,18.3,5.1,1005.1,998.3,72.0,84.0,53.0
2013-03-01,5000C,CEUTA,51,CEUTA,355319N,052049W,87.0,15.5,9.4,12.4,0.0,24.0,1.9,10.0,,1007.6,1004.3,52.0,70.0,32.0
2013-03-02,5000C,CEUTA,51,CEUTA,355319N,052049W,87.0,15.0,9.3,12.2,0.6,10.0,3.9,11.7,,1006.0,1003.6,65.0,76.0,54.0
2013-03-03,5000C,CEUTA,51,CEUTA,355319N,052049W,87.0,14.2,12.6,13.4,49.2,11.0,5.0,11.4,,1004.6,996.4,88.0,97.0,76.0
2013-03-08,5000C,CEUTA,51,CEUTA,355319N,052049W,87.0,21.4,16.1,18.8,5.4,25.0,2.8,14.4,,1003.6,1001.2,62.0,76.0,47.0
2013-03-09,5000C,CEUTA,51,CEUTA,355319N,052049W,87.0,19.2,14.1,16.6,6.2,29.0,2.8,12.5,,1003.4,1000.7,74.0,81.0,62.0
2013-03-10,5000C,CEUTA,51,CEUTA,355319N,052049W,87.0,18.7,12.7,15.7,16.7,25.0,2.8,15.3,,1005.4,1001.5,68.0,77.0,57.0
2013-03-11,5000C,CEUTA,51,CEUTA,355319N,052049W,87.0,16.9,11.9,14.4,11.1,99.0,3.3,14.7,,1006.8,1004.1,63.0,75.0,53.0
2013-03-12,5000C,CEUTA,51,CEUTA,355319N,052049W,87.0,16.5,12.1,14.3,16.4,26.0,3.9,18.1,,1004.1,993.9,81.0,86.0,65.0
2013-03-13,5000C,CEUTA,51,CEUTA,355319N,052049W,87.0,14.0,10.3,12.2,0.0,31.0,5.3,17.5,,1007.2,996.3,56.0,79.0,41.0
2013-03-14,5000C,CEUTA,51,CEUTA,355319N,052049W,87.0,15.6,9.3,12.4,0.0,29.0,2.8,9.7,,1010.0,1006.7,38.0,54.0,28.0
2013-03-15,5000C,CEUTA,51,CEUTA,355319N,052049W,87.0,16.0,9.4,12.7,0.0,99.0,1.9,6.7,,1009.2,1005.9,52.0,63.0,44.0
2013-03-16,5000C,CEUTA,51,CEUTA,355319N,052049W,87.0,15.7,12.7,14.2,0.6,11.0,2.8,6.9,,1006.3,999.3,76.0,83.0,58.0
2013-03-17,5000C,CEUTA,51,CEUTA,355319N,052049W,87.0,18.6,13.0,15.8,5.4,24.0,1.4,12.5,,999.7,993.6,83.0,94.0,52.0
2013-03-18,5000C,CEUTA,51,CEUTA,355319N,052049W,87.0,19.0,13.9,16.4,0.6,29.0,1.7,12.8,,1001.4,996.1,59.0,84.0,43.0
2013-03-19,5000C,CEUTA,51,CEUTA,355319N,052049W,87.0,21.2,14.2,17.7,9.9,20.0,2.5,14.7,4.0,998.2,993.0,72.0,86.0,55.0
2013-03-20,5000C,CEUTA,51,CEUTA,355319N,052049W,87.0,16.7,11.6,14.2,0.0,31.0,3.6,16.9,8.7,1011.0,995.8,57.0,86.0,46.0
2013-03-21,5000C,CEUTA,51,CEUTA,355319N,052049W,87.0,16.9,10.9,13.9,0.0,11.0,2.5,7.8,9.8,1009.6,1003.4,71.0,84.0,63.0
2013-03-22,5000C,CEUTA,51,CEUTA,355319N,052049W,87.0,18.1,11.9,15.0,0.4,25.0,1.7,10.6,,1003.4,1000.3,71.0,92.0,57.0
2013-03-23,5000C,CEUTA,51,CEUTA,355319N,052049W,87.0,16.8,10.7,13.8,15.5,20.0,2.2,11.1,,1000.3,993.4,73.0,80.0,53.0
2013-03-24,5000C,CEUTA,51,CEUTA,355319N,052049W,87.0,16.5,11.3,13.9,17.9,29.0,3.1,15.0,,1007.0,997.2,69.0,80.0,59.0
2013-03-25,5000C,CEUTA,51,CEUTA,355319N,052049W,87.0,18.7,13.3,16.0,0.0,25.0,1.4,12.5,6.2,1008.4,1005.6,63.0,75.0,52.0
2013-03-26,5000C,CEUTA,51,CEUTA,355319N,052049W,87.0,20.2,14.4,17.3,3.5,27.0,2.2,10.3,7.8,1005.6,999.4,61.0,73.0,51.0
2013-03-27,5000C,CEUTA,51,CEUTA,355319N,052049W,87.0,19.9,14.9,17.4,3.1,25.0,2.5,12.2,,999.4,996.9,66.0,84.0,56.0
2013-03-28,5000C,CEUTA,51,CEUTA,355319N,052049W,87.0,19.0,14.3,16.6,1.6,25.0,1.7,13.1,,1010.0,997.1,73.0,96.0,57.0
2013-03-29,5000C,CEUTA,51,CEUTA,355319N,052049W,87.0,21.5,15.0,18.2,10.8,23.0,3.1,14.2,,1009.9,1007.1,55.0,83.0,41.0
2013-03-30,5000C,CEUTA,51,CEUTA,355319N,052049W,87.0,19.9,15.4,17.6,10.5,27.0,4.2,13.3,,1008.6,1005.4,76.0,90.0,66.0
2013-03-31,5000C,CEUTA,51,CEUTA,355319N,052049W,87.0,20.4,15.9,18.2,9.4,25.0,1.9,15.3,,1006.3,997.5,82.0,93.0,69.0
2013-04-01,5000C,CEUTA,51,CEUTA,355319N,052049W,87.0,18.1,14.8,16.4,0.7,25.0,4.7,16.7,9.1,1004.4,997.1,62.0,85.0,50.0
2013-04-02,5000C,CEUTA,51,CEUTA,355319N,052049W,87.0,19.7,13.9,16.8,0.0,25.0,2.2,10.8,6.7,1006.1,998.6,59.0,78.0,49.0
2013-04-03,5000C,CEUTA,51,CEUTA,355319N,052049W,87.0,18.0,12.7,15.4,8.2,22.0,1.7,11.1,3.9,998.6,994.2,64.0,75.0,54.0
2013-04-04,5000C,CEUTA,51,CEUTA,355319N,052049W,87.0,17.5,11.4,14.4,19.2,21.0,2.2,10.3,4.0,996.4,992.9,68.0,81.0,57.0
2013-04-05,5000C,CEUTA,51,CEUTA,355319N,052049W,87.0,17.1,11.8,14.4,7.5,31.0,1.9,11.9,,1007.1,993.5,78.0,95.0,53.0
2013-04-06,5000C,CEUTA,51,CEUTA,355319N,052049W,87.0,15.4,10.6,13.0,0.0,30.0,1.7,11.4,,1012.4,1007.1,50.0,63.0,40.0
2013-04-07,5000C,CEUTA,51,CEUTA,355319N,052049W,87.0,18.3,10.4,14.4,0.0,30.0,1.4,5.3,,1011.6,1006.2,51.0,63.0,43.0
2013-04-08,5000C,CEUTA,51,CEUTA,355319N,052049W,87.0,20.6,12.1,16.4,0.0,25.0,1.4,9.4,11.0,1006.6,1003.9,43.0,71.0,31.0
2013-04-09,5000C,CEUTA,51,CEUTA,355319N,052049W,87.0,19.0,14.1,16.6,0.0,26.0,0.8,10.3,3.3,1010.7,1005.5,63.0,78.0,53.0
2013-04-10,5000C,CEUTA,51,CEUTA,355319N,052049W,87.0,20.9,15.1,18.0,,30.0,1.7,10.0,7.9,1012.1,1009.3,65.0,79.0,56.0
2013-04-11,5000C,CEUTA,51,CEUTA,355319N,052049W,87.0,20.5,15.1,17.8,0.0,30.0,0.6,10.0,10.5,1010.1,1007.0,61.0,75.0,52.0
2013-04-12,5000C,CEUTA,51,CEUTA,355319N,052049W,87.0,22.6,15.5,19.0,0.0,32.0,1.7,10.0,,1009.5,1006.0,63.0,75.0,45.0
2013-04-13,5000C,CEUTA,51,CEUTA,355319N,052049W,87.0,20.1,13.7,16.9,0.0,10.0,3.1,8.6,,1010.9,1007.1,71.0,94.0,51.0
2013-04-14,5000C,CEUTA,51,CEUTA,355319N,052049W,87.0,19.0,15.7,17.4,0.0,12.0,3.6,8.1,,1013.2,1009.1,81.0,94.0,68.0
2013-04-15,5000C,CEUTA,51,CEUTA,355319N,052049W,87.0,19.3,15.6,17.4,0.0,10.0,3.1,8.1,6.1,1013.6,1010.9,82.0,91.0,71.0
2013-04-16,5000C,CEUTA,51,CEUTA,355319N,052049W,87.0,18.7,15.7,17.2,,17.0,3.1,6.9,10.7,1011.7,1009.7,82.0,93.0,73.0
2013-04-17,5000C,CEUTA,51,CEUTA,355319N,052049W,87.0,17.9,15.0,16.4,,10.0,2.8,6.4,0.0,1012.5,1010.0,83.0,90.0,75.0
2013-04-18,5000C,CEUTA,51,CEUTA,355319N,052049W,87.0,18.3,15.0,16.6,,16.0,2.5,6.1,0.0,1011.9,1008.7,77.0,92.0,69.0
2013-04-19,5000C,CEUTA,51,CEUTA,355319N,052049W,87.0,17.8,14.5,16.2,,16.0,2.5,6.4,,1010.9,1006.6,86.0,99.0,71.0
2013-04-20,5000C,CEUTA,51,CEUTA,355319N,052049W,87.0,18.7,14.5,16.6,0.0,12.0,3.9,9.4,,1011.4,1008.2,79.0,99.0,70.0
2013-04-21,5000C,CEUTA,51,CEUTA,355319N,052049W,87.0,19.2,14.9,17.0,0.0,11.0,3.1,7.5,,1010.0,1006.3,68.0,84.0,58.0
2013-04-22,5000C,CEUTA,51,CEUTA,355319N,052049W,87.0,18.7,14.0,16.4,0.0,14.0,1.1,6.1,0.7,1007.2,1004.1,84.0,92.0,70.0
2013-04-23,5000C,CEUTA,51,CEUTA,355319N,052049W,87.0,18.9,15.5,17.2,0.0,9.0,6.1,13.6,11.0,1010.4,1005.8,59.0,81.0,52.0
2013-04-24,5000C,CEUTA,51,CEUTA,355319N,052049W,87.0,18.5,14.8,16.6,0.0,8.0,5.3,12.8,10.3,1010.3,1008.2,60.0,73.0,52.0
2013-04-25,5000C,CEUTA,51,CEUTA,355319N,052049W,87.0,20.5,12.9,16.7,0.0,10.0,1.4,6.4,11.3,1008.8,1002.9,57.0,83.0,49.0
2013-04-26,5000C,CEUTA,51,CEUTA,355319N,052049W,87.0,24.7,17.1,20.9,0.0,32.0,1.9,10.0,,1005.6,1001.8,51.0,67.0,43.0
2013-04-27,5000C,CEUTA,51,CEUTA,355319N,052049W,87.0,21.4,14.1,17.8,0.0,30.0,3.1,15.6,,1001.8,997.1,55.0,69.0,44.0
2013-04-28,5000C,CEUTA,51,CEUTA,355319N,052049W,87.0,14.9,9.4,12.2,2.8,32.0,3.6,13.9,,1001.1,995.2,52.0,64.0,46.0
2013-04-29,5000C,CEUTA,51,CEUTA,355319N,052049W,87.0,15.7,9.1,12.4,17.8,29.0,2.5,11.1,3.1,1001.1,998.8,56.0,81.0,47.0
2013-04-30,5000C,CEUTA,51,CEUTA,355319N,052049W,87.0,17.3,9.0,13.2,1.1,27.0,1.1,8.1,3.1,1006.1,999.6,66.0,93.0,47.0
2013-05-01,5000C,CEUTA,51,CEUTA,355319N,052049W,87.0,18.2,10.6,14.4,0.0,9.0,2.5,6.4,,1007.2,1004.9,66.0,87.0,57.0
2013-05-02,5000C,CEUTA,51,CEUTA,355319N,052049W,87.0,19.4,12.7,16.0,0.0,14.0,2.8,6.1,6.0,1007.9,1005.4,69.0,86.0,57.0
2013-05-03,5000C,CEUTA,51,CEUTA,355319N,052049W,87.0,19.6,14.3,17.0,0.0,5.0,2.8,6.7,,1009.0,1006.1,70.0,85.0,60.0
2013-05-04,5000C,CEUTA,51,CEUTA,355319N,052049W,87.0,19.6,15.1,17.4,0.0,9.0,3.1,6.7,,1011.7,1007.7,73.0,89.0,65.0
2013-05-05,5000C,CEUTA,51,CEUTA,355319N,052049W,87.0,19.8,15.3,17.6,0.0,18.0,3.1,6.4,,1012.1,1009.3,76.0,90.0,62.0
2013-05-06,5000C,CEUTA,51,CEUTA,355319N,052049W,87.0,21.8,14.9,18.4,0.0,17.0,1.7,4.4,10.5,1011.8,1009.4,56.0,94.0,36.0
2013-05-07,5000C,CEUTA,51,CEUTA,355319N,052049W,87.0,23.1,16.5,19.8,0.0,18.0,1.9,4.7,8.5,1010.5,1007.2,58.0,86.0,33.0
2013-05-08,5000C,CEUTA,51,CEUTA,355319N,052049W,87.0,27.8,15.4,21.6,0.0,99.0,0.8,3.9,7.8,1007.5,1005.0,43.0,88.0,25.0
2013-05-09,5000C,CEUTA,51,CEUTA,355319N,052049W,87.0,29.3,19.4,24.4,0.0,30.0,2.5,10.0,10.0,1007.7,1005.0,18.0,30.0,14.0
2013-05-10,5000C,CEUTA,51,CEUTA,355319N,052049W,87.0,28.8,18.7,23.8,0.0,32.0,2.2,8.9,,1008.2,1006.1,36.0,49.0,22.0
2013-05-11,5000C,CEUTA,51,CEUTA,355319N,052049W,87.0,22.0,16.5,19.2,0.0,2.0,1.4,7.2,,1009.1,1006.5,72.0,96.0,39.0
2013-05-12,5000C,CEUTA,51,CEUTA,355319N,052049W,87.0,22.0,17.0,19.5,0.0,32.0,3.3,10.0,,1010.4,1008.1,75.0,96.0,65.0
2013-05-13,5000C,CEUTA,51,CEUTA,355319N,052049W,87.0,20.6,17.4,19.0,0.0,9.0,4.2,8.6,0.8,1010.3,1006.3,80.0,90.0,71.0
2013-05-14,5000C,CEUTA,51,CEUTA,355319N,052049W,87.0,20.9,16.9,18.9,,20.0,2.5,12.5,2.6,1007.7,997.7,75.0,93.0,65.0
2013-05-15,5000C,CEUTA,51,CEUTA,355319N,052049W,87.0,19.2,14.4,16.8,1.9,24.0,3.3,14.2,4.8,998.1,995.4,66.0,81.0,47.0
2013-05-16,5000C,CEUTA,51,CEUTA,355319N,052049W,87.0,18.8,13.9,16.4,9.0,27.0,3.3,15.0,10.6,999.9,994.9,51.0,69.0,40.0
2013-05-17,5000C,CEUTA,51,CEUTA,355319N,052049W,87.0,18.8,12.5,15.6,16.0,28.0,2.8,15.3,,1000.2,996.1,78.0,87.0,57.0
2013-05-18,5000C,CEUTA,51,CEUTA,355319N,052049W,87.0,17.5,12.7,15.1,4.3,32.0,2.8,14.2,,1011.3,1000.1,53.0,71.0,46.0
2013-05-19,5000C,CEUTA,51,CEUTA,355319N,052049W,87.0,18.4,13.0,15.7,0.0,25.0,2.2,9.7,,1012.2,1010.0,49.0,64.0,42.0
2013-05-20,5000C,CEUTA,51,CEUTA,355319N,052049W,87.0,17.2,12.4,14.8,6.8,26.0,1.1,6.9,0.9,1010.0,1006.3,70.0,89.0,52.0
2013-05-21,5000C,CEUTA,51,CEUTA,355319N,052049W,87.0,19.8,12.0,15.9,0.4,25.0,1.9,7.5,6.0,1010.3,1005.0,66.0,91.0,49.0
2013-05-22,5000C,CEUTA,51,CEUTA,355319N,052049W,87.0,22.4,13.4,17.9,0.0,30.0,3.3,11.4,12.0,1009.7,1007.4,46.0,62.0,32.0
2013-05-23,5000C,CEUTA,51,CEUTA,355319N,052049W,87.0,23.7,17.9,20.8,0.0,28.0,3.6,11.4,13.0,1007.8,1005.2,46.0,54.0,31.0
2013-05-24,5000C,CEUTA,51,CEUTA,355319N,052049W,87.0,22.4,15.4,18.9,0.0,29.0,3.9,16.9,,1007.3,1004.6,56.0,75.0,47.0
2013-05-25,5000C,CEUTA,51,CEUTA,355319N,052049W,87.0,22.2,15.9,19.0,0.0,99.0,3.3,15.3,,1008.8,1005.5,54.0,69.0,49.0
2013-05-26,5000C,CEUTA,51,CEUTA,355319N,052049W,87.0,22.2,15.7,19.0,0.0,30.0,1.4,8.6,,1007.9,1004.5,58.0,70.0,54.0
2013-05-27,5000C,CEUTA,51,CEUTA,355319N,052049W,87.0,20.5,15.7,18.1,0.0,22.0,3.1,12.8,10.5,1005.6,1003.0,58.0,72.0,51.0
2013-05-28,5000C,CEUTA,51,CEUTA,355319N,052049W,87.0,20.1,15.7,17.9,0.0,29.0,2.8,11.9,11.3,1007.4,1003.7,57.0,73.0,49.0
2013-05-29,5000C,CEUTA,51,CEUTA,355319N,052049W,87.0,18.5,15.4,17.0,0.0,32.0,1.9,17.2,12.9,1008.9,1006.2,52.0,73.0,44.0
2013-05-30,5000C,CEUTA,51,CEUTA,355319N,052049W,87.0,21.9,15.2,18.6,0.0,32.0,1.9,12.2,13.1,1008.9,1006.3,51.0,67.0,46.0
2013-05-31,5000C,CEUTA,51,CEUTA,355319N,052049W,87.0,24.4,15.6,20.0,0.0,29.0,3.6,10.3,,1008.3,1005.4,38.0,57.0,34.0
2013-06-01,5000C,CEUTA,51,CEUTA,355319N,052049W,87.0,23.3,16.5,19.9,0.0,28.0,1.1,7.2,,1008.9,1006.6,54.0,94.0,32.0
2013-06-02,5000C,CEUTA,51,CEUTA,355319N,052049W,87.0,21.0,16.0,18.5,0.0,16.0,2.8,6.7,,1007.6,1005.5,66.0,96.0,54.0
2013-06-03,5000C,CEUTA,51,CEUTA,355319N,052049W,87.0,21.7,16.7,19.2,0.0,17.0,3.1,6.9,12.5,1007.4,1004.8,73.0,92.0,58.0
2013-06-04,5000C,CEUTA,51,CEUTA,355319N,052049W,87.0,21.2,17.0,19.1,0.0,10.0,2.8,6.4,10.5,1005.6,1001.9,73.0,90.0,63.0
2013-06-05,5000C,CEUTA,51,CEUTA,355319N,052049W,87.0,24.1,16.0,20.0,0.0,28.0,2.8,10.3,12.8,1006.7,1001.8,52.0,88.0,46.0
2013-06-06,5000C,CEUTA,51,CEUTA,355319N,052049W,87.0,22.4,16.4,19.4,0.0,29.0,3.6,12.8,12.2,1010.0,1005.8,51.0,65.0,43.0
2013-06-07,5000C,CEUTA,51,CEUTA,355319N,052049W,87.0,22.7,16.3,19.5,0.3,22.0,2.2,11.1,,1011.0,1008.4,60.0,73.0,49.0
2013-06-08,5000C,CEUTA,51,CEUTA,355319N,052049W,87.0,21.6,15.8,18.7,0.0,29.0,2.5,9.7,,1010.5,1008.0,52.0,64.0,44.0
2013-06-09,5000C,CEUTA,51,CEUTA,355319N,052049W,87.0,21.4,16.2,18.8,0.0,24.0,2.5,10.0,,1010.1,1007.5,55.0,70.0,44.0
2013-06-10,5000C,CEUTA,51,CEUTA,355319N,052049W,87.0,24.5,16.2,20.4,0.0,26.0,2.2,10.0,13.3,1010.3,1007.5,52.0,77.0,40.0
2013-06-11,5000C,CEUTA,51,CEUTA,355319N,052049W,87.0,29.2,20.8,25.0,0.0,30.0,1.4,10.3,12.8,1010.5,1008.2,37.0,52.0,31.0
2013-06-12,5000C,CEUTA,51,CEUTA,355319N,052049W,87.0,28.9,20.6,24.8,0.0,99.0,1.9,5.0,,1010.8,1008.6,43.0,54.0,39.0
2013-06-13,5000C,CEUTA,51,CEUTA,355319N,052049W,87.0,25.4,18.8,22.1,0.0,17.0,1.9,5.8,,1008.8,1005.6,52.0,86.0,36.0
2013-06-14,5000C,CEUTA,51,CEUTA,355319N,052049W,87.0,27.3,17.9,22.6,0.0,12.0,2.5,6.4,,1006.9,1005.2,46.0,92.0,35.0
2013-06-15,5000C,CEUTA,51,CEUTA,355319N,052049W,87.0,27.2,18.7,23.0,0.0,16.0,1.7,6.4,,1006.5,1003.5,56.0,94.0,36.0
2013-06-16,5000C,CEUTA,51,CEUTA,355319N,052049W,87.0,25.1,19.2,22.2,0.0,7.0,2.2,5.3,,1004.7,1001.1,72.0,90.0,60.0
2013-06-17,5000C,CEUTA,51,CEUTA,355319N,052049W,87.0,22.8,17.5,20.2,0.0,24.0,2.2,14.7,7.1,1006.6,1001.0,61.0,69.0,43.0
2013-06-18,5000C,CEUTA,51,CEUTA,355319N,052049W,87.0,21.0,16.3,18.6,0.0,27.0,3.1,12.5,11.2,1007.8,1004.9,59.0,76.0,43.0
2013-06-19,5000C,CEUTA,51,CEUTA,355319N,052049W,87.0,21.6,16.6,19.1,0.0,99.0,3.1,10.6,12.3,1008.1,1005.9,65.0,82.0,54.0
2013-06-20,5000C,CEUTA,51,CEUTA,355319N,052049W,87.0,26.9,18.2,22.6,0.0,28.0,1.1,5.3,12.0,1008.6,1005.5,56.0,78.0,46.0
2013-06-21,5000C,CEUTA,51,CEUTA,355319N,052049W,87.0,24.6,17.3,21.0,0.0,8.0,1.7,5.8,,1009.2,1006.6,71.0,97.0,52.0
2013-06-22,5000C,CEUTA,51,CEUTA,355319N,052049W,87.0,23.0,18.0,20.5,0.0,12.0,3.1,8.1,,1011.5,1008.9,87.0,99.0,74.0
2013-06-23,5000C,CEUTA,51,CEUTA,355319N,052049W,87.0,23.3,18.9,21.1,0.0,10.0,3.3,10.0,,1010.4,1007.1,80.0,99.0,69.0
2013-06-24,5000C,CEUTA,51,CEUTA,355319N,052049W,87.0,23.6,19.0,21.3,0.0,12.0,4.4,11.7,8.0,1010.8,1007.4,87.0,99.0,67.0
2013-06-25,5000C,CEUTA,51,CEUTA,355319N,052049W,87.0,23.3,18.9,21.1,0.0,12.0,5.0,12.8,8.6,1011.6,1009.8,80.0,99.0,69.0
2013-06-26,5000C,CEUTA,51,CEUTA,355319N,052049W,87.0,22.9,18.5,20.7,,99.0,5.0,10.3,10.3,1012.0,1009.9,78.0,98.0,65.0
2013-06-27,5000C,CEUTA,51,CEUTA,355319N,052049W,87.0,23.1,18.5,20.8,0.0,9.0,4.2,11.7,6.1,1011.5,1009.0,80.0,96.0,68.0
2013-06-28,5000C,CEUTA,51,CEUTA,355319N,052049W,87.0,23.4,18.2,20.8,0.0,11.0,4.7,10.3,,1012.7,1009.9,77.0,98.0,65.0
2013-06-29,5000C,CEUTA,51,CEUTA,355319N,052049W,87.0,22.6,18.6,20.6,0.0,12.0,3.6,8.9,,1012.3,1009.7,84.0,99.0,74.0
2013-06-30,5000C,CEUTA,51,CEUTA,355319N,052049W,87.0,23.3,18.7,21.0,0.0,17.0,2.8,7.2,,1010.4,1006.0,80.0,96.0,68.0
2013-07-01,5000C,CEUTA,51,CEUTA,355319N,052049W,87.0,24.6,18.3,21.4,0.0,11.0,2.8,6.4,10.3,1007.4,1005.0,80.0,98.0,64.0
2013-07-02,5000C,CEUTA,51,CEUTA,355319N,052049W,87.0,24.0,19.2,21.6,0.0,10.0,2.5,6.7,11.1,1008.0,1005.6,81.0,99.0,68.0
2013-07-03,5000C,CEUTA,51,CEUTA,355319N,052049W,87.0,24.7,19.3,22.0,0.0,18.0,2.8,6.1,8.1,1008.8,1006.3,77.0,98.0,56.0
2013-07-04,5000C,CEUTA,51,CEUTA,355319N,052049W,87.0,24.0,20.4,22.2,0.0,12.0,3.3,8.6,4.4,1009.9,1007.3,90.0,99.0,77.0
2013-07-05,5000C,CEUTA,51,CEUTA,355319N,052049W,87.0,23.4,20.0,21.7,0.0,17.0,3.3,8.6,,1011.7,1009.1,86.0,99.0,77.0
2013-07-06,5000C,CEUTA,51,CEUTA,355319N,052049W,87.0,24.6,19.9,22.2,0.0,10.0,3.9,9.4,,1011.5,1009.2,82.0,99.0,68.0
2013-07-07,5000C,CEUTA,51,CEUTA,355319N,052049W,87.0,24.1,19.4,21.8,0.0,11.0,3.6,8.3,,1011.3,1008.6,90.0,99.0,70.0
2013-07-08,5000C,CEUTA,51,CEUTA,355319N,052049W,87.0,22.9,19.5,21.2,0.0,99.0,3.6,7.5,13.2,1010.4,1008.1,85.0,99.0,75.0
2013-07-09,5000C,CEUTA,51,CEUTA,355319N,052049W,87.0,25.1,19.8,22.4,0.0,11.0,2.8,7.5,13.1,1009.0,1005.6,73.0,99.0,67.0
2013-07-10,5000C,CEUTA,51,CEUTA,355319N,052049W,87.0,27.0,20.0,23.5,0.0,16.0,2.2,6.1,12.1,1007.4,1000.9,64.0,99.0,43.0
2013-07-11,5000C,CEUTA,51,CEUTA,355319N,052049W,87.0,25.4,18.6,22.0,0.0,17.0,2.5,5.8,10.7,1003.6,1000.8,80.0,98.0,68.0
2013-07-12,5000C,CEUTA,51,CEUTA,355319N,052049W,87.0,25.7,19.0,22.4,0.0,5.0,0.8,4.2,,1007.6,1003.4,79.0,99.0,65.0
2013-07-13,5000C,CEUTA,51,CEUTA,355319N,052049W,87.0,28.6,17.5,23.0,0.0,28.0,0.8,7.5,,1008.2,1006.4,49.0,97.0,38.0
2013-07-14,5000C,CEUTA,51,CEUTA,355319N,052049W,87.0,27.6,19.1,23.4,0.0,29.0,2.2,10.8,,1008.9,1006.5,58.0,81.0,48.0
2013-07-15,5000C,CEUTA,51,CEUTA,355319N,052049W,87.0,25.3,18.6,22.0,0.0,12.0,2.2,6.7,13.0,1010.4,1007.4,73.0,95.0,60.0
2013-07-16,5000C,CEUTA,51,CEUTA,355319N,052049W,87.0,25.0,19.0,22.0,0.0,12.0,1.9,5.6,10.9,1010.2,1007.8,79.0,99.0,67.0
2013-07-17,5000C,CEUTA,51,CEUTA,355319N,052049W,87.0,25.8,21.6,23.7,0.0,16.0,2.8,6.1,12.9,1010.4,1007.8,78.0,97.0,66.0
2013-07-18,5000C,CEUTA,51,CEUTA,355319N,052049W,87.0,26.3,21.6,24.0,0.0,11.0,2.2,6.1,10.6,1008.9,1006.0,79.0,98.0,67.0
2013-07-19,5000C,CEUTA,51,CEUTA,355319N,052049W,87.0,26.9,21.7,24.3,0.0,10.0,2.2,6.4,,1006.8,1003.0,81.0,99.0,57.0
2013-07-20,5000C,CEUTA,51,CEUTA,355319N,052049W,87.0,27.8,20.5,24.2,0.0,32.0,1.7,6.1,,1005.6,1003.4,65.0,93.0,50.0
2013-07-21,5000C,CEUTA,51,CEUTA,355319N,052049W,87.0,27.1,19.8,23.4,0.0,6.0,1.1,5.8,,1006.9,1004.5,70.0,91.0,54.0
2013-07-22,5000C,CEUTA,51,CEUTA,355319N,052049W,87.0,27.4,21.0,24.2,0.0,9.0,2.5,6.7,,1007.3,1005.1,79.0,98.0,62.0
2013-07-23,5000C,CEUTA,51,CEUTA,355319N,052049W,87.0,28.1,20.8,24.4,0.0,5.0,1.7,4.4,,1006.5,1003.9,77.0,99.0,57.0
2013-07-24,5000C,CEUTA,51,CEUTA,355319N,052049W,87.0,28.9,20.9,24.9,0.0,15.0,1.4,5.0,,1007.2,1004.8,71.0,98.0,54.0
2013-07-25,5000C,CEUTA,51,CEUTA,355319N,052049W,87.0,29.1,20.2,24.6,0.0,99.0,1.4,5.8,,1007.1,1003.6,76.0,99.0,46.0
2013-07-26,5000C,CEUTA,51,CEUTA,355319N,052049W,87.0,28.5,20.3,24.4,0.0,24.0,1.9,11.7,,1004.7,1000.8,54.0,83.0,46.0
2013-07-27,5000C,CEUTA,51,CEUTA,355319N,052049W,87.0,25.2,19.9,22.6,0.0,28.0,2.8,14.7,,1005.7,1001.2,54.0,72.0,44.0
2013-07-28,5000C,CEUTA,51,CEUTA,355319N,052049W,87.0,27.8,19.7,23.8,0.0,32.0,2.8,11.7,,1010.5,1005.3,45.0,74.0,34.0
2013-07-29,5000C,CEUTA,51,CEUTA,355319N,052049W,87.0,29.0,20.8,24.9,0.0,99.0,1.4,9.2,12.4,1011.9,1009.2,51.0,88.0,33.0
2013-07-30,5000C,CEUTA,51,CEUTA,355319N,052049W,87.0,27.4,20.3,23.8,0.0,10.0,3.3,8.1,10.1,1012.0,1009.5,76.0,99.0,52.0
2013-07-31,5000C,CEUTA,51,CEUTA,355319N,052049W,87.0,26.8,22.0,24.4,0.0,12.0,4.2,9.4,7.8,1009.8,1006.2,85.0,98.0,67.0
2013-08-01,5000C,CEUTA,51,CEUTA,355319N,052049W,87.0,27.0,22.1,24.6,0.0,11.0,3.6,7.8,9.6,1006.4,1003.0,81.0,96.0,66.0
2013-08-02,5000C,CEUTA,51,CEUTA,355319N,052049W,87.0,27.0,21.5,24.2,0.0,11.0,1.9,6.7,,1006.9,1004.1,87.0,99.0,67.0
2013-08-03,5000C,CEUTA,51,CEUTA,355319N,052049W,87.0,30.8,21.0,25.9,0.0,16.0,2.2,5.6,,1008.6,1005.6,65.0,97.0,39.0
2013-08-04,5000C,CEUTA,51,CEUTA,355319N,052049W,87.0,26.1,22.3,24.2,0.0,13.0,2.2,5.6,,1009.5,1006.8,88.0,99.0,72.0
2013-08-05,5000C,CEUTA,51,CEUTA,355319N,052049W,87.0,28.2,21.9,25.0,0.0,16.0,2.5,5.8,,1008.5,1004.2,83.0,99.0,63.0
2013-08-06,5000C,CEUTA,51,CEUTA,355319N,052049W,87.0,33.4,20.5,27.0,0.0,29.0,1.4,9.7,11.6,1005.9,1002.3,58.0,99.0,17.0
2013-08-07,5000C,CEUTA,51,CEUTA,355319N,052049W,87.0,29.2,21.7,25.4,0.0,30.0,1.4,13.3,12.4,1004.3,1001.4,43.0,63.0,26.0
2013-08-08,5000C,CEUTA,51,CEUTA,355319N,052049W,87.0,34.2,20.8,27.5,0.0,29.0,1.9,10.6,12.6,1009.7,1002.8,36.0,99.0,26.0
2013-08-09,5000C,CEUTA,51,CEUTA,355319N,052049W,87.0,26.8,21.3,24.0,0.0,9.0,3.9,8.9,,1011.7,1009.2,82.0,99.0,71.0
2013-08-10,5000C,CEUTA,51,CEUTA,355319N,052049W,87.0,27.1,21.8,24.4,0.0,11.0,3.9,8.3,,1010.4,1007.3,86.0,99.0,67.0
2013-08-11,5000C,CEUTA,51,CEUTA,355319N,052049W,87.0,27.3,22.0,24.6,0.0,10.0,3.9,7.8,,1008.6,1005.9,80.0,99.0,65.0
2013-08-12,5000C,CEUTA,51,CEUTA,355319N,052049W,87.0,27.1,21.2,24.2,,11.0,2.8,7.2,8.9,1007.1,1003.8,82.0,99.0,65.0
2013-08-13,5000C,CEUTA,51,CEUTA,355319N,052049W,87.0,26.2,20.6,23.4,0.0,8.0,2.2,5.6,3.5,1006.2,1003.7,84.0,98.0,66.0
2013-08-14,5000C,CEUTA,51,CEUTA,355319N,052049W,87.0,28.2,22.3,25.2,0.0,10.0,2.5,8.6,,1007.2,1004.8,82.0,99.0,56.0
2013-08-15,5000C,CEUTA,51,CEUTA,355319N,052049W,87.0,28.1,20.9,24.5,0.0,13.0,2.8,8.1,,1008.1,1006.1,81.0,99.0,63.0
2013-08-16,5000C,CEUTA,51,CEUTA,355319N,052049W,87.0,28.1,21.9,25.0,0.0,9.0,1.9,5.8,,1008.1,1005.7,72.0,99.0,55.0
2013-08-17,5000C,CEUTA,51,CEUTA,355319N,052049W,87.0,26.4,22.2,24.3,0.0,18.0,2.2,5.6,,1007.7,1005.2,85.0,99.0,74.0
2013-08-18,5000C,CEUTA,51,CEUTA,355319N,052049W,87.0,27.8,22.6,25.2,0.0,8.0,3.3,8.6,,1007.3,1004.5,84.0,99.0,66.0
2013-08-19,5000C,CEUTA,51,CEUTA,355319N,052049W,87.0,27.5,22.5,25.0,0.0,10.0,2.8,7.5,10.5,1008.9,1006.1,82.0,99.0,71.0
2013-08-20,5000C,CEUTA,51,CEUTA,355319N,052049W,87.0,28.5,22.7,25.6,0.0,10.0,3.3,7.8,8.7,1009.9,1007.2,79.0,99.0,60.0
2013-08-21,5000C,CEUTA,51,CEUTA,355319N,052049W,87.0,27.9,22.1,25.0,0.0,12.0,3.1,8.1,8.7,1010.4,1006.5,86.0,99.0,67.0
2013-08-22,5000C,CEUTA,51,CEUTA,355319N,052049W,87.0,28.2,22.4,25.3,0.0,18.0,2.5,6.7,9.4,1007.5,1002.7,83.0,99.0,65.0
2013-08-23,5000C,CEUTA,51,CEUTA,355319N,052049W,87.0,27.3,22.0,24.6,0.0,18.0,1.9,5.6,,1004.6,1001.9,84.0,99.0,73.0
2013-08-24,5000C,CEUTA,51,CEUTA,355319N,052049W,87.0,27.6,21.2,24.4,0.0,6.0,1.7,5.3,,1005.3,1002.2,84.0,99.0,71.0
2013-08-25,5000C,CEUTA,51,CEUTA,355319N,052049W,87.0,27.1,20.3,23.7,0.0,5.0,1.4,4.4,,1003.9,999.2,77.0,88.0,71.0
2013-08-26,5000C,CEUTA,51,CEUTA,355319N,052049W,87.0,26.4,20.5,23.4,0.0,30.0,3.6,13.6,10.9,1001.9,998.8,70.0,80.0,66.0
2013-08-27,5000C,CEUTA,51,CEUTA,355319N,052049W,87.0,27.3,20.3,23.8,0.0,33.0,1.4,6.4,10.9,1003.8,1001.2,74.0,85.0,66.0
2013-08-28,5000C,CEUTA,51,CEUTA,355319N,052049W,87.0,28.0,22.0,25.0,,9.0,1.9,6.1,6.9,1004.7,1002.0,73.0,96.0,67.0
2013-08-29,5000C,CEUTA,51,CEUTA,355319N,052049W,87.0,26.9,22.5,24.7,0.1,9.0,3.1,8.3,1.0,1007.4,1003.4,75.0,93.0,71.0
2013-08-30,5000C,CEUTA,51,CEUTA,355319N,052049W,87.0,27.2,22.1,24.6,0.0,11.0,3.9,10.3,,1010.2,1005.9,82.0,99.0,67.0
2013-08-31,5000C,CEUTA,51,CEUTA,355319N,052049W,87.0,26.7,22.2,24.4,0.0,99.0,4.2,10.0,,1011.1,1009.2,81.0,99.0,62.0
2013-09-01,5000C,CEUTA,51,CEUTA,355319N,052049W,87.0,26.9,21.8,24.4,0.0,10.0,5.3,11.4,,1011.1,1008.9,82.0,99.0,68.0
2013-09-02,5000C,CEUTA,51,CEUTA,355319N,052049W,87.0,26.2,21.7,24.0,0.0,9.0,3.9,10.8,,1011.9,1009.2,87.0,99.0,71.0
2013-09-03,5000C,CEUTA,51,CEUTA,355319N,052049W,87.0,26.2,21.9,24.0,0.0,9.0,3.9,10.3,,1011.9,1009.6,87.0,99.0,68.0
2013-09-04,5000C,CEUTA,51,CEUTA,355319N,052049W,87.0,26.3,21.7,24.0,0.0,9.0,4.7,10.3,,1010.5,1006.1,76.0,97.0,67.0
2013-09-05,5000C,CEUTA,51,CEUTA,355319N,052049W,87.0,26.6,20.8,23.7,0.0,10.0,1.1,6.4,,1006.6,1003.8,,,
2013-09-06,5000C,CEUTA,51,CEUTA,355319N,052049W,87.0,26.8,19.6,23.2,,6.0,1.4,6.1,,1005.3,1002.6,,,
2013-09-07,5000C,CEUTA,51,CEUTA,355319N,052049W,87.0,22.1,19.6,20.8,1.3,17.0,0.8,5.3,,1007.5,1004.2,,,
2013-09-08,5000C,CEUTA,51,CEUTA,355319N,052049W,87.0,25.3,20.1,22.7,,5.0,1.1,5.0,,1012.1,1007.4,,,
2013-09-09,5000C,CEUTA,51,CEUTA,355319N,052049W,87.0,,,,0.0,,1.7,,,,,,,
2013-09-10,5000C,CEUTA,51,CEUTA,355319N,052049W,87.0,25.9,20.5,23.2,0.0,8.0,2.2,6.7,,1011.2,1006.9,,,
2013-09-11,5000C,CEUTA,51,CEUTA,355319N,052049W,87.0,26.6,21.1,23.8,0.0,10.0,3.3,8.6,,1007.3,1004.7,,,
2013-09-12,5000C,CEUTA,51,CEUTA,355319N,052049W,87.0,26.6,21.8,24.2,,8.0,3.9,10.8,,1009.3,1006.5,,,
2013-09-13,5000C,CEUTA,51,CEUTA,355319N,052049W,87.0,26.6,21.4,24.0,0.2,9.0,3.9,10.3,,1011.5,1008.6,,,
2013-09-14,5000C,CEUTA,51,CEUTA,355319N,052049W,87.0,25.1,21.1,23.1,0.0,12.0,3.3,8.9,,1010.1,1007.1,,,
2013-09-15,5000C,CEUTA,51,CEUTA,355319N,052049W,87.0,26.5,20.4,23.4,0.0,16.0,1.7,5.8,,1008.6,1003.6,,,
2013-09-16,5000C,CEUTA,51,CEUTA,355319N,052049W,87.0,28.6,21.8,25.2,0.0,29.0,2.2,11.9,,1004.9,1002.5,65.0,79.0,52.0
2013-09-17,5000C,CEUTA,51,CEUTA,355319N,052049W,87.0,26.8,20.7,23.8,0.0,29.0,3.6,16.1,,1005.7,1002.9,67.0,83.0,60.0
2013-09-18,5000C,CEUTA,51,CEUTA,355319N,052049W,87.0,25.5,20.3,22.9,0.0,99.0,3.6,13.6,,1007.0,1004.0,66.0,73.0,57.0
2013-09-19,5000C,CEUTA,51,CEUTA,355319N,052049W,87.0,27.3,20.0,23.6,0.0,28.0,1.9,13.9,,1006.3,1003.1,58.0,81.0,48.0
2013-09-20,5000C,CEUTA,51,CEUTA,355319N,052049W,87.0,26.0,19.8,22.9,0.0,99.0,1.9,5.3,,1009.4,1004.1,81.0,97.0,67.0
2013-09-21,5000C,CEUTA,51,CEUTA,355319N,052049W,87.0,26.2,21.1,23.6,0.0,10.0,4.2,8.9,,1012.0,1008.9,90.0,99.0,75.0
2013-09-22,5000C,CEUTA,51,CEUTA,355319N,052049W,87.0,24.8,21.3,23.0,0.0,7.0,3.9,9.4,,1013.3,1011.0,91.0,99.0,80.0
2013-09-23,5000C,CEUTA,51,CEUTA,355319N,052049W,87.0,24.8,20.8,22.8,0.0,7.0,2.8,7.5,,1011.4,1007.8,92.0,99.0,79.0
2013-09-24,5000C,CEUTA,51,CEUTA,355319N,052049W,87.0,25.2,20.2,22.7,0.0,11.0,1.7,5.6,,1008.0,1004.3,91.0,100.0,82.0
2013-09-25,5000C,CEUTA,51,CEUTA,355319N,052049W,87.0,24.6,20.0,22.3,0.0,7.0,1.1,4.7,,1005.3,1003.1,89.0,99.0,76.0
2013-09-26,5000C,CEUTA,51,CEUTA,355319N,052049W,87.0,24.2,19.7,22.0,0.0,2.0,1.7,5.0,,1005.1,1002.7,90.0,100.0,77.0
2013-09-27,5000C,CEUTA,51,CEUTA,355319N,052049W,87.0,25.1,19.6,22.4,9.4,20.0,1.4,6.7,,1005.1,1002.4,80.0,97.0,67.0
2013-09-28,5000C,CEUTA,51,CEUTA,355319N,052049W,87.0,26.2,19.8,23.0,0.4,25.0,1.1,8.9,,1004.8,1001.7,78.0,96.0,63.0
2013-09-29,5000C,CEUTA,51,CEUTA,355319N,052049W,87.0,25.6,20.9,23.2,0.0,30.0,1.9,11.1,,1006.1,1003.2,73.0,82.0,62.0
2013-09-30,5000C,CEUTA,51,CEUTA,355319N,052049W,87.0,27.8,22.2,25.0,0.0,20.0,2.2,9.7,,1005.2,1003.3,73.0,84.0,62.0
2013-10-01,5000C,CEUTA,51,CEUTA,355319N,052049W,87.0,28.0,20.9,24.4,0.0,31.0,1.7,11.9,9.7,1004.8,1001.9,75.0,88.0,64.0
2013-10-02,5000C,CEUTA,51,CEUTA,355319N,052049W,87.0,27.3,19.6,23.4,0.0,29.0,1.7,8.9,10.8,1002.3,998.5,71.0,89.0,59.0
2013-10-03,5000C,CEUTA,51,CEUTA,355319N,052049W,87.0,26.1,21.7,23.9,0.0,32.0,1.9,13.3,10.4,1004.6,999.8,76.0,84.0,68.0
2013-10-04,5000C,CEUTA,51,CEUTA,355319N,052049W,87.0,27.8,20.8,24.3,0.0,32.0,2.5,9.2,8.3,1009.7,1004.1,69.0,89.0,50.0
2013-10-05,5000C,CEUTA,51,CEUTA,355319N,052049W,87.0,28.2,20.7,24.4,0.0,33.0,3.1,10.0,10.5,1011.1,1008.6,46.0,72.0,29.0
2013-10-06,5000C,CEUTA,51,CEUTA,355319N,052049W,87.0,24.9,17.9,21.4,0.0,36.0,2.5,5.8,9.3,1010.8,1008.3,91.0,97.0,58.0
2013-10-07,5000C,CEUTA,51,CEUTA,355319N,052049W,87.0,23.1,20.2,21.6,,8.0,3.1,8.6,3.5,1009.8,1008.0,94.0,100.0,86.0
2013-10-08,5000C,CEUTA,51,CEUTA,355319N,052049W,87.0,24.3,20.2,22.2,0.0,10.0,5.0,11.1,6.7,1010.0,1007.8,90.0,99.0,77.0
2013-10-09,5000C,CEUTA,51,CEUTA,355319N,052049W,87.0,24.1,20.0,22.0,0.6,10.0,4.7,11.7,3.9,1008.7,1005.3,88.0,99.0,75.0
2013-10-10,5000C,CEUTA,51,CEUTA,355319N,052049W,87.0,22.4,18.8,20.6,0.0,10.0,3.3,8.3,1.8,1006.3,1003.4,91.0,100.0,81.0
2013-10-11,5000C,CEUTA,51,CEUTA,355319N,052049W,87.0,25.3,18.1,21.7,0.0,31.0,1.7,7.2,8.7,1004.8,1002.1,83.0,100.0,50.0
2013-10-12,5000C,CEUTA,51,CEUTA,355319N,052049W,87.0,24.2,18.5,21.4,0.0,33.0,2.5,10.3,10.0,1010.6,1004.7,73.0,85.0,54.0
2013-10-13,5000C,CEUTA,51,CEUTA,355319N,052049W,87.0,24.5,17.5,21.0,0.0,32.0,3.3,9.2,10.0,1011.5,1008.8,64.0,78.0,48.0
2013-10-14,5000C,CEUTA,51,CEUTA,355319N,052049W,87.0,24.7,17.0,20.8,0.0,17.0,1.4,4.7,9.9,1011.2,1008.5,74.0,86.0,57.0
2013-10-15,5000C,CEUTA,51,CEUTA,355319N,052049W,87.0,25.3,18.1,21.7,0.0,30.0,1.7,5.0,10.2,1012.0,1009.4,62.0,80.0,51.0
2013-10-16,5000C,CEUTA,51,CEUTA,355319N,052049W,87.0,26.9,19.1,23.0,0.0,6.0,1.9,4.7,8.9,1011.0,1007.2,68.0,74.0,53.0
2013-10-17,5000C,CEUTA,51,CEUTA,355319N,052049W,87.0,23.5,17.6,20.6,0.0,8.0,1.9,4.2,6.4,1008.3,1005.8,88.0,100.0,62.0
2013-10-18,5000C,CEUTA,51,CEUTA,355319N,052049W,87.0,25.1,17.9,21.5,0.0,30.0,1.4,11.4,8.4,1007.4,1004.9,82.0,100.0,62.0
2013-10-19,5000C,CEUTA,51,CEUTA,355319N,052049W,87.0,26.0,18.8,22.4,0.0,29.0,2.5,6.9,9.1,1009.0,1005.7,74.0,84.0,54.0
2013-10-20,5000C,CEUTA,51,CEUTA,355319N,052049W,87.0,26.4,18.7,22.6,0.0,30.0,1.9,8.9,9.6,1010.8,1008.0,59.0,84.0,35.0
2013-10-21,5000C,CEUTA,51,CEUTA,355319N,052049W,87.0,23.7,17.3,20.5,0.0,20.0,1.9,5.3,9.7,1008.2,1005.0,78.0,88.0,56.0
2013-10-22,5000C,CEUTA,51,CEUTA,355319N,052049W,87.0,24.0,18.0,21.0,31.6,20.0,2.8,9.4,1.4,1006.0,1002.8,68.0,91.0,49.0
2013-10-23,5000C,CEUTA,51,CEUTA,355319N,052049W,87.0,23.1,17.9,20.5,0.2,2.0,2.2,5.8,3.6,1008.4,1005.3,92.0,100.0,77.0
2013-10-24,5000C,CEUTA,51,CEUTA,355319N,052049W,87.0,23.9,19.1,21.5,0.0,34.0,2.2,7.2,4.5,1007.3,1004.3,88.0,95.0,70.0
2013-10-25,5000C,CEUTA,51,CEUTA,355319N,052049W,87.0,23.1,17.8,20.4,0.0,22.0,1.9,8.6,4.0,1006.6,1002.1,79.0,100.0,55.0
2013-10-26,5000C,CEUTA,51,CEUTA,355319N,052049W,87.0,19.8,15.2,17.5,5.8,20.0,1.4,7.8,0.1,1011.9,1005.6,83.0,97.0,62.0
2013-10-27,5000C,CEUTA,51,CEUTA,355319N,052049W,87.0,21.8,15.1,18.4,0.0,18.0,2.8,6.4,9.3,1012.9,1010.3,88.0,96.0,76.0
2013-10-28,5000C,CEUTA,51,CEUTA,355319N,052049W,87.0,22.5,18.1,20.3,0.0,30.0,1.7,11.1,7.4,1011.0,1006.8,84.0,99.0,55.0
2013-10-29,5000C,CEUTA,51,CEUTA,355319N,052049W,87.0,21.3,16.0,18.6,0.0,30.0,4.4,17.2,7.7,1009.6,1006.5,55.0,81.0,38.0
2013-10-30,5000C,CEUTA,51,CEUTA,355319N,052049W,87.0,20.8,13.9,17.4,0.0,30.0,1.9,9.4,8.9,1011.5,1008.0,56.0,88.0,39.0
2013-10-31,5000C,CEUTA,51,CEUTA,355319N,052049W,87.0,20.9,15.8,18.4,0.0,6.0,3.1,7.8,7.4,1013.6,1010.4,75.0,94.0,62.0
2013-11-01,5000C,CEUTA,51,CEUTA,355319N,052049W,87.0,21.1,15.4,18.2,0.0,13.0,3.6,8.6,9.1,1014.3,1011.6,70.0,84.0,61.0
2013-11-02,5000C,CEUTA,51,CEUTA,355319N,052049W,87.0,20.4,14.3,17.4,0.0,99.0,1.9,4.7,9.2,1011.6,1008.3,84.0,96.0,43.0
2013-11-03,5000C,CEUTA,51,CEUTA,355319N,052049W,87.0,25.8,14.3,20.0,0.0,30.0,2.2,9.7,8.0,1011.1,1007.6,42.0,77.0,32.0
2013-11-04,5000C,CEUTA,51,CEUTA,355319N,052049W,87.0,19.1,16.6,17.8,0.0,28.0,4.2,18.1,8.1,1012.7,1010.4,73.0,79.0,63.0
2013-11-05,5000C,CEUTA,51,CEUTA,355319N,052049W,87.0,21.7,17.3,19.5,0.0,30.0,5.3,14.4,6.2,1013.4,1010.5,77.0,88.0,66.0
2013-11-06,5000C,CEUTA,51,CEUTA,355319N,052049W,87.0,24.4,16.3,20.4,0.0,34.0,1.9,9.4,9.2,1011.1,1008.7,70.0,83.0,55.0
2013-11-07,5000C,CEUTA,51,CEUTA,355319N,052049W,87.0,21.3,15.5,18.4,0.0,27.0,1.9,11.1,7.0,1011.5,1008.8,76.0,89.0,62.0
2013-11-08,5000C,CEUTA,51,CEUTA,355319N,052049W,87.0,22.1,15.7,18.9,0.0,33.0,3.1,12.2,8.5,1012.2,1009.7,69.0,83.0,51.0
2013-11-09,5000C,CEUTA,51,CEUTA,355319N,052049W,87.0,21.1,15.3,18.2,0.0,30.0,3.3,12.2,9.1,1015.5,1010.8,56.0,84.0,31.0
2013-11-10,5000C,CEUTA,51,CEUTA,355319N,052049W,87.0,21.7,13.1,17.4,0.0,17.0,1.7,3.6,8.2,1016.9,1012.8,54.0,66.0,42.0
2013-11-11,5000C,CEUTA,51,CEUTA,355319N,052049W,87.0,23.4,15.9,19.6,0.0,31.0,1.7,10.6,8.8,1012.8,1008.4,43.0,68.0,34.0
2013-11-12,5000C,CEUTA,51,CEUTA,355319N,052049W,87.0,19.4,15.8,17.6,0.0,36.0,1.9,6.1,4.4,1010.6,1008.3,92.0,100.0,67.0
2013-11-13,5000C,CEUTA,51,CEUTA,355319N,052049W,87.0,19.9,16.5,18.2,0.0,12.0,3.3,9.2,4.0,1010.5,1007.5,93.0,100.0,73.0
2013-11-14,5000C,CEUTA,51,CEUTA,355319N,052049W,87.0,20.2,16.1,18.2,0.0,9.0,3.6,10.0,7.3,1013.3,1010.1,82.0,94.0,68.0
2013-11-15,5000C,CEUTA,51,CEUTA,355319N,052049W,87.0,22.7,13.6,18.2,0.4,3.0,3.1,11.4,8.8,1012.7,1003.2,63.0,96.0,29.0
2013-11-16,5000C,CEUTA,51,CEUTA,355319N,052049W,87.0,15.9,10.0,13.0,1.2,7.0,2.5,11.4,4.5,1005.8,1004.0,64.0,83.0,51.0
2013-11-17,5000C,CEUTA,51,CEUTA,355319N,052049W,87.0,15.8,8.7,12.2,4.2,4.0,2.2,12.5,8.1,1006.0,1003.1,56.0,85.0,35.0
2013-11-18,5000C,CEUTA,51,CEUTA,355319N,052049W,87.0,16.1,10.6,13.4,0.0,30.0,3.3,13.1,3.8,1004.3,1000.5,75.0,88.0,56.0
2013-11-19,5000C,CEUTA,51,CEUTA,355319N,052049W,87.0,16.7,13.0,14.8,0.0,30.0,3.3,13.6,5.7,1006.0,1002.2,71.0,80.0,59.0
2013-11-20,5000C,CEUTA,51,CEUTA,355319N,052049W,87.0,18.9,11.6,15.2,0.0,29.0,2.5,10.8,8.2,1009.9,1005.3,63.0,75.0,41.0
2013-11-21,5000C,CEUTA,51,CEUTA,355319N,052049W,87.0,16.6,11.0,13.8,0.0,26.0,3.1,12.8,1.6,1009.7,1003.7,71.0,79.0,53.0
2013-11-22,5000C,CEUTA,51,CEUTA,355319N,052049W,87.0,17.6,12.2,14.9,0.4,30.0,1.4,10.0,0.3,1003.7,999.6,79.0,94.0,68.0
2013-11-23,5000C,CEUTA,51,CEUTA,355319N,052049W,87.0,16.3,11.1,13.7,6.2,30.0,2.5,9.7,0.1,1003.3,1000.3,91.0,100.0,70.0
2013-11-24,5000C,CEUTA,51,CEUTA,355319N,052049W,87.0,16.6,10.7,13.6,0.0,5.0,1.7,7.5,6.0,1004.6,1000.5,78.0,97.0,67.0
2013-11-25,5000C,CEUTA,51,CEUTA,355319N,052049W,87.0,16.3,13.5,14.9,0.0,7.0,4.2,9.7,6.8,1010.4,1004.4,67.0,86.0,53.0
2013-11-26,5000C,CEUTA,51,CEUTA,355319N,052049W,87.0,17.1,13.6,15.4,,8.0,5.0,11.1,4.8,1010.4,1008.6,73.0,78.0,60.0
2013-11-27,5000C,CEUTA,51,CEUTA,355319N,052049W,87.0,16.0,14.1,15.0,1.8,10.0,5.0,11.7,0.1,1009.9,1007.2,69.0,79.0,62.0
2013-11-28,5000C,CEUTA,51,CEUTA,355319N,052049W,87.0,14.7,11.9,13.3,16.0,8.0,6.9,16.1,0.0,1012.9,1009.1,87.0,95.0,69.0
2013-11-29,5000C,CEUTA,51,CEUTA,355319N,052049W,87.0,14.2,11.8,13.0,4.8,7.0,5.8,15.3,0.1,1015.3,1012.2,84.0,100.0,71.0
2013-11-30,5000C,CEUTA,51,CEUTA,355319N,052049W,87.0,16.3,13.2,14.8,0.0,30.0,2.2,10.6,7.1,1013.7,1003.0,61.0,77.0,43.0
2013-12-01,5000C,CEUTA,51,CEUTA,355319N,052049W,87.0,15.1,8.7,11.9,0.0,32.0,3.6,15.8,7.6,1007.4,1001.1,57.0,71.0,41.0
2013-12-02,5000C,CEUTA,51,CEUTA,355319N,052049W,87.0,16.2,12.7,14.4,0.8,12.0,4.4,11.4,3.2,1010.6,1006.8,78.0,89.0,67.0
2013-12-03,5000C,CEUTA,51,CEUTA,355319N,052049W,87.0,16.4,14.0,15.2,0.0,99.0,5.6,10.3,5.6,1014.1,1010.4,71.0,79.0,65.0
2013-12-04,5000C,CEUTA,51,CEUTA,355319N,052049W,87.0,16.8,13.9,15.4,0.0,99.0,3.6,8.9,5.1,1015.7,1013.2,82.0,91.0,73.0
2013-12-05,5000C,CEUTA,51,CEUTA,355319N,052049W,87.0,16.5,14.3,15.4,0.0,10.0,3.6,7.8,3.3,1016.9,1014.6,88.0,92.0,78.0
2013-12-06,5000C,CEUTA,51,CEUTA,355319N,052049W,87.0,17.3,13.9,15.6,0.0,12.0,4.2,9.2,5.2,1015.2,1013.0,83.0,93.0,73.0
2013-12-07,5000C,CEUTA,51,CEUTA,355319N,052049W,87.0,16.6,12.8,14.7,0.0,9.0,3.9,7.8,3.1,1014.8,1012.6,79.0,94.0,71.0
2013-12-08,5000C,CEUTA,51,CEUTA,355319N,052049W,87.0,17.2,12.3,14.8,0.0,10.0,1.9,8.9,7.2,,,81.0,94.0,65.0
2013-12-09,5000C,CEUTA,51,CEUTA,355319N,052049W,87.0,16.3,14.0,15.2,0.0,11.0,4.4,11.1,2.3,,,83.0,89.0,73.0
2013-12-10,5000C,CEUTA,51,CEUTA,355319N,052049W,87.0,16.1,14.4,15.2,,11.0,5.6,14.2,1.5,,,83.0,91.0,78.0
2013-12-11,5000C,CEUTA,51,CEUTA,355319N,052049W,87.0,16.4,14.4,15.4,0.0,8.0,6.4,14.7,0.6,1018.5,1016.1,83.0,88.0,76.0
2013-12-12,5000C,CEUTA,51,CEUTA,355319N,052049W,87.0,16.9,13.8,15.4,0.0,9.0,3.6,9.4,3.9,1018.3,1016.4,90.0,98.0,83.0
2013-12-13,5000C,CEUTA,51,CEUTA,355319N,052049W,87.0,18.4,13.2,15.8,0.0,29.0,1.9,8.9,4.6,1018.0,1015.2,85.0,100.0,60.0
2013-12-14,5000C,CEUTA,51,CEUTA,355319N,052049W,87.0,16.8,13.4,15.1,0.0,30.0,3.6,11.7,0.5,1021.1,1014.9,88.0,94.0,71.0
2013-12-15,5000C,CEUTA,51,CEUTA,355319N,052049W,87.0,17.1,14.1,15.6,0.2,8.0,5.3,11.4,4.0,1021.6,1018.6,84.0,91.0,72.0
2013-12-16,5000C,CEUTA,51,CEUTA,355319N,052049W,87.0,15.5,14.3,14.9,,10.0,5.0,11.4,0.0,1019.0,1015.7,92.0,96.0,87.0
2013-12-17,5000C,CEUTA,51,CEUTA,355319N,052049W,87.0,16.3,13.7,15.0,1.6,11.0,1.7,6.4,0.3,1018.2,1015.4,91.0,98.0,81.0
2013-12-18,5000C,CEUTA,51,CEUTA,355319N,052049W,87.0,18.6,13.3,16.0,0.2,27.0,2.2,8.3,0.9,1018.6,1015.7,79.0,98.0,71.0
2013-12-19,5000C,CEUTA,51,CEUTA,355319N,052049W,87.0,17.9,10.9,14.4,9.0,28.0,5.3,20.8,4.3,1016.1,1006.8,82.0,95.0,67.0
2013-12-20,5000C,CEUTA,51,CEUTA,355319N,052049W,87.0,15.4,8.7,12.0,0.0,30.0,4.2,16.4,7.6,1019.2,1011.9,55.0,78.0,43.0
2013-12-21,5000C,CEUTA,51,CEUTA,355319N,052049W,87.0,16.4,9.4,12.9,0.0,11.0,1.7,5.3,7.3,1021.3,1018.2,71.0,91.0,56.0
2013-12-22,5000C,CEUTA,51,CEUTA,355319N,052049W,87.0,16.5,12.5,14.5,0.0,9.0,3.1,6.1,5.7,1021.8,1019.2,84.0,92.0,77.0
2013-12-23,5000C,CEUTA,51,CEUTA,355319N,052049W,87.0,16.8,11.8,14.3,0.0,18.0,1.9,4.7,6.0,1019.2,1014.0,86.0,97.0,73.0
2013-12-24,5000C,CEUTA,51,CEUTA,355319N,052049W,87.0,18.1,11.5,14.8,0.4,22.0,2.8,15.3,5.7,1014.0,1004.7,66.0,91.0,51.0
2013-12-25,5000C,CEUTA,51,CEUTA,355319N,052049W,87.0,17.3,12.9,15.1,53.8,23.0,7.2,24.2,0.0,1005.7,997.1,88.0,96.0,72.0
2013-12-26,5000C,CEUTA,51,CEUTA,355319N,052049W,87.0,16.3,12.6,14.4,0.0,33.0,3.3,18.1,3.9,1013.9,1005.4,79.0,93.0,65.0
2013-12-27,5000C,CEUTA,51,CEUTA,355319N,052049W,87.0,19.2,13.0,16.1,0.0,20.0,2.2,9.7,3.6,1013.7,1006.7,75.0,88.0,63.0
2013-12-28,5000C,CEUTA,51,CEUTA,355319N,052049W,87.0,16.4,11.5,14.0,1.6,31.0,4.7,14.4,3.9,1014.3,1005.5,71.0,93.0,57.0
2013-12-29,5000C,CEUTA,51,CEUTA,355319N,052049W,87.0,16.2,9.6,12.9,0.0,31.0,2.2,10.0,7.6,1019.3,1014.3,52.0,71.0,42.0
2013-12-30,5000C,CEUTA,51,CEUTA,355319N,052049W,87.0,15.0,8.2,11.6,0.0,12.0,1.9,5.0,7.6,1020.3,1016.1,73.0,81.0,60.0
2013-12-31,5000C,CEUTA,51,CEUTA,355319N,052049W,87.0,16.0,9.6,12.8,0.0,26.0,2.5,10.8,5.9,1016.1,1012.4,72.0,78.0,42.0
2014-01-01,5000C,CEUTA,51,CEUTA,355319N,052049W,87.0,18.9,13.2,16.0,0.0,99.0,2.8,9.2,6.2,1013.1,1010.3,59.0,77.0,31.0
2014-01-02,5000C,CEUTA,51,CEUTA,355319N,052049W,87.0,17.9,14.5,16.2,0.0,23.0,2.5,10.0,0.5,1012.5,1009.4,75.0,80.0,53.0
2014-01-03,5000C,CEUTA,51,CEUTA,355319N,052049W,87.0,16.9,14.9,15.9,2.4,23.0,1.9,9.2,0.0,1014.8,1011.6,84.0,95.0,69.0
2014-01-04,5000C,CEUTA,51,CEUTA,355319N,052049W,87.0,19.3,13.9,16.6,0.0,31.0,4.4,16.7,3.3,1016.0,1011.5,80.0,94.0,67.0
2014-01-05,5000C,CEUTA,51,CEUTA,355319N,052049W,87.0,19.3,11.6,15.4,0.0,27.0,2.5,11.4,7.3,1016.8,1011.5,57.0,83.0,30.0
2014-01-06,5000C,CEUTA,51,CEUTA,355319N,052049W,87.0,19.9,12.0,16.0,0.0,28.0,1.7,8.6,7.8,1011.7,1009.6,57.0,87.0,51.0
2014-01-07,5000C,CEUTA,51,CEUTA,355319N,052049W,87.0,17.7,11.5,14.6,0.0,21.0,1.9,4.7,7.6,1012.0,1009.4,80.0,94.0,61.0
2014-01-08,5000C,CEUTA,51,CEUTA,355319N,052049W,87.0,17.0,12.2,14.6,0.0,10.0,2.5,5.8,4.3,1012.7,1010.3,87.0,98.0,76.0
2014-01-09,5000C,CEUTA,51,CEUTA,355319N,052049W,87.0,15.5,13.2,14.4,0.0,10.0,3.1,8.1,0.4,1011.0,1005.3,85.0,91.0,74.0
2014-01-10,5000C,CEUTA,51,CEUTA,355319N,052049W,87.0,15.1,14.1,14.6,,8.0,3.3,8.3,0.0,1005.4,1003.0,91.0,96.0,87.0
2014-01-11,5000C,CEUTA,51,CEUTA,355319N,052049W,87.0,17.3,13.2,15.2,0.0,36.0,1.9,4.7,3.5,1012.4,1005.2,94.0,97.0,76.0
2014-01-12,5000C,CEUTA,51,CEUTA,355319N,052049W,87.0,20.0,12.5,16.2,0.0,25.0,1.4,5.0,7.8,1015.8,1011.9,82.0,96.0,61.0
2014-01-13,5000C,CEUTA,51,CEUTA,355319N,052049W,87.0,16.0,10.6,13.3,3.4,29.0,4.4,14.4,0.0,1015.3,1012.2,76.0,89.0,57.0
2014-01-14,5000C,CEUTA,51,CEUTA,355319N,052049W,87.0,16.6,11.3,14.0,2.4,20.0,3.1,12.2,3.9,1015.0,1010.4,83.0,91.0,59.0
2014-01-15,5000C,CEUTA,51,CEUTA,355319N,052049W,87.0,17.7,14.0,15.8,0.2,26.0,1.7,9.2,6.1,1010.4,1005.9,82.0,90.0,73.0
2014-01-16,5000C,CEUTA,51,CEUTA,355319N,052049W,87.0,15.0,11.2,13.1,8.6,31.0,1.9,9.2,0.0,1005.9,1002.7,88.0,97.0,76.0
2014-01-17,5000C,CEUTA,51,CEUTA,355319N,052049W,87.0,14.2,10.5,12.4,6.4,18.0,2.8,9.7,0.3,1002.7,990.1,84.0,93.0,71.0
2014-01-18,5000C,CEUTA,51,CEUTA,355319N,052049W,87.0,13.7,10.5,12.1,48.4,32.0,3.1,11.9,1.5,993.3,988.0,80.0,94.0,65.0
2014-01-19,5000C,CEUTA,51,CEUTA,355319N,052049W,87.0,13.8,10.6,12.2,0.0,99.0,6.7,23.9,4.8,1007.3,982.5,68.0,97.0,59.0
2014-01-20,5000C,CEUTA,51,CEUTA,355319N,052049W,87.0,14.0,9.0,11.5,0.0,30.0,3.6,11.4,7.4,1012.4,1007.0,62.0,72.0,54.0
2014-01-21,5000C,CEUTA,51,CEUTA,355319N,052049W,87.0,14.3,10.8,12.6,3.0,31.0,1.9,12.5,1.2,1012.2,1008.4,72.0,80.0,57.0
2014-01-22,5000C,CEUTA,51,CEUTA,355319N,052049W,87.0,14.6,11.9,13.2,1.6,22.0,2.8,13.3,0.6,1008.4,1005.5,85.0,93.0,73.0
2014-01-23,5000C,CEUTA,51,CEUTA,355319N,052049W,87.0,15.7,9.8,12.8,0.0,29.0,2.5,9.7,7.2,1018.1,1007.5,69.0,94.0,52.0
2014-01-24,5000C,CEUTA,51,CEUTA,355319N,052049W,87.0,17.7,10.2,14.0,0.0,30.0,1.9,14.2,8.5,1019.0,1015.0,58.0,76.0,44.0
2014-01-25,5000C,CEUTA,51,CEUTA,355319N,052049W,87.0,17.8,12.9,15.4,0.0,30.0,5.3,17.8,8.6,1015.3,1012.2,71.0,83.0,55.0
2014-01-26,5000C,CEUTA,51,CEUTA,355319N,052049W,87.0,19.6,13.3,16.4,0.0,30.0,2.8,14.2,8.7,1016.2,1012.5,73.0,83.0,59.0
2014-01-27,5000C,CEUTA,51,CEUTA,355319N,052049W,87.0,16.1,12.2,14.2,1.4,30.0,3.9,14.4,1.3,1013.2,1007.4,80.0,93.0,57.0
2014-01-28,5000C,CEUTA,51,CEUTA,355319N,052049W,87.0,15.4,10.5,13.0,13.0,31.0,4.2,13.1,5.7,1010.3,999.0,73.0,88.0,58.0
2014-01-29,5000C,CEUTA,51,CEUTA,355319N,052049W,87.0,13.2,10.8,12.0,3.6,30.0,5.0,20.3,5.8,999.1,992.9,70.0,94.0,60.0
2014-01-30,5000C,CEUTA,51,CEUTA,355319N,052049W,87.0,13.5,8.4,11.0,0.0,29.0,2.8,15.0,9.1,1006.6,998.3,68.0,82.0,50.0
2014-01-31,5000C,CEUTA,51,CEUTA,355319N,052049W,87.0,15.3,11.0,13.2,4.6,32.0,3.6,13.9,0.1,1007.8,1004.9,83.0,93.0,68.0
2014-02-01,5000C,CEUTA,51,CEUTA,355319N,052049W,87.0,16.2,11.2,13.7,6.0,26.0,5.0,15.0,1.8,1010.1,1005.1,87.0,96.0,62.0
2014-02-02,5000C,CEUTA,51,CEUTA,355319N,052049W,87.0,15.0,7.5,11.2,0.0,30.0,1.7,12.5,9.2,1011.5,1008.0,59.0,71.0,44.0
2014-02-03,5000C,CEUTA,51,CEUTA,355319N,052049W,87.0,16.7,8.5,12.6,,30.0,3.1,13.1,4.9,1008.4,1003.2,70.0,86.0,58.0
2014-02-04,5000C,CEUTA,51,CEUTA,355319N,052049W,87.0,17.1,9.3,13.2,0.0,21.0,1.7,11.1,7.3,1010.4,1006.8,65.0,80.0,49.0
2014-02-05,5000C,CEUTA,51,CEUTA,355319N,052049W,87.0,16.5,13.5,15.0,0.0,23.0,5.3,14.4,2.0,1009.3,1005.5,82.0,88.0,70.0
2014-02-06,5000C,CEUTA,51,CEUTA,355319N,052049W,87.0,19.2,11.7,15.4,14.2,30.0,2.2,21.1,8.0,1009.3,1004.7,79.0,97.0,56.0
2014-02-07,5000C,CEUTA,51,CEUTA,355319N,052049W,87.0,16.5,10.3,13.4,0.0,29.0,2.5,12.8,9.1,1015.8,1008.8,69.0,89.0,53.0
2014-02-08,5000C,CEUTA,51,CEUTA,355319N,052049W,87.0,17.3,10.5,13.9,8.4,20.0,4.4,15.0,6.4,1012.4,1006.4,66.0,97.0,47.0
2014-02-09,5000C,CEUTA,51,CEUTA,355319N,052049W,87.0,16.8,11.0,13.9,24.6,23.0,4.4,20.3,0.3,1008.5,996.3,90.0,100.0,82.0
2014-02-10,5000C,CEUTA,51,CEUTA,355319N,052049W,87.0,13.4,10.3,11.8,0.0,32.0,5.8,25.3,8.5,1016.9,998.3,57.0,84.0,51.0
2014-02-11,5000C,CEUTA,51,CEUTA,355319N,052049W,87.0,15.2,8.7,12.0,6.2,26.0,3.6,16.4,5.2,1016.7,1009.2,71.0,90.0,58.0
2014-02-12,5000C,CEUTA,51,CEUTA,355319N,052049W,87.0,16.5,13.7,15.1,15.2,28.0,3.3,16.7,0.4,1014.2,1009.6,94.0,96.0,81.0
2014-02-13,5000C,CEUTA,51,CEUTA,355319N,052049W,87.0,19.7,13.9,16.8,0.0,30.0,3.9,14.4,6.0,1014.9,1011.5,76.0,90.0,69.0
2014-02-14,5000C,CEUTA,51,CEUTA,355319N,052049W,87.0,19.8,12.6,16.2,0.0,24.0,1.7,9.2,9.3,1011.5,1004.0,82.0,97.0,63.0
2014-02-15,5000C,CEUTA,51,CEUTA,355319N,052049W,87.0,17.2,12.6,14.9,0.2,31.0,1.9,7.8,3.7,1004.0,1001.7,87.0,96.0,72.0
2014-02-16,5000C,CEUTA,51,CEUTA,355319N,052049W,87.0,16.0,10.3,13.2,0.0,30.0,2.8,10.0,7.5,1007.5,1003.2,67.0,82.0,47.0
2014-02-17,5000C,CEUTA,51,CEUTA,355319N,052049W,87.0,14.6,9.7,12.2,0.0,18.0,1.4,3.9,1.3,1004.1,999.4,82.0,90.0,74.0
2014-02-18,5000C,CEUTA,51,CEUTA,355319N,052049W,87.0,15.5,11.1,13.3,0.4,21.0,4.2,13.6,5.5,1008.6,1000.7,69.0,87.0,57.0
2014-02-19,5000C,CEUTA,51,CEUTA,355319N,052049W,87.0,15.3,10.7,13.0,0.0,24.0,4.4,15.3,9.5,1014.5,1008.6,69.0,79.0,55.0
2014-02-20,5000C,CEUTA,51,CEUTA,355319N,052049W,87.0,18.0,12.0,15.0,0.2,28.0,1.9,11.9,6.6,1014.6,1012.2,74.0,84.0,61.0
2014-02-21,5000C,CEUTA,51,CEUTA,355319N,052049W,87.0,16.1,11.4,13.8,0.2,29.0,4.2,14.4,7.3,1014.7,1011.0,72.0,92.0,54.0
2014-02-22,5000C,CEUTA,51,CEUTA,355319N,052049W,87.0,16.3,9.6,13.0,0.0,29.0,2.5,8.9,10.1,1017.3,1012.3,53.0,72.0,38.0
2014-02-23,5000C,CEUTA,51,CEUTA,355319N,052049W,87.0,16.7,11.5,14.1,5.6,10.0,4.2,9.4,7.2,1012.3,1005.9,75.0,87.0,67.0
2014-02-24,5000C,CEUTA,51,CEUTA,355319N,052049W,87.0,16.1,10.5,13.3,11.0,30.0,2.8,12.5,6.7,1013.3,1006.4,75.0,94.0,55.0
2014-02-25,5000C,CEUTA,51,CEUTA,355319N,052049W,87.0,16.1,9.5,12.8,0.0,28.0,2.2,10.0,8.7,1015.2,1012.6,72.0,93.0,58.0
2014-02-26,5000C,CEUTA,51,CEUTA,355319N,052049W,87.0,16.0,12.3,14.2,0.0,29.0,4.2,16.7,10.1,1020.1,1013.6,66.0,88.0,47.0
2014-02-27,5000C,CEUTA,51,CEUTA,355319N,052049W,87.0,17.8,11.3,14.6,0.0,32.0,3.6,16.1,6.8,1021.0,1018.2,59.0,79.0,42.0
2014-02-28,5000C,CEUTA,51,CEUTA,355319N,052049W,87.0,17.7,12.9,15.3,0.0,30.0,4.2,18.3,7.0,1019.5,1012.7,77.0,89.0,60.0
2014-03-01,5000C,CEUTA,51,CEUTA,355319N,052049W,87.0,15.6,13.6,14.6,12.0,30.0,5.6,19.2,0.8,1013.2,1003.4,88.0,95.0,76.0
2014-03-02,5000C,CEUTA,51,CEUTA,355319N,052049W,87.0,16.6,13.7,15.2,5.6,29.0,6.4,22.2,2.2,1007.3,1002.0,87.0,96.0,75.0
2014-03-03,5000C,CEUTA,51,CEUTA,355319N,052049W,87.0,15.8,12.7,14.2,0.0,32.0,5.8,19.2,5.8,1010.4,1005.2,71.0,95.0,53.0
2014-03-04,5000C,CEUTA,51,CEUTA,355319N,052049W,87.0,15.1,10.6,12.8,0.0,32.0,3.6,18.9,9.6,1012.3,1009.4,66.0,76.0,53.0
2014-03-05,5000C,CEUTA,51,CEUTA,355319N,052049W,87.0,17.0,12.6,14.8,0.0,31.0,3.1,17.2,3.4,1011.1,1007.5,83.0,87.0,69.0
2014-03-06,5000C,CEUTA,51,CEUTA,355319N,052049W,87.0,17.9,11.0,14.4,0.0,16.0,2.5,6.4,10.5,1010.1,1006.7,86.0,100.0,69.0
2014-03-07,5000C,CEUTA,51,CEUTA,355319N,052049W,87.0,16.8,12.7,14.8,0.0,10.0,6.1,13.9,6.4,1013.2,1009.1,84.0,100.0,71.0
2014-03-08,5000C,CEUTA,51,CEUTA,355319N,052049W,87.0,16.7,13.0,14.8,0.0,99.0,5.6,11.7,4.6,1012.5,1009.7,82.0,90.0,71.0
2014-03-09,5000C,CEUTA,51,CEUTA,355319N,052049W,87.0,16.6,13.2,14.9,0.0,10.0,6.9,13.3,5.1,1013.0,1010.0,79.0,88.0,69.0
2014-03-10,5000C,CEUTA,51,CEUTA,355319N,052049W,87.0,15.8,12.8,14.3,0.0,11.0,7.5,14.7,2.1,1010.7,1006.6,80.0,88.0,74.0
2014-03-11,5000C,CEUTA,51,CEUTA,355319N,052049W,87.0,16.2,12.5,14.4,0.0,10.0,6.1,12.5,8.9,1009.8,1005.4,76.0,87.0,66.0
2014-03-12,5000C,CEUTA,51,CEUTA,355319N,052049W,87.0,16.2,13.0,14.6,0.0,10.0,6.4,14.7,7.1,1012.7,1008.8,80.0,87.0,71.0
2014-03-13,5000C,CEUTA,51,CEUTA,355319N,052049W,87.0,16.9,12.5,14.7,0.6,10.0,4.4,9.7,9.5,1015.1,1011.3,75.0,86.0,66.0
2014-03-14,5000C,CEUTA,51,CEUTA,355319N,052049W,87.0,16.3,12.0,14.2,0.0,13.0,3.3,7.2,6.3,1016.4,1013.4,82.0,91.0,67.0
2014-03-15,5000C,CEUTA,51,CEUTA,355319N,052049W,87.0,17.1,11.5,14.3,0.0,16.0,1.7,6.1,10.3,1017.4,1015.1,83.0,95.0,59.0
2014-03-16,5000C,CEUTA,51,CEUTA,355319N,052049W,87.0,18.1,11.9,15.0,0.0,17.0,2.2,5.6,10.6,1015.6,1011.7,63.0,92.0,32.0
2014-03-17,5000C,CEUTA,51,CEUTA,355319N,052049W,87.0,18.1,12.1,15.1,0.0,,2.2,,10.6,1012.8,1010.7,73.0,93.0,51.0
2014-03-18,5000C,CEUTA,51,CEUTA,355319N,052049W,87.0,21.4,10.7,16.0,0.0,30.0,1.1,7.2,10.7,1011.4,1008.1,73.0,100.0,34.0
2014-03-19,5000C,CEUTA,51,CEUTA,355319N,052049W,87.0,18.2,14.1,16.2,0.0,32.0,2.8,10.3,10.8,1011.8,1007.9,80.0,94.0,33.0
2014-03-20,5000C,CEUTA,51,CEUTA,355319N,052049W,87.0,17.4,13.5,15.4,0.0,99.0,1.9,6.4,5.2,1011.9,1009.2,78.0,94.0,65.0
2014-03-21,5000C,CEUTA,51,CEUTA,355319N,052049W,87.0,21.2,12.4,16.8,0.0,29.0,1.4,9.7,10.7,1012.5,1008.9,64.0,87.0,46.0
2014-03-22,5000C,CEUTA,51,CEUTA,355319N,052049W,87.0,19.8,13.1,16.4,0.0,24.0,3.1,12.5,7.6,1009.7,1007.3,75.0,91.0,62.0
2014-03-23,5000C,CEUTA,51,CEUTA,355319N,052049W,87.0,18.6,11.6,15.1,0.0,31.0,3.9,14.7,11.2,1010.6,1007.8,50.0,78.0,34.0
2014-03-24,5000C,CEUTA,51,CEUTA,355319N,052049W,87.0,19.8,11.7,15.8,0.0,32.0,3.6,15.3,10.4,1015.6,1010.4,65.0,92.0,45.0
2014-03-25,5000C,CEUTA,51,CEUTA,355319N,052049W,87.0,19.4,12.2,15.8,0.0,31.0,3.9,18.3,11.2,1016.7,1011.2,63.0,79.0,32.0
2014-03-26,5000C,CEUTA,51,CEUTA,355319N,052049W,87.0,15.8,11.6,13.7,0.0,32.0,4.4,21.1,10.8,1011.4,1007.0,59.0,80.0,44.0
2014-03-27,5000C,CEUTA,51,CEUTA,355319N,052049W,87.0,16.1,10.3,13.2,1.4,29.0,3.1,10.8,9.2,1008.5,997.8,67.0,85.0,53.0
2014-03-28,5000C,CEUTA,51,CEUTA,355319N,052049W,87.0,14.5,9.5,12.0,16.4,18.0,2.5,10.0,0.3,997.8,993.2,87.0,100.0,71.0
2014-03-29,5000C,CEUTA,51,CEUTA,355319N,052049W,87.0,16.3,9.5,12.9,3.6,31.0,3.1,11.4,6.6,1001.5,991.0,72.0,99.0,51.0
2014-03-30,5000C,CEUTA,51,CEUTA,355319N,052049W,87.0,18.9,11.5,15.2,0.0,30.0,2.2,11.1,7.0,1006.4,1001.1,69.0,88.0,57.0
2014-03-31,5000C,CEUTA,51,CEUTA,355319N,052049W,87.0,17.6,12.3,15.0,0.0,16.0,2.2,6.4,10.6,1006.3,1002.7,80.0,88.0,67.0
2014-04-01,5000C,CEUTA,51,CEUTA,355319N,052049W,87.0,17.7,13.3,15.5,5.4,17.0,2.8,7.2,7.1,1003.5,995.7,90.0,97.0,70.0
2014-04-02,5000C,CEUTA,51,CEUTA,355319N,052049W,87.0,16.3,11.9,14.1,10.0,21.0,2.2,10.0,0.5,995.8,992.3,79.0,99.0,67.0
2014-04-03,5000C,CEUTA,51,CEUTA,355319N,052049W,87.0,16.5,9.9,13.2,8.2,28.0,4.2,17.2,7.1,1008.2,994.6,77.0,93.0,61.0
2014-04-04,5000C,CEUTA,51,CEUTA,355319N,052049W,87.0,18.3,12.5,15.4,0.0,99.0,2.8,10.8,10.2,1013.4,1008.2,71.0,87.0,53.0
2014-04-05,5000C,CEUTA,51,CEUTA,355319N,052049W,87.0,23.8,13.8,18.8,0.0,30.0,2.2,12.5,11.7,1013.1,1009.1,71.0,84.0,58.0
2014-04-06,5000C,CEUTA,51,CEUTA,355319N,052049W,87.0,22.5,13.6,18.0,0.0,18.0,1.7,5.3,11.8,1009.7,1007.8,70.0,100.0,53.0
2014-04-07,5000C,CEUTA,51,CEUTA,355319N,052049W,87.0,20.1,12.8,16.4,0.0,99.0,2.5,6.4,11.4,1009.8,1008.1,86.0,100.0,69.0
2014-04-08,5000C,CEUTA,51,CEUTA,355319N,052049W,87.0,22.5,14.4,18.4,0.0,20.0,2.2,6.7,11.6,1010.4,1008.1,75.0,99.0,54.0
2014-04-09,5000C,CEUTA,51,CEUTA,355319N,052049W,87.0,17.3,13.8,15.6,0.0,20.0,3.1,6.7,2.1,1012.4,1008.9,90.0,100.0,82.0
2014-04-10,5000C,CEUTA,51,CEUTA,355319N,052049W,87.0,17.4,14.1,15.8,0.0,10.0,3.6,7.2,1.4,1010.1,1006.1,85.0,95.0,78.0
2014-04-11,5000C,CEUTA,51,CEUTA,355319N,052049W,87.0,19.6,14.0,16.8,0.0,18.0,3.6,9.7,8.0,1006.4,1002.5,90.0,96.0,72.0
2014-04-12,5000C,CEUTA,51,CEUTA,355319N,052049W,87.0,20.0,13.8,16.9,0.0,30.0,4.4,12.8,11.8,1007.8,1002.1,64.0,85.0,53.0
2014-04-13,5000C,CEUTA,51,CEUTA,355319N,052049W,87.0,18.7,13.2,16.0,0.0,9.0,3.3,9.7,4.6,1009.7,1005.9,91.0,97.0,71.0
2014-04-14,5000C,CEUTA,51,CEUTA,355319N,052049W,87.0,17.8,15.0,16.4,0.0,12.0,3.9,8.3,0.0,1007.6,1005.1,92.0,98.0,86.0
2014-04-15,5000C,CEUTA,51,CEUTA,355319N,052049W,87.0,20.4,15.2,17.8,0.0,8.0,1.4,5.0,7.5,1007.3,1005.0,83.0,98.0,74.0
2014-04-16,5000C,CEUTA,51,CEUTA,355319N,052049W,87.0,22.3,14.6,18.4,0.0,16.0,1.7,6.7,10.8,1008.1,1006.0,74.0,94.0,62.0
2014-04-17,5000C,CEUTA,51,CEUTA,355319N,052049W,87.0,20.1,14.7,17.4,0.0,15.0,2.8,6.9,8.6,1008.1,1005.4,89.0,99.0,74.0
2014-04-18,5000C,CEUTA,51,CEUTA,355319N,052049W,87.0,22.5,13.8,18.2,0.0,33.0,2.8,11.1,9.7,1006.6,1002.2,80.0,99.0,64.0
2014-04-19,5000C,CEUTA,51,CEUTA,355319N,052049W,87.0,20.8,15.1,18.0,0.0,99.0,2.8,14.4,,1002.4,993.5,69.0,82.0,63.0
2014-04-20,5000C,CEUTA,51,CEUTA,355319N,052049W,87.0,21.2,14.9,18.0,11.0,19.0,3.3,15.0,4.8,1001.1,995.6,74.0,87.0,60.0
2014-04-21,5000C,CEUTA,51,CEUTA,355319N,052049W,87.0,19.7,14.6,17.2,6.6,,3.1,,4.9,1001.7,996.7,80.0,91.0,62.0
2014-04-22,5000C,CEUTA,51,CEUTA,355319N,052049W,87.0,20.7,14.4,17.6,0.0,30.0,2.5,11.7,10.7,1010.8,1001.7,69.0,87.0,62.0
2014-04-23,5000C,CEUTA,51,CEUTA,355319N,052049W,87.0,22.1,13.5,17.8,0.0,31.0,3.1,11.4,11.9,1012.5,1009.7,63.0,90.0,49.0
2014-04-24,5000C,CEUTA,51,CEUTA,355319N,052049W,87.0,20.4,13.8,17.1,0.0,30.0,3.1,13.1,9.7,1013.3,1009.0,64.0,84.0,47.0
2014-04-25,5000C,CEUTA,51,CEUTA,355319N,052049W,87.0,21.2,11.5,16.4,0.0,32.0,2.5,13.6,12.3,1014.9,1011.4,50.0,79.0,38.0
2014-04-26,5000C,CEUTA,51,CEUTA,355319N,052049W,87.0,24.9,16.7,20.8,0.0,29.0,3.3,14.4,11.3,1012.9,1008.6,47.0,75.0,37.0
2014-04-27,5000C,CEUTA,51,CEUTA,355319N,052049W,87.0,25.8,16.7,21.2,0.0,30.0,3.1,13.3,12.5,1009.9,1006.0,48.0,81.0,27.0
2014-04-28,5000C,CEUTA,51,CEUTA,355319N,052049W,87.0,24.4,18.6,21.5,0.0,30.0,1.9,9.2,12.6,1006.8,1004.5,45.0,64.0,36.0
2014-04-29,5000C,CEUTA,51,CEUTA,355319N,052049W,87.0,28.1,18.7,23.4,0.0,28.0,1.4,7.8,12.6,1005.2,1002.3,46.0,60.0,36.0
2014-04-30,5000C,CEUTA,51,CEUTA,355319N,052049W,87.0,26.1,18.6,22.4,0.0,36.0,2.2,5.8,12.6,1004.5,1001.8,69.0,83.0,40.0
2014-05-01,5000C,CEUTA,51,CEUTA,355319N,052049W,87.0,20.2,14.9,17.6,0.0,18.0,3.1,7.2,4.6,1006.3,1002.4,90.0,100.0,53.0
2014-05-02,5000C,CEUTA,51,CEUTA,355319N,052049W,87.0,20.7,15.8,18.2,0.0,8.0,3.1,6.7,11.9,1005.5,1001.2,81.0,98.0,70.0
2014-05-03,5000C,CEUTA,51,CEUTA,355319N,052049W,87.0,20.3,16.4,18.4,0.0,7.0,4.7,9.2,5.8,1005.4,1002.7,87.0,97.0,74.0
2014-05-04,5000C,CEUTA,51,CEUTA,355319N,052049W,87.0,20.3,15.7,18.0,0.0,8.0,3.3,7.2,11.6,1004.1,1001.7,85.0,99.0,76.0
2014-05-05,5000C,CEUTA,51,CEUTA,355319N,052049W,87.0,21.0,16.0,18.5,0.0,10.0,4.7,9.2,9.7,1005.3,1002.7,87.0,98.0,77.0
2014-05-06,5000C,CEUTA,51,CEUTA,355319N,052049W,87.0,21.3,16.0,18.6,0.0,7.0,4.2,8.9,10.0,1007.4,1004.5,80.0,97.0,69.0
2014-05-07,5000C,CEUTA,51,CEUTA,355319N,052049W,87.0,22.0,15.8,18.9,0.0,16.0,3.3,5.8,12.3,1008.4,1005.6,80.0,94.0,66.0
2014-05-08,5000C,CEUTA,51,CEUTA,355319N,052049W,87.0,21.7,15.9,18.8,0.0,10.0,3.1,6.7,10.0,1010.8,1007.7,85.0,99.0,72.0
2014-05-09,5000C,CEUTA,51,CEUTA,355319N,052049W,87.0,21.7,16.3,19.0,0.0,9.0,3.1,6.9,10.4,1010.6,1007.8,82.0,98.0,71.0
2014-05-10,5000C,CEUTA,51,CEUTA,355319N,052049W,87.0,21.0,16.8,18.9,0.0,16.0,3.3,6.1,12.6,1010.7,1007.3,82.0,98.0,74.0
2014-05-11,5000C,CEUTA,51,CEUTA,355319N,052049W,87.0,28.1,16.7,22.4,0.0,18.0,2.5,4.7,12.5,1007.5,1002.9,57.0,95.0,34.0
2014-05-12,5000C,CEUTA,51,CEUTA,355319N,052049W,87.0,23.6,17.9,20.8,0.0,10.0,2.8,7.8,9.9,1006.2,1002.7,87.0,100.0,56.0
2014-05-13,5000C,CEUTA,51,CEUTA,355319N,052049W,87.0,21.8,16.9,19.4,0.0,8.0,3.3,9.2,6.5,1011.8,1003.5,83.0,97.0,70.0
2014-05-14,5000C,CEUTA,51,CEUTA,355319N,052049W,87.0,20.5,16.9,18.7,0.0,10.0,5.3,13.1,2.7,1014.2,1011.2,84.0,95.0,77.0
2014-05-15,5000C,CEUTA,51,CEUTA,355319N,052049W,87.0,20.8,16.6,18.7,0.0,12.0,5.3,11.7,9.3,1012.8,1007.4,80.0,94.0,72.0
2014-05-16,5000C,CEUTA,51,CEUTA,355319N,052049W,87.0,20.9,16.4,18.6,0.0,12.0,5.3,11.7,10.3,1007.4,1001.9,77.0,94.0,63.0
2014-05-17,5000C,CEUTA,51,CEUTA,355319N,052049W,87.0,20.9,15.8,18.4,0.0,9.0,5.0,11.7,9.7,1003.7,1001.0,76.0,94.0,64.0
2014-05-18,5000C,CEUTA,51,CEUTA,355319N,052049W,87.0,21.0,15.7,18.4,0.0,9.0,4.2,9.4,10.7,1003.2,1000.7,81.0,95.0,71.0
2014-05-19,5000C,CEUTA,51,CEUTA,355319N,052049W,87.0,22.2,15.8,19.0,0.0,28.0,3.3,11.1,11.9,1000.7,998.5,75.0,95.0,68.0
2014-05-20,5000C,CEUTA,51,CEUTA,355319N,052049W,87.0,22.4,16.2,19.3,5.8,30.0,2.8,12.2,9.5,1001.0,999.1,65.0,81.0,58.0
2014-05-21,5000C,CEUTA,51,CEUTA,355319N,052049W,87.0,21.1,13.5,17.3,6.2,26.0,3.1,16.4,6.3,1006.0,998.5,68.0,92.0,51.0
2014-05-22,5000C,CEUTA,51,CEUTA,355319N,052049W,87.0,21.7,13.6,17.6,0.0,29.0,2.5,10.8,10.3,1009.1,1005.3,66.0,92.0,50.0
2014-05-23,5000C,CEUTA,51,CEUTA,355319N,052049W,87.0,22.7,15.3,19.0,0.0,31.0,3.1,12.5,13.3,1008.2,1003.9,57.0,80.0,45.0
2014-05-24,5000C,CEUTA,51,CEUTA,355319N,052049W,87.0,22.8,15.0,18.9,0.0,30.0,3.1,10.0,13.1,1007.3,1002.3,58.0,75.0,44.0
2014-05-25,5000C,CEUTA,51,CEUTA,355319N,052049W,87.0,22.0,14.0,18.0,0.0,32.0,3.1,11.7,12.7,1008.7,1006.2,55.0,73.0,47.0
2014-05-26,5000C,CEUTA,51,CEUTA,355319N,052049W,87.0,22.5,15.5,19.0,0.0,30.0,3.1,10.8,13.5,1009.7,1006.8,44.0,74.0,33.0
2014-05-27,5000C,CEUTA,51,CEUTA,355319N,052049W,87.0,21.8,16.7,19.2,,29.0,2.8,17.2,12.9,1010.2,1006.6,57.0,81.0,44.0
2014-05-28,5000C,CEUTA,51,CEUTA,355319N,052049W,87.0,21.7,16.6,19.2,,29.0,3.3,17.5,,1010.1,1008.0,72.0,88.0,60.0
2014-05-29,5000C,CEUTA,51,CEUTA,355319N,052049W,87.0,24.5,17.5,21.0,0.0,30.0,3.9,13.6,13.2,1009.8,1007.2,60.0,85.0,49.0
2014-05-30,5000C,CEUTA,51,CEUTA,355319N,052049W,87.0,28.3,19.6,24.0,0.0,99.0,2.8,12.8,13.5,1007.9,1005.2,38.0,70.0,27.0
2014-05-31,5000C,CEUTA,51,CEUTA,355319N,052049W,87.0,22.7,17.9,20.3,0.0,33.0,3.6,11.4,1.6,1006.8,1003.6,88.0,96.0,48.0
2014-06-01,5000C,CEUTA,51,CEUTA,355319N,052049W,87.0,22.4,15.9,19.2,0.0,36.0,4.2,11.4,8.8,1010.5,1005.4,81.0,95.0,55.0
2014-06-02,5000C,CEUTA,51,CEUTA,355319N,052049W,87.0,26.9,14.8,20.8,0.0,35.0,1.9,6.1,13.4,1010.1,1007.3,53.0,95.0,37.0
2014-06-03,5000C,CEUTA,51,CEUTA,355319N,052049W,87.0,25.2,16.8,21.0,0.0,30.0,1.9,7.5,12.2,1009.5,1005.8,73.0,98.0,39.0
2014-06-04,5000C,CEUTA,51,CEUTA,355319N,052049W,87.0,27.7,18.3,23.0,0.0,30.0,3.3,10.0,13.7,1005.9,1003.1,40.0,65.0,28.0
2014-06-05,5000C,CEUTA,51,CEUTA,355319N,052049W,87.0,27.6,18.7,23.2,0.0,34.0,2.2,6.9,5.9,1003.3,1000.8,44.0,94.0,34.0
2014-06-06,5000C,CEUTA,51,CEUTA,355319N,052049W,87.0,25.5,17.8,21.6,0.0,28.0,3.1,15.3,12.3,1005.0,1000.6,67.0,100.0,54.0
2014-06-07,5000C,CEUTA,51,CEUTA,355319N,052049W,87.0,25.5,17.9,21.7,0.0,30.0,3.9,13.6,11.9,1007.3,1003.8,61.0,79.0,51.0
2014-06-08,5000C,CEUTA,51,CEUTA,355319N,052049W,87.0,26.6,18.2,22.4,0.0,30.0,4.4,13.6,13.6,1008.4,1006.2,53.0,75.0,41.0
2014-06-09,5000C,CEUTA,51,CEUTA,355319N,052049W,87.0,25.3,17.2,21.2,0.0,29.0,3.3,14.2,13.6,1007.5,1004.3,53.0,73.0,39.0
2014-06-10,5000C,CEUTA,51,CEUTA,355319N,052049W,87.0,27.9,18.6,23.2,0.8,30.0,1.9,10.0,8.2,1007.2,1003.7,51.0,91.0,42.0
2014-06-11,5000C,CEUTA,51,CEUTA,355319N,052049W,87.0,23.8,18.1,21.0,0.0,6.0,3.1,8.1,6.8,1010.3,1005.7,87.0,98.0,75.0
2014-06-12,5000C,CEUTA,51,CEUTA,355319N,052049W,87.0,24.6,19.2,21.9,0.0,99.0,3.1,7.8,10.2,1010.1,1008.1,83.0,98.0,72.0
2014-06-13,5000C,CEUTA,51,CEUTA,355319N,052049W,87.0,24.2,19.5,21.8,0.0,15.0,3.3,6.4,13.2,1009.2,1006.0,81.0,95.0,73.0
2014-06-14,5000C,CEUTA,51,CEUTA,355319N,052049W,87.0,26.6,18.4,22.5,0.0,20.0,3.9,6.7,12.4,1006.1,999.5,71.0,98.0,37.0
2014-06-15,5000C,CEUTA,51,CEUTA,355319N,052049W,87.0,32.5,19.8,26.2,0.0,31.0,2.2,9.7,12.5,1003.3,998.1,57.0,98.0,36.0
2014-06-16,5000C,CEUTA,51,CEUTA,355319N,052049W,87.0,24.9,20.2,22.6,0.0,10.0,3.3,7.8,6.9,1004.3,1001.7,87.0,97.0,74.0
2014-06-17,5000C,CEUTA,51,CEUTA,355319N,052049W,87.0,,,,0.0,,2.2,,,1005.0,1003.8,87.0,,
2014-06-18,5000C,CEUTA,51,CEUTA,355319N,052049W,87.0,25.8,18.4,22.1,0.0,26.0,1.7,8.3,5.3,1006.5,1004.6,82.0,99.0,65.0
2014-06-19,5000C,CEUTA,51,CEUTA,355319N,052049W,87.0,25.3,19.1,22.2,0.0,26.0,1.7,10.0,1.0,1006.8,1005.2,70.0,82.0,57.0
2014-06-20,5000C,CEUTA,51,CEUTA,355319N,052049W,87.0,25.6,18.9,22.2,0.0,30.0,2.5,11.7,12.6,1006.6,1004.8,59.0,78.0,45.0
2014-06-21,5000C,CEUTA,51,CEUTA,355319N,052049W,87.0,25.8,17.7,21.8,0.0,29.0,3.9,14.2,12.5,1008.4,1005.2,60.0,84.0,50.0
2014-06-22,5000C,CEUTA,51,CEUTA,355319N,052049W,87.0,25.9,18.3,22.1,0.0,29.0,4.7,14.2,10.8,1008.9,1006.7,65.0,86.0,53.0
2014-06-23,5000C,CEUTA,51,CEUTA,355319N,052049W,87.0,25.2,18.0,21.6,0.0,31.0,5.6,14.7,9.4,1008.8,1005.9,67.0,87.0,52.0
2014-06-24,5000C,CEUTA,51,CEUTA,355319N,052049W,87.0,23.9,18.8,21.4,1.2,28.0,3.3,12.8,7.1,1008.8,1006.6,67.0,83.0,55.0
2014-06-25,5000C,CEUTA,51,CEUTA,355319N,052049W,87.0,25.6,18.6,22.1,0.0,32.0,3.1,12.8,11.4,1008.3,1005.8,64.0,83.0,54.0
2014-06-26,5000C,CEUTA,51,CEUTA,355319N,052049W,87.0,28.8,19.0,23.9,0.0,29.0,2.2,9.4,12.4,1007.0,1005.2,51.0,80.0,46.0
2014-06-27,5000C,CEUTA,51,CEUTA,355319N,052049W,87.0,26.9,19.5,23.2,0.0,17.0,2.2,5.8,13.5,1007.3,1005.1,57.0,74.0,47.0
2014-06-28,5000C,CEUTA,51,CEUTA,355319N,052049W,87.0,31.5,19.4,25.4,0.0,21.0,2.8,9.7,13.5,1007.9,1005.4,54.0,82.0,32.0
2014-06-29,5000C,CEUTA,51,CEUTA,355319N,052049W,87.0,27.7,20.4,24.0,0.0,30.0,3.1,13.3,13.0,1009.9,1006.7,48.0,78.0,17.0
2014-06-30,5000C,CEUTA,51,CEUTA,355319N,052049W,87.0,31.7,20.0,25.8,0.0,31.0,3.9,13.6,13.6,1008.3,1005.4,34.0,70.0,20.0
2014-07-01,5000C,CEUTA,51,CEUTA,355319N,052049W,87.0,25.2,19.7,22.4,0.0,22.0,3.3,10.8,13.0,1007.4,1005.4,59.0,81.0,38.0
2014-07-02,5000C,CEUTA,51,CEUTA,355319N,052049W,87.0,24.0,18.8,21.4,0.0,24.0,2.8,15.0,11.6,1007.6,1005.6,61.0,78.0,46.0
2014-07-03,5000C,CEUTA,51,CEUTA,355319N,052049W,87.0,26.3,18.7,22.5,0.0,99.0,3.9,11.9,13.4,1008.1,1005.1,54.0,76.0,44.0
2014-07-04,5000C,CEUTA,51,CEUTA,355319N,052049W,87.0,30.9,18.6,24.8,0.0,29.0,2.5,7.8,13.6,1008.0,1005.5,49.0,76.0,32.0
2014-07-05,5000C,CEUTA,51,CEUTA,355319N,052049W,87.0,32.4,21.8,27.1,0.0,32.0,1.7,9.7,13.6,1006.6,1004.5,39.0,67.0,26.0
2014-07-06,5000C,CEUTA,51,CEUTA,355319N,052049W,87.0,25.0,19.9,22.4,0.0,30.0,3.3,13.6,10.4,1007.9,1005.9,64.0,81.0,56.0
2014-07-07,5000C,CEUTA,51,CEUTA,355319N,052049W,87.0,27.0,20.1,23.6,0.0,28.0,3.3,13.6,10.2,1008.4,1005.2,52.0,86.0,18.0
2014-07-08,5000C,CEUTA,51,CEUTA,355319N,052049W,87.0,26.7,19.5,23.1,0.0,2.0,2.2,9.4,13.5,1007.4,1004.9,68.0,98.0,29.0
2014-07-09,5000C,CEUTA,51,CEUTA,355319N,052049W,87.0,24.7,18.3,21.5,0.0,7.0,2.8,8.6,6.5,1006.3,1003.9,84.0,98.0,71.0
2014-07-10,5000C,CEUTA,51,CEUTA,355319N,052049W,87.0,26.8,19.7,23.2,0.0,10.0,3.3,7.5,9.0,1007.6,1004.9,82.0,97.0,66.0
2014-07-11,5000C,CEUTA,51,CEUTA,355319N,052049W,87.0,25.7,19.5,22.6,0.0,17.0,2.5,5.6,9.6,1007.1,1004.0,82.0,98.0,72.0
2014-07-12,5000C,CEUTA,51,CEUTA,355319N,052049W,87.0,31.1,18.8,25.0,0.0,32.0,2.2,11.9,9.7,1006.5,1004.2,70.0,100.0,39.0
2014-07-13,5000C,CEUTA,51,CEUTA,355319N,052049W,87.0,26.6,19.6,23.1,0.0,33.0,3.3,7.5,13.3,1007.9,1004.6,79.0,86.0,60.0
2014-07-14,5000C,CEUTA,51,CEUTA,355319N,052049W,87.0,28.9,19.7,24.3,0.0,13.0,2.2,5.0,13.2,1005.8,1003.6,69.0,91.0,53.0
2014-07-15,5000C,CEUTA,51,CEUTA,355319N,052049W,87.0,27.0,19.3,23.2,,12.0,3.1,8.9,6.9,1008.0,1005.5,92.0,100.0,75.0
2014-07-16,5000C,CEUTA,51,CEUTA,355319N,052049W,87.0,27.1,22.3,24.7,0.0,9.0,3.9,8.3,8.6,1008.5,1006.6,86.0,98.0,72.0
2014-07-17,5000C,CEUTA,51,CEUTA,355319N,052049W,87.0,26.9,21.6,24.2,0.0,14.0,2.8,7.2,9.7,1008.1,1005.0,84.0,98.0,75.0
2014-07-18,5000C,CEUTA,51,CEUTA,355319N,052049W,87.0,29.9,21.2,25.6,0.0,99.0,4.7,15.8,11.8,1005.6,1002.6,68.0,94.0,44.0
2014-07-19,5000C,CEUTA,51,CEUTA,355319N,052049W,87.0,27.5,19.9,23.7,0.0,30.0,3.3,13.6,12.2,1007.7,1004.0,65.0,80.0,51.0
2014-07-20,5000C,CEUTA,51,CEUTA,355319N,052049W,87.0,27.0,19.9,23.4,0.0,27.0,3.3,11.4,11.7,1009.2,1006.8,58.0,84.0,45.0
2014-07-21,5000C,CEUTA,51,CEUTA,355319N,052049W,87.0,29.0,20.2,24.6,0.0,30.0,1.4,9.2,13.4,1008.3,1006.5,53.0,96.0,36.0
2014-07-22,5000C,CEUTA,51,CEUTA,355319N,052049W,87.0,25.2,20.3,22.8,0.0,17.0,2.8,5.8,11.8,1006.8,1003.0,77.0,96.0,65.0
2014-07-23,5000C,CEUTA,51,CEUTA,355319N,052049W,87.0,28.6,20.2,24.4,0.0,17.0,1.9,5.0,12.0,1003.4,1000.5,61.0,98.0,44.0
2014-07-24,5000C,CEUTA,51,CEUTA,355319N,052049W,87.0,30.4,21.4,25.9,0.0,30.0,3.6,14.2,11.5,1001.4,998.1,44.0,71.0,26.0
2014-07-25,5000C,CEUTA,51,CEUTA,355319N,052049W,87.0,32.9,20.9,26.9,0.0,30.0,2.8,7.5,13.1,1002.6,999.2,41.0,66.0,31.0
2014-07-26,5000C,CEUTA,51,CEUTA,355319N,052049W,87.0,28.7,19.8,24.2,0.0,14.0,1.9,4.7,12.9,1005.8,1002.3,62.0,81.0,52.0
2014-07-27,5000C,CEUTA,51,CEUTA,355319N,052049W,87.0,29.3,20.1,24.7,0.0,15.0,1.7,5.8,12.8,1006.9,1005.2,68.0,88.0,54.0
2014-07-28,5000C,CEUTA,51,CEUTA,355319N,052049W,87.0,30.2,21.2,25.7,0.0,29.0,3.1,15.6,12.6,1006.2,1002.1,58.0,81.0,44.0
2014-07-29,5000C,CEUTA,51,CEUTA,355319N,052049W,87.0,30.5,20.8,25.6,0.0,29.0,3.1,17.8,12.9,1003.7,1000.9,53.0,73.0,43.0
2014-07-30,5000C,CEUTA,51,CEUTA,355319N,052049W,87.0,27.4,18.7,23.0,0.0,17.0,2.2,5.8,12.5,1004.6,1002.6,82.0,95.0,69.0
2014-07-31,5000C,CEUTA,51,CEUTA,355319N,052049W,87.0,27.6,19.6,23.6,0.0,25.0,2.8,11.7,12.8,1006.5,1003.9,63.0,95.0,50.0
2014-08-01,5000C,CEUTA,51,CEUTA,355319N,052049W,87.0,26.5,20.6,23.6,0.0,30.0,4.4,16.7,9.3,1005.4,1003.3,66.0,78.0,50.0
2014-08-02,5000C,CEUTA,51,CEUTA,355319N,052049W,87.0,25.4,20.0,22.7,0.0,31.0,3.6,13.1,12.4,1004.9,1001.6,59.0,78.0,49.0
2014-08-03,5000C,CEUTA,51,CEUTA,355319N,052049W,87.0,28.8,21.0,24.9,0.0,28.0,1.4,6.9,12.9,1003.1,1000.6,60.0,76.0,52.0
2014-08-04,5000C,CEUTA,51,CEUTA,355319N,052049W,87.0,32.0,21.2,26.6,0.0,31.0,2.5,8.3,12.5,1007.4,1002.4,50.0,77.0,37.0
2014-08-05,5000C,CEUTA,51,CEUTA,355319N,052049W,87.0,34.4,22.0,28.2,0.0,26.0,2.5,9.2,12.8,1007.6,1004.7,30.0,60.0,11.0
2014-08-06,5000C,CEUTA,51,CEUTA,355319N,052049W,87.0,30.8,21.1,26.0,0.0,36.0,2.5,8.3,12.7,1008.3,1005.5,64.0,88.0,28.0
2014-08-07,5000C,CEUTA,51,CEUTA,355319N,052049W,87.0,32.4,21.2,26.8,0.0,16.0,2.5,5.3,12.7,1005.6,1003.5,56.0,81.0,40.0
2014-08-08,5000C,CEUTA,51,CEUTA,355319N,052049W,87.0,29.4,20.0,24.7,0.0,34.0,1.9,6.9,11.6,1004.1,1000.4,75.0,94.0,53.0
2014-08-09,5000C,CEUTA,51,CEUTA,355319N,052049W,87.0,31.7,21.5,26.6,0.0,30.0,1.9,7.2,12.4,1002.8,1001.0,54.0,75.0,37.0
2014-08-10,5000C,CEUTA,51,CEUTA,355319N,052049W,87.0,34.0,21.5,27.8,0.0,30.0,3.1,11.1,12.3,1005.0,1002.5,39.0,69.0,25.0
2014-08-11,5000C,CEUTA,51,CEUTA,355319N,052049W,87.0,31.8,21.6,26.7,0.0,31.0,2.8,13.3,12.6,1006.0,1003.7,49.0,71.0,33.0
2014-08-12,5000C,CEUTA,51,CEUTA,355319N,052049W,87.0,33.0,23.3,28.2,0.0,30.0,2.2,15.6,12.4,1005.5,1002.6,41.0,65.0,20.0
2014-08-13,5000C,CEUTA,51,CEUTA,355319N,052049W,87.0,30.9,24.1,27.5,0.0,30.0,3.6,16.9,12.5,1004.2,1001.7,49.0,61.0,19.0
2014-08-14,5000C,CEUTA,51,CEUTA,355319N,052049W,87.0,28.7,20.9,24.8,0.0,29.0,3.3,11.7,12.5,1006.7,1002.4,60.0,99.0,20.0
2014-08-15,5000C,CEUTA,51,CEUTA,355319N,052049W,87.0,27.4,20.8,24.1,0.0,12.0,2.8,6.7,8.5,1008.0,1005.5,81.0,100.0,70.0
2014-08-16,5000C,CEUTA,51,CEUTA,355319N,052049W,87.0,26.8,22.0,24.4,0.0,12.0,3.1,8.6,6.4,1008.0,1005.8,85.0,99.0,73.0
2014-08-17,5000C,CEUTA,51,CEUTA,355319N,052049W,87.0,26.5,22.2,24.4,0.0,99.0,5.3,11.1,10.2,1007.3,1002.8,82.0,99.0,73.0
2014-08-18,5000C,CEUTA,51,CEUTA,355319N,052049W,87.0,25.3,20.5,22.9,0.0,9.0,2.2,6.9,6.3,1003.7,1001.2,88.0,99.0,78.0
2014-08-19,5000C,CEUTA,51,CEUTA,355319N,052049W,87.0,27.6,20.3,24.0,0.0,24.0,3.1,11.4,12.1,1006.6,1002.5,71.0,97.0,54.0
2014-08-20,5000C,CEUTA,51,CEUTA,355319N,052049W,87.0,33.2,20.3,26.8,0.0,22.0,2.5,9.7,12.3,1006.6,1004.5,33.0,71.0,18.0
2014-08-21,5000C,CEUTA,51,CEUTA,355319N,052049W,87.0,34.0,24.2,29.1,0.0,30.0,5.0,12.8,12.2,1005.8,1003.6,27.0,47.0,21.0
2014-08-22,5000C,CEUTA,51,CEUTA,355319N,052049W,87.0,30.0,21.4,25.7,0.0,29.0,3.6,11.4,12.1,1006.9,1003.7,50.0,72.0,30.0
2014-08-23,5000C,CEUTA,51,CEUTA,355319N,052049W,87.0,34.2,20.8,27.5,0.0,29.0,3.6,12.8,12.2,1008.5,1003.9,45.0,97.0,25.0
2014-08-24,5000C,CEUTA,51,CEUTA,355319N,052049W,87.0,27.4,20.3,23.8,0.0,10.0,2.8,6.7,10.0,1009.2,1006.4,83.0,99.0,70.0
2014-08-25,5000C,CEUTA,51,CEUTA,355319N,052049W,87.0,27.4,21.1,24.2,0.0,10.0,3.3,6.7,10.0,,,85.0,100.0,68.0
2014-08-26,5000C,CEUTA,51,CEUTA,355319N,052049W,87.0,32.3,20.9,26.6,0.0,22.0,2.2,5.3,11.9,,,63.0,94.0,25.0
2014-08-27,5000C,CEUTA,51,CEUTA,355319N,052049W,87.0,36.7,25.2,31.0,0.0,31.0,1.4,8.3,11.8,1004.8,1002.7,40.0,51.0,28.0
2014-08-28,5000C,CEUTA,51,CEUTA,355319N,052049W,87.0,31.9,24.0,28.0,0.0,36.0,2.5,7.8,11.9,1005.9,1003.3,73.0,83.0,27.0
2014-08-29,5000C,CEUTA,51,CEUTA,355319N,052049W,87.0,32.9,22.6,27.8,0.0,17.0,3.3,8.1,11.5,1005.4,1002.7,66.0,89.0,38.0
2014-08-30,5000C,CEUTA,51,CEUTA,355319N,052049W,87.0,27.9,20.1,24.0,0.0,2.0,2.5,5.3,9.2,1007.0,1004.3,81.0,99.0,65.0
2014-08-31,5000C,CEUTA,51,CEUTA,355319N,052049W,87.0,28.0,21.5,24.8,0.0,12.0,2.8,8.3,7.1,1006.7,1004.2,91.0,100.0,76.0
2014-09-01,5000C,CEUTA,51,CEUTA,355319N,052049W,87.0,28.0,22.3,25.2,0.0,12.0,3.1,7.2,9.8,1005.8,1003.0,88.0,99.0,75.0
2014-09-02,5000C,CEUTA,51,CEUTA,355319N,052049W,87.0,29.3,20.1,24.7,0.0,99.0,1.9,5.8,6.9,1004.6,1001.7,84.0,100.0,66.0
2014-09-03,5000C,CEUTA,51,CEUTA,355319N,052049W,87.0,32.5,21.2,26.8,0.0,25.0,2.2,11.1,11.7,1003.7,1000.7,50.0,78.0,33.0
2014-09-04,5000C,CEUTA,51,CEUTA,355319N,052049W,87.0,32.0,22.1,27.0,0.0,29.0,2.5,10.8,11.2,1004.6,1001.5,48.0,68.0,31.0
2014-09-05,5000C,CEUTA,51,CEUTA,355319N,052049W,87.0,31.0,20.6,25.8,0.0,99.0,3.1,13.9,11.8,1005.5,1002.7,51.0,73.0,38.0
2014-09-06,5000C,CEUTA,51,CEUTA,355319N,052049W,87.0,28.8,21.9,25.4,0.0,28.0,3.6,13.9,10.5,1005.5,1001.9,65.0,79.0,53.0
2014-09-07,5000C,CEUTA,51,CEUTA,355319N,052049W,87.0,28.2,21.8,25.0,0.0,30.0,2.8,11.7,6.8,1004.6,1002.1,70.0,82.0,50.0
2014-09-08,5000C,CEUTA,51,CEUTA,355319N,052049W,87.0,30.2,20.5,25.4,0.0,30.0,2.2,10.8,11.6,1005.1,1003.3,59.0,84.0,45.0
2014-09-09,5000C,CEUTA,51,CEUTA,355319N,052049W,87.0,31.4,20.5,26.0,0.0,28.0,2.8,8.1,11.5,1005.7,1003.5,51.0,73.0,35.0
2014-09-10,5000C,CEUTA,51,CEUTA,355319N,052049W,87.0,28.6,20.4,24.5,0.0,99.0,2.2,6.9,11.4,1005.5,1003.4,57.0,78.0,46.0
2014-09-11,5000C,CEUTA,51,CEUTA,355319N,052049W,87.0,29.4,21.8,25.6,0.0,32.0,2.8,12.2,10.4,1007.3,1005.0,59.0,81.0,44.0
2014-09-12,5000C,CEUTA,51,CEUTA,355319N,052049W,87.0,29.2,20.8,25.0,0.0,29.0,3.3,11.7,11.4,1006.7,1004.9,57.0,79.0,46.0
2014-09-13,5000C,CEUTA,51,CEUTA,355319N,052049W,87.0,31.9,21.0,26.4,0.0,29.0,2.2,13.6,11.3,1007.1,1004.5,50.0,81.0,32.0
2014-09-14,5000C,CEUTA,51,CEUTA,355319N,052049W,87.0,29.8,20.8,25.3,0.0,31.0,2.8,9.7,11.3,1007.1,1004.2,56.0,82.0,35.0
2014-09-15,5000C,CEUTA,51,CEUTA,355319N,052049W,87.0,28.0,19.7,23.8,0.0,32.0,1.9,8.1,10.9,1006.3,1000.7,71.0,89.0,45.0
2014-09-16,5000C,CEUTA,51,CEUTA,355319N,052049W,87.0,27.1,18.3,22.7,0.0,28.0,1.7,8.1,8.5,1001.4,998.5,72.0,91.0,49.0
2014-09-17,5000C,CEUTA,51,CEUTA,355319N,052049W,87.0,27.9,21.5,24.7,0.0,26.0,2.5,10.6,4.1,1001.9,999.4,70.0,80.0,49.0
2014-09-18,5000C,CEUTA,51,CEUTA,355319N,052049W,87.0,25.3,19.9,22.6,1.0,20.0,1.7,8.1,3.9,1003.4,1000.4,72.0,85.0,62.0
2014-09-19,5000C,CEUTA,51,CEUTA,355319N,052049W,87.0,25.8,20.0,22.9,0.0,4.0,1.9,5.0,7.3,1005.8,1001.8,78.0,90.0,61.0
2014-09-20,5000C,CEUTA,51,CEUTA,355319N,052049W,87.0,25.9,18.7,22.3,0.0,19.0,1.7,5.6,7.2,1007.9,1004.3,77.0,95.0,62.0
2014-09-21,5000C,CEUTA,51,CEUTA,355319N,052049W,87.0,24.2,19.3,21.8,0.2,22.0,1.9,5.8,1.3,1008.0,1004.9,77.0,95.0,62.0
2014-09-22,5000C,CEUTA,51,CEUTA,355319N,052049W,87.0,27.2,20.1,23.6,0.0,25.0,2.2,10.3,10.3,1006.7,1004.1,67.0,81.0,53.0
2014-09-23,5000C,CEUTA,51,CEUTA,355319N,052049W,87.0,25.9,19.1,22.5,1.2,27.0,1.9,10.3,6.5,1006.2,1004.0,77.0,87.0,56.0
2014-09-24,5000C,CEUTA,51,CEUTA,355319N,052049W,87.0,25.7,19.2,22.4,0.0,32.0,2.8,10.3,9.8,1007.3,1004.6,74.0,89.0,57.0
2014-09-25,5000C,CEUTA,51,CEUTA,355319N,052049W,87.0,26.7,19.0,22.8,0.0,29.0,2.2,8.3,9.8,1009.0,1006.8,73.0,96.0,55.0
2014-09-26,5000C,CEUTA,51,CEUTA,355319N,052049W,87.0,23.9,18.8,21.4,7.0,14.0,1.9,8.6,3.2,1009.2,1008.5,92.0,99.0,70.0
2014-09-27,5000C,CEUTA,51,CEUTA,355319N,052049W,87.0,20.8,18.9,19.8,51.0,10.0,1.1,8.6,0.0,1010.1,1007.4,100.0,100.0,97.0
2014-09-28,5000C,CEUTA,51,CEUTA,355319N,052049W,87.0,25.5,17.8,21.6,0.0,1.0,2.8,7.5,8.1,1011.1,1008.9,84.0,100.0,54.0
2014-09-29,5000C,CEUTA,51,CEUTA,355319N,052049W,87.0,24.3,19.2,21.8,0.0,18.0,1.7,4.4,5.5,1011.9,1009.5,83.0,100.0,67.0
2014-09-30,5000C,CEUTA,51,CEUTA,355319N,052049W,87.0,22.3,18.6,20.4,1.4,10.0,3.9,8.1,1.1,1011.3,1008.7,94.0,100.0,88.0
2014-10-01,5000C,CEUTA,51,CEUTA,355319N,052049W,87.0,22.9,19.6,21.2,0.6,8.0,3.1,10.3,3.1,1010.8,1008.7,93.0,99.0,88.0
2014-10-02,5000C,CEUTA,51,CEUTA,355319N,052049W,87.0,24.7,19.8,22.2,0.6,9.0,2.8,13.3,2.4,1011.4,1009.3,94.0,100.0,79.0
2014-10-03,5000C,CEUTA,51,CEUTA,355319N,052049W,87.0,23.4,20.1,21.8,0.0,10.0,3.1,8.1,1.6,1011.3,1008.9,93.0,100.0,83.0
2014-10-04,5000C,CEUTA,51,CEUTA,355319N,052049W,87.0,24.4,19.6,22.0,0.0,7.0,2.5,5.6,10.3,1009.5,1006.8,89.0,100.0,73.0
2014-10-05,5000C,CEUTA,51,CEUTA,355319N,052049W,87.0,28.1,18.4,23.2,0.0,27.0,2.5,7.8,9.9,1006.8,1003.5,66.0,86.0,36.0
2014-10-06,5000C,CEUTA,51,CEUTA,355319N,052049W,87.0,22.7,19.1,20.9,0.0,27.0,2.5,12.5,11.1,1006.2,1003.8,70.0,83.0,59.0
2014-10-07,5000C,CEUTA,51,CEUTA,355319N,052049W,87.0,27.5,19.2,23.4,0.0,28.0,1.9,9.2,10.5,1005.4,1002.5,65.0,86.0,45.0
2014-10-08,5000C,CEUTA,51,CEUTA,355319N,052049W,87.0,26.0,17.8,21.9,0.0,28.0,2.5,12.8,10.3,1005.2,1002.6,65.0,84.0,48.0
2014-10-09,5000C,CEUTA,51,CEUTA,355319N,052049W,87.0,26.9,19.7,23.3,0.0,30.0,2.2,10.0,10.1,1006.1,1003.7,74.0,86.0,51.0
2014-10-10,5000C,CEUTA,51,CEUTA,355319N,052049W,87.0,25.8,18.9,22.4,0.0,4.0,1.9,5.3,7.3,1006.2,1003.8,73.0,84.0,57.0
2014-10-11,5000C,CEUTA,51,CEUTA,355319N,052049W,87.0,23.6,19.2,21.4,11.6,28.0,1.7,13.1,7.3,1005.1,998.9,84.0,93.0,71.0
2014-10-12,5000C,CEUTA,51,CEUTA,355319N,052049W,87.0,21.3,16.1,18.7,19.0,29.0,1.9,11.7,3.1,1006.2,1000.5,87.0,94.0,65.0
2014-10-13,5000C,CEUTA,51,CEUTA,355319N,052049W,87.0,22.8,15.7,19.2,10.6,20.0,1.9,8.1,4.1,1006.4,1000.2,78.0,92.0,53.0
2014-10-14,5000C,CEUTA,51,CEUTA,355319N,052049W,87.0,22.0,15.6,18.8,0.0,22.0,3.1,13.3,6.0,1006.6,998.3,72.0,90.0,57.0
2014-10-15,5000C,CEUTA,51,CEUTA,355319N,052049W,87.0,25.8,17.8,21.8,0.0,25.0,2.8,9.2,7.7,1008.2,1005.9,71.0,89.0,59.0
2014-10-16,5000C,CEUTA,51,CEUTA,355319N,052049W,87.0,24.9,18.5,21.7,0.0,17.0,1.7,4.7,9.9,1007.5,1005.9,76.0,94.0,59.0
2014-10-17,5000C,CEUTA,51,CEUTA,355319N,052049W,87.0,23.7,18.1,20.9,0.0,17.0,1.9,5.6,9.7,1008.6,1005.9,91.0,98.0,74.0
2014-10-18,5000C,CEUTA,51,CEUTA,355319N,052049W,87.0,23.4,19.4,21.4,0.0,10.0,1.9,5.8,6.4,1009.4,1007.3,91.0,100.0,77.0
2014-10-19,5000C,CEUTA,51,CEUTA,355319N,052049W,87.0,21.9,19.3,20.6,0.0,4.0,1.4,5.8,1.3,1008.6,1006.0,95.0,97.0,83.0
2014-10-20,5000C,CEUTA,51,CEUTA,355319N,052049W,87.0,23.5,19.6,21.6,0.0,8.0,2.2,6.1,1.9,1010.9,1007.2,88.0,95.0,78.0
2014-10-21,5000C,CEUTA,51,CEUTA,355319N,052049W,87.0,24.0,18.3,21.2,0.0,16.0,2.5,4.7,9.5,1014.4,1010.1,88.0,98.0,76.0
2014-10-22,5000C,CEUTA,51,CEUTA,355319N,052049W,87.0,33.1,16.8,25.0,0.0,7.0,1.7,8.3,9.5,1014.2,1008.8,37.0,100.0,25.0
2014-10-23,5000C,CEUTA,51,CEUTA,355319N,052049W,87.0,23.1,18.6,20.8,0.0,10.0,3.1,8.6,6.7,1012.0,1007.6,91.0,100.0,78.0
2014-10-24,5000C,CEUTA,51,CEUTA,355319N,052049W,87.0,22.4,18.3,20.4,0.0,13.0,2.2,5.8,9.5,1007.6,1005.3,89.0,100.0,80.0
2014-10-25,5000C,CEUTA,51,CEUTA,355319N,052049W,87.0,22.0,17.8,19.9,0.0,7.0,2.2,5.8,6.8,1010.3,1006.6,91.0,98.0,79.0
2014-10-26,5000C,CEUTA,51,CEUTA,355319N,052049W,87.0,23.4,17.3,20.4,0.0,,1.7,,7.8,,,85.0,99.0,69.0
2014-10-27,5000C,CEUTA,51,CEUTA,355319N,052049W,87.0,22.7,19.1,20.9,0.0,16.0,1.9,5.0,5.7,1010.1,1007.2,86.0,96.0,77.0
2014-10-28,5000C,CEUTA,51,CEUTA,355319N,052049W,87.0,21.2,19.3,20.2,0.0,9.0,2.8,6.9,1.3,1007.2,1004.1,92.0,98.0,84.0
2014-10-29,5000C,CEUTA,51,CEUTA,355319N,052049W,87.0,21.3,19.3,20.3,0.0,9.0,3.6,8.6,0.9,1008.6,1004.4,88.0,94.0,81.0
2014-10-30,5000C,CEUTA,51,CEUTA,355319N,052049W,87.0,22.0,18.8,20.4,0.0,10.0,4.4,8.9,4.5,1011.2,1008.3,90.0,95.0,80.0
2014-10-31,5000C,CEUTA,51,CEUTA,355319N,052049W,87.0,22.2,18.3,20.2,0.0,8.0,4.4,9.7,7.0,1012.6,1010.3,86.0,94.0,75.0
2014-11-01,5000C,CEUTA,51,CEUTA,355319N,052049W,87.0,21.6,18.0,19.8,0.0,10.0,3.6,8.1,7.0,1013.1,1011.1,88.0,97.0,77.0
2014-11-02,5000C,CEUTA,51,CEUTA,355319N,052049W,87.0,21.4,16.4,18.9,0.0,12.0,2.8,7.5,6.6,1011.1,1007.8,90.0,100.0,79.0
2014-11-03,5000C,CEUTA,51,CEUTA,355319N,052049W,87.0,22.2,15.2,18.7,8.8,22.0,2.2,12.5,8.9,1008.7,1002.0,74.0,100.0,57.0
2014-11-04,5000C,CEUTA,51,CEUTA,355319N,052049W,87.0,19.8,13.5,16.6,32.8,24.0,6.4,18.9,1.0,1002.0,993.5,71.0,98.0,56.0
2014-11-05,5000C,CEUTA,51,CEUTA,355319N,052049W,87.0,17.7,12.0,14.8,0.0,30.0,3.3,13.3,8.9,1006.8,999.4,59.0,74.0,45.0
2014-11-06,5000C,CEUTA,51,CEUTA,355319N,052049W,87.0,19.2,13.6,16.4,0.0,26.0,2.8,11.7,8.5,1011.2,1006.5,66.0,74.0,55.0
2014-11-07,5000C,CEUTA,51,CEUTA,355319N,052049W,87.0,21.7,15.9,18.8,3.8,21.0,3.3,9.7,5.6,1010.3,1007.7,69.0,80.0,62.0
2014-11-08,5000C,CEUTA,51,CEUTA,355319N,052049W,87.0,20.4,15.5,18.0,13.4,30.0,3.6,14.2,6.7,1009.0,1002.8,71.0,95.0,51.0
2014-11-09,5000C,CEUTA,51,CEUTA,355319N,052049W,87.0,17.9,13.3,15.6,0.0,31.0,3.9,13.9,8.3,1005.5,1001.2,64.0,93.0,54.0
2014-11-10,5000C,CEUTA,51,CEUTA,355319N,052049W,87.0,18.4,12.0,15.2,0.0,26.0,2.5,10.3,9.1,1006.5,1002.7,64.0,75.0,52.0
2014-11-11,5000C,CEUTA,51,CEUTA,355319N,052049W,87.0,20.0,14.3,17.2,26.2,19.0,3.9,13.9,1.3,1002.7,997.1,78.0,92.0,58.0
2014-11-12,5000C,CEUTA,51,CEUTA,355319N,052049W,87.0,22.0,16.6,19.3,5.6,23.0,2.2,9.2,3.2,1006.7,1001.0,85.0,94.0,70.0
2014-11-13,5000C,CEUTA,51,CEUTA,355319N,052049W,87.0,20.7,17.2,19.0,0.4,21.0,1.4,5.6,0.9,1006.8,1003.6,85.0,95.0,73.0
2014-11-14,5000C,CEUTA,51,CEUTA,355319N,052049W,87.0,19.4,15.0,17.2,13.1,20.0,3.9,13.6,0.2,1003.6,1000.3,86.0,96.0,72.0
2014-11-15,5000C,CEUTA,51,CEUTA,355319N,052049W,87.0,20.2,15.1,17.6,0.0,32.0,2.2,15.6,8.6,1008.3,1003.3,72.0,84.0,51.0
2014-11-16,5000C,CEUTA,51,CEUTA,355319N,052049W,87.0,19.7,14.1,16.9,0.0,30.0,2.2,12.2,7.9,1008.2,1004.2,66.0,83.0,47.0
2014-11-17,5000C,CEUTA,51,CEUTA,355319N,052049W,87.0,18.8,13.9,16.4,0.0,32.0,4.2,13.3,8.5,1004.2,1000.8,60.0,75.0,55.0
2014-11-18,5000C,CEUTA,51,CEUTA,355319N,052049W,87.0,19.0,12.4,15.7,0.0,29.0,1.1,4.4,8.0,1004.4,1002.1,80.0,91.0,67.0
2014-11-19,5000C,CEUTA,51,CEUTA,355319N,052049W,87.0,18.0,14.2,16.1,0.0,8.0,2.2,6.7,3.0,1006.2,1003.3,89.0,96.0,82.0
2014-11-20,5000C,CEUTA,51,CEUTA,355319N,052049W,87.0,17.8,16.1,17.0,0.4,8.0,5.3,12.2,0.0,1005.8,1003.0,94.0,99.0,88.0
2014-11-21,5000C,CEUTA,51,CEUTA,355319N,052049W,87.0,18.3,17.3,17.8,0.0,10.0,2.2,4.4,0.0,1003.9,1002.3,98.0,99.0,94.0
2014-11-22,5000C,CEUTA,51,CEUTA,355319N,052049W,87.0,18.9,17.0,18.0,0.0,34.0,3.6,5.0,0.0,1004.0,995.7,95.0,99.0,79.0
2014-11-23,5000C,CEUTA,51,CEUTA,355319N,052049W,87.0,20.0,16.7,18.4,0.0,36.0,3.3,7.8,2.4,1001.2,992.2,87.0,97.0,80.0
2014-11-24,5000C,CEUTA,51,CEUTA,355319N,052049W,87.0,18.7,15.3,17.0,0.0,30.0,1.4,4.7,2.2,1007.6,1001.2,90.0,100.0,77.0
2014-11-25,5000C,CEUTA,51,CEUTA,355319N,052049W,87.0,20.8,16.3,18.6,0.0,29.0,2.2,4.7,7.0,1008.3,1007.1,74.0,81.0,61.0
2014-11-26,5000C,CEUTA,51,CEUTA,355319N,052049W,87.0,21.0,15.1,18.0,18.2,18.0,2.2,8.9,6.5,1007.5,996.8,78.0,97.0,56.0
2014-11-27,5000C,CEUTA,51,CEUTA,355319N,052049W,87.0,16.2,12.4,14.3,19.6,20.0,1.9,11.7,1.8,996.8,981.8,85.0,99.0,65.0
2014-11-28,5000C,CEUTA,51,CEUTA,355319N,052049W,87.0,17.6,13.6,15.6,18.8,18.0,2.2,11.7,2.7,981.8,974.2,80.0,94.0,65.0
2014-11-29,5000C,CEUTA,51,CEUTA,355319N,052049W,87.0,17.7,11.7,14.7,0.2,14.0,1.7,13.9,2.9,988.0,979.0,81.0,99.0,60.0
2014-11-30,5000C,CEUTA,51,CEUTA,355319N,052049W,87.0,19.0,13.0,16.0,0.0,24.0,2.2,9.2,7.4,994.0,988.0,71.0,85.0,56.0
2014-12-01,5000C,CEUTA,51,CEUTA,355319N,052049W,87.0,19.0,14.0,16.5,0.2,28.0,4.4,15.8,7.1,997.5,994.0,77.0,85.0,68.0
2014-12-02,5000C,CEUTA,51,CEUTA,355319N,052049W,87.0,18.1,14.2,16.2,0.0,29.0,3.6,15.6,7.7,1002.1,995.9,73.0,88.0,60.0
2014-12-03,5000C,CEUTA,51,CEUTA,355319N,052049W,87.0,17.0,12.4,14.7,16.0,32.0,1.9,12.8,1.0,1001.3,997.5,89.0,95.0,77.0
2014-12-04,5000C,CEUTA,51,CEUTA,355319N,052049W,87.0,16.9,12.1,14.5,3.0,24.0,1.7,7.5,2.8,1008.8,1000.0,84.0,95.0,69.0
2014-12-05,5000C,CEUTA,51,CEUTA,355319N,052049W,87.0,16.5,11.1,13.8,0.6,28.0,2.2,10.8,6.9,1014.1,1008.7,75.0,91.0,62.0
2014-12-06,5000C,CEUTA,51,CEUTA,355319N,052049W,87.0,17.8,10.4,14.1,0.0,30.0,1.9,8.6,7.6,1015.2,1012.2,59.0,78.0,42.0
2014-12-07,5000C,CEUTA,51,CEUTA,355319N,052049W,87.0,16.1,9.8,13.0,0.0,32.0,1.7,5.8,7.4,1017.4,1014.2,57.0,73.0,47.0
2014-12-08,5000C,CEUTA,51,CEUTA,355319N,052049W,87.0,16.3,9.3,12.8,0.0,26.0,1.4,6.1,7.7,1018.6,1015.9,72.0,84.0,50.0
2014-12-09,5000C,CEUTA,51,CEUTA,355319N,052049W,87.0,19.1,12.5,15.8,0.0,30.0,3.1,13.9,8.4,1017.7,1015.6,57.0,71.0,35.0
2014-12-10,5000C,CEUTA,51,CEUTA,355319N,052049W,87.0,17.8,11.6,14.7,0.0,5.0,2.8,7.5,7.1,1020.5,1017.3,66.0,78.0,53.0
2014-12-11,5000C,CEUTA,51,CEUTA,355319N,052049W,87.0,16.5,11.5,14.0,0.0,16.0,1.7,6.1,7.5,1018.9,1015.9,78.0,91.0,69.0
2014-12-12,5000C,CEUTA,51,CEUTA,355319N,052049W,87.0,16.6,10.8,13.7,0.6,22.0,1.4,7.5,7.4,1015.9,1008.4,88.0,98.0,71.0
2014-12-13,5000C,CEUTA,51,CEUTA,355319N,052049W,87.0,20.6,12.0,16.3,1.6,19.0,3.1,16.7,5.3,1008.5,1000.6,55.0,89.0,37.0
2014-12-14,5000C,CEUTA,51,CEUTA,355319N,052049W,87.0,12.9,10.3,11.6,6.4,20.0,4.7,14.2,0.1,1004.8,999.8,80.0,91.0,63.0
2014-12-15,5000C,CEUTA,51,CEUTA,355319N,052049W,87.0,15.3,10.3,12.8,0.0,30.0,3.6,11.1,3.2,1011.5,1004.2,77.0,85.0,72.0
2014-12-16,5000C,CEUTA,51,CEUTA,355319N,052049W,87.0,15.2,13.3,14.2,2.4,28.0,3.3,16.4,0.9,1012.2,1009.2,85.0,95.0,74.0
2014-12-17,5000C,CEUTA,51,CEUTA,355319N,052049W,87.0,20.1,12.6,16.4,0.0,29.0,2.5,10.0,7.6,1014.9,1010.8,59.0,83.0,46.0
2014-12-18,5000C,CEUTA,51,CEUTA,355319N,052049W,87.0,21.6,12.9,17.2,0.0,28.0,2.2,11.1,7.5,1017.9,1013.5,59.0,79.0,35.0
2014-12-19,5000C,CEUTA,51,CEUTA,355319N,052049W,87.0,17.8,12.1,15.0,0.0,99.0,1.1,3.3,7.6,1020.7,1017.6,87.0,94.0,72.0
2014-12-20,5000C,CEUTA,51,CEUTA,355319N,052049W,87.0,17.1,11.1,14.1,0.0,10.0,1.7,6.4,7.6,1020.7,1018.3,88.0,97.0,73.0
2014-12-21,5000C,CEUTA,51,CEUTA,355319N,052049W,87.0,17.5,14.2,15.8,0.0,11.0,4.2,9.7,1.6,1021.1,1018.3,79.0,87.0,75.0
2014-12-22,5000C,CEUTA,51,CEUTA,355319N,052049W,87.0,15.7,14.7,15.2,0.6,10.0,4.4,10.6,0.0,1019.9,1017.3,84.0,92.0,75.0
2014-12-23,5000C,CEUTA,51,CEUTA,355319N,052049W,87.0,17.2,14.0,15.6,0.2,8.0,3.3,9.7,0.5,1019.0,1016.4,88.0,92.0,82.0
2014-12-24,5000C,CEUTA,51,CEUTA,355319N,052049W,87.0,17.0,12.4,14.7,0.0,8.0,2.2,4.7,4.3,1018.9,1016.7,87.0,96.0,77.0
2014-12-25,5000C,CEUTA,51,CEUTA,355319N,052049W,87.0,18.3,11.3,14.8,0.0,27.0,1.7,6.1,7.4,1021.1,1018.4,81.0,98.0,62.0
2014-12-26,5000C,CEUTA,51,CEUTA,355319N,052049W,87.0,17.9,9.9,13.9,0.0,3.0,1.4,4.2,7.5,1021.1,1018.9,80.0,92.0,61.0
2014-12-27,5000C,CEUTA,51,CEUTA,355319N,052049W,87.0,16.5,10.6,13.6,0.0,26.0,2.5,13.3,7.5,1019.1,1013.9,69.0,84.0,59.0
2014-12-28,5000C,CEUTA,51,CEUTA,355319N,052049W,87.0,15.7,12.9,14.3,3.0,25.0,3.9,14.7,5.6,1014.2,1011.6,77.0,92.0,68.0
2014-12-29,5000C,CEUTA,51,CEUTA,355319N,052049W,87.0,15.0,10.8,12.9,0.0,11.0,5.0,14.2,6.8,1021.6,1011.4,62.0,87.0,33.0
2014-12-30,5000C,CEUTA,51,CEUTA,355319N,052049W,87.0,14.4,11.5,13.0,0.0,13.0,6.4,15.0,7.1,1021.7,1019.3,64.0,72.0,45.0
2014-12-31,5000C,CEUTA,51,CEUTA,355319N,052049W,87.0,15.0,10.0,12.5,0.0,10.0,3.1,11.1,7.6,1022.2,1018.9,66.0,74.0,45.0
2015-01-01,5000C,CEUTA,51,CEUTA,355319N,052049W,87.0,16.4,10.4,13.4,0.0,9.0,3.9,9.7,6.1,1025.1,1018.3,68.0,82.0,37.0
2015-01-02,5000C,CEUTA,51,CEUTA,355319N,052049W,87.0,16.1,13.1,14.6,0.0,10.0,4.4,8.6,4.6,1027.5,1024.9,76.0,82.0,66.0
2015-01-03,5000C,CEUTA,51,CEUTA,355319N,052049W,87.0,16.1,12.9,14.5,0.0,8.0,3.6,7.8,4.2,1028.2,1024.4,80.0,91.0,72.0
2015-01-04,5000C,CEUTA,51,CEUTA,355319N,052049W,87.0,17.2,11.0,14.1,0.0,12.0,1.4,4.4,7.6,1024.4,1019.8,90.0,98.0,74.0
2015-01-05,5000C,CEUTA,51,CEUTA,355319N,052049W,87.0,18.5,10.5,14.5,0.0,25.0,1.7,6.7,7.7,1020.2,1017.1,71.0,88.0,58.0
2015-01-06,5000C,CEUTA,51,CEUTA,355319N,052049W,87.0,16.4,11.4,13.9,0.0,28.0,2.2,10.6,4.9,1017.4,1014.4,80.0,90.0,57.0
2015-01-07,5000C,CEUTA,51,CEUTA,355319N,052049W,87.0,15.9,10.7,13.3,0.0,99.0,1.1,7.5,7.7,1021.1,1015.8,73.0,85.0,58.0
2015-01-08,5000C,CEUTA,51,CEUTA,355319N,052049W,87.0,16.8,13.2,15.0,0.0,9.0,4.7,11.1,1.6,1027.9,1021.1,84.0,88.0,76.0
2015-01-09,5000C,CEUTA,51,CEUTA,355319N,052049W,87.0,16.6,13.6,15.1,0.0,9.0,5.6,12.2,5.6,1031.0,1027.6,78.0,88.0,69.0
2015-01-10,5000C,CEUTA,51,CEUTA,355319N,052049W,87.0,15.9,11.3,13.6,0.0,10.0,3.3,8.3,3.3,1029.6,1020.7,80.0,92.0,72.0
2015-01-11,5000C,CEUTA,51,CEUTA,355319N,052049W,87.0,21.4,11.4,16.4,0.0,32.0,1.9,8.9,8.2,1020.7,1017.2,48.0,91.0,23.0
2015-01-12,5000C,CEUTA,51,CEUTA,355319N,052049W,87.0,16.3,14.0,15.2,0.0,10.0,4.4,8.9,0.7,1022.2,1018.4,91.0,96.0,50.0
2015-01-13,5000C,CEUTA,51,CEUTA,355319N,052049W,87.0,17.2,12.9,15.0,0.0,99.0,2.2,5.8,1.7,1018.4,1014.8,87.0,93.0,73.0
2015-01-14,5000C,CEUTA,51,CEUTA,355319N,052049W,87.0,18.6,13.6,16.1,0.0,23.0,1.1,5.3,3.6,1016.5,1013.8,87.0,96.0,57.0
2015-01-15,5000C,CEUTA,51,CEUTA,355319N,052049W,87.0,18.5,12.1,15.3,8.8,32.0,1.9,9.7,6.2,1014.4,1007.8,80.0,99.0,64.0
2015-01-16,5000C,CEUTA,51,CEUTA,355319N,052049W,87.0,15.1,10.4,12.8,0.0,32.0,5.3,13.6,7.2,1014.6,1005.4,67.0,93.0,48.0
2015-01-17,5000C,CEUTA,51,CEUTA,355319N,052049W,87.0,13.6,8.5,11.0,0.2,25.0,2.5,9.2,8.0,1016.5,1012.8,69.0,81.0,54.0
2015-01-18,5000C,CEUTA,51,CEUTA,355319N,052049W,87.0,13.1,9.9,11.5,24.2,20.0,3.3,11.1,0.1,1012.8,996.8,76.0,100.0,65.0
2015-01-19,5000C,CEUTA,51,CEUTA,355319N,052049W,87.0,13.1,9.4,11.2,0.0,34.0,4.4,16.1,5.0,1005.6,992.9,71.0,100.0,56.0
2015-01-20,5000C,CEUTA,51,CEUTA,355319N,052049W,87.0,13.0,8.4,10.7,9.8,29.0,3.1,13.1,2.0,1005.5,997.7,79.0,93.0,51.0
2015-01-21,5000C,CEUTA,51,CEUTA,355319N,052049W,87.0,12.9,7.6,10.2,18.8,32.0,4.7,18.1,7.8,1006.8,1001.6,72.0,96.0,58.0
2015-01-22,5000C,CEUTA,51,CEUTA,355319N,052049W,87.0,13.7,10.9,12.3,0.0,33.0,5.8,20.3,3.6,1012.9,1005.8,69.0,77.0,58.0
2015-01-23,5000C,CEUTA,51,CEUTA,355319N,052049W,87.0,14.7,9.9,12.3,0.0,32.0,3.3,11.1,8.3,1015.3,1012.3,66.0,75.0,53.0
2015-01-24,5000C,CEUTA,51,CEUTA,355319N,052049W,87.0,16.3,9.1,12.7,0.0,31.0,2.2,7.2,8.5,1015.2,1012.9,55.0,80.0,28.0
2015-01-25,5000C,CEUTA,51,CEUTA,355319N,052049W,87.0,19.7,9.1,14.4,0.0,32.0,1.1,7.2,8.6,1015.0,1012.3,40.0,59.0,25.0
2015-01-26,5000C,CEUTA,51,CEUTA,355319N,052049W,87.0,19.5,11.2,15.4,0.0,30.0,1.4,5.8,8.7,1017.6,1013.6,69.0,94.0,33.0
2015-01-27,5000C,CEUTA,51,CEUTA,355319N,052049W,87.0,18.8,10.7,14.8,0.0,30.0,2.5,10.8,8.8,1017.5,1014.2,61.0,93.0,45.0
2015-01-28,5000C,CEUTA,51,CEUTA,355319N,052049W,87.0,17.5,13.1,15.3,0.0,29.0,3.9,16.9,9.1,1015.0,1012.2,64.0,77.0,56.0
2015-01-29,5000C,CEUTA,51,CEUTA,355319N,052049W,87.0,15.6,12.6,14.1,1.2,31.0,5.0,18.1,6.3,1012.8,1007.8,76.0,88.0,68.0
2015-01-30,5000C,CEUTA,51,CEUTA,355319N,052049W,87.0,15.8,13.8,14.8,12.8,29.0,5.3,20.3,1.3,1007.9,1000.8,91.0,95.0,83.0
2015-01-31,5000C,CEUTA,51,CEUTA,355319N,052049W,87.0,15.3,10.4,12.8,7.6,30.0,6.1,22.2,3.2,,,80.0,96.0,60.0
2015-02-01,5000C,CEUTA,51,CEUTA,355319N,052049W,87.0,13.2,7.5,10.4,0.0,30.0,3.1,14.7,9.1,,,58.0,76.0,37.0
2015-02-02,5000C,CEUTA,51,CEUTA,355319N,052049W,87.0,13.2,8.3,10.8,4.4,27.0,2.8,14.4,3.9,,,72.0,83.0,59.0
2015-02-03,5000C,CEUTA,51,CEUTA,355319N,052049W,87.0,16.4,11.4,13.9,10.4,24.0,4.7,16.9,3.6,1003.5,998.1,71.0,93.0,58.0
2015-02-04,5000C,CEUTA,51,CEUTA,355319N,052049W,87.0,12.6,8.7,10.6,0.0,30.0,5.6,19.4,6.9,1004.5,995.5,65.0,92.0,45.0
2015-02-05,5000C,CEUTA,51,CEUTA,355319N,052049W,87.0,10.9,5.9,8.4,0.0,31.0,4.2,13.6,9.2,1009.0,1004.3,57.0,66.0,41.0
2015-02-06,5000C,CEUTA,51,CEUTA,355319N,052049W,87.0,12.8,7.3,10.0,0.4,28.0,2.5,10.8,5.7,1007.7,1003.6,66.0,86.0,51.0
2015-02-07,5000C,CEUTA,51,CEUTA,355319N,052049W,87.0,11.7,7.2,9.4,8.8,23.0,2.2,7.8,2.7,1008.9,1004.2,78.0,90.0,64.0
2015-02-08,5000C,CEUTA,51,CEUTA,355319N,052049W,87.0,11.3,8.1,9.7,7.6,7.0,3.6,12.5,0.5,,,88.0,97.0,75.0
2015-02-09,5000C,CEUTA,51,CEUTA,355319N,052049W,87.0,13.8,11.2,12.5,0.2,10.0,6.9,15.6,4.2,,,74.0,80.0,66.0
2015-02-10,5000C,CEUTA,51,CEUTA,355319N,052049W,87.0,12.8,11.1,12.0,9.4,10.0,5.3,15.0,0.0,,,88.0,95.0,75.0
2015-02-11,5000C,CEUTA,51,CEUTA,355319N,052049W,87.0,13.7,11.9,12.8,13.6,10.0,2.8,8.3,0.0,,,85.0,96.0,80.0
2015-02-12,5000C,CEUTA,51,CEUTA,355319N,052049W,87.0,13.0,10.3,11.6,4.8,7.0,1.4,6.9,0.1,1012.5,1005.9,94.0,100.0,86.0
2015-02-13,5000C,CEUTA,51,CEUTA,355319N,052049W,87.0,17.0,9.7,13.4,0.0,32.0,2.8,11.4,8.3,1015.7,1012.0,84.0,100.0,65.0
2015-02-14,5000C,CEUTA,51,CEUTA,355319N,052049W,87.0,16.7,12.2,14.4,0.0,24.0,4.7,18.9,4.8,1015.7,1010.9,79.0,85.0,69.0
2015-02-15,5000C,CEUTA,51,CEUTA,355319N,052049W,87.0,16.5,13.2,14.8,3.4,31.0,4.4,20.0,5.5,1011.8,1006.5,79.0,93.0,69.0
2015-02-16,5000C,CEUTA,51,CEUTA,355319N,052049W,87.0,15.5,11.7,13.6,1.2,29.0,3.3,16.4,3.2,1012.9,1010.2,73.0,88.0,63.0
2015-02-17,5000C,CEUTA,51,CEUTA,355319N,052049W,87.0,12.8,8.0,10.4,11.2,4.0,6.1,18.9,2.3,,,92.0,99.0,65.0
2015-02-18,5000C,CEUTA,51,CEUTA,355319N,052049W,87.0,13.9,10.9,12.4,0.2,8.0,8.9,18.9,0.3,,,81.0,95.0,76.0
2015-02-19,5000C,CEUTA,51,CEUTA,355319N,052049W,87.0,14.9,12.6,13.8,0.0,9.0,7.5,18.9,3.7,1016.0,1013.4,73.0,82.0,68.0
2015-02-20,5000C,CEUTA,51,CEUTA,355319N,052049W,87.0,15.9,10.5,13.2,0.0,9.0,1.9,9.4,6.4,1014.0,1007.2,77.0,92.0,62.0
2015-02-21,5000C,CEUTA,51,CEUTA,355319N,052049W,87.0,16.1,10.0,13.0,0.2,26.0,3.9,12.8,4.4,1007.2,1000.2,79.0,91.0,68.0
2015-02-22,5000C,CEUTA,51,CEUTA,355319N,052049W,87.0,15.0,11.8,13.4,0.0,25.0,4.2,18.1,9.7,1010.5,1003.7,74.0,81.0,66.0
2015-02-23,5000C,CEUTA,51,CEUTA,355319N,052049W,87.0,15.7,12.6,14.2,0.0,99.0,2.5,13.6,2.2,1014.5,1009.6,76.0,89.0,72.0
2015-02-24,5000C,CEUTA,51,CEUTA,355319N,052049W,87.0,15.0,10.0,12.5,0.0,30.0,3.9,16.1,10.2,1020.3,1014.5,66.0,82.0,44.0
2015-02-25,5000C,CEUTA,51,CEUTA,355319N,052049W,87.0,18.3,10.2,14.2,0.0,30.0,4.4,15.0,9.8,1021.3,1015.9,48.0,67.0,31.0
2015-02-26,5000C,CEUTA,51,CEUTA,355319N,052049W,87.0,18.1,12.6,15.4,0.0,28.0,5.6,16.4,9.7,1016.2,1012.6,63.0,79.0,51.0
2015-02-27,5000C,CEUTA,51,CEUTA,355319N,052049W,87.0,16.3,12.2,14.2,0.0,30.0,5.8,20.3,9.5,1015.5,1011.4,73.0,85.0,67.0
2015-02-28,5000C,CEUTA,51,CEUTA,355319N,052049W,87.0,16.7,12.7,14.7,0.0,29.0,4.7,15.0,9.3,1015.9,1013.0,77.0,85.0,61.0
2015-03-01,5000C,CEUTA,51,CEUTA,355319N,052049W,87.0,18.8,13.6,16.2,0.0,28.0,3.9,13.1,9.2,1016.7,1013.7,77.0,84.0,65.0
2015-03-02,5000C,CEUTA,51,CEUTA,355319N,052049W,87.0,21.7,13.0,17.4,0.0,32.0,1.1,7.5,10.3,1015.8,1013.2,72.0,87.0,60.0
2015-03-03,5000C,CEUTA,51,CEUTA,355319N,052049W,87.0,22.0,14.2,18.1,0.0,32.0,1.7,8.1,10.2,1015.2,1011.6,75.0,87.0,54.0
2015-03-04,5000C,CEUTA,51,CEUTA,355319N,052049W,87.0,22.8,13.6,18.2,0.2,99.0,3.1,11.4,10.0,1017.2,1013.2,59.0,100.0,32.0
2015-03-05,5000C,CEUTA,51,CEUTA,355319N,052049W,87.0,16.0,12.4,14.2,0.0,9.0,7.2,16.1,8.8,1019.1,1017.0,69.0,99.0,61.0
2015-03-06,5000C,CEUTA,51,CEUTA,355319N,052049W,87.0,16.1,12.1,14.1,0.0,99.0,5.8,12.2,10.5,1020.1,1016.8,61.0,80.0,54.0
2015-03-07,5000C,CEUTA,51,CEUTA,355319N,052049W,87.0,15.9,12.3,14.1,0.0,11.0,5.0,11.7,9.4,1020.0,1014.3,74.0,86.0,66.0
2015-03-08,5000C,CEUTA,51,CEUTA,355319N,052049W,87.0,16.8,10.4,13.6,0.0,18.0,3.1,6.1,10.5,1014.4,1011.1,82.0,97.0,68.0
2015-03-09,5000C,CEUTA,51,CEUTA,355319N,052049W,87.0,16.4,12.4,14.4,0.0,10.0,3.6,7.8,5.7,1015.8,1013.6,77.0,89.0,69.0
2015-03-10,5000C,CEUTA,51,CEUTA,355319N,052049W,87.0,16.4,12.0,14.2,0.0,18.0,2.8,6.7,8.6,1016.3,1014.3,84.0,96.0,74.0
2015-03-11,5000C,CEUTA,51,CEUTA,355319N,052049W,87.0,20.5,11.1,15.8,0.0,18.0,2.5,5.3,10.5,1016.2,1012.5,73.0,95.0,38.0
2015-03-12,5000C,CEUTA,51,CEUTA,355319N,052049W,87.0,21.6,12.6,17.1,0.0,31.0,2.2,13.6,10.6,1012.5,1009.5,54.0,75.0,45.0
2015-03-13,5000C,CEUTA,51,CEUTA,355319N,052049W,87.0,19.3,12.2,15.8,0.0,26.0,3.3,10.6,9.2,1011.5,1009.1,65.0,91.0,52.0
2015-03-14,5000C,CEUTA,51,CEUTA,355319N,052049W,87.0,18.0,11.6,14.8,0.0,12.0,1.4,5.3,9.4,1011.1,1007.5,83.0,95.0,68.0
2015-03-15,5000C,CEUTA,51,CEUTA,355319N,052049W,87.0,17.3,12.0,14.6,0.0,8.0,1.7,5.6,7.1,1008.5,1005.2,86.0,95.0,74.0
2015-03-16,5000C,CEUTA,51,CEUTA,355319N,052049W,87.0,18.6,10.7,14.6,0.0,31.0,1.4,6.4,9.2,1008.1,1004.9,76.0,95.0,54.0
2015-03-17,5000C,CEUTA,51,CEUTA,355319N,052049W,87.0,14.7,9.3,12.0,13.2,18.0,4.4,14.2,0.5,1007.7,1003.6,85.0,97.0,79.0
2015-03-18,5000C,CEUTA,51,CEUTA,355319N,052049W,87.0,15.7,8.7,12.2,7.4,10.0,2.8,9.4,1.7,1005.0,1001.4,84.0,98.0,68.0
2015-03-19,5000C,CEUTA,51,CEUTA,355319N,052049W,87.0,14.6,10.4,12.5,2.4,9.0,4.7,11.4,0.0,,,90.0,98.0,87.0
2015-03-20,5000C,CEUTA,51,CEUTA,355319N,052049W,87.0,12.4,10.0,11.2,13.6,24.0,1.7,12.5,0.0,997.2,993.3,89.0,96.0,80.0
2015-03-21,5000C,CEUTA,51,CEUTA,355319N,052049W,87.0,14.8,11.0,12.9,10.2,30.0,1.7,4.7,0.3,,,95.0,100.0,78.0
2015-03-22,5000C,CEUTA,51,CEUTA,355319N,052049W,87.0,16.1,11.5,13.8,6.8,32.0,1.7,5.3,1.9,,,89.0,99.0,75.0
2015-03-23,5000C,CEUTA,51,CEUTA,355319N,052049W,87.0,17.3,11.8,14.6,2.0,26.0,3.1,14.4,6.6,,,89.0,100.0,71.0
2015-03-24,5000C,CEUTA,51,CEUTA,355319N,052049W,87.0,13.6,9.7,11.6,2.4,31.0,1.9,12.2,4.6,996.2,992.7,83.0,90.0,64.0
2015-03-25,5000C,CEUTA,51,CEUTA,355319N,052049W,87.0,17.5,11.1,14.3,0.0,31.0,5.0,15.0,10.6,1006.7,995.1,56.0,85.0,36.0
2015-03-26,5000C,CEUTA,51,CEUTA,355319N,052049W,87.0,16.9,11.0,14.0,0.0,28.0,4.4,17.5,5.9,1014.5,1006.6,59.0,72.0,41.0
2015-03-27,5000C,CEUTA,51,CEUTA,355319N,052049W,87.0,20.7,13.9,17.3,0.0,30.0,3.9,15.6,11.2,1016.5,1013.7,69.0,81.0,60.0
2015-03-28,5000C,CEUTA,51,CEUTA,355319N,052049W,87.0,25.7,15.6,20.6,0.0,30.0,1.1,11.1,11.3,1016.6,1013.7,66.0,79.0,46.0
2015-03-29,5000C,CEUTA,51,CEUTA,355319N,052049W,87.0,27.9,18.9,23.4,0.0,31.0,2.5,11.9,11.4,1015.5,1012.2,49.0,61.0,30.0
2015-03-30,5000C,CEUTA,51,CEUTA,355319N,052049W,87.0,26.2,18.5,22.4,0.0,31.0,1.7,10.8,11.3,1016.3,1014.0,47.0,61.0,38.0
2015-03-31,5000C,CEUTA,51,CEUTA,355319N,052049W,87.0,25.5,18.0,21.8,0.0,26.0,1.1,4.7,11.3,1015.6,1012.5,54.0,71.0,44.0
2015-04-01,5000C,CEUTA,51,CEUTA,355319N,052049W,87.0,23.3,15.2,19.2,0.0,9.0,2.8,6.9,11.4,1014.6,1011.0,75.0,96.0,49.0
2015-04-02,5000C,CEUTA,51,CEUTA,355319N,052049W,87.0,17.9,14.5,16.2,0.0,9.0,4.7,10.8,4.6,1015.4,1012.0,85.0,94.0,75.0
2015-04-03,5000C,CEUTA,51,CEUTA,355319N,052049W,87.0,16.4,13.9,15.2,0.0,9.0,,7.5,0.0,1012.0,1005.3,,92.0,80.0
2015-04-04,5000C,CEUTA,51,CEUTA,355319N,052049W,87.0,16.8,13.6,15.2,0.0,14.0,3.1,7.8,2.7,1005.3,1000.4,88.0,94.0,82.0
2015-04-05,5000C,CEUTA,51,CEUTA,355319N,052049W,87.0,18.1,14.1,16.1,1.6,20.0,1.9,6.7,7.0,1002.1,999.4,82.0,94.0,75.0
2015-04-06,5000C,CEUTA,51,CEUTA,355319N,052049W,87.0,17.3,14.3,15.8,0.0,8.0,5.3,13.9,2.6,1008.5,1001.5,86.0,99.0,66.0
2015-04-07,5000C,CEUTA,51,CEUTA,355319N,052049W,87.0,16.4,13.8,15.1,1.8,10.0,8.3,17.8,3.6,1012.1,1007.7,79.0,86.0,70.0
2015-04-08,5000C,CEUTA,51,CEUTA,355319N,052049W,87.0,14.5,12.9,13.7,5.4,9.0,7.2,16.7,0.0,1012.9,1010.6,85.0,96.0,76.0
2015-04-09,5000C,CEUTA,51,CEUTA,355319N,052049W,87.0,14.4,12.7,13.6,3.8,14.0,3.3,9.2,0.0,1013.6,1011.2,92.0,99.0,88.0
2015-04-10,5000C,CEUTA,51,CEUTA,355319N,052049W,87.0,17.0,13.6,15.3,0.0,9.0,4.2,9.2,1.0,1013.2,1011.0,91.0,98.0,83.0
2015-04-11,5000C,CEUTA,51,CEUTA,355319N,052049W,87.0,16.9,13.8,15.4,0.0,99.0,3.6,6.7,1.4,1013.6,1011.2,91.0,97.0,82.0
2015-04-12,5000C,CEUTA,51,CEUTA,355319N,052049W,87.0,16.1,14.0,15.0,0.0,9.0,5.6,13.1,0.9,1012.9,1009.0,90.0,96.0,86.0
2015-04-13,5000C,CEUTA,51,CEUTA,355319N,052049W,87.0,17.3,14.5,15.9,0.0,8.0,3.9,9.2,0.1,1012.3,1009.2,93.0,98.0,85.0
2015-04-14,5000C,CEUTA,51,CEUTA,355319N,052049W,87.0,17.5,14.3,15.9,2.8,15.0,2.8,8.9,2.4,1010.9,1005.6,90.0,98.0,84.0
2015-04-15,5000C,CEUTA,51,CEUTA,355319N,052049W,87.0,18.4,13.7,16.0,2.2,28.0,1.9,6.4,1.5,1007.8,1004.7,90.0,99.0,84.0
2015-04-16,5000C,CEUTA,51,CEUTA,355319N,052049W,87.0,19.8,13.4,16.6,0.0,99.0,2.8,8.9,9.5,1009.7,1006.1,76.0,99.0,63.0
2015-04-17,5000C,CEUTA,51,CEUTA,355319N,052049W,87.0,20.5,13.3,16.9,0.0,18.0,1.7,5.6,11.9,1009.3,1005.7,62.0,84.0,49.0
2015-04-18,5000C,CEUTA,51,CEUTA,355319N,052049W,87.0,22.0,12.5,17.2,0.0,29.0,3.3,13.6,11.5,1007.4,1004.2,68.0,96.0,44.0
2015-04-19,5000C,CEUTA,51,CEUTA,355319N,052049W,87.0,23.1,13.7,18.4,0.0,30.0,1.7,9.4,11.8,1007.2,1004.4,52.0,80.0,42.0
2015-04-20,5000C,CEUTA,51,CEUTA,355319N,052049W,87.0,18.8,14.0,16.4,0.0,6.0,2.8,8.3,7.5,1009.1,1005.8,82.0,97.0,52.0
2015-04-21,5000C,CEUTA,51,CEUTA,355319N,052049W,87.0,18.2,14.9,16.6,0.0,11.0,5.8,12.2,3.8,1009.8,1007.1,87.0,95.0,80.0
2015-04-22,5000C,CEUTA,51,CEUTA,355319N,052049W,87.0,20.0,14.2,17.1,0.0,10.0,1.9,8.9,4.9,1012.0,1009.2,94.0,100.0,74.0
2015-04-23,5000C,CEUTA,51,CEUTA,355319N,052049W,87.0,18.6,13.9,16.2,0.0,99.0,2.8,5.8,5.2,1010.1,1006.8,86.0,99.0,75.0
2015-04-24,5000C,CEUTA,51,CEUTA,355319N,052049W,87.0,22.2,13.3,17.8,0.0,29.0,1.7,10.8,6.5,1007.9,1005.7,71.0,98.0,40.0
2015-04-25,5000C,CEUTA,51,CEUTA,355319N,052049W,87.0,21.7,15.2,18.4,0.0,30.0,3.6,13.1,4.0,1007.9,1005.3,77.0,82.0,64.0
2015-04-26,5000C,CEUTA,51,CEUTA,355319N,052049W,87.0,22.2,16.0,19.1,6.8,25.0,5.0,17.8,7.0,1006.6,1001.4,72.0,89.0,61.0
2015-04-27,5000C,CEUTA,51,CEUTA,355319N,052049W,87.0,21.0,15.0,18.0,0.0,24.0,3.1,13.6,8.5,1009.6,1005.7,66.0,82.0,54.0
2015-04-28,5000C,CEUTA,51,CEUTA,355319N,052049W,87.0,21.4,13.7,17.6,0.0,30.0,1.4,8.3,12.5,1009.7,1007.6,67.0,79.0,60.0
2015-04-29,5000C,CEUTA,51,CEUTA,355319N,052049W,87.0,23.0,15.6,19.3,0.0,31.0,2.8,11.9,12.3,1011.2,1008.4,55.0,80.0,37.0
2015-04-30,5000C,CEUTA,51,CEUTA,355319N,052049W,87.0,25.1,17.6,21.4,0.0,30.0,1.9,10.6,12.2,1009.9,1007.9,52.0,70.0,39.0
2015-05-01,5000C,CEUTA,51,CEUTA,355319N,052049W,87.0,24.3,15.2,19.8,0.0,99.0,2.8,5.3,12.1,1009.4,1004.9,65.0,87.0,48.0
2015-05-02,5000C,CEUTA,51,CEUTA,355319N,052049W,87.0,25.0,16.5,20.8,0.0,18.0,2.2,5.0,12.3,1005.4,1001.9,70.0,92.0,45.0
2015-05-03,5000C,CEUTA,51,CEUTA,355319N,052049W,87.0,27.7,18.4,23.0,0.0,19.0,1.4,4.2,7.5,1002.8,999.3,53.0,70.0,34.0
2015-05-04,5000C,CEUTA,51,CEUTA,355319N,052049W,87.0,26.3,19.5,22.9,0.0,25.0,2.8,11.9,5.0,1004.8,998.0,57.0,84.0,30.0
2015-05-05,5000C,CEUTA,51,CEUTA,355319N,052049W,87.0,23.0,16.5,19.8,0.0,30.0,3.1,11.9,6.7,1007.4,1002.4,64.0,89.0,50.0
2015-05-06,5000C,CEUTA,51,CEUTA,355319N,052049W,87.0,26.8,16.2,21.5,0.0,27.0,2.2,9.2,12.5,1007.9,1005.8,44.0,79.0,26.0
2015-05-07,5000C,CEUTA,51,CEUTA,355319N,052049W,87.0,22.3,15.4,18.8,0.0,22.0,3.1,6.7,12.7,1009.7,1006.7,76.0,92.0,58.0
2015-05-08,5000C,CEUTA,51,CEUTA,355319N,052049W,87.0,24.8,16.4,20.6,0.0,36.0,2.8,9.2,11.0,1013.4,1009.5,63.0,82.0,52.0
2015-05-09,5000C,CEUTA,51,CEUTA,355319N,052049W,87.0,25.4,17.5,21.4,0.0,12.0,2.5,5.6,12.8,1012.3,1010.4,63.0,91.0,50.0
2015-05-10,5000C,CEUTA,51,CEUTA,355319N,052049W,87.0,21.8,17.1,19.4,0.0,10.0,3.1,6.9,10.8,1011.7,1009.6,84.0,97.0,75.0
2015-05-11,5000C,CEUTA,51,CEUTA,355319N,052049W,87.0,22.2,17.1,19.6,0.0,16.0,3.3,7.8,12.7,1011.9,1009.5,75.0,95.0,68.0
2015-05-12,5000C,CEUTA,51,CEUTA,355319N,052049W,87.0,21.8,17.5,19.6,0.0,15.0,3.3,7.2,7.8,1014.2,1010.9,88.0,98.0,76.0
2015-05-13,5000C,CEUTA,51,CEUTA,355319N,052049W,87.0,21.0,17.1,19.0,0.0,16.0,4.2,7.2,10.9,1014.3,1010.0,86.0,97.0,79.0
2015-05-14,5000C,CEUTA,51,CEUTA,355319N,052049W,87.0,33.3,15.6,24.4,0.0,31.0,3.9,16.4,12.1,1010.0,1004.0,49.0,99.0,14.0
2015-05-15,5000C,CEUTA,51,CEUTA,355319N,052049W,87.0,27.5,17.9,22.7,0.0,31.0,3.3,16.7,11.7,1010.5,1005.3,44.0,65.0,28.0
2015-05-16,5000C,CEUTA,51,CEUTA,355319N,052049W,87.0,22.2,15.7,19.0,0.0,8.0,3.6,8.9,3.2,1012.8,1009.7,88.0,97.0,62.0
2015-05-17,5000C,CEUTA,51,CEUTA,355319N,052049W,87.0,21.6,16.7,19.2,0.0,9.0,4.2,10.8,11.2,1012.2,1006.4,84.0,95.0,77.0
2015-05-18,5000C,CEUTA,51,CEUTA,355319N,052049W,87.0,22.1,16.4,19.2,0.0,9.0,3.3,8.6,9.1,1006.9,1001.7,79.0,94.0,70.0
2015-05-19,5000C,CEUTA,51,CEUTA,355319N,052049W,87.0,24.8,16.0,20.4,0.0,24.0,4.2,12.8,12.8,1002.5,999.7,70.0,96.0,56.0
2015-05-20,5000C,CEUTA,51,CEUTA,355319N,052049W,87.0,22.2,17.7,20.0,0.0,30.0,3.6,13.1,8.7,1009.4,1001.3,81.0,97.0,53.0
2015-05-21,5000C,CEUTA,51,CEUTA,355319N,052049W,87.0,22.4,17.5,20.0,0.0,9.0,4.2,10.0,8.3,1012.4,1009.2,84.0,96.0,72.0
2015-05-22,5000C,CEUTA,51,CEUTA,355319N,052049W,87.0,22.3,16.9,19.6,0.0,10.0,5.0,11.4,11.7,1011.6,1007.2,78.0,92.0,69.0
2015-05-23,5000C,CEUTA,51,CEUTA,355319N,052049W,87.0,22.0,16.7,19.4,21.8,99.0,4.4,9.4,7.1,1007.3,1004.3,79.0,94.0,68.0
2015-05-24,5000C,CEUTA,51,CEUTA,355319N,052049W,87.0,19.1,14.6,16.8,0.2,12.0,3.3,7.8,0.6,1005.8,1003.2,90.0,98.0,81.0
2015-05-25,5000C,CEUTA,51,CEUTA,355319N,052049W,87.0,18.6,15.0,16.8,0.0,10.0,3.6,7.5,3.8,1008.4,1004.9,87.0,98.0,77.0
2015-05-26,5000C,CEUTA,51,CEUTA,355319N,052049W,87.0,21.2,15.0,18.1,0.0,17.0,3.1,5.6,12.2,1008.4,1006.0,78.0,99.0,70.0
2015-05-27,5000C,CEUTA,51,CEUTA,355319N,052049W,87.0,23.3,16.4,19.8,0.0,7.0,2.5,6.1,12.4,1007.0,1005.3,79.0,99.0,65.0
2015-05-28,5000C,CEUTA,51,CEUTA,355319N,052049W,87.0,22.7,17.8,20.2,0.0,99.0,4.7,9.4,8.7,1007.4,1003.6,87.0,99.0,76.0
2015-05-29,5000C,CEUTA,51,CEUTA,355319N,052049W,87.0,25.9,17.4,21.6,0.0,26.0,2.5,11.7,11.0,1006.1,1002.5,75.0,93.0,57.0
2015-05-30,5000C,CEUTA,51,CEUTA,355319N,052049W,87.0,26.6,18.3,22.4,0.0,17.0,1.9,5.6,13.1,1007.5,1005.3,71.0,91.0,60.0
2015-05-31,5000C,CEUTA,51,CEUTA,355319N,052049W,87.0,25.1,17.6,21.4,0.0,36.0,2.2,6.7,9.2,1008.1,1004.8,85.0,100.0,62.0
2015-06-01,5000C,CEUTA,51,CEUTA,355319N,052049W,87.0,24.6,17.6,21.1,0.0,99.0,1.7,5.3,11.0,1008.3,1006.5,78.0,99.0,58.0
2015-06-02,5000C,CEUTA,51,CEUTA,355319N,052049W,87.0,23.9,17.9,20.9,0.0,9.0,3.1,8.6,9.6,1008.9,1006.6,85.0,100.0,67.0
2015-06-03,5000C,CEUTA,51,CEUTA,355319N,052049W,87.0,23.4,19.0,21.2,0.0,8.0,3.6,7.8,8.2,1010.3,1007.7,85.0,98.0,77.0
2015-06-04,5000C,CEUTA,51,CEUTA,355319N,052049W,87.0,23.6,18.6,21.1,0.0,10.0,3.6,8.1,12.6,1010.3,1007.7,85.0,99.0,74.0
2015-06-05,5000C,CEUTA,51,CEUTA,355319N,052049W,87.0,23.3,19.2,21.2,0.0,6.0,3.3,7.2,7.4,1009.4,1006.8,88.0,98.0,75.0
2015-06-06,5000C,CEUTA,51,CEUTA,355319N,052049W,87.0,22.5,19.1,20.8,0.0,11.0,3.6,7.5,1.6,1010.8,1007.5,91.0,99.0,80.0
2015-06-07,5000C,CEUTA,51,CEUTA,355319N,052049W,87.0,23.3,19.2,21.2,0.0,12.0,4.2,9.2,3.4,1010.6,1007.3,87.0,96.0,76.0
2015-06-08,5000C,CEUTA,51,CEUTA,355319N,052049W,87.0,24.4,18.3,21.4,0.0,35.0,3.6,8.6,9.6,1007.8,1004.4,79.0,96.0,64.0
2015-06-09,5000C,CEUTA,51,CEUTA,355319N,052049W,87.0,26.3,18.6,22.4,1.2,2.0,1.9,5.8,10.1,1005.5,1002.5,70.0,94.0,47.0
2015-06-10,5000C,CEUTA,51,CEUTA,355319N,052049W,87.0,26.6,18.1,22.4,0.0,25.0,1.9,9.2,11.4,1004.0,1002.2,65.0,85.0,56.0
2015-06-11,5000C,CEUTA,51,CEUTA,355319N,052049W,87.0,24.3,18.9,21.6,0.0,24.0,2.5,11.4,5.5,1004.9,1002.5,68.0,81.0,59.0
2015-06-12,5000C,CEUTA,51,CEUTA,355319N,052049W,87.0,24.7,17.6,21.2,0.0,26.0,4.2,14.4,11.1,1005.4,1003.3,66.0,82.0,55.0
2015-06-13,5000C,CEUTA,51,CEUTA,355319N,052049W,87.0,23.2,17.4,20.3,0.0,28.0,3.6,11.1,7.0,1007.2,1003.4,60.0,80.0,45.0
2015-06-14,5000C,CEUTA,51,CEUTA,355319N,052049W,87.0,23.6,17.0,20.3,0.4,32.0,2.2,9.7,8.8,1007.6,1005.3,60.0,78.0,50.0
2015-06-15,5000C,CEUTA,51,CEUTA,355319N,052049W,87.0,22.8,17.0,19.9,9.8,25.0,1.9,10.6,5.8,1010.7,1005.8,73.0,91.0,52.0
2015-06-16,5000C,CEUTA,51,CEUTA,355319N,052049W,87.0,25.9,15.9,20.9,0.0,31.0,1.9,7.5,13.4,1011.0,1008.4,58.0,82.0,40.0
2015-06-17,5000C,CEUTA,51,CEUTA,355319N,052049W,87.0,23.6,17.0,20.3,0.0,10.0,3.3,7.8,13.5,1010.4,1007.4,78.0,98.0,64.0
2015-06-18,5000C,CEUTA,51,CEUTA,355319N,052049W,87.0,24.1,19.0,21.6,0.0,9.0,4.7,10.8,9.0,1009.9,1007.7,84.0,97.0,75.0
2015-06-19,5000C,CEUTA,51,CEUTA,355319N,052049W,87.0,23.9,19.1,21.5,0.0,14.0,3.1,7.8,11.8,1008.4,1005.8,83.0,97.0,75.0
2015-06-20,5000C,CEUTA,51,CEUTA,355319N,052049W,87.0,23.4,19.3,21.4,0.0,99.0,3.6,6.1,13.0,1007.8,1005.7,84.0,97.0,79.0
2015-06-21,5000C,CEUTA,51,CEUTA,355319N,052049W,87.0,25.7,19.6,22.6,0.0,99.0,2.5,4.7,12.5,1008.4,1006.7,81.0,99.0,68.0
2015-06-22,5000C,CEUTA,51,CEUTA,355319N,052049W,87.0,29.9,18.3,24.1,0.0,30.0,3.1,11.4,13.2,1008.2,1004.7,52.0,97.0,26.0
2015-06-23,5000C,CEUTA,51,CEUTA,355319N,052049W,87.0,26.2,21.0,23.6,0.0,30.0,4.7,14.7,13.5,1007.2,1003.9,52.0,70.0,33.0
2015-06-24,5000C,CEUTA,51,CEUTA,355319N,052049W,87.0,29.3,20.8,25.0,0.0,29.0,5.0,14.7,13.5,1009.4,1004.7,48.0,65.0,32.0
2015-06-25,5000C,CEUTA,51,CEUTA,355319N,052049W,87.0,25.2,18.0,21.6,0.0,10.0,3.3,7.8,8.3,1011.9,1008.7,84.0,96.0,65.0
2015-06-26,5000C,CEUTA,51,CEUTA,355319N,052049W,87.0,25.5,20.3,22.9,0.0,10.0,3.9,8.1,10.3,1011.9,1009.4,81.0,98.0,69.0
2015-06-27,5000C,CEUTA,51,CEUTA,355319N,052049W,87.0,27.3,20.3,23.8,0.0,10.0,3.1,7.2,12.3,1009.5,1007.7,68.0,98.0,39.0
2015-06-28,5000C,CEUTA,51,CEUTA,355319N,052049W,87.0,28.6,20.3,24.4,0.0,21.0,2.8,5.8,13.3,1008.5,1006.5,61.0,96.0,49.0
2015-06-29,5000C,CEUTA,51,CEUTA,355319N,052049W,87.0,29.0,20.0,24.5,0.0,6.0,1.9,6.1,13.1,1008.1,1005.8,58.0,90.0,41.0
2015-06-30,5000C,CEUTA,51,CEUTA,355319N,052049W,87.0,32.6,21.4,27.0,0.0,2.0,1.7,6.1,12.7,1006.8,1004.2,65.0,92.0,36.0
2015-07-01,5000C,CEUTA,51,CEUTA,355319N,052049W,87.0,30.9,19.8,25.4,0.0,24.0,1.4,7.8,12.7,1007.0,1003.6,58.0,91.0,39.0
2015-07-02,5000C,CEUTA,51,CEUTA,355319N,052049W,87.0,32.4,19.8,26.1,0.0,29.0,1.7,9.7,12.9,1008.3,1006.0,60.0,87.0,38.0
2015-07-03,5000C,CEUTA,51,CEUTA,355319N,052049W,87.0,27.3,21.5,24.4,0.0,10.0,2.5,6.4,8.9,1009.7,1007.0,85.0,98.0,68.0
2015-07-04,5000C,CEUTA,51,CEUTA,355319N,052049W,87.0,27.6,22.5,25.0,0.0,7.0,3.1,7.5,6.3,1009.9,1006.9,87.0,99.0,73.0
2015-07-05,5000C,CEUTA,51,CEUTA,355319N,052049W,87.0,27.5,22.7,25.1,0.0,4.0,2.8,7.5,11.0,1007.7,1005.3,86.0,97.0,71.0
2015-07-06,5000C,CEUTA,51,CEUTA,355319N,052049W,87.0,30.2,22.7,26.4,0.0,17.0,2.5,6.9,11.6,1007.6,1005.8,73.0,96.0,56.0
2015-07-07,5000C,CEUTA,51,CEUTA,355319N,052049W,87.0,32.1,22.7,27.4,0.0,20.0,2.5,7.8,12.7,1006.7,1004.1,64.0,95.0,42.0
2015-07-08,5000C,CEUTA,51,CEUTA,355319N,052049W,87.0,37.0,23.3,30.2,0.0,10.0,1.4,5.0,12.8,1004.8,1002.6,50.0,70.0,30.0
2015-07-09,5000C,CEUTA,51,CEUTA,355319N,052049W,87.0,30.9,23.6,27.2,0.0,32.0,2.8,11.1,12.9,1006.6,1002.4,61.0,82.0,35.0
2015-07-10,5000C,CEUTA,51,CEUTA,355319N,052049W,87.0,32.4,21.4,26.9,0.0,24.0,2.2,5.3,12.9,1009.0,1006.1,53.0,84.0,34.0
2015-07-11,5000C,CEUTA,51,CEUTA,355319N,052049W,87.0,38.1,22.2,30.2,0.0,30.0,1.4,11.4,13.3,1008.3,1006.0,37.0,51.0,16.0
2015-07-12,5000C,CEUTA,51,CEUTA,355319N,052049W,87.0,28.6,21.4,25.0,0.0,34.0,3.1,7.8,11.5,1009.8,1006.6,78.0,96.0,44.0
2015-07-13,5000C,CEUTA,51,CEUTA,355319N,052049W,87.0,28.1,21.2,24.6,0.0,15.0,3.1,6.1,11.4,1009.1,1006.6,84.0,96.0,71.0
2015-07-14,5000C,CEUTA,51,CEUTA,355319N,052049W,87.0,28.3,22.1,25.2,0.0,17.0,3.1,6.1,10.7,1008.1,1005.9,83.0,99.0,71.0
2015-07-15,5000C,CEUTA,51,CEUTA,355319N,052049W,87.0,28.4,22.9,25.6,0.0,99.0,3.1,6.1,10.6,1006.6,1003.3,80.0,98.0,73.0
2015-07-16,5000C,CEUTA,51,CEUTA,355319N,052049W,87.0,29.5,22.3,25.9,0.0,12.0,2.8,6.7,6.6,1006.7,1003.2,86.0,100.0,70.0
2015-07-17,5000C,CEUTA,51,CEUTA,355319N,052049W,87.0,28.1,22.8,25.4,0.0,9.0,2.5,7.8,8.2,1007.2,1004.3,87.0,99.0,76.0
2015-07-18,5000C,CEUTA,51,CEUTA,355319N,052049W,87.0,34.7,23.1,28.9,0.0,10.0,1.1,8.3,13.0,1007.5,1005.1,62.0,94.0,36.0
2015-07-19,5000C,CEUTA,51,CEUTA,355319N,052049W,87.0,37.3,25.3,31.3,0.0,99.0,1.9,8.6,13.2,1006.2,1003.8,38.0,56.0,22.0
2015-07-20,5000C,CEUTA,51,CEUTA,355319N,052049W,87.0,37.5,24.4,31.0,0.0,30.0,1.9,9.7,13.1,1004.5,1003.1,42.0,72.0,26.0
2015-07-21,5000C,CEUTA,51,CEUTA,355319N,052049W,87.0,29.3,21.1,25.2,0.0,15.0,2.5,5.3,11.9,1006.1,1003.7,82.0,98.0,58.0
2015-07-22,5000C,CEUTA,51,CEUTA,355319N,052049W,87.0,38.6,24.9,31.8,0.0,29.0,4.2,12.8,12.5,1005.3,1002.9,30.0,67.0,20.0
2015-07-23,5000C,CEUTA,51,CEUTA,355319N,052049W,87.0,32.6,22.7,27.6,0.0,29.0,3.3,13.6,13.0,1006.0,1003.1,69.0,89.0,30.0
2015-07-24,5000C,CEUTA,51,CEUTA,355319N,052049W,87.0,31.5,21.7,26.6,0.0,28.0,4.2,17.8,13.0,1003.6,1001.7,44.0,73.0,30.0
2015-07-25,5000C,CEUTA,51,CEUTA,355319N,052049W,87.0,32.9,23.5,28.2,0.0,31.0,2.5,10.8,13.0,1004.9,1001.8,45.0,75.0,22.0
2015-07-26,5000C,CEUTA,51,CEUTA,355319N,052049W,87.0,29.6,21.5,25.6,0.0,15.0,2.2,4.7,12.6,1006.3,1003.4,68.0,85.0,37.0
2015-07-27,5000C,CEUTA,51,CEUTA,355319N,052049W,87.0,34.7,22.9,28.8,0.0,17.0,1.7,4.2,12.9,1004.1,1000.9,53.0,77.0,30.0
2015-07-28,5000C,CEUTA,51,CEUTA,355319N,052049W,87.0,39.3,23.4,31.4,0.0,35.0,1.9,6.7,11.9,1002.8,1000.2,55.0,95.0,20.0
2015-07-29,5000C,CEUTA,51,CEUTA,355319N,052049W,87.0,35.5,24.0,29.8,0.0,32.0,1.9,14.4,12.4,1002.3,998.9,40.0,63.0,21.0
2015-07-30,5000C,CEUTA,51,CEUTA,355319N,052049W,87.0,34.3,24.9,29.6,0.0,29.0,2.8,14.4,12.8,1002.4,998.1,40.0,66.0,19.0
2015-07-31,5000C,CEUTA,51,CEUTA,355319N,052049W,87.0,29.6,21.6,25.6,0.0,30.0,3.3,17.5,11.2,1001.7,998.1,68.0,81.0,54.0
2015-08-01,5000C,CEUTA,51,CEUTA,355319N,052049W,87.0,32.4,21.1,26.8,0.0,28.0,2.5,12.2,12.7,1003.7,999.9,54.0,94.0,24.0
2015-08-02,5000C,CEUTA,51,CEUTA,355319N,052049W,87.0,29.2,23.4,26.3,0.0,9.0,3.6,10.0,3.6,1006.4,1003.0,87.0,97.0,77.0
2015-08-03,5000C,CEUTA,51,CEUTA,355319N,052049W,87.0,29.0,23.1,26.0,0.0,29.0,1.9,9.2,4.8,1007.1,1004.4,81.0,98.0,48.0
2015-08-04,5000C,CEUTA,51,CEUTA,355319N,052049W,87.0,31.9,21.3,26.6,0.0,17.0,2.5,5.8,12.1,1006.8,1003.0,66.0,84.0,47.0
2015-08-05,5000C,CEUTA,51,CEUTA,355319N,052049W,87.0,27.8,23.1,25.4,0.0,17.0,2.8,6.4,8.0,1004.8,1002.2,85.0,90.0,66.0
2015-08-06,5000C,CEUTA,51,CEUTA,355319N,052049W,87.0,29.5,22.2,25.8,0.0,18.0,2.5,6.7,4.2,1005.5,1001.7,76.0,98.0,61.0
2015-08-07,5000C,CEUTA,51,CEUTA,355319N,052049W,87.0,30.5,23.6,27.0,0.0,99.0,3.3,6.4,10.7,1006.5,1001.6,83.0,98.0,60.0
2015-08-08,5000C,CEUTA,51,CEUTA,355319N,052049W,87.0,32.3,24.0,28.2,0.0,36.0,1.9,7.8,6.0,1007.5,1003.6,72.0,94.0,48.0
2015-08-09,5000C,CEUTA,51,CEUTA,355319N,052049W,87.0,29.8,25.3,27.6,0.0,12.0,3.6,8.6,5.1,1008.6,1006.2,88.0,99.0,77.0
2015-08-10,5000C,CEUTA,51,CEUTA,355319N,052049W,87.0,30.1,24.9,27.5,0.0,24.0,2.2,8.1,7.8,1007.6,1003.9,83.0,99.0,55.0
2015-08-11,5000C,CEUTA,51,CEUTA,355319N,052049W,87.0,35.7,23.8,29.8,0.0,25.0,2.2,7.5,5.7,1005.4,1002.5,44.0,73.0,28.0
2015-08-12,5000C,CEUTA,51,CEUTA,355319N,052049W,87.0,36.4,23.2,29.8,0.0,32.0,2.8,8.9,11.9,1009.1,1004.2,30.0,63.0,19.0
2015-08-13,5000C,CEUTA,51,CEUTA,355319N,052049W,87.0,31.1,22.4,26.8,0.0,28.0,3.9,12.5,11.5,1010.1,1008.0,44.0,70.0,26.0
2015-08-14,5000C,CEUTA,51,CEUTA,355319N,052049W,87.0,26.5,20.4,23.4,0.0,24.0,3.1,15.3,12.5,1009.4,1004.9,56.0,74.0,37.0
2015-08-15,5000C,CEUTA,51,CEUTA,355319N,052049W,87.0,25.8,20.2,23.0,0.0,29.0,5.0,15.6,12.3,1005.9,1003.4,57.0,78.0,37.0
2015-08-16,5000C,CEUTA,51,CEUTA,355319N,052049W,87.0,28.7,22.5,25.6,0.0,30.0,3.3,14.4,12.4,1004.9,1002.1,54.0,70.0,39.0
2015-08-17,5000C,CEUTA,51,CEUTA,355319N,052049W,87.0,29.0,20.8,24.9,0.0,29.0,2.8,12.8,12.4,1003.7,1000.3,62.0,83.0,51.0
2015-08-18,5000C,CEUTA,51,CEUTA,355319N,052049W,87.0,28.5,20.2,24.4,0.0,31.0,2.8,12.8,12.3,1004.0,1000.1,58.0,78.0,51.0
2015-08-19,5000C,CEUTA,51,CEUTA,355319N,052049W,87.0,27.8,20.5,24.2,0.0,24.0,1.7,6.1,12.0,1007.9,1003.3,71.0,94.0,62.0
2015-08-20,5000C,CEUTA,51,CEUTA,355319N,052049W,87.0,29.2,22.3,25.8,0.0,10.0,3.3,7.5,7.8,1010.0,1007.9,83.0,98.0,71.0
2015-08-21,5000C,CEUTA,51,CEUTA,355319N,052049W,87.0,27.6,22.1,24.8,0.0,7.0,2.8,6.4,3.1,1009.7,1006.7,87.0,96.0,79.0
2015-08-22,5000C,CEUTA,51,CEUTA,355319N,052049W,87.0,28.0,21.4,24.7,0.0,27.0,2.8,11.4,10.0,1007.5,1003.7,71.0,97.0,56.0
2015-08-23,5000C,CEUTA,51,CEUTA,355319N,052049W,87.0,25.8,20.1,23.0,0.0,26.0,3.6,14.7,9.8,1006.7,1004.7,61.0,81.0,45.0
2015-08-24,5000C,CEUTA,51,CEUTA,355319N,052049W,87.0,27.8,19.7,23.8,0.0,32.0,2.5,12.5,10.7,1007.4,1005.0,66.0,81.0,52.0
2015-08-25,5000C,CEUTA,51,CEUTA,355319N,052049W,87.0,30.1,20.8,25.4,0.0,31.0,2.8,8.3,12.1,1007.6,1005.5,62.0,91.0,40.0
2015-08-26,5000C,CEUTA,51,CEUTA,355319N,052049W,87.0,26.3,20.6,23.4,0.0,5.0,2.5,6.4,6.6,1007.5,1004.9,87.0,97.0,75.0
2015-08-27,5000C,CEUTA,51,CEUTA,355319N,052049W,87.0,27.1,20.9,24.0,0.0,16.0,2.5,5.8,8.7,1006.9,1004.0,88.0,100.0,75.0
2015-08-28,5000C,CEUTA,51,CEUTA,355319N,052049W,87.0,27.2,22.1,24.6,0.0,9.0,3.6,9.2,7.4,1007.3,1004.3,88.0,99.0,78.0
2015-08-29,5000C,CEUTA,51,CEUTA,355319N,052049W,87.0,25.3,22.6,24.0,0.0,6.0,3.6,8.9,0.0,1008.0,1005.2,94.0,99.0,86.0
2015-08-30,5000C,CEUTA,51,CEUTA,355319N,052049W,87.0,25.6,22.3,24.0,0.0,7.0,3.9,8.3,0.1,1007.6,1004.8,96.0,100.0,88.0
2015-08-31,5000C,CEUTA,51,CEUTA,355319N,052049W,87.0,29.7,21.2,25.4,0.0,29.0,1.9,14.2,6.2,1007.0,1003.8,79.0,100.0,55.0
2015-09-01,5000C,CEUTA,51,CEUTA,355319N,052049W,87.0,28.5,20.3,24.4,0.0,22.0,2.8,12.2,11.7,1007.9,1004.6,62.0,80.0,51.0
2015-09-02,5000C,CEUTA,51,CEUTA,355319N,052049W,87.0,26.7,19.7,23.2,0.0,28.0,3.1,13.6,11.7,1006.4,1004.1,66.0,80.0,55.0
2015-09-03,5000C,CEUTA,51,CEUTA,355319N,052049W,87.0,24.1,18.8,21.4,0.0,28.0,2.8,14.2,10.7,1006.5,1004.0,65.0,76.0,58.0
2015-09-04,5000C,CEUTA,51,CEUTA,355319N,052049W,87.0,25.4,18.7,22.0,0.0,28.0,4.4,13.9,11.0,1006.6,1003.6,63.0,78.0,53.0
2015-09-05,5000C,CEUTA,51,CEUTA,355319N,052049W,87.0,27.5,18.8,23.2,0.0,24.0,1.9,9.7,10.0,1007.6,1004.5,61.0,90.0,32.0
2015-09-06,5000C,CEUTA,51,CEUTA,355319N,052049W,87.0,25.6,18.4,22.0,0.0,10.0,2.2,5.8,5.5,1010.0,1006.1,84.0,96.0,69.0
2015-09-07,5000C,CEUTA,51,CEUTA,355319N,052049W,87.0,26.4,20.1,23.2,0.0,,2.2,,7.5,1009.2,1007.1,88.0,97.0,71.0
2015-09-08,5000C,CEUTA,51,CEUTA,355319N,052049W,87.0,26.7,20.1,23.4,0.0,7.0,1.9,5.3,9.4,1007.9,1004.8,82.0,97.0,70.0
2015-09-09,5000C,CEUTA,51,CEUTA,355319N,052049W,87.0,26.0,20.1,23.0,0.0,16.0,2.5,5.8,8.7,1007.1,1004.8,90.0,99.0,74.0
2015-09-10,5000C,CEUTA,51,CEUTA,355319N,052049W,87.0,25.8,19.5,22.6,0.0,99.0,2.5,5.8,8.8,1006.0,1003.2,86.0,100.0,72.0
2015-09-11,5000C,CEUTA,51,CEUTA,355319N,052049W,87.0,27.2,19.6,23.4,0.0,16.0,1.1,4.2,9.4,1005.0,1002.6,75.0,92.0,52.0
2015-09-12,5000C,CEUTA,51,CEUTA,355319N,052049W,87.0,28.2,19.4,23.8,0.0,28.0,1.7,10.3,9.1,1005.5,1002.6,59.0,94.0,31.0
2015-09-13,5000C,CEUTA,51,CEUTA,355319N,052049W,87.0,26.5,19.8,23.2,0.0,28.0,2.8,15.3,10.6,1006.8,1003.6,60.0,80.0,40.0
2015-09-14,5000C,CEUTA,51,CEUTA,355319N,052049W,87.0,26.4,19.8,23.1,0.0,26.0,2.2,9.7,10.0,1007.3,1004.6,69.0,83.0,58.0
2015-09-15,5000C,CEUTA,51,CEUTA,355319N,052049W,87.0,24.9,19.2,22.0,0.0,34.0,2.5,10.6,10.7,1005.5,1002.3,62.0,84.0,52.0
2015-09-16,5000C,CEUTA,51,CEUTA,355319N,052049W,87.0,28.2,19.4,23.8,0.2,99.0,3.1,10.6,11.1,1002.3,1000.0,61.0,78.0,48.0
2015-09-17,5000C,CEUTA,51,CEUTA,355319N,052049W,87.0,25.2,17.9,21.6,0.0,30.0,3.1,12.2,7.0,1004.9,1001.2,62.0,92.0,41.0
2015-09-18,5000C,CEUTA,51,CEUTA,355319N,052049W,87.0,24.5,16.7,20.6,0.2,26.0,2.2,7.8,9.6,1008.0,1003.7,72.0,94.0,42.0
2015-09-19,5000C,CEUTA,51,CEUTA,355319N,052049W,87.0,22.2,19.6,20.9,0.2,9.0,2.8,10.0,0.0,1011.7,1007.8,95.0,100.0,88.0
2015-09-20,5000C,CEUTA,51,CEUTA,355319N,052049W,87.0,23.2,20.1,21.6,0.0,8.0,2.8,7.5,0.1,1012.4,1009.4,94.0,99.0,84.0
2015-09-21,5000C,CEUTA,51,CEUTA,355319N,052049W,87.0,25.0,19.3,22.2,0.0,18.0,1.4,5.6,8.3,1009.5,1006.3,88.0,100.0,71.0
2015-09-22,5000C,CEUTA,51,CEUTA,355319N,052049W,87.0,31.9,21.2,26.6,0.0,99.0,3.6,12.5,10.6,1006.7,1004.3,46.0,78.0,32.0
2015-09-23,5000C,CEUTA,51,CEUTA,355319N,052049W,87.0,28.5,20.4,24.4,0.0,99.0,2.5,8.3,10.2,1006.4,1003.0,45.0,79.0,29.0
2015-09-24,5000C,CEUTA,51,CEUTA,355319N,052049W,87.0,24.6,18.2,21.4,0.0,28.0,1.9,8.9,10.5,1009.0,1005.6,80.0,98.0,67.0
2015-09-25,5000C,CEUTA,51,CEUTA,355319N,052049W,87.0,23.8,19.2,21.5,0.0,9.0,2.2,5.6,6.9,1009.0,1006.3,89.0,100.0,76.0
2015-09-26,5000C,CEUTA,51,CEUTA,355319N,052049W,87.0,24.0,17.9,21.0,0.0,10.0,1.9,5.0,8.9,1007.4,1005.7,90.0,100.0,74.0
2015-09-27,5000C,CEUTA,51,CEUTA,355319N,052049W,87.0,24.2,18.6,21.4,0.0,10.0,2.2,7.5,7.1,1009.0,1006.4,89.0,99.0,73.0
2015-09-28,5000C,CEUTA,51,CEUTA,355319N,052049W,87.0,24.4,18.7,21.6,0.0,7.0,4.4,10.0,6.8,1009.0,1006.0,89.0,99.0,75.0
2015-09-29,5000C,CEUTA,51,CEUTA,355319N,052049W,87.0,22.7,17.3,20.0,4.8,9.0,3.1,10.0,4.8,1006.3,1003.5,85.0,99.0,74.0
2015-09-30,5000C,CEUTA,51,CEUTA,355319N,052049W,87.0,23.4,16.8,20.1,0.0,20.0,2.2,5.8,10.2,1010.0,1005.3,85.0,100.0,72.0
2015-10-01,5000C,CEUTA,51,CEUTA,355319N,052049W,87.0,24.0,17.6,20.8,0.0,18.0,2.2,5.0,8.3,1012.4,1009.5,90.0,100.0,72.0
2015-10-02,5000C,CEUTA,51,CEUTA,355319N,052049W,87.0,25.2,17.4,21.3,0.0,20.0,3.1,5.8,10.6,1010.7,1005.2,75.0,100.0,59.0
2015-10-03,5000C,CEUTA,51,CEUTA,355319N,052049W,87.0,27.6,18.2,22.9,0.0,24.0,1.7,8.9,7.6,1008.8,1005.3,69.0,99.0,46.0
2015-10-04,5000C,CEUTA,51,CEUTA,355319N,052049W,87.0,27.0,20.3,23.6,0.0,18.0,2.2,6.4,8.8,1012.0,1008.2,52.0,67.0,39.0
2015-10-05,5000C,CEUTA,51,CEUTA,355319N,052049W,87.0,28.0,21.9,25.0,0.6,32.0,1.9,10.8,2.3,1012.6,1007.8,70.0,79.0,38.0
2015-10-06,5000C,CEUTA,51,CEUTA,355319N,052049W,87.0,26.7,20.4,23.6,0.0,29.0,3.9,10.8,9.7,1009.0,1007.3,69.0,82.0,57.0
2015-10-07,5000C,CEUTA,51,CEUTA,355319N,052049W,87.0,26.5,17.7,22.1,0.0,30.0,3.3,10.3,10.3,1008.1,1004.8,61.0,83.0,47.0
2015-10-08,5000C,CEUTA,51,CEUTA,355319N,052049W,87.0,23.9,16.9,20.4,0.0,33.0,3.1,11.4,9.5,1005.7,1003.5,59.0,75.0,44.0
2015-10-09,5000C,CEUTA,51,CEUTA,355319N,052049W,87.0,23.0,15.3,19.2,0.0,1.0,1.7,4.7,10.0,1004.8,1002.5,71.0,86.0,53.0
2015-10-10,5000C,CEUTA,51,CEUTA,355319N,052049W,87.0,23.2,18.4,20.8,17.6,6.0,1.9,6.9,3.0,1003.0,999.8,91.0,98.0,75.0
2015-10-11,5000C,CEUTA,51,CEUTA,355319N,052049W,87.0,23.4,17.7,20.6,4.4,25.0,1.9,11.7,2.4,1001.0,998.7,88.0,100.0,73.0
2015-10-12,5000C,CEUTA,51,CEUTA,355319N,052049W,87.0,24.2,18.3,21.2,0.2,24.0,1.9,8.6,2.8,1003.0,999.6,81.0,94.0,63.0
2015-10-13,5000C,CEUTA,51,CEUTA,355319N,052049W,87.0,23.4,18.3,20.8,0.0,36.0,1.7,4.7,5.3,1003.9,1001.8,84.0,89.0,71.0
2015-10-14,5000C,CEUTA,51,CEUTA,355319N,052049W,87.0,25.5,18.3,21.9,0.0,28.0,1.7,9.2,6.6,1003.6,1001.5,72.0,83.0,59.0
2015-10-15,5000C,CEUTA,51,CEUTA,355319N,052049W,87.0,23.6,17.5,20.6,0.0,20.0,1.7,4.7,10.1,1004.9,1002.7,79.0,93.0,65.0
2015-10-16,5000C,CEUTA,51,CEUTA,355319N,052049W,87.0,22.3,17.9,20.1,0.0,99.0,2.5,6.4,2.3,1005.3,1002.3,92.0,98.0,84.0
2015-10-17,5000C,CEUTA,51,CEUTA,355319N,052049W,87.0,22.3,19.5,20.9,9.8,8.0,2.8,7.2,0.6,1003.1,1000.7,94.0,100.0,76.0
2015-10-18,5000C,CEUTA,51,CEUTA,355319N,052049W,87.0,24.0,18.5,21.2,15.8,24.0,1.9,8.3,2.1,1002.5,998.1,90.0,98.0,80.0
2015-10-19,5000C,CEUTA,51,CEUTA,355319N,052049W,87.0,20.6,18.0,19.3,23.2,14.0,1.1,6.9,1.0,1000.0,997.4,94.0,100.0,81.0
2015-10-20,5000C,CEUTA,51,CEUTA,355319N,052049W,87.0,21.1,18.0,19.6,13.2,17.0,2.2,8.6,1.8,1005.6,998.7,92.0,100.0,88.0
2015-10-21,5000C,CEUTA,51,CEUTA,355319N,052049W,87.0,25.3,17.5,21.4,0.0,31.0,1.9,7.8,9.4,1007.9,1005.2,85.0,100.0,61.0
2015-10-22,5000C,CEUTA,51,CEUTA,355319N,052049W,87.0,22.9,17.6,20.2,0.0,6.0,2.5,5.8,4.3,1011.0,1007.7,88.0,100.0,71.0
2015-10-23,5000C,CEUTA,51,CEUTA,355319N,052049W,87.0,22.5,18.0,20.2,0.0,9.0,2.5,6.4,5.2,1010.9,1007.5,90.0,100.0,77.0
2015-10-24,5000C,CEUTA,51,CEUTA,355319N,052049W,87.0,21.2,19.2,20.2,0.0,8.0,2.8,6.4,0.0,1009.3,1006.0,86.0,94.0,83.0
2015-10-25,5000C,CEUTA,51,CEUTA,355319N,052049W,87.0,21.5,18.1,19.8,8.2,9.0,3.1,8.9,1.2,1008.7,1005.9,87.0,98.0,78.0
2015-10-26,5000C,CEUTA,51,CEUTA,355319N,052049W,87.0,21.5,17.9,19.7,2.2,15.0,1.7,4.7,2.6,1005.9,1003.4,90.0,100.0,84.0
2015-10-27,5000C,CEUTA,51,CEUTA,355319N,052049W,87.0,20.5,15.4,18.0,3.6,32.0,3.1,10.8,1.3,1008.9,1003.9,82.0,96.0,67.0
2015-10-28,5000C,CEUTA,51,CEUTA,355319N,052049W,87.0,21.6,16.2,18.9,0.0,29.0,2.8,10.3,5.7,1011.5,1008.1,73.0,87.0,62.0
2015-10-29,5000C,CEUTA,51,CEUTA,355319N,052049W,87.0,20.6,15.5,18.0,0.0,10.0,2.2,5.6,9.4,1011.2,1008.0,76.0,91.0,63.0
2015-10-30,5000C,CEUTA,51,CEUTA,355319N,052049W,87.0,20.4,17.1,18.8,0.0,10.0,3.1,7.5,0.8,1008.8,1006.5,90.0,94.0,86.0
2015-10-31,5000C,CEUTA,51,CEUTA,355319N,052049W,87.0,20.5,19.0,19.8,3.6,8.0,3.3,8.9,0.0,1008.9,1006.7,89.0,94.0,83.0
2015-11-01,5000C,CEUTA,51,CEUTA,355319N,052049W,87.0,19.6,15.6,17.6,23.6,10.0,4.7,16.9,0.0,1008.0,1000.6,92.0,98.0,73.0
2015-11-02,5000C,CEUTA,51,CEUTA,355319N,052049W,87.0,20.2,13.4,16.8,1.0,20.0,2.5,10.3,5.8,1007.3,1002.7,64.0,87.0,53.0
2015-11-03,5000C,CEUTA,51,CEUTA,355319N,052049W,87.0,21.8,15.5,18.6,0.0,18.0,2.8,11.4,5.0,1013.1,1006.8,78.0,92.0,66.0
2015-11-04,5000C,CEUTA,51,CEUTA,355319N,052049W,87.0,22.7,15.8,19.2,0.0,33.0,1.7,6.1,7.5,1013.6,1011.5,79.0,95.0,61.0
2015-11-05,5000C,CEUTA,51,CEUTA,355319N,052049W,87.0,23.0,16.6,19.8,0.0,99.0,1.4,3.9,9.1,1014.7,1011.9,81.0,91.0,68.0
2015-11-06,5000C,CEUTA,51,CEUTA,355319N,052049W,87.0,21.9,17.5,19.7,0.0,12.0,3.6,7.5,7.6,1015.3,1013.2,89.0,98.0,77.0
2015-11-07,5000C,CEUTA,51,CEUTA,355319N,052049W,87.0,21.4,18.7,20.0,0.0,11.0,5.0,10.8,3.9,1015.9,1014.0,88.0,97.0,79.0
2015-11-08,5000C,CEUTA,51,CEUTA,355319N,052049W,87.0,19.9,18.8,19.4,0.0,10.0,4.7,10.0,0.0,1019.2,1015.1,87.0,94.0,82.0
2015-11-09,5000C,CEUTA,51,CEUTA,355319N,052049W,87.0,20.4,18.5,19.4,0.0,9.0,4.4,10.0,1.4,1021.3,1018.8,89.0,95.0,83.0
2015-11-10,5000C,CEUTA,51,CEUTA,355319N,052049W,87.0,21.3,17.7,19.5,0.0,9.0,3.1,7.8,6.1,1019.2,1015.7,86.0,94.0,75.0
2015-11-11,5000C,CEUTA,51,CEUTA,355319N,052049W,87.0,21.1,17.4,19.2,0.0,10.0,2.2,5.8,5.7,1016.3,1013.3,83.0,94.0,72.0
2015-11-12,5000C,CEUTA,51,CEUTA,355319N,052049W,87.0,20.0,17.0,18.5,0.0,12.0,,7.8,4.1,1016.4,1013.9,,91.0,78.0
2015-11-13,5000C,CEUTA,51,CEUTA,355319N,052049W,87.0,20.3,17.4,18.8,0.0,6.0,3.6,8.1,3.2,1019.1,1015.8,83.0,93.0,67.0
2015-11-14,5000C,CEUTA,51,CEUTA,355319N,052049W,87.0,21.0,17.8,19.4,0.0,99.0,4.7,8.9,7.2,1020.1,1017.3,81.0,90.0,71.0
2015-11-15,5000C,CEUTA,51,CEUTA,355319N,052049W,87.0,20.7,16.2,18.4,0.0,11.0,2.2,8.6,1.7,1017.4,1013.4,86.0,95.0,79.0
2015-11-16,5000C,CEUTA,51,CEUTA,355319N,052049W,87.0,22.1,15.0,18.6,0.0,31.0,1.9,7.2,8.0,1014.4,1011.5,81.0,100.0,60.0
2015-11-17,5000C,CEUTA,51,CEUTA,355319N,052049W,87.0,21.1,15.7,18.4,0.0,18.0,2.2,4.7,8.6,1015.7,1012.0,77.0,97.0,63.0
2015-11-18,5000C,CEUTA,51,CEUTA,355319N,052049W,87.0,18.9,15.9,17.4,0.0,6.0,1.9,5.3,1.7,1017.7,1015.1,94.0,100.0,82.0
2015-11-19,5000C,CEUTA,51,CEUTA,355319N,052049W,87.0,20.2,15.8,18.0,0.0,8.0,2.2,6.4,6.6,1020.1,1016.8,87.0,96.0,72.0
2015-11-20,5000C,CEUTA,51,CEUTA,355319N,052049W,87.0,20.7,15.2,18.0,0.0,16.0,1.7,4.7,7.3,1020.9,1014.7,86.0,99.0,48.0
2015-11-21,5000C,CEUTA,51,CEUTA,355319N,052049W,87.0,20.6,13.3,17.0,0.4,26.0,4.2,17.5,6.0,1014.7,1005.6,78.0,84.0,42.0
2015-11-22,5000C,CEUTA,51,CEUTA,355319N,052049W,87.0,16.6,11.9,14.2,0.0,30.0,4.7,15.0,8.1,1007.3,1004.6,49.0,69.0,35.0
2015-11-23,5000C,CEUTA,51,CEUTA,355319N,052049W,87.0,16.3,10.4,13.4,0.0,35.0,2.8,8.3,5.8,1012.7,1004.0,68.0,81.0,41.0
2015-11-24,5000C,CEUTA,51,CEUTA,355319N,052049W,87.0,16.3,9.5,12.9,0.0,29.0,2.5,8.1,4.9,1018.3,1012.6,59.0,66.0,41.0
2015-11-25,5000C,CEUTA,51,CEUTA,355319N,052049W,87.0,18.4,11.4,14.9,0.0,30.0,3.3,14.4,7.8,1018.0,1013.5,56.0,76.0,38.0
2015-11-26,5000C,CEUTA,51,CEUTA,355319N,052049W,87.0,19.0,15.7,17.4,0.0,29.0,4.7,17.2,8.0,1013.6,1005.8,71.0,77.0,50.0
2015-11-27,5000C,CEUTA,51,CEUTA,355319N,052049W,87.0,21.3,13.9,17.6,0.0,31.0,2.8,8.9,7.9,1008.5,1003.9,66.0,93.0,53.0
2015-11-28,5000C,CEUTA,51,CEUTA,355319N,052049W,87.0,18.8,12.2,15.5,0.0,9.0,1.7,4.4,7.7,1015.5,1008.2,90.0,98.0,72.0
2015-11-29,5000C,CEUTA,51,CEUTA,355319N,052049W,87.0,19.0,15.2,17.1,0.0,10.0,5.6,12.2,5.6,1022.7,1015.5,79.0,88.0,72.0
2015-11-30,5000C,CEUTA,51,CEUTA,355319N,052049W,87.0,19.0,15.8,17.4,0.0,11.0,4.4,11.7,3.0,1024.0,1021.7,86.0,90.0,78.0
2015-12-01,5000C,CEUTA,51,CEUTA,355319N,052049W,87.0,19.0,14.3,16.6,0.0,5.0,1.9,5.8,4.1,1022.0,1019.3,82.0,94.0,67.0
2015-12-02,5000C,CEUTA,51,CEUTA,355319N,052049W,87.0,18.1,14.2,16.2,0.0,13.0,1.7,4.2,7.7,1020.1,1017.5,84.0,95.0,74.0
2015-12-03,5000C,CEUTA,51,CEUTA,355319N,052049W,87.0,19.1,14.7,16.9,0.0,10.0,3.6,8.9,2.6,1020.8,1016.6,83.0,94.0,75.0
2015-12-04,5000C,CEUTA,51,CEUTA,355319N,052049W,87.0,18.5,15.8,17.2,0.0,12.0,3.6,11.1,2.7,1023.0,1020.4,83.0,89.0,75.0
2015-12-05,5000C,CEUTA,51,CEUTA,355319N,052049W,87.0,17.3,15.6,16.4,0.0,10.0,3.6,9.2,1.1,1022.1,1018.8,84.0,89.0,78.0
2015-12-06,5000C,CEUTA,51,CEUTA,355319N,052049W,87.0,17.5,15.3,16.4,0.0,10.0,3.3,9.4,2.9,1019.2,1017.3,81.0,88.0,74.0
2015-12-07,5000C,CEUTA,51,CEUTA,355319N,052049W,87.0,17.9,15.6,16.8,0.0,13.0,3.3,8.1,2.3,1020.4,1017.7,82.0,88.0,76.0
2015-12-08,5000C,CEUTA,51,CEUTA,355319N,052049W,87.0,18.3,15.5,16.9,0.0,99.0,3.6,7.2,0.9,1021.8,1019.4,84.0,90.0,76.0
2015-12-09,5000C,CEUTA,51,CEUTA,355319N,052049W,87.0,17.9,15.9,16.9,0.0,9.0,5.3,11.9,0.0,1023.1,1020.3,85.0,90.0,81.0
2015-12-10,5000C,CEUTA,51,CEUTA,355319N,052049W,87.0,17.8,16.1,17.0,0.0,8.0,5.3,12.5,0.7,1021.1,1018.6,86.0,90.0,81.0
2015-12-11,5000C,CEUTA,51,CEUTA,355319N,052049W,87.0,17.9,15.4,16.6,0.0,11.0,4.4,12.2,1.3,1019.9,1016.8,87.0,89.0,81.0
2015-12-12,5000C,CEUTA,51,CEUTA,355319N,052049W,87.0,17.9,13.5,15.7,0.0,99.0,2.2,6.1,6.3,1016.8,1014.0,90.0,96.0,77.0
2015-12-13,5000C,CEUTA,51,CEUTA,355319N,052049W,87.0,17.6,12.8,15.2,0.0,13.0,1.9,4.4,7.3,1014.0,1011.5,88.0,99.0,76.0
2015-12-14,5000C,CEUTA,51,CEUTA,355319N,052049W,87.0,18.5,14.1,16.3,0.0,16.0,1.4,4.2,4.0,1016.1,1011.4,89.0,97.0,78.0
2015-12-15,5000C,CEUTA,51,CEUTA,355319N,052049W,87.0,18.5,13.9,16.2,0.0,10.0,1.4,4.7,6.7,1020.5,1015.6,94.0,99.0,80.0
2015-12-16,5000C,CEUTA,51,CEUTA,355319N,052049W,87.0,18.5,15.3,16.9,0.0,99.0,2.2,5.3,5.9,1021.4,1018.7,90.0,96.0,84.0
2015-12-17,5000C,CEUTA,51,CEUTA,355319N,052049W,87.0,20.8,14.4,17.6,0.0,21.0,1.7,3.9,6.7,1019.9,1017.7,84.0,97.0,52.0
2015-12-18,5000C,CEUTA,51,CEUTA,355319N,052049W,87.0,21.6,14.3,18.0,0.0,99.0,1.4,3.9,6.9,1019.0,1016.6,62.0,97.0,40.0
2015-12-19,5000C,CEUTA,51,CEUTA,355319N,052049W,87.0,17.8,13.4,15.6,0.0,16.0,1.9,5.3,6.0,1017.1,1013.2,92.0,100.0,81.0
2015-12-20,5000C,CEUTA,51,CEUTA,355319N,052049W,87.0,21.5,11.0,16.2,0.0,32.0,1.9,8.6,8.0,1017.0,1012.7,76.0,100.0,44.0
2015-12-21,5000C,CEUTA,51,CEUTA,355319N,052049W,87.0,18.6,14.6,16.6,0.0,10.0,2.5,8.6,3.9,1022.5,1016.7,89.0,98.0,82.0
2015-12-22,5000C,CEUTA,51,CEUTA,355319N,052049W,87.0,17.9,15.8,16.8,0.0,10.0,3.6,9.4,1.0,1023.6,1020.5,78.0,89.0,71.0
2015-12-23,5000C,CEUTA,51,CEUTA,355319N,052049W,87.0,18.5,14.0,16.2,0.0,9.0,2.5,6.9,4.6,1020.5,1017.6,77.0,90.0,70.0
2015-12-24,5000C,CEUTA,51,CEUTA,355319N,052049W,87.0,18.7,13.0,15.8,0.0,99.0,1.7,3.6,7.4,1020.1,1017.3,80.0,90.0,65.0
2015-12-25,5000C,CEUTA,51,CEUTA,355319N,052049W,87.0,17.6,13.0,15.3,0.0,11.0,2.5,8.3,7.4,1021.4,1019.0,86.0,98.0,77.0
2015-12-26,5000C,CEUTA,51,CEUTA,355319N,052049W,87.0,17.5,15.3,16.4,0.0,13.0,5.0,12.2,3.3,1021.9,1018.8,83.0,87.0,77.0
2015-12-27,5000C,CEUTA,51,CEUTA,355319N,052049W,87.0,18.0,15.3,16.6,0.0,10.0,5.3,13.9,3.5,1018.8,1015.9,78.0,84.0,72.0
2015-12-28,5000C,CEUTA,51,CEUTA,355319N,052049W,87.0,17.6,13.9,15.8,0.0,10.0,1.7,6.7,2.9,1020.5,1016.3,87.0,95.0,79.0
2015-12-29,5000C,CEUTA,51,CEUTA,355319N,052049W,87.0,19.6,13.9,16.8,0.0,30.0,1.9,8.6,1.9,1022.5,1019.1,78.0,95.0,68.0
2015-12-30,5000C,CEUTA,51,CEUTA,355319N,052049W,87.0,19.8,15.1,17.4,0.0,33.0,2.8,9.2,4.9,1020.7,1017.7,77.0,92.0,58.0
2015-12-31,5000C,CEUTA,51,CEUTA,355319N,052049W,87.0,21.0,15.4,18.2,0.0,31.0,2.5,8.6,7.6,1018.2,1015.0,71.0,85.0,58.0
2016-01-01,5000C,CEUTA,51,CEUTA,355319N,052049W,87.0,21.2,13.8,17.5,0.0,22.0,1.4,10.8,7.6,1015.4,1012.4,74.0,92.0,55.0
2016-01-02,5000C,CEUTA,51,CEUTA,355319N,052049W,87.0,19.4,15.4,17.4,0.8,20.0,3.1,12.5,2.7,1014.9,1012.2,86.0,94.0,70.0
2016-01-03,5000C,CEUTA,51,CEUTA,355319N,052049W,87.0,19.7,16.1,17.9,2.4,25.0,3.3,17.2,2.2,1012.6,1009.3,86.0,95.0,75.0
2016-01-04,5000C,CEUTA,51,CEUTA,355319N,052049W,87.0,19.4,16.3,17.8,15.6,24.0,3.6,17.5,2.2,1009.8,1001.6,80.0,92.0,74.0
2016-01-05,5000C,CEUTA,51,CEUTA,355319N,052049W,87.0,18.0,11.2,14.6,0.8,29.0,7.2,21.1,4.3,1010.9,998.5,78.0,93.0,55.0
2016-01-06,5000C,CEUTA,51,CEUTA,355319N,052049W,87.0,16.7,11.0,13.8,0.2,32.0,2.2,11.1,5.5,1014.4,1010.9,76.0,92.0,67.0
2016-01-07,5000C,CEUTA,51,CEUTA,355319N,052049W,87.0,19.0,13.6,16.3,0.0,32.0,2.5,10.8,7.7,1013.8,1009.9,68.0,82.0,60.0
2016-01-08,5000C,CEUTA,51,CEUTA,355319N,052049W,87.0,18.9,13.1,16.0,0.8,28.0,1.9,6.4,5.1,1009.9,1003.3,64.0,82.0,59.0
2016-01-09,5000C,CEUTA,51,CEUTA,355319N,052049W,87.0,18.4,15.0,16.7,0.6,30.0,3.9,16.1,5.6,1009.9,1001.7,74.0,87.0,65.0
2016-01-10,5000C,CEUTA,51,CEUTA,355319N,052049W,87.0,19.0,15.1,17.0,0.2,21.0,2.8,11.7,2.3,1009.1,1006.7,72.0,88.0,57.0
2016-01-11,5000C,CEUTA,51,CEUTA,355319N,052049W,87.0,20.1,13.9,17.0,4.8,21.0,4.2,13.3,3.4,1012.1,1006.7,72.0,97.0,61.0
2016-01-12,5000C,CEUTA,51,CEUTA,355319N,052049W,87.0,18.7,12.4,15.6,0.0,30.0,3.1,13.1,6.2,1014.8,1011.6,60.0,94.0,37.0
2016-01-13,5000C,CEUTA,51,CEUTA,355319N,052049W,87.0,17.2,12.2,14.7,0.0,9.0,3.6,8.6,4.9,1016.0,1013.5,81.0,91.0,71.0
2016-01-14,5000C,CEUTA,51,CEUTA,355319N,052049W,87.0,20.0,14.1,17.0,0.6,26.0,2.2,8.1,6.9,1014.0,1009.4,81.0,91.0,62.0
2016-01-15,5000C,CEUTA,51,CEUTA,355319N,052049W,87.0,16.9,12.4,14.6,0.2,30.0,3.6,14.2,3.3,1016.7,1009.5,80.0,92.0,64.0
2016-01-16,5000C,CEUTA,51,CEUTA,355319N,052049W,87.0,16.2,9.6,12.9,0.0,7.0,4.2,10.0,7.6,1018.0,1015.8,74.0,90.0,63.0
2016-01-17,5000C,CEUTA,51,CEUTA,355319N,052049W,87.0,15.1,11.2,13.2,0.0,11.0,4.4,11.4,5.3,1017.2,1012.9,63.0,75.0,58.0
2016-01-18,5000C,CEUTA,51,CEUTA,355319N,052049W,87.0,18.6,10.9,14.8,0.0,30.0,3.3,12.2,7.6,1013.2,1010.1,52.0,83.0,38.0
2016-01-19,5000C,CEUTA,51,CEUTA,355319N,052049W,87.0,17.9,12.6,15.2,1.6,20.0,1.7,9.4,5.0,1010.9,1008.2,71.0,85.0,61.0
2016-01-20,5000C,CEUTA,51,CEUTA,355319N,052049W,87.0,17.5,13.7,15.6,18.0,22.0,1.9,10.0,2.2,1010.9,1006.1,83.0,97.0,76.0
2016-01-21,5000C,CEUTA,51,CEUTA,355319N,052049W,87.0,19.4,14.9,17.2,0.0,25.0,1.7,6.7,2.5,1015.8,1010.3,83.0,95.0,72.0
2016-01-22,5000C,CEUTA,51,CEUTA,355319N,052049W,87.0,16.7,14.4,15.6,0.0,6.0,1.7,5.6,0.4,1020.6,1015.5,95.0,99.0,88.0
2016-01-23,5000C,CEUTA,51,CEUTA,355319N,052049W,87.0,16.1,14.6,15.4,0.0,8.0,3.9,7.8,0.0,1022.9,1019.8,92.0,95.0,90.0
2016-01-24,5000C,CEUTA,51,CEUTA,355319N,052049W,87.0,17.3,14.6,16.0,0.0,9.0,3.1,6.9,1.2,1023.2,1020.4,90.0,96.0,80.0
2016-01-25,5000C,CEUTA,51,CEUTA,355319N,052049W,87.0,17.2,13.5,15.4,9.6,99.0,2.8,6.4,2.9,1021.9,1019.8,83.0,92.0,76.0
2016-01-26,5000C,CEUTA,51,CEUTA,355319N,052049W,87.0,18.2,11.5,14.8,0.0,30.0,2.2,8.9,8.0,1022.0,1019.5,82.0,98.0,64.0
2016-01-27,5000C,CEUTA,51,CEUTA,355319N,052049W,87.0,16.6,10.7,13.6,0.0,35.0,2.2,5.8,7.9,1020.1,1017.7,78.0,88.0,63.0
2016-01-28,5000C,CEUTA,51,CEUTA,355319N,052049W,87.0,15.7,11.5,13.6,0.0,33.0,1.4,3.9,2.0,1019.2,1017.4,86.0,98.0,78.0
2016-01-29,5000C,CEUTA,51,CEUTA,355319N,052049W,87.0,16.7,10.5,13.6,1.0,34.0,1.7,9.7,7.5,1020.5,1017.0,84.0,96.0,70.0
2016-01-30,5000C,CEUTA,51,CEUTA,355319N,052049W,87.0,17.7,10.2,14.0,0.0,36.0,2.2,6.7,8.8,,,79.0,96.0,56.0
2016-01-31,5000C,CEUTA,51,CEUTA,355319N,052049W,87.0,20.9,12.4,16.6,0.0,32.0,1.9,8.9,9.1,1024.8,1019.8,50.0,78.0,30.0
2016-02-01,5000C,CEUTA,51,CEUTA,355319N,052049W,87.0,18.6,12.8,15.7,0.0,99.0,1.9,4.7,9.1,1021.0,1018.8,78.0,100.0,63.0
2016-02-02,5000C,CEUTA,51,CEUTA,355319N,052049W,87.0,17.3,12.2,14.8,0.0,18.0,1.9,4.7,7.0,1019.5,1015.4,87.0,100.0,71.0
2016-02-03,5000C,CEUTA,51,CEUTA,355319N,052049W,87.0,19.3,13.9,16.6,0.0,9.0,1.1,8.3,3.8,1018.6,1014.8,72.0,94.0,62.0
2016-02-04,5000C,CEUTA,51,CEUTA,355319N,052049W,87.0,16.9,14.4,15.6,0.0,8.0,7.5,15.3,2.5,1021.9,1018.2,80.0,93.0,74.0
2016-02-05,5000C,CEUTA,51,CEUTA,355319N,052049W,87.0,15.4,14.5,15.0,0.0,9.0,4.4,13.9,0.0,1018.2,1014.9,87.0,92.0,81.0
2016-02-06,5000C,CEUTA,51,CEUTA,355319N,052049W,87.0,18.8,14.6,16.7,0.6,27.0,2.5,11.1,6.7,1015.4,1012.0,83.0,92.0,73.0
2016-02-07,5000C,CEUTA,51,CEUTA,355319N,052049W,87.0,17.2,13.3,15.2,6.4,29.0,4.4,17.2,5.0,1018.8,1011.2,74.0,96.0,54.0
2016-02-08,5000C,CEUTA,51,CEUTA,355319N,052049W,87.0,17.5,12.7,15.1,0.0,32.0,3.1,12.8,8.2,1019.8,1017.8,72.0,80.0,61.0
2016-02-09,5000C,CEUTA,51,CEUTA,355319N,052049W,87.0,18.2,14.0,16.1,4.0,24.0,3.3,15.8,3.9,1019.8,1017.1,74.0,92.0,64.0
2016-02-10,5000C,CEUTA,51,CEUTA,355319N,052049W,87.0,17.8,14.2,16.0,2.6,28.0,4.4,14.7,3.4,1017.6,1011.3,84.0,95.0,75.0
2016-02-11,5000C,CEUTA,51,CEUTA,355319N,052049W,87.0,18.2,15.2,16.7,13.6,25.0,3.9,14.4,2.2,1012.4,1009.2,90.0,96.0,79.0
2016-02-12,5000C,CEUTA,51,CEUTA,355319N,052049W,87.0,19.3,15.2,17.2,6.6,25.0,3.3,16.1,4.6,1012.7,1009.3,81.0,92.0,68.0
2016-02-13,5000C,CEUTA,51,CEUTA,355319N,052049W,87.0,18.5,15.4,17.0,13.2,29.0,4.2,17.5,5.3,1010.6,1006.8,84.0,97.0,69.0
2016-02-14,5000C,CEUTA,51,CEUTA,355319N,052049W,87.0,17.0,9.0,13.0,7.2,29.0,6.1,21.1,2.8,1008.1,1001.9,72.0,95.0,57.0
2016-02-15,5000C,CEUTA,51,CEUTA,355319N,052049W,87.0,14.6,8.4,11.5,3.2,31.0,6.1,21.1,6.9,1009.8,1004.2,67.0,82.0,55.0
2016-02-16,5000C,CEUTA,51,CEUTA,355319N,052049W,87.0,13.1,7.2,10.2,0.0,30.0,1.9,10.0,9.1,1016.5,1009.8,58.0,74.0,49.0
2016-02-17,5000C,CEUTA,51,CEUTA,355319N,052049W,87.0,14.1,7.2,10.6,0.0,28.0,2.5,10.8,6.7,1016.7,1011.9,59.0,72.0,46.0
2016-02-18,5000C,CEUTA,51,CEUTA,355319N,052049W,87.0,13.8,10.5,12.2,0.4,24.0,3.1,9.7,1.0,1011.9,1006.5,76.0,87.0,63.0
2016-02-19,5000C,CEUTA,51,CEUTA,355319N,052049W,87.0,14.0,9.8,11.9,8.2,9.0,5.0,15.8,0.0,1012.3,1006.4,87.0,95.0,79.0
2016-02-20,5000C,CEUTA,51,CEUTA,355319N,052049W,87.0,15.8,13.6,14.7,0.0,99.0,8.9,20.6,4.0,1014.0,1011.3,77.0,85.0,72.0
2016-02-21,5000C,CEUTA,51,CEUTA,355319N,052049W,87.0,16.8,13.9,15.4,0.0,99.0,4.4,13.1,2.4,1013.5,1010.2,90.0,92.0,84.0
2016-02-22,5000C,CEUTA,51,CEUTA,355319N,052049W,87.0,19.3,12.7,16.0,0.0,31.0,3.1,17.5,8.3,1016.3,1007.7,78.0,96.0,61.0
2016-02-23,5000C,CEUTA,51,CEUTA,355319N,052049W,87.0,19.4,12.0,15.7,0.0,28.0,1.9,11.4,9.8,1018.3,1013.9,67.0,76.0,58.0
2016-02-24,5000C,CEUTA,51,CEUTA,355319N,052049W,87.0,15.8,10.9,13.4,3.0,25.0,3.9,15.0,7.9,1014.2,1010.9,70.0,92.0,60.0
2016-02-25,5000C,CEUTA,51,CEUTA,355319N,052049W,87.0,16.7,12.4,14.6,0.0,99.0,3.1,16.4,9.2,1013.8,1010.9,68.0,92.0,56.0
2016-02-26,5000C,CEUTA,51,CEUTA,355319N,052049W,87.0,16.3,9.1,12.7,25.8,30.0,3.3,18.6,4.2,1011.9,997.5,80.0,92.0,60.0
2016-02-27,5000C,CEUTA,51,CEUTA,355319N,052049W,87.0,11.7,8.3,10.0,0.0,31.0,6.4,18.3,4.5,998.8,995.4,65.0,87.0,57.0
2016-02-28,5000C,CEUTA,51,CEUTA,355319N,052049W,87.0,14.6,7.9,11.2,1.8,31.0,5.3,18.9,9.1,1004.6,997.5,69.0,83.0,55.0
2016-02-29,5000C,CEUTA,51,CEUTA,355319N,052049W,87.0,16.6,10.6,13.6,0.0,23.0,4.2,13.9,10.1,1015.1,1004.1,72.0,82.0,53.0
2016-03-01,5000C,CEUTA,51,CEUTA,355319N,052049W,87.0,19.2,12.6,15.9,0.0,29.0,4.2,13.6,10.3,1017.1,1014.4,46.0,78.0,28.0
2016-03-02,5000C,CEUTA,51,CEUTA,355319N,052049W,87.0,19.9,13.0,16.4,0.0,29.0,3.6,13.1,10.4,1016.3,1011.6,58.0,70.0,31.0
2016-03-03,5000C,CEUTA,51,CEUTA,355319N,052049W,87.0,19.1,13.0,16.0,0.0,27.0,3.9,15.3,10.3,1011.6,1006.0,70.0,89.0,42.0
2016-03-04,5000C,CEUTA,51,CEUTA,355319N,052049W,87.0,19.1,12.2,15.6,0.8,30.0,2.2,13.6,10.3,1006.0,1000.8,73.0,80.0,59.0
2016-03-05,5000C,CEUTA,51,CEUTA,355319N,052049W,87.0,14.9,9.9,12.4,0.0,30.0,3.9,15.8,9.4,1006.9,1002.6,65.0,88.0,53.0
2016-03-06,5000C,CEUTA,51,CEUTA,355319N,052049W,87.0,14.6,9.4,12.0,0.0,30.0,4.4,12.8,10.5,1008.6,1006.4,66.0,78.0,45.0
2016-03-07,5000C,CEUTA,51,CEUTA,355319N,052049W,87.0,15.5,9.5,12.5,9.4,30.0,3.6,18.1,4.5,1007.2,998.9,71.0,90.0,49.0
2016-03-08,5000C,CEUTA,51,CEUTA,355319N,052049W,87.0,17.3,10.0,13.6,0.0,31.0,2.8,13.1,10.6,1011.8,1004.7,57.0,73.0,44.0
2016-03-09,5000C,CEUTA,51,CEUTA,355319N,052049W,87.0,18.4,9.9,14.2,0.0,29.0,1.9,14.2,9.1,1012.2,1006.4,45.0,77.0,32.0
2016-03-10,5000C,CEUTA,51,CEUTA,355319N,052049W,87.0,14.9,10.4,12.6,0.0,31.0,5.0,18.6,10.7,1009.0,1004.3,62.0,82.0,40.0
2016-03-11,5000C,CEUTA,51,CEUTA,355319N,052049W,87.0,18.7,11.6,15.2,0.0,29.0,2.8,7.8,10.6,1010.7,1007.4,40.0,59.0,29.0
2016-03-12,5000C,CEUTA,51,CEUTA,355319N,052049W,87.0,17.7,9.0,13.4,0.0,33.0,1.9,5.8,10.7,1011.4,1009.4,71.0,89.0,40.0
2016-03-13,5000C,CEUTA,51,CEUTA,355319N,052049W,87.0,16.9,9.4,13.2,0.0,99.0,2.2,6.1,10.6,1010.2,1006.4,77.0,97.0,61.0
2016-03-14,5000C,CEUTA,51,CEUTA,355319N,052049W,87.0,16.6,10.1,13.4,0.0,9.0,1.7,5.3,10.0,1008.2,1005.2,84.0,99.0,69.0
2016-03-15,5000C,CEUTA,51,CEUTA,355319N,052049W,87.0,19.0,10.8,14.9,0.0,27.0,2.2,11.1,5.0,1011.4,1008.2,68.0,87.0,51.0
2016-03-16,5000C,CEUTA,51,CEUTA,355319N,052049W,87.0,18.9,11.7,15.3,2.6,25.0,2.8,10.0,8.1,1010.6,1007.6,64.0,95.0,44.0
2016-03-17,5000C,CEUTA,51,CEUTA,355319N,052049W,87.0,18.4,10.5,14.4,0.0,30.0,2.8,10.0,10.8,1009.8,1007.3,64.0,86.0,49.0
2016-03-18,5000C,CEUTA,51,CEUTA,355319N,052049W,87.0,17.8,11.4,14.6,0.0,35.0,1.7,8.1,8.8,1008.2,1005.2,68.0,82.0,49.0
2016-03-19,5000C,CEUTA,51,CEUTA,355319N,052049W,87.0,17.8,12.3,15.0,2.0,26.0,2.8,8.3,3.6,1006.5,1003.8,74.0,91.0,60.0
2016-03-20,5000C,CEUTA,51,CEUTA,355319N,052049W,87.0,17.7,11.4,14.6,2.6,3.0,1.9,7.5,5.7,1005.0,1002.5,81.0,93.0,60.0
2016-03-21,5000C,CEUTA,51,CEUTA,355319N,052049W,87.0,17.9,10.1,14.0,7.4,32.0,1.9,6.9,4.3,1002.5,998.7,72.0,91.0,56.0
2016-03-22,5000C,CEUTA,51,CEUTA,355319N,052049W,87.0,16.7,10.0,13.4,3.0,25.0,3.1,13.1,4.9,1001.7,997.8,73.0,90.0,62.0
2016-03-23,5000C,CEUTA,51,CEUTA,355319N,052049W,87.0,17.3,11.5,14.4,0.0,32.0,2.2,11.4,8.7,1001.9,999.1,62.0,86.0,49.0
2016-03-24,5000C,CEUTA,51,CEUTA,355319N,052049W,87.0,18.3,11.9,15.1,0.0,28.0,3.9,13.6,11.1,1012.9,1001.2,59.0,68.0,43.0
2016-03-25,5000C,CEUTA,51,CEUTA,355319N,052049W,87.0,20.6,13.5,17.0,0.0,27.0,3.1,12.2,11.1,1015.5,1012.9,56.0,76.0,48.0
2016-03-26,5000C,CEUTA,51,CEUTA,355319N,052049W,87.0,18.8,13.4,16.1,0.0,29.0,2.5,13.3,11.0,1014.6,1012.4,70.0,80.0,57.0
2016-03-27,5000C,CEUTA,51,CEUTA,355319N,052049W,87.0,20.2,13.4,16.8,0.0,31.0,2.5,9.7,3.5,1013.8,1011.2,76.0,85.0,65.0
2016-03-28,5000C,CEUTA,51,CEUTA,355319N,052049W,87.0,19.9,13.0,16.4,0.0,30.0,2.8,11.4,11.1,1012.0,1009.2,60.0,83.0,25.0
2016-03-29,5000C,CEUTA,51,CEUTA,355319N,052049W,87.0,20.2,13.2,16.7,0.0,99.0,1.9,5.8,11.4,1009.2,1005.0,62.0,87.0,44.0
2016-03-30,5000C,CEUTA,51,CEUTA,355319N,052049W,87.0,20.1,13.3,16.7,0.0,28.0,1.7,11.9,10.1,1005.2,1001.2,84.0,97.0,45.0
2016-03-31,5000C,CEUTA,51,CEUTA,355319N,052049W,87.0,16.6,11.3,14.0,0.0,32.0,4.2,12.5,10.3,1008.4,1003.4,53.0,80.0,44.0
2016-04-01,5000C,CEUTA,51,CEUTA,355319N,052049W,87.0,19.9,12.7,16.3,0.0,24.0,2.8,11.1,11.5,1008.4,1003.0,44.0,59.0,32.0
2016-04-02,5000C,CEUTA,51,CEUTA,355319N,052049W,87.0,17.5,12.2,14.8,0.0,30.0,2.5,8.1,10.3,1004.4,1000.9,69.0,84.0,44.0
2016-04-03,5000C,CEUTA,51,CEUTA,355319N,052049W,87.0,20.4,12.4,16.4,0.0,29.0,2.5,11.4,8.0,1006.6,1003.1,70.0,87.0,54.0
2016-04-04,5000C,CEUTA,51,CEUTA,355319N,052049W,87.0,17.8,12.8,15.3,35.2,30.0,4.4,18.3,0.8,1006.4,995.9,78.0,95.0,66.0
2016-04-05,5000C,CEUTA,51,CEUTA,355319N,052049W,87.0,16.4,11.8,14.1,0.0,30.0,5.3,18.9,10.6,1003.4,996.9,69.0,82.0,63.0
2016-04-06,5000C,CEUTA,51,CEUTA,355319N,052049W,87.0,21.5,13.4,17.4,0.0,30.0,3.1,11.1,11.7,1005.3,1001.4,59.0,83.0,45.0
2016-04-07,5000C,CEUTA,51,CEUTA,355319N,052049W,87.0,21.5,13.9,17.7,0.0,30.0,2.2,10.3,11.3,1005.2,1003.0,60.0,71.0,43.0
2016-04-08,5000C,CEUTA,51,CEUTA,355319N,052049W,87.0,20.6,14.9,17.8,0.0,30.0,3.6,17.2,11.7,1007.4,1001.2,53.0,77.0,35.0
2016-04-09,5000C,CEUTA,51,CEUTA,355319N,052049W,87.0,21.3,11.9,16.6,0.0,25.0,1.7,9.2,11.7,1007.3,1002.0,43.0,74.0,32.0
2016-04-10,5000C,CEUTA,51,CEUTA,355319N,052049W,87.0,19.9,12.9,16.4,2.0,25.0,2.8,13.1,6.1,1002.0,999.0,80.0,92.0,55.0
2016-04-11,5000C,CEUTA,51,CEUTA,355319N,052049W,87.0,19.8,13.4,16.6,0.2,24.0,2.8,9.7,5.6,1004.2,1000.6,75.0,89.0,53.0
2016-04-12,5000C,CEUTA,51,CEUTA,355319N,052049W,87.0,21.6,13.1,17.4,0.0,20.0,2.2,11.1,6.4,1005.8,1003.1,68.0,93.0,45.0
2016-04-13,5000C,CEUTA,51,CEUTA,355319N,052049W,87.0,22.3,13.9,18.1,0.0,31.0,2.2,10.3,7.8,1007.4,1004.8,63.0,82.0,47.0
2016-04-14,5000C,CEUTA,51,CEUTA,355319N,052049W,87.0,20.7,12.6,16.6,0.0,17.0,1.7,5.6,11.9,1006.7,1003.6,72.0,94.0,50.0
2016-04-15,5000C,CEUTA,51,CEUTA,355319N,052049W,87.0,21.8,13.8,17.8,0.0,25.0,2.5,10.3,11.8,1005.9,1002.7,64.0,81.0,52.0
2016-04-16,5000C,CEUTA,51,CEUTA,355319N,052049W,87.0,24.1,14.7,19.4,0.8,25.0,1.9,10.6,10.6,1006.7,1003.7,62.0,85.0,45.0
2016-04-17,5000C,CEUTA,51,CEUTA,355319N,052049W,87.0,20.4,15.9,18.2,2.6,34.0,1.7,8.9,2.8,1007.3,1004.8,78.0,93.0,64.0
2016-04-18,5000C,CEUTA,51,CEUTA,355319N,052049W,87.0,19.6,15.1,17.4,3.2,10.0,3.1,8.1,6.6,1005.1,1002.6,88.0,97.0,69.0
2016-04-19,5000C,CEUTA,51,CEUTA,355319N,052049W,87.0,16.6,14.8,15.7,10.0,10.0,3.3,9.7,0.6,1005.0,1002.9,98.0,100.0,89.0
2016-04-20,5000C,CEUTA,51,CEUTA,355319N,052049W,87.0,18.5,12.9,15.7,2.8,25.0,2.8,11.7,5.0,1011.9,1003.1,71.0,100.0,59.0
2016-04-21,5000C,CEUTA,51,CEUTA,355319N,052049W,87.0,18.9,11.9,15.4,0.2,18.0,2.2,5.6,10.9,1012.6,1009.3,72.0,93.0,47.0
2016-04-22,5000C,CEUTA,51,CEUTA,355319N,052049W,87.0,20.1,14.6,17.4,0.0,15.0,,5.3,11.4,1010.6,1007.5,,76.0,48.0
2016-04-23,5000C,CEUTA,51,CEUTA,355319N,052049W,87.0,24.1,16.0,20.0,0.0,31.0,1.7,10.0,11.8,1008.1,1004.8,59.0,79.0,44.0
2016-04-24,5000C,CEUTA,51,CEUTA,355319N,052049W,87.0,25.5,16.6,21.0,0.0,32.0,3.1,8.9,11.4,1004.9,1003.0,58.0,85.0,42.0
2016-04-25,5000C,CEUTA,51,CEUTA,355319N,052049W,87.0,18.4,15.1,16.8,0.0,10.0,2.5,7.2,0.3,1005.6,1003.3,87.0,100.0,60.0
2016-04-26,5000C,CEUTA,51,CEUTA,355319N,052049W,87.0,20.3,15.1,17.7,0.0,10.0,3.1,5.8,11.2,1004.7,1001.3,81.0,99.0,60.0
2016-04-27,5000C,CEUTA,51,CEUTA,355319N,052049W,87.0,23.7,16.7,20.2,0.0,29.0,2.8,11.9,11.5,1002.4,1000.7,52.0,67.0,37.0
2016-04-28,5000C,CEUTA,51,CEUTA,355319N,052049W,87.0,21.0,15.6,18.3,0.0,30.0,2.2,12.5,8.5,1003.1,1000.9,66.0,80.0,55.0
2016-04-29,5000C,CEUTA,51,CEUTA,355319N,052049W,87.0,19.4,15.4,17.4,0.0,8.0,3.9,10.0,2.0,1007.3,1002.4,89.0,96.0,72.0
2016-04-30,5000C,CEUTA,51,CEUTA,355319N,052049W,87.0,20.9,16.0,18.4,0.0,99.0,2.5,6.1,9.3,1009.9,1006.6,82.0,97.0,69.0
2016-05-01,5000C,CEUTA,51,CEUTA,355319N,052049W,87.0,20.4,16.0,18.2,0.0,10.0,3.9,10.3,7.0,1011.9,1009.2,89.0,98.0,71.0
2016-05-02,5000C,CEUTA,51,CEUTA,355319N,052049W,87.0,19.5,15.4,17.4,0.0,8.0,6.1,12.8,12.5,1010.6,1008.0,70.0,92.0,60.0
2016-05-03,5000C,CEUTA,51,CEUTA,355319N,052049W,87.0,19.4,15.0,17.2,0.0,9.0,5.3,10.6,11.9,1010.3,1007.1,79.0,91.0,72.0
2016-05-04,5000C,CEUTA,51,CEUTA,355319N,052049W,87.0,18.6,16.2,17.4,1.2,12.0,3.1,7.8,1.4,1008.8,1005.2,84.0,89.0,80.0
2016-05-05,5000C,CEUTA,51,CEUTA,355319N,052049W,87.0,17.1,15.8,16.4,3.6,8.0,2.8,7.5,0.1,1005.2,1002.0,98.0,100.0,86.0
2016-05-06,5000C,CEUTA,51,CEUTA,355319N,052049W,87.0,18.4,15.4,16.9,9.8,26.0,1.7,9.7,1.8,1003.0,1000.9,90.0,100.0,77.0
2016-05-07,5000C,CEUTA,51,CEUTA,355319N,052049W,87.0,19.4,14.9,17.2,1.0,99.0,1.9,7.5,1.6,1002.0,995.3,89.0,95.0,72.0
2016-05-08,5000C,CEUTA,51,CEUTA,355319N,052049W,87.0,17.4,12.5,15.0,14.2,19.0,1.9,13.3,0.9,995.7,991.4,83.0,98.0,75.0
2016-05-09,5000C,CEUTA,51,CEUTA,355319N,052049W,87.0,20.5,12.5,16.5,4.2,24.0,1.7,11.7,5.4,1000.6,993.7,81.0,99.0,53.0
2016-05-10,5000C,CEUTA,51,CEUTA,355319N,052049W,87.0,18.8,12.3,15.6,6.0,23.0,1.7,10.0,2.8,1000.6,996.1,79.0,92.0,64.0
2016-05-11,5000C,CEUTA,51,CEUTA,355319N,052049W,87.0,16.7,12.0,14.4,10.2,25.0,2.5,11.7,2.5,1001.7,997.6,88.0,94.0,75.0
2016-05-12,5000C,CEUTA,51,CEUTA,355319N,052049W,87.0,20.0,14.4,17.2,11.8,24.0,3.3,14.2,6.8,1005.1,1001.1,72.0,90.0,60.0
2016-05-13,5000C,CEUTA,51,CEUTA,355319N,052049W,87.0,20.0,14.4,17.2,0.0,32.0,3.3,13.3,9.3,1009.5,1004.1,68.0,89.0,55.0
2016-05-14,5000C,CEUTA,51,CEUTA,355319N,052049W,87.0,21.3,14.9,18.1,0.0,34.0,2.2,10.6,12.9,1010.8,1008.0,57.0,83.0,47.0
2016-05-15,5000C,CEUTA,51,CEUTA,355319N,052049W,87.0,25.5,15.7,20.6,0.0,29.0,1.9,8.3,12.6,1009.8,1007.7,57.0,79.0,43.0
2016-05-16,5000C,CEUTA,51,CEUTA,355319N,052049W,87.0,22.6,16.5,19.6,0.0,10.0,3.1,6.1,12.9,1010.9,1008.6,70.0,95.0,55.0
2016-05-17,5000C,CEUTA,51,CEUTA,355319N,052049W,87.0,21.8,16.1,19.0,0.0,99.0,3.1,7.2,8.2,1008.6,1003.9,84.0,98.0,71.0
2016-05-18,5000C,CEUTA,51,CEUTA,355319N,052049W,87.0,22.8,16.8,19.8,0.0,30.0,2.8,8.9,11.0,1007.8,1004.1,82.0,95.0,46.0
2016-05-19,5000C,CEUTA,51,CEUTA,355319N,052049W,87.0,29.0,20.6,24.8,0.0,29.0,2.2,12.2,12.9,1008.1,1005.6,44.0,58.0,34.0
2016-05-20,5000C,CEUTA,51,CEUTA,355319N,052049W,87.0,22.0,17.3,19.6,0.0,36.0,3.3,7.2,6.4,1010.0,1005.0,89.0,98.0,37.0
2016-05-21,5000C,CEUTA,51,CEUTA,355319N,052049W,87.0,20.9,17.4,19.2,0.0,11.0,3.1,8.1,5.8,1008.8,1005.9,90.0,96.0,77.0
2016-05-22,5000C,CEUTA,51,CEUTA,355319N,052049W,87.0,25.1,15.9,20.5,0.0,20.0,2.5,8.9,12.8,1009.4,1006.2,65.0,98.0,55.0
2016-05-23,5000C,CEUTA,51,CEUTA,355319N,052049W,87.0,23.3,17.6,20.4,0.0,11.0,3.3,10.6,7.6,1011.3,1008.1,78.0,94.0,59.0
2016-05-24,5000C,CEUTA,51,CEUTA,355319N,052049W,87.0,23.6,17.6,20.6,0.0,31.0,3.3,14.2,6.7,1008.1,1001.5,79.0,90.0,62.0
2016-05-25,5000C,CEUTA,51,CEUTA,355319N,052049W,87.0,24.3,17.3,20.8,0.0,30.0,3.6,15.3,11.9,1003.2,1000.4,59.0,84.0,46.0
2016-05-26,5000C,CEUTA,51,CEUTA,355319N,052049W,87.0,24.1,16.7,20.4,0.0,28.0,4.4,11.7,12.2,1003.9,1001.3,59.0,79.0,46.0
2016-05-27,5000C,CEUTA,51,CEUTA,355319N,052049W,87.0,24.9,16.9,20.9,0.0,28.0,3.6,13.1,13.1,1007.5,1003.3,46.0,75.0,37.0
2016-05-28,5000C,CEUTA,51,CEUTA,355319N,052049W,87.0,24.2,17.5,20.8,1.4,29.0,3.6,15.3,8.5,1011.9,1006.5,65.0,85.0,51.0
2016-05-29,5000C,CEUTA,51,CEUTA,355319N,052049W,87.0,23.1,16.8,20.0,0.0,29.0,3.9,10.6,12.9,1011.6,1009.2,55.0,84.0,43.0
2016-05-30,5000C,CEUTA,51,CEUTA,355319N,052049W,87.0,26.2,16.4,21.3,0.0,33.0,2.2,8.9,12.3,1009.3,1005.2,52.0,77.0,36.0
2016-05-31,5000C,CEUTA,51,CEUTA,355319N,052049W,87.0,24.4,18.2,21.3,0.0,32.0,1.9,8.3,13.3,1009.0,1006.2,59.0,94.0,46.0
2016-06-01,5000C,CEUTA,51,CEUTA,355319N,052049W,87.0,22.3,16.8,19.6,0.0,9.0,3.1,7.2,12.7,1008.7,1004.9,82.0,99.0,72.0
2016-06-02,5000C,CEUTA,51,CEUTA,355319N,052049W,87.0,24.0,17.7,20.8,0.0,18.0,2.5,5.3,12.1,1004.9,1001.8,77.0,96.0,60.0
2016-06-03,5000C,CEUTA,51,CEUTA,355319N,052049W,87.0,23.6,17.6,20.6,0.0,26.0,3.9,15.6,13.2,1005.5,1001.9,60.0,89.0,55.0
2016-06-04,5000C,CEUTA,51,CEUTA,355319N,052049W,87.0,23.5,17.1,20.3,0.0,30.0,3.9,15.6,13.3,1006.4,1003.6,58.0,77.0,42.0
2016-06-05,5000C,CEUTA,51,CEUTA,355319N,052049W,87.0,28.6,16.8,22.7,0.0,29.0,1.9,12.2,13.4,1007.0,1003.5,55.0,99.0,33.0
2016-06-06,5000C,CEUTA,51,CEUTA,355319N,052049W,87.0,22.5,16.0,19.2,0.0,16.0,2.5,6.1,10.8,1008.7,1005.8,80.0,100.0,71.0
2016-06-07,5000C,CEUTA,51,CEUTA,355319N,052049W,87.0,23.5,18.5,21.0,0.0,18.0,3.6,7.5,9.3,1010.7,1008.1,83.0,97.0,75.0
2016-06-08,5000C,CEUTA,51,CEUTA,355319N,052049W,87.0,23.9,19.3,21.6,0.0,12.0,3.6,7.8,9.9,1010.4,1006.6,86.0,97.0,72.0
2016-06-09,5000C,CEUTA,51,CEUTA,355319N,052049W,87.0,28.2,19.2,23.7,0.0,28.0,2.5,13.3,10.8,1006.6,1001.5,80.0,97.0,38.0
2016-06-10,5000C,CEUTA,51,CEUTA,355319N,052049W,87.0,26.8,20.1,23.4,0.0,28.0,3.9,13.9,13.1,1004.0,1001.6,60.0,80.0,43.0
2016-06-11,5000C,CEUTA,51,CEUTA,355319N,052049W,87.0,28.2,19.8,24.0,0.0,30.0,3.3,12.2,12.3,1004.9,1002.0,40.0,76.0,12.0
2016-06-12,5000C,CEUTA,51,CEUTA,355319N,052049W,87.0,30.7,19.8,25.2,0.0,29.0,1.9,11.4,13.3,1007.1,1004.2,52.0,67.0,30.0
2016-06-13,5000C,CEUTA,51,CEUTA,355319N,052049W,87.0,33.9,27.3,30.6,0.0,30.0,4.4,14.2,13.6,1005.1,1002.1,41.0,48.0,27.0
2016-06-14,5000C,CEUTA,51,CEUTA,355319N,052049W,87.0,30.3,22.9,26.6,0.0,29.0,4.2,13.3,13.6,1003.2,1000.5,38.0,59.0,19.0
2016-06-15,5000C,CEUTA,51,CEUTA,355319N,052049W,87.0,23.7,18.2,21.0,0.2,30.0,2.8,15.3,6.3,1002.7,1000.0,66.0,85.0,46.0
2016-06-16,5000C,CEUTA,51,CEUTA,355319N,052049W,87.0,22.8,16.5,19.6,0.0,32.0,3.6,12.8,13.3,1006.3,1001.8,52.0,70.0,43.0
2016-06-17,5000C,CEUTA,51,CEUTA,355319N,052049W,87.0,27.8,17.5,22.6,0.0,29.0,2.8,10.8,13.4,1008.5,1004.8,37.0,69.0,20.0
2016-06-18,5000C,CEUTA,51,CEUTA,355319N,052049W,87.0,29.9,19.6,24.8,0.0,17.0,1.7,5.6,13.5,1011.4,1007.6,30.0,46.0,23.0
2016-06-19,5000C,CEUTA,51,CEUTA,355319N,052049W,87.0,23.8,17.4,20.6,0.0,8.0,3.3,8.3,8.2,1015.5,1011.2,83.0,95.0,38.0
2016-06-20,5000C,CEUTA,51,CEUTA,355319N,052049W,87.0,22.5,18.1,20.3,0.0,11.0,3.3,6.9,8.1,1012.4,1010.1,82.0,94.0,71.0
2016-06-21,5000C,CEUTA,51,CEUTA,355319N,052049W,87.0,21.9,18.0,20.0,0.0,9.0,4.2,9.7,4.5,1011.4,1008.3,87.0,95.0,79.0
2016-06-22,5000C,CEUTA,51,CEUTA,355319N,052049W,87.0,24.0,18.1,21.0,0.0,8.0,4.7,9.2,4.3,1009.5,1007.8,82.0,93.0,70.0
2016-06-23,5000C,CEUTA,51,CEUTA,355319N,052049W,87.0,24.1,18.8,21.4,0.0,12.0,2.5,6.9,7.9,1011.6,1009.1,82.0,96.0,71.0
2016-06-24,5000C,CEUTA,51,CEUTA,355319N,052049W,87.0,23.9,18.8,21.4,0.0,16.0,3.3,6.4,11.3,1010.1,1005.5,80.0,96.0,70.0
2016-06-25,5000C,CEUTA,51,CEUTA,355319N,052049W,87.0,33.4,18.2,25.8,0.0,29.0,1.9,8.3,12.6,1005.5,1002.5,48.0,93.0,23.0
2016-06-26,5000C,CEUTA,51,CEUTA,355319N,052049W,87.0,28.9,19.1,24.0,0.0,25.0,1.9,7.8,13.0,1008.0,1003.2,51.0,79.0,35.0
2016-06-27,5000C,CEUTA,51,CEUTA,355319N,052049W,87.0,24.6,18.8,21.7,1.2,9.0,3.9,10.8,4.4,1009.5,1005.7,87.0,97.0,74.0
2016-06-28,5000C,CEUTA,51,CEUTA,355319N,052049W,87.0,23.8,19.6,21.7,0.2,16.0,4.7,10.8,8.9,1007.2,1003.3,81.0,95.0,74.0
2016-06-29,5000C,CEUTA,51,CEUTA,355319N,052049W,87.0,28.5,20.9,24.7,0.0,19.0,2.2,6.1,12.2,1006.6,1004.2,64.0,85.0,48.0
2016-06-30,5000C,CEUTA,51,CEUTA,355319N,052049W,87.0,30.1,19.8,25.0,0.0,20.0,1.9,6.1,12.8,1007.0,1005.1,71.0,87.0,49.0
2016-07-01,5000C,CEUTA,51,CEUTA,355319N,052049W,87.0,31.1,21.0,26.0,0.0,13.0,1.9,5.3,12.9,1007.2,1005.2,54.0,80.0,40.0
2016-07-02,5000C,CEUTA,51,CEUTA,355319N,052049W,87.0,28.7,20.7,24.7,0.0,16.0,2.8,7.2,12.6,1007.3,1004.9,58.0,85.0,43.0
2016-07-03,5000C,CEUTA,51,CEUTA,355319N,052049W,87.0,26.0,21.6,23.8,0.0,18.0,4.4,10.8,8.8,1006.6,1004.0,78.0,90.0,59.0
2016-07-04,5000C,CEUTA,51,CEUTA,355319N,052049W,87.0,27.5,20.6,24.0,0.0,18.0,2.2,6.7,12.9,1007.5,1004.7,66.0,92.0,56.0
2016-07-05,5000C,CEUTA,51,CEUTA,355319N,052049W,87.0,26.9,21.0,24.0,0.0,14.0,1.7,5.0,12.9,1007.9,1006.1,73.0,92.0,65.0
2016-07-06,5000C,CEUTA,51,CEUTA,355319N,052049W,87.0,26.2,20.3,23.2,0.0,10.0,3.3,7.8,12.0,1007.8,1005.5,77.0,99.0,62.0
2016-07-07,5000C,CEUTA,51,CEUTA,355319N,052049W,87.0,28.9,20.7,24.8,0.0,26.0,1.9,8.3,10.7,1009.4,1005.1,60.0,85.0,49.0
2016-07-08,5000C,CEUTA,51,CEUTA,355319N,052049W,87.0,29.3,21.2,25.2,0.0,99.0,2.2,6.4,12.9,1009.0,1006.6,60.0,82.0,48.0
2016-07-09,5000C,CEUTA,51,CEUTA,355319N,052049W,87.0,28.6,22.4,25.5,0.0,17.0,3.9,8.3,11.7,1007.8,1004.9,68.0,91.0,49.0
2016-07-10,5000C,CEUTA,51,CEUTA,355319N,052049W,87.0,27.6,22.4,25.0,0.0,9.0,3.1,6.7,11.0,1006.3,1004.0,79.0,91.0,65.0
2016-07-11,5000C,CEUTA,51,CEUTA,355319N,052049W,87.0,30.4,21.9,26.2,0.0,99.0,2.2,5.0,12.7,1005.1,1002.7,51.0,90.0,36.0
2016-07-12,5000C,CEUTA,51,CEUTA,355319N,052049W,87.0,35.8,21.8,28.8,0.0,29.0,2.5,11.4,12.9,1004.1,1002.2,34.0,92.0,18.0
2016-07-13,5000C,CEUTA,51,CEUTA,355319N,052049W,87.0,33.4,22.6,28.0,0.0,35.0,3.1,13.3,11.4,1008.7,1002.6,64.0,92.0,23.0
2016-07-14,5000C,CEUTA,51,CEUTA,355319N,052049W,87.0,26.4,21.6,24.0,0.0,8.0,4.7,10.0,10.2,1010.3,1007.1,82.0,94.0,72.0
2016-07-15,5000C,CEUTA,51,CEUTA,355319N,052049W,87.0,26.3,21.4,23.8,0.0,11.0,4.7,11.1,10.6,1009.9,1007.5,79.0,96.0,68.0
2016-07-16,5000C,CEUTA,51,CEUTA,355319N,052049W,87.0,25.7,20.6,23.2,0.0,9.0,4.4,10.3,12.5,1009.6,1007.3,80.0,92.0,68.0
2016-07-17,5000C,CEUTA,51,CEUTA,355319N,052049W,87.0,25.4,20.4,22.9,0.0,13.0,4.2,10.3,9.1,1008.7,1006.6,81.0,94.0,71.0
2016-07-18,5000C,CEUTA,51,CEUTA,355319N,052049W,87.0,25.7,20.6,23.2,0.0,10.0,3.9,8.6,8.9,1009.6,1007.0,82.0,93.0,71.0
2016-07-19,5000C,CEUTA,51,CEUTA,355319N,052049W,87.0,25.4,21.0,23.2,0.0,17.0,4.7,9.4,5.9,1009.8,1006.5,83.0,95.0,74.0
2016-07-20,5000C,CEUTA,51,CEUTA,355319N,052049W,87.0,27.1,21.5,24.3,0.0,17.0,3.9,7.5,8.3,1008.1,1006.3,80.0,96.0,64.0
2016-07-21,5000C,CEUTA,51,CEUTA,355319N,052049W,87.0,35.4,21.4,28.4,0.0,29.0,1.7,11.7,11.6,1006.6,1002.7,53.0,96.0,23.0
2016-07-22,5000C,CEUTA,51,CEUTA,355319N,052049W,87.0,29.2,23.0,26.1,0.0,29.0,3.6,13.3,13.0,1005.2,1002.7,48.0,67.0,28.0
2016-07-23,5000C,CEUTA,51,CEUTA,355319N,052049W,87.0,29.0,22.1,25.6,0.0,31.0,3.1,12.8,6.9,1007.7,1003.3,85.0,95.0,32.0
2016-07-24,5000C,CEUTA,51,CEUTA,355319N,052049W,87.0,26.3,21.3,23.8,0.0,10.0,4.2,7.8,8.2,1008.1,1006.4,87.0,97.0,74.0
2016-07-25,5000C,CEUTA,51,CEUTA,355319N,052049W,87.0,26.3,21.2,23.8,0.0,99.0,3.9,7.2,10.0,1009.0,1006.8,84.0,94.0,74.0
2016-07-26,5000C,CEUTA,51,CEUTA,355319N,052049W,87.0,27.2,21.9,24.6,0.0,5.0,2.8,6.1,11.0,1008.7,1006.1,82.0,95.0,69.0
2016-07-27,5000C,CEUTA,51,CEUTA,355319N,052049W,87.0,30.3,19.8,25.0,0.0,19.0,2.5,5.3,12.8,1007.4,1004.9,69.0,98.0,39.0
2016-07-28,5000C,CEUTA,51,CEUTA,355319N,052049W,87.0,27.3,19.0,23.2,0.0,10.0,2.8,6.9,8.5,1007.4,1004.9,86.0,99.0,70.0
2016-07-29,5000C,CEUTA,51,CEUTA,355319N,052049W,87.0,27.7,22.4,25.0,0.0,10.0,3.1,7.5,9.8,1007.0,1004.3,78.0,94.0,66.0
2016-07-30,5000C,CEUTA,51,CEUTA,355319N,052049W,87.0,30.2,20.5,25.4,0.0,13.0,1.4,5.0,11.9,1007.7,1005.2,63.0,91.0,32.0
2016-07-31,5000C,CEUTA,51,CEUTA,355319N,052049W,87.0,33.7,24.8,29.2,0.0,32.0,2.5,14.4,3.1,1007.0,1004.3,39.0,61.0,16.0
2016-08-01,5000C,CEUTA,51,CEUTA,355319N,052049W,87.0,38.3,23.1,30.7,0.0,31.0,3.9,14.4,12.6,1008.8,1003.9,40.0,97.0,8.0
2016-08-02,5000C,CEUTA,51,CEUTA,355319N,052049W,87.0,26.9,22.2,24.6,0.0,7.0,3.3,7.8,4.9,1009.5,1006.8,85.0,96.0,74.0
2016-08-03,5000C,CEUTA,51,CEUTA,355319N,052049W,87.0,27.7,22.4,25.0,0.0,11.0,2.5,6.1,9.4,1008.2,1003.6,77.0,96.0,63.0
2016-08-04,5000C,CEUTA,51,CEUTA,355319N,052049W,87.0,35.6,21.5,28.6,0.0,29.0,2.5,14.2,12.7,1005.6,1003.5,42.0,81.0,12.0
2016-08-05,5000C,CEUTA,51,CEUTA,355319N,052049W,87.0,35.5,22.5,29.0,0.0,32.0,2.8,15.3,12.0,1010.2,1004.2,57.0,95.0,19.0
2016-08-06,5000C,CEUTA,51,CEUTA,355319N,052049W,87.0,27.3,22.5,24.9,0.0,10.0,4.7,11.7,7.8,1011.8,1009.7,84.0,96.0,74.0
2016-08-07,5000C,CEUTA,51,CEUTA,355319N,052049W,87.0,26.5,21.5,24.0,0.0,10.0,5.6,12.2,10.0,1012.4,1009.6,82.0,94.0,72.0
2016-08-08,5000C,CEUTA,51,CEUTA,355319N,052049W,87.0,26.7,21.8,24.2,0.0,8.0,5.0,10.8,9.6,1011.2,1008.7,84.0,96.0,72.0
2016-08-09,5000C,CEUTA,51,CEUTA,355319N,052049W,87.0,26.8,21.9,24.4,0.0,11.0,3.9,8.3,12.5,1009.4,1005.3,77.0,95.0,70.0
2016-08-10,5000C,CEUTA,51,CEUTA,355319N,052049W,87.0,26.8,21.4,24.1,0.0,9.0,3.3,9.2,10.1,1008.1,1005.0,83.0,98.0,69.0
2016-08-11,5000C,CEUTA,51,CEUTA,355319N,052049W,87.0,26.7,21.5,24.1,0.0,10.0,4.7,11.4,12.1,1010.8,1007.2,78.0,95.0,66.0
2016-08-12,5000C,CEUTA,51,CEUTA,355319N,052049W,87.0,27.0,22.0,24.5,0.0,10.0,5.0,12.5,12.0,1012.7,1010.1,75.0,93.0,64.0
2016-08-13,5000C,CEUTA,51,CEUTA,355319N,052049W,87.0,26.7,21.5,24.1,0.0,11.0,4.2,8.6,11.0,1011.4,1008.8,78.0,93.0,66.0
2016-08-14,5000C,CEUTA,51,CEUTA,355319N,052049W,87.0,26.5,21.9,24.2,0.0,8.0,4.7,10.0,10.2,1010.0,1008.0,79.0,92.0,69.0
2016-08-15,5000C,CEUTA,51,CEUTA,355319N,052049W,87.0,24.4,21.8,23.1,0.0,99.0,3.1,7.5,0.4,1009.9,1007.0,88.0,96.0,82.0
2016-08-16,5000C,CEUTA,51,CEUTA,355319N,052049W,87.0,27.0,21.7,24.4,0.0,18.0,2.5,6.4,9.3,1008.5,1005.3,83.0,97.0,70.0
2016-08-17,5000C,CEUTA,51,CEUTA,355319N,052049W,87.0,34.3,21.7,28.0,0.0,28.0,2.2,11.9,11.7,1005.7,1002.6,54.0,92.0,24.0
2016-08-18,5000C,CEUTA,51,CEUTA,355319N,052049W,87.0,34.2,23.2,28.7,0.0,31.0,2.2,13.6,12.2,1003.3,999.9,39.0,56.0,26.0
2016-08-19,5000C,CEUTA,51,CEUTA,355319N,052049W,87.0,35.7,22.9,29.3,0.0,29.0,1.9,13.1,12.1,1004.4,1000.8,33.0,52.0,19.0
2016-08-20,5000C,CEUTA,51,CEUTA,355319N,052049W,87.0,32.8,24.4,28.6,0.0,27.0,3.1,12.8,12.2,1006.6,1002.7,52.0,69.0,32.0
2016-08-21,5000C,CEUTA,51,CEUTA,355319N,052049W,87.0,29.1,23.6,26.4,0.0,33.0,3.1,12.2,7.0,1011.1,1005.2,69.0,94.0,18.0
2016-08-22,5000C,CEUTA,51,CEUTA,355319N,052049W,87.0,27.5,23.4,25.4,0.0,10.0,5.6,11.1,9.0,1012.4,1009.9,80.0,94.0,68.0
2016-08-23,5000C,CEUTA,51,CEUTA,355319N,052049W,87.0,27.4,22.7,25.0,0.0,10.0,5.0,10.8,8.5,1011.5,1008.3,79.0,90.0,67.0
2016-08-24,5000C,CEUTA,51,CEUTA,355319N,052049W,87.0,26.7,22.3,24.5,0.0,11.0,4.7,8.6,9.8,1008.8,1005.5,80.0,91.0,69.0
2016-08-25,5000C,CEUTA,51,CEUTA,355319N,052049W,87.0,26.6,22.2,24.4,0.0,99.0,4.4,10.0,9.6,1006.4,1003.6,82.0,90.0,71.0
2016-08-26,5000C,CEUTA,51,CEUTA,355319N,052049W,87.0,27.3,21.2,24.2,2.0,10.0,4.2,9.2,5.5,1008.5,1003.6,85.0,96.0,69.0
2016-08-27,5000C,CEUTA,51,CEUTA,355319N,052049W,87.0,27.1,22.0,24.6,0.0,10.0,3.3,7.8,6.2,1009.8,1006.9,86.0,97.0,74.0
2016-08-28,5000C,CEUTA,51,CEUTA,355319N,052049W,87.0,27.1,22.6,24.8,0.0,17.0,2.8,6.7,9.9,1010.2,1007.6,84.0,94.0,74.0
2016-08-29,5000C,CEUTA,51,CEUTA,355319N,052049W,87.0,37.1,22.8,30.0,0.0,31.0,2.2,10.0,10.4,1008.6,1005.3,36.0,92.0,13.0
2016-08-30,5000C,CEUTA,51,CEUTA,355319N,052049W,87.0,31.1,21.3,26.2,0.0,32.0,2.5,8.9,9.3,1009.0,1005.7,83.0,92.0,22.0
2016-08-31,5000C,CEUTA,51,CEUTA,355319N,052049W,87.0,27.6,20.1,23.8,0.0,10.0,1.4,6.4,10.9,1009.2,1006.8,77.0,92.0,54.0
2016-09-01,5000C,CEUTA,51,CEUTA,355319N,052049W,87.0,28.4,22.5,25.4,0.0,11.0,5.3,11.4,8.7,1010.9,1008.3,82.0,96.0,70.0
2016-09-02,5000C,CEUTA,51,CEUTA,355319N,052049W,87.0,27.6,22.2,24.9,0.0,9.0,3.6,9.2,5.2,1011.0,1008.4,86.0,95.0,74.0
2016-09-03,5000C,CEUTA,51,CEUTA,355319N,052049W,87.0,27.3,22.3,24.8,0.0,10.0,4.7,9.4,9.3,1010.1,1007.5,86.0,97.0,76.0
2016-09-04,5000C,CEUTA,51,CEUTA,355319N,052049W,87.0,27.7,22.6,25.2,0.0,99.0,3.1,5.6,10.2,1010.7,1008.5,88.0,98.0,70.0
2016-09-05,5000C,CEUTA,51,CEUTA,355319N,052049W,87.0,32.7,22.9,27.8,0.0,20.0,3.1,6.9,11.2,1010.0,1007.2,56.0,93.0,21.0
2016-09-06,5000C,CEUTA,51,CEUTA,355319N,052049W,87.0,32.6,23.3,28.0,0.0,19.0,1.4,4.7,11.2,1007.5,1005.2,48.0,87.0,27.0
2016-09-07,5000C,CEUTA,51,CEUTA,355319N,052049W,87.0,31.9,20.7,26.3,0.0,30.0,1.4,11.7,11.0,1005.7,1003.6,61.0,85.0,33.0
2016-09-08,5000C,CEUTA,51,CEUTA,355319N,052049W,87.0,32.3,22.0,27.2,0.0,31.0,2.2,12.8,11.1,1005.9,1004.1,44.0,72.0,21.0
2016-09-09,5000C,CEUTA,51,CEUTA,355319N,052049W,87.0,31.5,21.7,26.6,0.0,24.0,1.4,7.5,11.4,1007.4,1004.5,45.0,71.0,22.0
2016-09-10,5000C,CEUTA,51,CEUTA,355319N,052049W,87.0,31.7,20.9,26.3,0.0,30.0,1.9,10.3,11.4,1006.1,1003.6,38.0,63.0,25.0
2016-09-11,5000C,CEUTA,51,CEUTA,355319N,052049W,87.0,27.5,20.3,23.9,0.0,32.0,2.5,6.9,9.7,1006.9,1004.5,75.0,93.0,39.0
2016-09-12,5000C,CEUTA,51,CEUTA,355319N,052049W,87.0,26.7,22.5,24.6,0.0,29.0,2.2,9.4,1.8,1006.2,1003.6,90.0,95.0,76.0
2016-09-13,5000C,CEUTA,51,CEUTA,355319N,052049W,87.0,29.1,18.6,23.8,2.2,24.0,3.1,12.5,7.9,1007.8,1004.4,64.0,90.0,42.0
2016-09-14,5000C,CEUTA,51,CEUTA,355319N,052049W,87.0,23.3,18.3,20.8,0.0,25.0,2.8,10.0,10.9,1009.3,1006.1,59.0,81.0,42.0
2016-09-15,5000C,CEUTA,51,CEUTA,355319N,052049W,87.0,24.2,17.5,20.8,0.0,,3.1,,10.7,1009.0,1007.2,52.0,71.0,32.0
2016-09-16,5000C,CEUTA,51,CEUTA,355319N,052049W,87.0,25.7,19.4,22.6,0.0,30.0,1.9,9.4,11.2,1010.5,1008.2,53.0,85.0,40.0
2016-09-17,5000C,CEUTA,51,CEUTA,355319N,052049W,87.0,25.0,20.0,22.5,0.0,12.0,3.3,8.3,9.4,1009.9,1006.7,81.0,94.0,66.0
2016-09-18,5000C,CEUTA,51,CEUTA,355319N,052049W,87.0,25.2,19.1,22.2,0.0,17.0,2.5,5.8,11.1,1008.7,1006.4,84.0,98.0,69.0
2016-09-19,5000C,CEUTA,51,CEUTA,355319N,052049W,87.0,22.0,18.5,20.2,0.6,18.0,1.4,6.1,0.4,1010.1,1005.9,91.0,98.0,61.0
2016-09-20,5000C,CEUTA,51,CEUTA,355319N,052049W,87.0,27.0,19.7,23.4,0.0,32.0,1.7,6.7,10.5,1007.3,1005.0,65.0,86.0,51.0
2016-09-21,5000C,CEUTA,51,CEUTA,355319N,052049W,87.0,29.0,19.3,24.2,0.0,10.0,1.4,5.3,10.9,1007.0,1005.0,52.0,72.0,37.0
2016-09-22,5000C,CEUTA,51,CEUTA,355319N,052049W,87.0,26.3,19.0,22.6,0.0,25.0,3.6,13.9,10.7,1011.2,1006.2,61.0,75.0,46.0
2016-09-23,5000C,CEUTA,51,CEUTA,355319N,052049W,87.0,25.2,17.4,21.3,0.0,31.0,2.2,10.0,10.7,1013.0,1010.5,72.0,86.0,54.0
2016-09-24,5000C,CEUTA,51,CEUTA,355319N,052049W,87.0,25.7,20.6,23.2,0.0,8.0,3.6,7.8,7.3,1011.9,1009.1,80.0,94.0,67.0
2016-09-25,5000C,CEUTA,51,CEUTA,355319N,052049W,87.0,24.5,20.7,22.6,0.0,6.0,3.1,7.2,3.9,1010.3,1007.6,88.0,96.0,77.0
2016-09-26,5000C,CEUTA,51,CEUTA,355319N,052049W,87.0,25.6,21.0,23.3,0.0,12.0,3.3,8.1,7.7,1010.7,1007.3,86.0,97.0,75.0
2016-09-27,5000C,CEUTA,51,CEUTA,355319N,052049W,87.0,25.2,20.9,23.0,0.0,8.0,3.9,10.0,5.9,1012.6,1009.7,89.0,97.0,76.0
2016-09-28,5000C,CEUTA,51,CEUTA,355319N,052049W,87.0,25.3,20.9,23.1,0.0,10.0,5.6,13.3,8.7,1013.2,1011.2,83.0,95.0,71.0
2016-09-29,5000C,CEUTA,51,CEUTA,355319N,052049W,87.0,24.5,20.6,22.6,0.0,9.0,4.4,14.2,9.4,1012.3,1007.0,79.0,91.0,64.0
2016-09-30,5000C,CEUTA,51,CEUTA,355319N,052049W,87.0,24.3,20.2,22.2,0.0,12.0,3.1,9.4,3.1,1007.9,1005.1,90.0,98.0,78.0
2016-10-01,5000C,CEUTA,51,CEUTA,355319N,052049W,87.0,24.4,19.0,21.7,0.0,16.0,2.2,5.8,8.2,1006.1,1003.8,86.0,98.0,73.0
2016-10-02,5000C,CEUTA,51,CEUTA,355319N,052049W,87.0,24.6,17.5,21.0,0.0,14.0,0.8,5.6,10.1,1006.7,1003.9,81.0,97.0,67.0
2016-10-03,5000C,CEUTA,51,CEUTA,355319N,052049W,87.0,24.1,18.4,21.2,0.0,6.0,2.5,6.4,5.5,1009.7,1006.5,88.0,95.0,72.0
2016-10-04,5000C,CEUTA,51,CEUTA,355319N,052049W,87.0,24.2,20.3,22.2,0.0,12.0,3.6,7.8,2.2,1010.4,1007.4,90.0,97.0,79.0
2016-10-05,5000C,CEUTA,51,CEUTA,355319N,052049W,87.0,24.3,20.8,22.6,0.0,10.0,4.2,9.4,1.3,1008.0,1004.7,90.0,97.0,81.0
2016-10-06,5000C,CEUTA,51,CEUTA,355319N,052049W,87.0,25.4,19.6,22.5,0.0,6.0,1.4,6.9,5.9,1004.7,1000.5,84.0,97.0,67.0
2016-10-07,5000C,CEUTA,51,CEUTA,355319N,052049W,87.0,26.7,17.9,22.3,0.0,18.0,1.7,5.0,10.2,1006.3,1001.3,74.0,93.0,50.0
2016-10-08,5000C,CEUTA,51,CEUTA,355319N,052049W,87.0,30.0,18.1,24.0,0.0,16.0,1.1,5.6,9.8,1007.3,1005.5,62.0,93.0,38.0
2016-10-09,5000C,CEUTA,51,CEUTA,355319N,052049W,87.0,26.7,18.3,22.5,0.0,30.0,2.5,10.0,10.2,1008.3,1006.0,54.0,61.0,44.0
2016-10-10,5000C,CEUTA,51,CEUTA,355319N,052049W,87.0,26.1,16.8,21.4,0.0,29.0,1.9,8.1,10.3,1008.3,1006.0,62.0,79.0,45.0
2016-10-11,5000C,CEUTA,51,CEUTA,355319N,052049W,87.0,23.8,17.3,20.6,0.0,23.0,2.8,12.5,10.3,1006.9,1002.2,61.0,74.0,49.0
2016-10-12,5000C,CEUTA,51,CEUTA,355319N,052049W,87.0,20.5,17.6,19.0,40.2,19.0,3.1,11.1,0.4,1002.3,994.4,76.0,95.0,58.0
2016-10-13,5000C,CEUTA,51,CEUTA,355319N,052049W,87.0,20.2,16.3,18.2,3.8,32.0,2.2,12.5,2.2,998.9,992.6,80.0,97.0,70.0
2016-10-14,5000C,CEUTA,51,CEUTA,355319N,052049W,87.0,21.6,15.0,18.3,3.6,23.0,2.5,10.0,6.1,1003.6,998.4,74.0,91.0,59.0
2016-10-15,5000C,CEUTA,51,CEUTA,355319N,052049W,87.0,20.4,14.7,17.6,0.0,30.0,1.4,8.3,5.9,1006.2,1002.8,79.0,91.0,69.0
2016-10-16,5000C,CEUTA,51,CEUTA,355319N,052049W,87.0,21.9,17.4,19.6,0.0,9.0,1.7,4.7,3.9,1010.1,1005.7,89.0,97.0,77.0
2016-10-17,5000C,CEUTA,51,CEUTA,355319N,052049W,87.0,23.1,17.1,20.1,0.0,16.0,1.7,5.8,9.0,1013.0,1009.8,88.0,98.0,64.0
2016-10-18,5000C,CEUTA,51,CEUTA,355319N,052049W,87.0,22.0,17.8,19.9,0.0,9.0,1.9,5.3,1.4,1013.8,1010.8,92.0,97.0,62.0
2016-10-19,5000C,CEUTA,51,CEUTA,355319N,052049W,87.0,22.2,19.3,20.8,0.0,13.0,2.8,6.7,3.4,1012.5,1006.5,93.0,97.0,82.0
2016-10-20,5000C,CEUTA,51,CEUTA,355319N,052049W,87.0,22.9,18.9,20.9,0.0,99.0,1.9,3.9,2.6,1006.5,1002.8,89.0,99.0,76.0
2016-10-21,5000C,CEUTA,51,CEUTA,355319N,052049W,87.0,22.1,18.4,20.2,0.0,10.0,1.9,5.8,1.5,1003.5,1001.9,92.0,99.0,83.0
2016-10-22,5000C,CEUTA,51,CEUTA,355319N,052049W,87.0,22.6,17.3,20.0,0.0,22.0,1.9,8.3,7.3,1002.3,999.6,90.0,98.0,72.0
2016-10-23,5000C,CEUTA,51,CEUTA,355319N,052049W,87.0,24.3,15.8,20.0,2.9,19.0,3.3,11.4,5.8,1000.2,996.9,77.0,93.0,54.0
2016-10-24,5000C,CEUTA,51,CEUTA,355319N,052049W,87.0,20.2,15.7,18.0,0.0,2.0,1.4,4.4,0.9,1002.0,997.7,87.0,95.0,81.0
2016-10-25,5000C,CEUTA,51,CEUTA,355319N,052049W,87.0,23.9,17.5,20.7,0.0,5.0,1.7,4.4,3.4,1008.3,1001.5,79.0,95.0,67.0
2016-10-26,5000C,CEUTA,51,CEUTA,355319N,052049W,87.0,22.3,19.2,20.8,0.0,3.0,1.4,5.8,0.6,1012.6,1007.0,93.0,98.0,87.0
2016-10-27,5000C,CEUTA,51,CEUTA,355319N,052049W,87.0,22.2,19.9,21.0,0.0,9.0,3.3,10.0,0.1,1016.0,1011.6,94.0,99.0,84.0
2016-10-28,5000C,CEUTA,51,CEUTA,355319N,052049W,87.0,22.1,18.5,20.3,0.0,10.0,3.9,11.4,4.2,1018.6,1015.9,89.0,97.0,81.0
2016-10-29,5000C,CEUTA,51,CEUTA,355319N,052049W,87.0,21.3,18.1,19.7,0.0,12.0,4.7,11.1,6.3,1017.2,1012.8,90.0,97.0,82.0
2016-10-30,5000C,CEUTA,51,CEUTA,355319N,052049W,87.0,21.1,17.5,19.3,0.0,9.0,4.2,9.7,7.5,1012.8,1009.3,88.0,96.0,75.0
2016-10-31,5000C,CEUTA,51,CEUTA,355319N,052049W,87.0,20.6,17.2,18.9,0.0,15.0,2.8,6.7,4.5,1012.3,1009.2,89.0,97.0,78.0
2016-11-01,5000C,CEUTA,51,CEUTA,355319N,052049W,87.0,21.3,17.5,19.4,0.0,17.0,1.7,5.3,5.2,1013.6,1011.5,91.0,97.0,75.0
2016-11-02,5000C,CEUTA,51,CEUTA,355319N,052049W,87.0,21.9,17.2,19.6,0.0,99.0,2.2,4.7,5.2,1012.2,1009.2,89.0,97.0,78.0
2016-11-03,5000C,CEUTA,51,CEUTA,355319N,052049W,87.0,22.0,16.4,19.2,3.0,29.0,2.5,12.5,0.7,1009.2,1005.8,97.0,100.0,54.0
2016-11-04,5000C,CEUTA,51,CEUTA,355319N,052049W,87.0,22.7,17.8,20.2,0.4,28.0,1.9,11.1,2.2,1009.1,1005.3,62.0,90.0,51.0
2016-11-05,5000C,CEUTA,51,CEUTA,355319N,052049W,87.0,24.2,17.7,21.0,5.6,24.0,2.5,12.8,7.1,1006.5,1001.8,71.0,84.0,50.0
2016-11-06,5000C,CEUTA,51,CEUTA,355319N,052049W,87.0,18.9,14.0,16.4,0.0,29.0,4.2,13.6,7.4,1005.3,1001.9,52.0,92.0,40.0
2016-11-07,5000C,CEUTA,51,CEUTA,355319N,052049W,87.0,16.8,11.4,14.1,0.0,29.0,4.7,13.3,8.8,1008.3,1002.4,58.0,66.0,38.0
2016-11-08,5000C,CEUTA,51,CEUTA,355319N,052049W,87.0,17.4,11.7,14.6,0.0,32.0,2.8,15.0,9.2,1017.0,1008.3,48.0,66.0,35.0
2016-11-09,5000C,CEUTA,51,CEUTA,355319N,052049W,87.0,19.3,12.3,15.8,1.2,24.0,2.8,12.2,6.2,1018.3,1014.5,63.0,75.0,52.0
2016-11-10,5000C,CEUTA,51,CEUTA,355319N,052049W,87.0,22.3,14.1,18.2,0.0,32.0,3.1,15.0,8.4,1015.4,1013.3,60.0,91.0,35.0
2016-11-11,5000C,CEUTA,51,CEUTA,355319N,052049W,87.0,19.4,12.0,15.7,0.0,33.0,1.9,8.6,9.1,1015.0,1012.7,62.0,80.0,44.0
2016-11-12,5000C,CEUTA,51,CEUTA,355319N,052049W,87.0,21.2,12.8,17.0,0.0,24.0,1.7,5.0,8.3,1013.1,1010.3,61.0,77.0,42.0
2016-11-13,5000C,CEUTA,51,CEUTA,355319N,052049W,87.0,18.4,12.9,15.6,0.0,14.0,2.8,6.9,5.3,1012.1,1009.7,85.0,93.0,70.0
2016-11-14,5000C,CEUTA,51,CEUTA,355319N,052049W,87.0,18.9,14.8,16.8,0.0,9.0,3.1,14.7,8.7,1012.3,1008.9,82.0,91.0,71.0
2016-11-15,5000C,CEUTA,51,CEUTA,355319N,052049W,87.0,18.2,15.7,17.0,0.0,12.0,6.1,13.3,7.8,1014.3,1011.7,76.0,85.0,66.0
2016-11-16,5000C,CEUTA,51,CEUTA,355319N,052049W,87.0,18.9,15.1,17.0,0.0,11.0,4.7,10.8,8.6,1014.2,1011.9,74.0,89.0,62.0
2016-11-17,5000C,CEUTA,51,CEUTA,355319N,052049W,87.0,18.8,13.7,16.2,0.0,5.0,2.5,6.4,8.2,1011.9,1008.8,78.0,94.0,68.0
2016-11-18,5000C,CEUTA,51,CEUTA,355319N,052049W,87.0,18.6,13.2,15.9,0.0,33.0,1.7,6.7,8.5,1008.9,1005.2,77.0,97.0,45.0
2016-11-19,5000C,CEUTA,51,CEUTA,355319N,052049W,87.0,20.3,14.3,17.3,0.0,28.0,2.8,11.1,7.0,1008.1,1005.2,72.0,81.0,58.0
2016-11-20,5000C,CEUTA,51,CEUTA,355319N,052049W,87.0,21.7,14.8,18.2,4.6,26.0,2.8,14.2,5.0,1007.0,1000.7,66.0,81.0,51.0
2016-11-21,5000C,CEUTA,51,CEUTA,355319N,052049W,87.0,19.8,14.4,17.1,58.4,99.0,2.5,14.2,2.1,1000.7,996.2,87.0,97.0,71.0
2016-11-22,5000C,CEUTA,51,CEUTA,355319N,052049W,87.0,15.4,11.2,13.3,7.6,29.0,1.4,8.6,0.5,996.3,991.6,91.0,98.0,79.0
2016-11-23,5000C,CEUTA,51,CEUTA,355319N,052049W,87.0,13.7,10.1,11.9,6.6,18.0,1.9,7.5,0.1,1000.5,993.8,70.0,92.0,61.0
2016-11-24,5000C,CEUTA,51,CEUTA,355319N,052049W,87.0,14.6,9.0,11.8,19.8,32.0,2.2,10.0,1.9,1003.8,999.9,84.0,96.0,64.0
2016-11-25,5000C,CEUTA,51,CEUTA,355319N,052049W,87.0,17.9,11.0,14.4,47.6,18.0,2.2,9.4,3.8,1003.1,996.0,85.0,97.0,65.0
2016-11-26,5000C,CEUTA,51,CEUTA,355319N,052049W,87.0,15.3,11.8,13.6,5.4,18.0,2.2,7.8,0.4,996.1,993.8,87.0,96.0,70.0
2016-11-27,5000C,CEUTA,51,CEUTA,355319N,052049W,87.0,14.4,11.8,13.1,16.4,18.0,1.9,8.9,0.0,998.3,993.9,87.0,99.0,67.0
2016-11-28,5000C,CEUTA,51,CEUTA,355319N,052049W,87.0,17.6,12.0,14.8,0.2,32.0,2.5,11.1,5.7,1005.5,998.3,75.0,90.0,65.0
2016-11-29,5000C,CEUTA,51,CEUTA,355319N,052049W,87.0,17.3,12.0,14.6,1.6,10.0,3.6,13.3,2.8,1010.3,1004.9,87.0,98.0,77.0
2016-11-30,5000C,CEUTA,51,CEUTA,355319N,052049W,87.0,17.6,15.8,16.7,1.4,9.0,6.4,13.3,1.0,1013.3,1010.1,86.0,90.0,81.0
2016-12-01,5000C,CEUTA,51,CEUTA,355319N,052049W,87.0,17.9,14.4,16.2,2.8,6.0,3.1,6.4,0.6,1014.1,1012.1,93.0,98.0,86.0
2016-12-02,5000C,CEUTA,51,CEUTA,355319N,052049W,87.0,17.5,14.5,16.0,15.0,10.0,3.3,6.4,0.3,1012.1,1004.4,90.0,99.0,83.0
2016-12-03,5000C,CEUTA,51,CEUTA,355319N,052049W,87.0,16.5,14.5,15.5,23.0,17.0,2.5,8.6,0.0,1004.4,998.6,96.0,99.0,92.0
2016-12-04,5000C,CEUTA,51,CEUTA,355319N,052049W,87.0,16.3,14.9,15.6,49.4,17.0,3.6,12.5,0.0,999.8,997.3,97.0,99.0,94.0
2016-12-05,5000C,CEUTA,51,CEUTA,355319N,052049W,87.0,16.2,14.8,15.5,54.8,14.0,1.9,8.9,0.0,1010.1,999.4,99.0,100.0,96.0
2016-12-06,5000C,CEUTA,51,CEUTA,355319N,052049W,87.0,18.5,15.0,16.8,0.0,5.0,2.5,7.5,6.6,1016.8,1010.1,91.0,98.0,82.0
2016-12-07,5000C,CEUTA,51,CEUTA,355319N,052049W,87.0,18.0,15.2,16.6,0.0,8.0,5.3,11.9,4.1,1018.8,1015.6,86.0,95.0,79.0
2016-12-08,5000C,CEUTA,51,CEUTA,355319N,052049W,87.0,17.6,15.4,16.5,0.0,8.0,7.8,15.0,3.2,,,83.0,90.0,74.0
2016-12-09,5000C,CEUTA,51,CEUTA,355319N,052049W,87.0,17.3,15.7,16.5,0.2,12.0,4.4,15.0,0.2,,,91.0,92.0,87.0
2016-12-10,5000C,CEUTA,51,CEUTA,355319N,052049W,87.0,17.5,15.5,16.5,0.0,10.0,2.5,6.9,1.1,,,89.0,94.0,83.0
2016-12-11,5000C,CEUTA,51,CEUTA,355319N,052049W,87.0,17.6,13.8,15.7,0.0,10.0,2.8,7.2,4.2,,,85.0,93.0,78.0
2016-12-12,5000C,CEUTA,51,CEUTA,355319N,052049W,87.0,,,,0.0,,,,,,,,,
2016-12-13,5000C,CEUTA,51,CEUTA,355319N,052049W,87.0,17.4,12.7,15.0,0.0,99.0,2.5,5.3,5.9,1014.6,1012.3,84.0,96.0,75.0
2016-12-14,5000C,CEUTA,51,CEUTA,355319N,052049W,87.0,17.2,10.8,14.0,6.6,34.0,3.9,14.4,3.2,1014.0,1009.9,83.0,91.0,68.0
2016-12-15,5000C,CEUTA,51,CEUTA,355319N,052049W,87.0,15.3,11.4,13.4,10.6,30.0,4.4,14.4,5.8,1013.6,1010.0,70.0,85.0,59.0
2016-12-16,5000C,CEUTA,51,CEUTA,355319N,052049W,87.0,14.0,9.2,11.6,11.2,31.0,1.7,15.8,0.3,1010.0,1004.6,87.0,94.0,73.0
2016-12-17,5000C,CEUTA,51,CEUTA,355319N,052049W,87.0,14.4,9.0,11.7,62.6,8.0,3.3,15.8,0.1,1011.7,1007.2,90.0,98.0,79.0
2016-12-18,5000C,CEUTA,51,CEUTA,355319N,052049W,87.0,14.9,10.4,12.6,5.2,6.0,5.3,15.3,0.0,1010.7,1005.0,86.0,100.0,77.0
2016-12-19,5000C,CEUTA,51,CEUTA,355319N,052049W,87.0,15.0,10.8,12.9,0.0,27.0,3.3,13.9,7.0,1006.3,1002.4,74.0,87.0,63.0
2016-12-20,5000C,CEUTA,51,CEUTA,355319N,052049W,87.0,17.0,12.2,14.6,0.0,32.0,2.5,11.4,7.1,1014.5,1006.1,69.0,78.0,62.0
2016-12-21,5000C,CEUTA,51,CEUTA,355319N,052049W,87.0,17.1,12.3,14.7,0.0,23.0,1.7,10.0,7.5,1019.1,1013.5,65.0,80.0,52.0
2016-12-22,5000C,CEUTA,51,CEUTA,355319N,052049W,87.0,17.0,12.1,14.6,0.0,10.0,3.3,8.1,6.0,1023.5,1018.8,76.0,86.0,64.0
2016-12-23,5000C,CEUTA,51,CEUTA,355319N,052049W,87.0,17.5,13.9,15.7,0.0,10.0,3.6,9.2,7.4,1025.1,1022.8,78.0,92.0,61.0
2016-12-24,5000C,CEUTA,51,CEUTA,355319N,052049W,87.0,16.9,14.5,15.7,0.0,10.0,5.6,11.1,3.1,1025.1,1023.1,84.0,89.0,76.0
2016-12-25,5000C,CEUTA,51,CEUTA,355319N,052049W,87.0,17.4,13.9,15.6,0.0,9.0,5.0,11.4,3.3,1023.9,1020.0,82.0,89.0,75.0
2016-12-26,5000C,CEUTA,51,CEUTA,355319N,052049W,87.0,17.5,13.2,15.4,0.0,8.0,2.8,6.9,3.9,1020.9,1018.4,83.0,90.0,73.0
2016-12-27,5000C,CEUTA,51,CEUTA,355319N,052049W,87.0,16.9,13.8,15.4,0.0,10.0,4.2,10.0,2.6,1020.8,1018.4,80.0,86.0,72.0
2016-12-28,5000C,CEUTA,51,CEUTA,355319N,052049W,87.0,16.2,13.9,15.0,0.6,9.0,6.4,14.2,0.6,1021.2,1019.4,89.0,94.0,79.0
2016-12-29,5000C,CEUTA,51,CEUTA,355319N,052049W,87.0,16.4,14.3,15.4,0.0,10.0,5.3,12.8,1.4,1021.6,1019.4,86.0,89.0,80.0
2016-12-30,5000C,CEUTA,51,CEUTA,355319N,052049W,87.0,17.1,13.9,15.5,0.0,10.0,5.0,10.8,4.7,1023.0,1020.7,79.0,88.0,70.0
2016-12-31,5000C,CEUTA,51,CEUTA,355319N,052049W,87.0,16.0,13.5,14.8,0.0,11.0,3.9,10.0,1.3,1020.8,1018.3,69.0,76.0,61.0
2017-01-01,5000C,CEUTA,51,CEUTA,355319N,052049W,87.0,15.4,11.0,13.2,0.0,10.0,3.1,7.8,6.3,1018.4,1011.3,66.0,81.0,58.0
2017-01-02,5000C,CEUTA,51,CEUTA,355319N,052049W,87.0,16.0,10.7,13.4,0.0,12.0,2.5,6.9,3.8,1013.6,1009.2,75.0,84.0,65.0
2017-01-03,5000C,CEUTA,51,CEUTA,355319N,052049W,87.0,16.3,11.6,14.0,0.0,99.0,1.9,4.7,7.5,1017.1,1013.3,83.0,89.0,42.0
2017-01-04,5000C,CEUTA,51,CEUTA,355319N,052049W,87.0,20.6,12.2,16.4,0.0,30.0,1.9,11.4,8.1,1017.2,1014.4,52.0,79.0,38.0
2017-01-05,5000C,CEUTA,51,CEUTA,355319N,052049W,87.0,20.0,13.1,16.6,0.0,29.0,2.2,8.6,7.6,1014.4,1010.8,66.0,84.0,51.0
2017-01-06,5000C,CEUTA,51,CEUTA,355319N,052049W,87.0,16.8,12.8,14.8,0.0,8.0,4.4,10.8,3.1,1017.4,1012.5,83.0,93.0,70.0
2017-01-07,5000C,CEUTA,51,CEUTA,355319N,052049W,87.0,15.6,13.4,14.5,0.0,12.0,4.4,10.8,0.3,1018.7,1016.5,72.0,78.0,65.0
2017-01-08,5000C,CEUTA,51,CEUTA,355319N,052049W,87.0,14.5,11.4,13.0,0.0,10.0,3.6,10.3,0.0,1017.8,1014.5,76.0,86.0,69.0
2017-01-09,5000C,CEUTA,51,CEUTA,355319N,052049W,87.0,16.2,9.3,12.8,0.0,11.0,1.4,4.7,7.8,1015.5,1013.2,78.0,96.0,62.0
2017-01-10,5000C,CEUTA,51,CEUTA,355319N,052049W,87.0,16.0,9.9,13.0,0.0,28.0,3.9,17.5,3.7,1013.6,1007.1,68.0,89.0,60.0
2017-01-11,5000C,CEUTA,51,CEUTA,355319N,052049W,87.0,19.4,12.9,16.2,0.0,30.0,2.8,13.3,7.8,1016.7,1007.4,56.0,87.0,43.0
2017-01-12,5000C,CEUTA,51,CEUTA,355319N,052049W,87.0,17.0,12.0,14.5,0.0,10.0,3.3,8.3,7.9,1017.9,1013.2,66.0,82.0,58.0
2017-01-13,5000C,CEUTA,51,CEUTA,355319N,052049W,87.0,16.1,11.5,13.8,0.0,31.0,3.9,18.6,7.6,1014.1,1011.0,73.0,82.0,59.0
2017-01-14,5000C,CEUTA,51,CEUTA,355319N,052049W,87.0,15.4,10.0,12.7,0.0,6.0,1.9,8.3,7.8,1015.9,1012.4,61.0,74.0,52.0
2017-01-15,5000C,CEUTA,51,CEUTA,355319N,052049W,87.0,14.9,9.7,12.3,0.0,6.0,2.8,10.3,7.4,1018.2,1015.6,64.0,74.0,50.0
2017-01-16,5000C,CEUTA,51,CEUTA,355319N,052049W,87.0,17.8,8.7,13.2,0.0,30.0,1.4,11.4,8.0,,,57.0,80.0,35.0
2017-01-17,5000C,CEUTA,51,CEUTA,355319N,052049W,87.0,17.1,12.0,14.6,0.0,30.0,5.0,16.4,8.0,1011.0,1005.7,51.0,71.0,42.0
2017-01-18,5000C,CEUTA,51,CEUTA,355319N,052049W,87.0,13.1,5.6,9.4,15.8,6.0,4.2,13.3,0.0,1006.3,1003.1,91.0,98.0,66.0
2017-01-19,5000C,CEUTA,51,CEUTA,355319N,052049W,87.0,9.5,4.6,7.0,0.0,34.0,2.8,11.7,0.9,1005.7,1002.2,76.0,93.0,51.0
2017-01-20,5000C,CEUTA,51,CEUTA,355319N,052049W,87.0,12.9,7.3,10.1,0.0,30.0,2.8,11.7,6.2,1007.3,1002.2,64.0,83.0,53.0
2017-01-21,5000C,CEUTA,51,CEUTA,355319N,052049W,87.0,13.7,7.0,10.4,0.0,28.0,2.8,13.9,8.2,1007.9,1005.3,68.0,86.0,58.0
2017-01-22,5000C,CEUTA,51,CEUTA,355319N,052049W,87.0,15.2,11.0,13.1,0.0,99.0,3.1,12.2,8.0,1009.7,1006.7,59.0,71.0,55.0
2017-01-23,5000C,CEUTA,51,CEUTA,355319N,052049W,87.0,15.2,9.0,12.1,0.0,25.0,2.2,9.7,8.5,1012.3,1007.6,69.0,82.0,52.0
2017-01-24,5000C,CEUTA,51,CEUTA,355319N,052049W,87.0,15.7,10.6,13.2,0.0,32.0,3.6,12.5,8.3,1015.2,1011.8,60.0,77.0,49.0
2017-01-25,5000C,CEUTA,51,CEUTA,355319N,052049W,87.0,16.0,9.1,12.6,0.0,33.0,1.9,7.8,8.7,1014.1,1010.2,65.0,81.0,54.0
2017-01-26,5000C,CEUTA,51,CEUTA,355319N,052049W,87.0,15.2,9.8,12.5,6.2,21.0,2.2,16.1,5.1,1010.4,1001.9,69.0,89.0,48.0
2017-01-27,5000C,CEUTA,51,CEUTA,355319N,052049W,87.0,16.4,11.7,14.0,2.4,33.0,5.0,16.4,2.6,1012.9,1002.5,77.0,87.0,64.0
2017-01-28,5000C,CEUTA,51,CEUTA,355319N,052049W,87.0,16.8,11.0,13.9,0.0,30.0,1.7,11.9,8.7,1017.1,1012.9,67.0,83.0,53.0
2017-01-29,5000C,CEUTA,51,CEUTA,355319N,052049W,87.0,16.6,10.3,13.4,0.0,99.0,1.4,4.2,8.2,1016.7,1014.7,76.0,89.0,55.0
2017-01-30,5000C,CEUTA,51,CEUTA,355319N,052049W,87.0,16.3,10.5,13.4,0.0,15.0,1.9,4.4,8.8,1016.4,1009.1,86.0,99.0,69.0
2017-01-31,5000C,CEUTA,51,CEUTA,355319N,052049W,87.0,16.0,11.5,13.8,0.0,14.0,1.7,5.8,1.6,1009.1,1005.6,83.0,93.0,72.0
2017-02-01,5000C,CEUTA,51,CEUTA,355319N,052049W,87.0,18.5,11.3,14.9,0.0,26.0,1.9,6.9,7.3,1011.5,1008.1,78.0,97.0,64.0
2017-02-02,5000C,CEUTA,51,CEUTA,355319N,052049W,87.0,18.0,13.2,15.6,1.2,20.0,2.2,11.4,3.3,1013.3,1008.7,78.0,90.0,63.0
2017-02-03,5000C,CEUTA,51,CEUTA,355319N,052049W,87.0,19.4,14.8,17.1,0.0,24.0,2.8,10.8,6.8,1015.1,1012.0,73.0,91.0,49.0
2017-02-04,5000C,CEUTA,51,CEUTA,355319N,052049W,87.0,19.4,15.1,17.2,4.2,24.0,3.3,10.8,4.8,1015.4,1012.3,69.0,78.0,58.0
2017-02-05,5000C,CEUTA,51,CEUTA,355319N,052049W,87.0,18.2,13.8,16.0,0.2,32.0,2.8,17.2,7.5,1020.9,1011.9,73.0,91.0,52.0
2017-02-06,5000C,CEUTA,51,CEUTA,355319N,052049W,87.0,20.9,13.2,17.0,0.0,30.0,3.9,12.2,9.1,1020.9,1017.9,40.0,73.0,34.0
2017-02-07,5000C,CEUTA,51,CEUTA,355319N,052049W,87.0,20.4,14.9,17.6,0.0,30.0,4.4,11.4,6.9,1017.9,1014.2,45.0,71.0,36.0
2017-02-08,5000C,CEUTA,51,CEUTA,355319N,052049W,87.0,20.7,10.8,15.8,0.0,30.0,1.9,10.8,9.2,1015.3,1013.1,44.0,78.0,23.0
2017-02-09,5000C,CEUTA,51,CEUTA,355319N,052049W,87.0,16.2,10.5,13.4,1.4,10.0,2.8,7.2,7.9,1014.5,1006.0,67.0,75.0,46.0
2017-02-10,5000C,CEUTA,51,CEUTA,355319N,052049W,87.0,13.0,9.1,11.0,9.4,30.0,1.7,9.7,0.2,,,88.0,96.0,71.0
2017-02-11,5000C,CEUTA,51,CEUTA,355319N,052049W,87.0,15.0,10.0,12.5,5.2,11.0,3.3,9.4,3.1,1000.0,991.8,83.0,97.0,72.0
2017-02-12,5000C,CEUTA,51,CEUTA,355319N,052049W,87.0,18.4,12.1,15.2,18.6,19.0,1.9,9.2,0.9,991.8,987.5,80.0,98.0,59.0
2017-02-13,5000C,CEUTA,51,CEUTA,355319N,052049W,87.0,16.0,11.6,13.8,3.6,21.0,1.9,13.6,2.4,1008.6,990.1,83.0,94.0,68.0
2017-02-14,5000C,CEUTA,51,CEUTA,355319N,052049W,87.0,17.5,11.3,14.4,0.0,11.0,1.9,6.9,7.9,1014.4,1008.3,84.0,93.0,73.0
2017-02-15,5000C,CEUTA,51,CEUTA,355319N,052049W,87.0,15.9,13.8,14.8,0.2,10.0,5.6,11.7,0.7,1018.3,1014.1,85.0,92.0,81.0
2017-02-16,5000C,CEUTA,51,CEUTA,355319N,052049W,87.0,15.0,14.0,14.5,0.0,11.0,5.6,12.5,0.0,1018.9,1017.0,86.0,93.0,82.0
2017-02-17,5000C,CEUTA,51,CEUTA,355319N,052049W,87.0,15.4,13.9,14.6,0.0,8.0,4.7,9.4,0.0,1017.6,1014.4,85.0,90.0,78.0
2017-02-18,5000C,CEUTA,51,CEUTA,355319N,052049W,87.0,16.0,12.8,14.4,1.4,30.0,2.2,6.9,4.5,1014.7,1007.4,81.0,89.0,70.0
2017-02-19,5000C,CEUTA,51,CEUTA,355319N,052049W,87.0,14.5,10.7,12.6,10.8,8.0,5.6,17.5,0.0,1010.3,1005.5,87.0,97.0,73.0
2017-02-20,5000C,CEUTA,51,CEUTA,355319N,052049W,87.0,14.3,11.7,13.0,0.0,9.0,8.9,19.7,0.0,1009.7,1006.5,84.0,95.0,76.0
2017-02-21,5000C,CEUTA,51,CEUTA,355319N,052049W,87.0,14.8,13.2,14.0,0.0,9.0,7.8,16.9,1.1,1009.2,1006.0,87.0,92.0,81.0
2017-02-22,5000C,CEUTA,51,CEUTA,355319N,052049W,87.0,15.8,13.4,14.6,0.0,10.0,5.3,12.8,0.2,1007.7,1002.9,84.0,94.0,76.0
2017-02-23,5000C,CEUTA,51,CEUTA,355319N,052049W,87.0,17.7,13.3,15.5,0.0,,,,6.6,1003.9,1002.0,75.0,93.0,59.0
2017-02-24,5000C,CEUTA,51,CEUTA,355319N,052049W,87.0,19.1,13.6,16.4,0.0,29.0,3.6,15.0,8.7,1007.6,1003.0,76.0,85.0,65.0
2017-02-25,5000C,CEUTA,51,CEUTA,355319N,052049W,87.0,18.8,13.5,16.2,0.0,31.0,2.8,12.5,9.7,1011.9,1007.5,73.0,85.0,63.0
2017-02-26,5000C,CEUTA,51,CEUTA,355319N,052049W,87.0,18.4,11.8,15.1,0.0,33.0,1.9,8.6,8.1,1013.3,1010.5,72.0,89.0,62.0
2017-02-27,5000C,CEUTA,51,CEUTA,355319N,052049W,87.0,18.2,11.6,14.9,0.0,30.0,1.7,11.9,6.5,1011.2,1009.1,71.0,84.0,56.0
2017-02-28,5000C,CEUTA,51,CEUTA,355319N,052049W,87.0,17.4,12.4,14.9,0.0,32.0,2.5,14.2,7.0,1011.0,1008.5,67.0,80.0,51.0
2017-03-01,5000C,CEUTA,51,CEUTA,355319N,052049W,87.0,18.1,12.2,15.2,0.0,31.0,1.7,10.3,10.3,1010.8,1008.8,65.0,83.0,50.0
2017-03-02,5000C,CEUTA,51,CEUTA,355319N,052049W,87.0,16.6,12.1,14.4,0.0,7.0,1.7,5.0,6.9,1010.7,1006.1,82.0,95.0,74.0
2017-03-03,5000C,CEUTA,51,CEUTA,355319N,052049W,87.0,17.8,10.6,14.2,19.6,28.0,3.6,19.2,1.6,1006.7,1000.6,73.0,90.0,58.0
2017-03-04,5000C,CEUTA,51,CEUTA,355319N,052049W,87.0,16.2,11.5,13.8,0.4,21.0,4.4,17.2,5.6,1007.5,1000.1,77.0,88.0,64.0
2017-03-05,5000C,CEUTA,51,CEUTA,355319N,052049W,87.0,19.5,13.8,16.6,0.0,24.0,2.2,11.4,8.8,1015.7,1007.5,74.0,88.0,62.0
2017-03-06,5000C,CEUTA,51,CEUTA,355319N,052049W,87.0,20.0,14.8,17.4,0.0,29.0,2.8,13.6,10.2,1016.8,1014.1,72.0,89.0,59.0
2017-03-07,5000C,CEUTA,51,CEUTA,355319N,052049W,87.0,22.5,14.1,18.3,0.0,19.0,1.4,4.2,10.5,1016.4,1012.4,70.0,80.0,55.0
2017-03-08,5000C,CEUTA,51,CEUTA,355319N,052049W,87.0,19.6,14.1,16.8,0.0,10.0,2.2,6.4,9.3,1016.5,1012.2,79.0,95.0,49.0
2017-03-09,5000C,CEUTA,51,CEUTA,355319N,052049W,87.0,18.8,14.2,16.5,0.0,11.0,2.8,7.5,9.6,1016.9,1013.5,88.0,97.0,77.0
2017-03-10,5000C,CEUTA,51,CEUTA,355319N,052049W,87.0,22.4,13.7,18.0,0.0,20.0,1.9,5.6,10.7,1013.5,1009.4,55.0,97.0,35.0
2017-03-11,5000C,CEUTA,51,CEUTA,355319N,052049W,87.0,27.6,15.9,21.8,0.0,30.0,3.3,13.3,10.6,1010.2,1006.4,35.0,57.0,24.0
2017-03-12,5000C,CEUTA,51,CEUTA,355319N,052049W,87.0,19.7,14.9,17.3,0.0,28.0,5.0,16.4,10.4,1009.2,1006.4,65.0,81.0,48.0
2017-03-13,5000C,CEUTA,51,CEUTA,355319N,052049W,87.0,15.4,10.5,13.0,7.6,30.0,3.6,14.4,5.5,1008.4,1006.3,57.0,75.0,47.0
2017-03-14,5000C,CEUTA,51,CEUTA,355319N,052049W,87.0,16.1,9.3,12.7,3.0,10.0,4.7,20.3,5.4,1009.9,1005.8,81.0,93.0,54.0
2017-03-15,5000C,CEUTA,51,CEUTA,355319N,052049W,87.0,16.2,13.7,15.0,0.0,10.0,8.6,20.3,0.4,1009.7,1007.8,82.0,88.0,54.0
2017-03-16,5000C,CEUTA,51,CEUTA,355319N,052049W,87.0,14.7,13.5,14.1,0.6,10.0,6.9,17.5,0.0,1008.9,1006.2,84.0,89.0,76.0
2017-03-17,5000C,CEUTA,51,CEUTA,355319N,052049W,87.0,15.6,13.4,14.5,0.0,10.0,5.6,16.1,0.3,1008.9,1006.4,86.0,92.0,82.0
2017-03-18,5000C,CEUTA,51,CEUTA,355319N,052049W,87.0,17.6,14.0,15.8,0.0,11.0,3.9,9.2,6.4,1010.3,1008.4,85.0,92.0,75.0
2017-03-19,5000C,CEUTA,51,CEUTA,355319N,052049W,87.0,18.6,13.1,15.8,0.0,18.0,2.5,6.4,10.6,1010.1,1005.6,64.0,91.0,45.0
2017-03-20,5000C,CEUTA,51,CEUTA,355319N,052049W,87.0,22.0,12.1,17.0,0.0,23.0,2.2,14.7,10.7,1009.5,1004.7,59.0,82.0,46.0
2017-03-21,5000C,CEUTA,51,CEUTA,355319N,052049W,87.0,17.6,13.5,15.6,0.0,22.0,3.3,17.5,5.3,1012.4,1008.2,69.0,82.0,49.0
2017-03-22,5000C,CEUTA,51,CEUTA,355319N,052049W,87.0,16.5,9.9,13.2,3.6,30.0,2.8,14.2,8.3,1011.8,1006.6,64.0,90.0,46.0
2017-03-23,5000C,CEUTA,51,CEUTA,355319N,052049W,87.0,14.5,8.3,11.4,3.2,25.0,3.1,13.6,9.0,1006.6,1003.6,59.0,85.0,47.0
2017-03-24,5000C,CEUTA,51,CEUTA,355319N,052049W,87.0,14.0,7.1,10.6,0.0,21.0,1.9,8.3,5.5,1007.5,1003.2,71.0,91.0,53.0
2017-03-25,5000C,CEUTA,51,CEUTA,355319N,052049W,87.0,15.8,9.2,12.5,0.0,18.0,2.5,7.8,9.1,1008.1,1005.7,60.0,78.0,49.0
2017-03-26,5000C,CEUTA,51,CEUTA,355319N,052049W,87.0,16.9,10.4,13.6,3.2,24.0,2.2,16.4,10.1,1008.5,1003.1,68.0,84.0,58.0
2017-03-27,5000C,CEUTA,51,CEUTA,355319N,052049W,87.0,19.4,11.7,15.6,0.0,99.0,1.7,8.9,6.6,1014.6,1008.4,70.0,83.0,55.0
2017-03-28,5000C,CEUTA,51,CEUTA,355319N,052049W,87.0,18.4,12.8,15.6,0.0,18.0,1.9,4.7,11.2,1017.1,1013.8,72.0,94.0,60.0
2017-03-29,5000C,CEUTA,51,CEUTA,355319N,052049W,87.0,18.2,13.9,16.0,0.0,8.0,3.3,8.3,9.3,1016.7,1013.7,83.0,96.0,74.0
2017-03-30,5000C,CEUTA,51,CEUTA,355319N,052049W,87.0,18.3,14.1,16.2,0.0,11.0,3.1,7.5,8.9,1014.6,1012.8,84.0,94.0,75.0
2017-03-31,5000C,CEUTA,51,CEUTA,355319N,052049W,87.0,22.7,14.1,18.4,0.0,29.0,2.5,10.8,10.9,1014.2,1011.1,72.0,90.0,44.0
2017-04-01,5000C,CEUTA,51,CEUTA,355319N,052049W,87.0,20.5,13.7,17.1,0.0,30.0,3.6,13.9,11.1,1014.0,1010.4,55.0,78.0,35.0
2017-04-02,5000C,CEUTA,51,CEUTA,355319N,052049W,87.0,21.5,13.7,17.6,0.0,32.0,1.4,6.4,11.5,1010.5,1007.2,58.0,75.0,33.0
2017-04-03,5000C,CEUTA,51,CEUTA,355319N,052049W,87.0,18.5,13.3,15.9,0.0,10.0,4.2,10.0,7.0,1013.0,1008.3,84.0,96.0,63.0
2017-04-04,5000C,CEUTA,51,CEUTA,355319N,052049W,87.0,18.2,14.2,16.2,0.0,11.0,4.2,10.0,9.7,1012.3,1009.7,80.0,92.0,71.0
2017-04-05,5000C,CEUTA,51,CEUTA,355319N,052049W,87.0,18.4,14.1,16.2,0.0,17.0,3.3,7.8,9.6,1009.8,1004.8,77.0,91.0,67.0
2017-04-06,5000C,CEUTA,51,CEUTA,355319N,052049W,87.0,18.9,14.7,16.8,0.0,8.0,6.4,13.9,10.1,1008.0,1006.4,79.0,89.0,71.0
2017-04-07,5000C,CEUTA,51,CEUTA,355319N,052049W,87.0,17.8,14.1,16.0,0.0,10.0,7.2,14.7,10.3,1009.0,1005.6,76.0,87.0,67.0
2017-04-08,5000C,CEUTA,51,CEUTA,355319N,052049W,87.0,18.3,14.6,16.4,0.0,10.0,6.1,12.8,8.7,1010.9,1007.9,81.0,90.0,74.0
2017-04-09,5000C,CEUTA,51,CEUTA,355319N,052049W,87.0,18.7,14.6,16.6,0.0,12.0,5.3,12.5,5.9,1012.7,1009.1,83.0,91.0,72.0
2017-04-10,5000C,CEUTA,51,CEUTA,355319N,052049W,87.0,18.5,15.0,16.8,0.0,8.0,5.0,11.4,2.0,1013.2,1010.9,83.0,90.0,77.0
2017-04-11,5000C,CEUTA,51,CEUTA,355319N,052049W,87.0,18.6,14.6,16.6,0.0,13.0,3.6,7.5,9.1,1014.1,1010.3,79.0,90.0,69.0
2017-04-12,5000C,CEUTA,51,CEUTA,355319N,052049W,87.0,20.2,13.1,16.6,0.0,18.0,2.8,6.1,11.8,1011.3,1007.9,77.0,94.0,53.0
2017-04-13,5000C,CEUTA,51,CEUTA,355319N,052049W,87.0,24.0,13.0,18.5,0.0,30.0,1.7,8.3,11.6,1009.9,1007.2,57.0,94.0,38.0
2017-04-14,5000C,CEUTA,51,CEUTA,355319N,052049W,87.0,23.4,14.8,19.1,0.0,32.0,1.7,8.9,11.6,1009.9,1007.3,61.0,83.0,47.0
2017-04-15,5000C,CEUTA,51,CEUTA,355319N,052049W,87.0,25.8,15.8,20.8,0.0,29.0,3.9,13.9,11.5,1009.5,1006.7,47.0,75.0,33.0
2017-04-16,5000C,CEUTA,51,CEUTA,355319N,052049W,87.0,19.5,15.7,17.6,0.0,12.0,2.8,7.8,1.0,1011.2,1006.7,84.0,93.0,41.0
2017-04-17,5000C,CEUTA,51,CEUTA,355319N,052049W,87.0,19.7,16.2,18.0,0.0,13.0,3.1,5.8,7.9,1009.2,1005.5,77.0,89.0,68.0
2017-04-18,5000C,CEUTA,51,CEUTA,355319N,052049W,87.0,18.9,15.7,17.3,0.0,9.0,3.3,7.5,4.1,1006.1,1001.2,84.0,92.0,74.0
2017-04-19,5000C,CEUTA,51,CEUTA,355319N,052049W,87.0,18.0,16.0,17.0,0.0,,5.0,,0.8,1007.1,1002.1,85.0,92.0,81.0
2017-04-20,5000C,CEUTA,51,CEUTA,355319N,052049W,87.0,16.6,15.2,15.9,0.0,11.0,9.7,19.7,0.0,1009.5,1005.5,72.0,83.0,67.0
2017-04-21,5000C,CEUTA,51,CEUTA,355319N,052049W,87.0,15.3,14.4,14.8,0.6,8.0,9.2,18.9,0.0,1012.6,1008.0,75.0,85.0,71.0
2017-04-22,5000C,CEUTA,51,CEUTA,355319N,052049W,87.0,16.0,14.0,15.0,0.0,11.0,6.9,17.2,0.0,1012.2,1007.5,86.0,94.0,79.0
2017-04-23,5000C,CEUTA,51,CEUTA,355319N,052049W,87.0,18.5,14.9,16.7,0.0,12.0,4.2,9.2,8.9,1008.5,1005.6,86.0,96.0,77.0
2017-04-24,5000C,CEUTA,51,CEUTA,355319N,052049W,87.0,18.3,14.5,16.4,0.0,16.0,2.5,6.4,5.3,1007.2,1004.1,88.0,96.0,80.0
2017-04-25,5000C,CEUTA,51,CEUTA,355319N,052049W,87.0,22.4,14.6,18.5,0.0,28.0,3.9,12.8,9.2,1004.8,1000.6,77.0,94.0,60.0
2017-04-26,5000C,CEUTA,51,CEUTA,355319N,052049W,87.0,20.3,15.5,17.9,0.0,28.0,2.8,11.1,8.1,1001.1,999.1,69.0,82.0,60.0
2017-04-27,5000C,CEUTA,51,CEUTA,355319N,052049W,87.0,22.4,15.7,19.0,20.2,10.0,3.1,9.4,9.5,1000.9,998.3,73.0,92.0,58.0
2017-04-28,5000C,CEUTA,51,CEUTA,355319N,052049W,87.0,16.3,14.5,15.4,184.4,11.0,4.7,11.9,0.0,1002.7,998.7,98.0,99.0,89.0
2017-04-29,5000C,CEUTA,51,CEUTA,355319N,052049W,87.0,16.3,14.1,15.2,17.4,36.0,2.8,6.9,0.0,1005.8,1001.7,99.0,100.0,96.0
2017-04-30,5000C,CEUTA,51,CEUTA,355319N,052049W,87.0,19.8,14.0,16.9,0.0,26.0,3.3,10.8,10.8,1008.9,1005.3,66.0,99.0,50.0
2017-05-01,5000C,CEUTA,51,CEUTA,355319N,052049W,87.0,22.5,14.6,18.6,0.0,24.0,1.9,6.9,12.4,1009.7,1007.8,53.0,93.0,34.0
2017-05-02,5000C,CEUTA,51,CEUTA,355319N,052049W,87.0,19.3,14.8,17.0,0.0,9.0,4.7,10.8,9.3,1009.3,1006.1,84.0,94.0,76.0
2017-05-03,5000C,CEUTA,51,CEUTA,355319N,052049W,87.0,19.4,14.9,17.2,0.0,9.0,4.4,8.6,10.3,1006.4,1003.2,80.0,93.0,72.0
2017-05-04,5000C,CEUTA,51,CEUTA,355319N,052049W,87.0,20.0,15.9,18.0,1.2,10.0,3.3,7.5,7.1,1003.8,998.9,82.0,93.0,73.0
2017-05-05,5000C,CEUTA,51,CEUTA,355319N,052049W,87.0,20.8,14.7,17.8,1.2,25.0,2.2,9.4,4.9,1007.2,999.9,86.0,98.0,67.0
2017-05-06,5000C,CEUTA,51,CEUTA,355319N,052049W,87.0,22.3,15.3,18.8,0.0,6.0,1.7,5.8,12.4,1009.5,1006.6,69.0,87.0,56.0
2017-05-07,5000C,CEUTA,51,CEUTA,355319N,052049W,87.0,20.7,16.2,18.4,0.0,8.0,3.1,7.5,12.0,1009.3,1006.5,80.0,93.0,61.0
2017-05-08,5000C,CEUTA,51,CEUTA,355319N,052049W,87.0,20.8,16.0,18.4,0.0,11.0,3.3,6.4,12.0,1008.4,1003.4,83.0,96.0,72.0
2017-05-09,5000C,CEUTA,51,CEUTA,355319N,052049W,87.0,23.8,16.3,20.0,0.0,24.0,2.2,11.9,11.7,1003.4,999.7,70.0,96.0,58.0
2017-05-10,5000C,CEUTA,51,CEUTA,355319N,052049W,87.0,24.6,16.6,20.6,1.4,24.0,2.8,11.7,7.7,999.7,995.1,60.0,82.0,51.0
2017-05-11,5000C,CEUTA,51,CEUTA,355319N,052049W,87.0,21.8,16.7,19.2,12.0,25.0,2.2,13.6,4.3,999.0,994.7,66.0,87.0,59.0
2017-05-12,5000C,CEUTA,51,CEUTA,355319N,052049W,87.0,22.8,14.8,18.8,6.0,99.0,2.8,10.0,6.4,1007.3,998.5,73.0,89.0,55.0
2017-05-13,5000C,CEUTA,51,CEUTA,355319N,052049W,87.0,22.4,16.1,19.2,0.0,29.0,2.8,11.7,10.9,1012.0,1006.5,64.0,87.0,52.0
2017-05-14,5000C,CEUTA,51,CEUTA,355319N,052049W,87.0,24.6,15.7,20.2,0.0,32.0,2.2,8.6,13.0,1014.5,1011.3,54.0,87.0,43.0
2017-05-15,5000C,CEUTA,51,CEUTA,355319N,052049W,87.0,22.6,16.8,19.7,0.0,7.0,4.2,9.4,12.0,1015.6,1013.3,80.0,95.0,61.0
2017-05-16,5000C,CEUTA,51,CEUTA,355319N,052049W,87.0,21.8,17.5,19.6,0.0,12.0,3.9,8.3,12.2,1014.3,1011.3,82.0,90.0,75.0
2017-05-17,5000C,CEUTA,51,CEUTA,355319N,052049W,87.0,21.8,17.4,19.6,0.0,9.0,3.3,8.6,10.8,1011.6,1006.0,81.0,92.0,71.0
2017-05-18,5000C,CEUTA,51,CEUTA,355319N,052049W,87.0,23.9,15.9,19.9,0.0,25.0,3.1,13.6,13.0,1007.3,1004.5,60.0,96.0,37.0
2017-05-19,5000C,CEUTA,51,CEUTA,355319N,052049W,87.0,23.7,17.9,20.8,0.0,31.0,2.5,10.8,12.2,1010.0,1005.6,69.0,91.0,35.0
2017-05-20,5000C,CEUTA,51,CEUTA,355319N,052049W,87.0,21.3,17.5,19.4,0.0,10.0,5.3,10.6,3.6,1011.0,1008.8,80.0,92.0,71.0
2017-05-21,5000C,CEUTA,51,CEUTA,355319N,052049W,87.0,20.2,18.1,19.2,0.0,10.0,4.7,9.7,0.8,1010.0,1006.0,87.0,94.0,80.0
2017-05-22,5000C,CEUTA,51,CEUTA,355319N,052049W,87.0,22.6,16.6,19.6,0.0,99.0,2.8,5.6,9.5,1007.4,1004.5,80.0,94.0,67.0
2017-05-23,5000C,CEUTA,51,CEUTA,355319N,052049W,87.0,21.6,17.7,19.6,0.0,11.0,4.4,12.5,5.1,1008.3,1004.6,86.0,94.0,76.0
2017-05-24,5000C,CEUTA,51,CEUTA,355319N,052049W,87.0,22.2,17.8,20.0,0.0,10.0,4.4,10.3,3.6,1008.1,1004.7,87.0,95.0,76.0
2017-05-25,5000C,CEUTA,51,CEUTA,355319N,052049W,87.0,23.0,17.8,20.4,0.0,8.0,2.8,6.7,12.2,1005.9,1001.8,76.0,95.0,69.0
2017-05-26,5000C,CEUTA,51,CEUTA,355319N,052049W,87.0,26.3,17.6,22.0,0.0,33.0,2.2,7.8,12.6,1004.1,1001.8,72.0,92.0,60.0
2017-05-27,5000C,CEUTA,51,CEUTA,355319N,052049W,87.0,24.0,18.4,21.2,0.0,13.0,3.3,7.2,10.4,1007.0,1003.4,76.0,93.0,63.0
2017-05-28,5000C,CEUTA,51,CEUTA,355319N,052049W,87.0,25.3,18.5,21.9,0.0,30.0,2.2,6.9,3.0,1008.2,1006.2,71.0,96.0,54.0
2017-05-29,5000C,CEUTA,51,CEUTA,355319N,052049W,87.0,24.6,18.2,21.4,0.0,28.0,2.2,11.4,10.4,1007.9,1005.4,65.0,81.0,50.0
2017-05-30,5000C,CEUTA,51,CEUTA,355319N,052049W,87.0,27.3,17.4,22.4,0.0,24.0,3.1,8.3,12.8,1006.7,1003.6,66.0,94.0,48.0
2017-05-31,5000C,CEUTA,51,CEUTA,355319N,052049W,87.0,22.7,17.4,20.0,0.0,10.0,4.7,10.8,7.5,1007.5,1005.9,85.0,97.0,76.0
2017-06-01,5000C,CEUTA,51,CEUTA,355319N,052049W,87.0,23.1,18.7,20.9,0.0,10.0,4.2,9.7,6.4,1008.0,1006.1,88.0,96.0,79.0
2017-06-02,5000C,CEUTA,51,CEUTA,355319N,052049W,87.0,24.2,19.3,21.8,0.0,6.0,3.6,6.9,8.0,1007.4,1004.9,86.0,97.0,73.0
2017-06-03,5000C,CEUTA,51,CEUTA,355319N,052049W,87.0,28.9,18.1,23.5,0.0,32.0,1.7,8.3,12.9,1006.7,1003.6,57.0,95.0,30.0
2017-06-04,5000C,CEUTA,51,CEUTA,355319N,052049W,87.0,25.4,19.1,22.2,0.0,31.0,2.8,13.6,13.3,1007.2,1004.3,51.0,69.0,36.0
2017-06-05,5000C,CEUTA,51,CEUTA,355319N,052049W,87.0,26.6,18.6,22.6,0.0,24.0,2.8,11.7,13.4,1007.5,1004.5,49.0,73.0,30.0
2017-06-06,5000C,CEUTA,51,CEUTA,355319N,052049W,87.0,29.8,21.9,25.8,0.0,30.0,1.7,13.6,13.4,1005.9,1003.4,41.0,60.0,36.0
2017-06-07,5000C,CEUTA,51,CEUTA,355319N,052049W,87.0,24.9,18.8,21.8,0.0,10.0,4.2,9.4,11.5,1008.0,1004.4,83.0,93.0,55.0
2017-06-08,5000C,CEUTA,51,CEUTA,355319N,052049W,87.0,24.1,20.1,22.1,0.0,8.0,4.4,9.7,6.6,1006.5,1004.2,83.0,92.0,72.0
2017-06-09,5000C,CEUTA,51,CEUTA,355319N,052049W,87.0,23.8,20.1,22.0,0.0,8.0,3.1,5.3,8.4,1006.7,1004.1,83.0,93.0,75.0
2017-06-10,5000C,CEUTA,51,CEUTA,355319N,052049W,87.0,24.3,19.6,22.0,0.0,10.0,4.4,8.6,11.0,1008.1,1005.5,76.0,93.0,66.0
2017-06-11,5000C,CEUTA,51,CEUTA,355319N,052049W,87.0,24.2,19.4,21.8,0.0,10.0,3.6,8.6,12.1,1007.4,1005.3,80.0,95.0,73.0
2017-06-12,5000C,CEUTA,51,CEUTA,355319N,052049W,87.0,24.4,19.9,22.2,0.0,12.0,3.6,8.3,11.5,1005.9,1002.6,84.0,95.0,74.0
2017-06-13,5000C,CEUTA,51,CEUTA,355319N,052049W,87.0,25.8,20.1,23.0,0.0,7.0,3.1,6.1,13.1,1004.3,1001.7,75.0,95.0,67.0
2017-06-14,5000C,CEUTA,51,CEUTA,355319N,052049W,87.0,26.5,19.3,22.9,0.0,3.0,2.2,5.8,12.8,1005.2,1003.1,75.0,96.0,62.0
2017-06-15,5000C,CEUTA,51,CEUTA,355319N,052049W,87.0,27.9,20.3,24.1,0.0,18.0,2.2,6.1,12.8,1007.0,1004.1,74.0,88.0,58.0
2017-06-16,5000C,CEUTA,51,CEUTA,355319N,052049W,87.0,25.8,21.8,23.8,0.0,16.0,3.1,6.7,9.8,1009.3,1006.7,86.0,96.0,73.0
2017-06-17,5000C,CEUTA,51,CEUTA,355319N,052049W,87.0,27.6,21.5,24.6,0.0,9.0,3.3,6.9,12.6,1008.8,1003.9,76.0,94.0,55.0
2017-06-18,5000C,CEUTA,51,CEUTA,355319N,052049W,87.0,26.7,21.8,24.2,0.0,8.0,3.3,6.9,9.4,1005.9,1003.1,85.0,95.0,72.0
2017-06-19,5000C,CEUTA,51,CEUTA,355319N,052049W,87.0,27.2,22.2,24.7,0.0,11.0,4.4,8.6,10.7,1007.9,1004.7,84.0,97.0,72.0
2017-06-20,5000C,CEUTA,51,CEUTA,355319N,052049W,87.0,26.2,22.1,24.2,0.0,9.0,3.9,8.9,8.7,1008.3,1005.3,84.0,96.0,74.0
2017-06-21,5000C,CEUTA,51,CEUTA,355319N,052049W,87.0,27.0,20.7,23.8,0.0,5.0,2.5,6.1,9.0,1007.8,1005.6,80.0,95.0,61.0
2017-06-22,5000C,CEUTA,51,CEUTA,355319N,052049W,87.0,26.6,20.2,23.4,0.0,10.0,1.9,6.1,11.3,1010.4,1006.9,77.0,93.0,66.0
2017-06-23,5000C,CEUTA,51,CEUTA,355319N,052049W,87.0,28.2,19.6,23.9,0.0,18.0,1.1,5.3,13.1,1011.4,1008.9,74.0,96.0,50.0
2017-06-24,5000C,CEUTA,51,CEUTA,355319N,052049W,87.0,28.6,20.8,24.7,0.0,31.0,1.7,5.8,12.5,1009.1,1004.0,75.0,91.0,42.0
2017-06-25,5000C,CEUTA,51,CEUTA,355319N,052049W,87.0,29.8,23.1,26.4,0.0,19.0,3.1,7.5,9.2,1004.6,1000.4,50.0,80.0,38.0
2017-06-26,5000C,CEUTA,51,CEUTA,355319N,052049W,87.0,33.3,23.0,28.2,0.0,29.0,1.9,10.8,12.2,1002.9,1001.1,34.0,75.0,20.0
2017-06-27,5000C,CEUTA,51,CEUTA,355319N,052049W,87.0,25.7,20.9,23.3,0.0,25.0,2.8,14.7,11.1,1006.7,1001.0,62.0,74.0,51.0
2017-06-28,5000C,CEUTA,51,CEUTA,355319N,052049W,87.0,24.5,20.8,22.6,0.0,32.0,2.8,12.2,7.1,1007.4,1005.2,67.0,79.0,57.0
2017-06-29,5000C,CEUTA,51,CEUTA,355319N,052049W,87.0,23.2,19.3,21.2,0.0,24.0,4.4,13.9,12.6,1006.8,1004.5,58.0,78.0,46.0
2017-06-30,5000C,CEUTA,51,CEUTA,355319N,052049W,87.0,24.6,16.6,20.6,0.0,30.0,4.4,12.5,13.4,1009.2,1006.7,47.0,62.0,34.0
2017-07-01,5000C,CEUTA,51,CEUTA,355319N,052049W,87.0,26.6,20.2,23.4,0.0,30.0,2.2,8.1,12.9,1011.0,1006.3,55.0,86.0,31.0
2017-07-02,5000C,CEUTA,51,CEUTA,355319N,052049W,87.0,25.0,20.2,22.6,0.0,8.0,6.1,14.2,10.6,1010.8,1008.6,79.0,91.0,65.0
2017-07-03,5000C,CEUTA,51,CEUTA,355319N,052049W,87.0,24.8,20.1,22.4,0.0,10.0,5.6,11.7,7.6,1010.3,1007.7,81.0,91.0,72.0
2017-07-04,5000C,CEUTA,51,CEUTA,355319N,052049W,87.0,25.9,20.5,23.2,0.0,6.0,4.2,9.2,8.1,1008.0,1005.4,80.0,92.0,70.0
2017-07-05,5000C,CEUTA,51,CEUTA,355319N,052049W,87.0,22.7,20.7,21.7,0.2,13.0,3.1,7.5,0.0,1006.6,1004.1,90.0,96.0,86.0
2017-07-06,5000C,CEUTA,51,CEUTA,355319N,052049W,87.0,27.0,19.8,23.4,0.0,28.0,1.7,8.9,5.0,1007.2,1003.7,69.0,95.0,47.0
2017-07-07,5000C,CEUTA,51,CEUTA,355319N,052049W,87.0,26.3,19.5,22.9,0.0,30.0,2.5,11.9,12.9,1007.7,1004.9,57.0,76.0,48.0
2017-07-08,5000C,CEUTA,51,CEUTA,355319N,052049W,87.0,27.2,20.3,23.8,0.0,30.0,3.3,12.2,13.3,1007.8,1005.2,58.0,71.0,48.0
2017-07-09,5000C,CEUTA,51,CEUTA,355319N,052049W,87.0,33.0,20.4,26.7,0.0,32.0,1.7,6.9,13.2,1005.7,1002.5,47.0,74.0,36.0
2017-07-10,5000C,CEUTA,51,CEUTA,355319N,052049W,87.0,31.5,22.8,27.2,0.0,17.0,1.7,4.7,13.2,1003.2,1000.4,55.0,82.0,44.0
2017-07-11,5000C,CEUTA,51,CEUTA,355319N,052049W,87.0,26.1,20.2,23.2,0.0,12.0,2.8,6.4,12.2,1006.0,1002.7,76.0,92.0,65.0
2017-07-12,5000C,CEUTA,51,CEUTA,355319N,052049W,87.0,27.7,21.0,24.4,0.0,19.0,3.3,6.7,11.5,1008.2,1005.4,78.0,94.0,65.0
2017-07-13,5000C,CEUTA,51,CEUTA,355319N,052049W,87.0,26.1,21.0,23.6,0.0,17.0,3.1,6.7,6.6,1009.0,1005.0,86.0,98.0,74.0
2017-07-14,5000C,CEUTA,51,CEUTA,355319N,052049W,87.0,26.1,20.6,23.4,0.0,18.0,2.5,5.8,4.4,1007.5,1004.6,82.0,96.0,73.0
2017-07-15,5000C,CEUTA,51,CEUTA,355319N,052049W,87.0,27.0,22.2,24.6,0.0,18.0,2.5,5.6,8.3,1008.6,1006.0,82.0,97.0,70.0
2017-07-16,5000C,CEUTA,51,CEUTA,355319N,052049W,87.0,27.6,22.2,24.9,0.0,99.0,3.9,8.6,6.6,1008.9,1007.0,84.0,98.0,68.0
2017-07-17,5000C,CEUTA,51,CEUTA,355319N,052049W,87.0,26.3,21.6,24.0,0.0,9.0,3.9,7.5,4.7,1007.3,1004.2,87.0,97.0,79.0
2017-07-18,5000C,CEUTA,51,CEUTA,355319N,052049W,87.0,26.2,21.6,23.9,0.0,5.0,3.1,7.8,2.2,1005.3,1001.8,86.0,95.0,78.0
2017-07-19,5000C,CEUTA,51,CEUTA,355319N,052049W,87.0,31.2,21.2,26.2,0.0,99.0,1.9,12.8,12.1,1005.3,1003.1,61.0,93.0,31.0
2017-07-20,5000C,CEUTA,51,CEUTA,355319N,052049W,87.0,26.6,19.5,23.0,0.0,31.0,3.6,12.2,13.1,1004.7,1001.8,59.0,74.0,46.0
2017-07-21,5000C,CEUTA,51,CEUTA,355319N,052049W,87.0,26.8,19.3,23.0,0.0,24.0,3.3,11.9,13.0,1003.8,1001.5,54.0,74.0,45.0
2017-07-22,5000C,CEUTA,51,CEUTA,355319N,052049W,87.0,31.2,18.2,24.7,0.0,29.0,1.7,6.1,12.9,1005.9,1002.0,44.0,69.0,30.0
2017-07-23,5000C,CEUTA,51,CEUTA,355319N,052049W,87.0,30.6,21.4,26.0,0.0,30.0,1.4,5.3,12.5,1007.7,1005.3,42.0,65.0,34.0
2017-07-24,5000C,CEUTA,51,CEUTA,355319N,052049W,87.0,37.1,24.3,30.7,0.0,28.0,2.8,10.6,12.8,1007.1,1003.8,31.0,47.0,21.0
2017-07-25,5000C,CEUTA,51,CEUTA,355319N,052049W,87.0,32.3,20.3,26.3,0.0,30.0,2.5,10.3,12.8,1004.6,1002.0,63.0,90.0,24.0
2017-07-26,5000C,CEUTA,51,CEUTA,355319N,052049W,87.0,27.2,19.7,23.4,0.0,18.0,2.5,5.6,9.4,1005.9,1003.0,79.0,98.0,67.0
2017-07-27,5000C,CEUTA,51,CEUTA,355319N,052049W,87.0,26.8,21.5,24.2,0.0,99.0,2.2,6.1,11.5,1006.3,1003.1,79.0,95.0,70.0
2017-07-28,5000C,CEUTA,51,CEUTA,355319N,052049W,87.0,31.2,21.9,26.6,0.0,18.0,1.9,4.7,12.6,1005.3,1003.3,66.0,88.0,42.0
2017-07-29,5000C,CEUTA,51,CEUTA,355319N,052049W,87.0,32.6,22.5,27.6,0.0,16.0,1.9,6.1,12.8,1006.2,1003.8,49.0,75.0,25.0
2017-07-30,5000C,CEUTA,51,CEUTA,355319N,052049W,87.0,30.5,21.3,25.9,0.0,17.0,1.7,5.6,12.6,1004.1,1000.0,56.0,83.0,42.0
2017-07-31,5000C,CEUTA,51,CEUTA,355319N,052049W,87.0,33.5,23.0,28.2,0.0,32.0,2.2,14.7,12.5,1002.4,998.6,39.0,62.0,19.0
2017-08-01,5000C,CEUTA,51,CEUTA,355319N,052049W,87.0,28.0,21.2,24.6,0.0,30.0,3.3,15.0,3.2,1006.2,1001.0,42.0,70.0,21.0
2017-08-02,5000C,CEUTA,51,CEUTA,355319N,052049W,87.0,34.3,21.8,28.0,0.0,18.0,1.4,7.2,12.5,1006.6,1004.3,41.0,63.0,26.0
2017-08-03,5000C,CEUTA,51,CEUTA,355319N,052049W,87.0,32.6,23.8,28.2,0.0,30.0,1.1,7.5,12.1,1007.1,1004.2,42.0,58.0,27.0
2017-08-04,5000C,CEUTA,51,CEUTA,355319N,052049W,87.0,33.3,20.5,26.9,0.0,17.0,2.8,6.4,12.3,1005.2,1002.9,63.0,88.0,32.0
2017-08-05,5000C,CEUTA,51,CEUTA,355319N,052049W,87.0,31.2,21.8,26.5,0.0,17.0,2.8,5.8,12.0,1005.3,1002.8,49.0,90.0,35.0
2017-08-06,5000C,CEUTA,51,CEUTA,355319N,052049W,87.0,29.1,22.4,25.8,0.0,18.0,2.2,7.5,11.3,1005.6,1002.8,66.0,92.0,39.0
2017-08-07,5000C,CEUTA,51,CEUTA,355319N,052049W,87.0,28.6,22.0,25.3,0.0,99.0,2.5,5.3,8.0,1006.2,1002.8,86.0,97.0,69.0
2017-08-08,5000C,CEUTA,51,CEUTA,355319N,052049W,87.0,33.7,22.9,28.3,0.0,30.0,2.8,12.2,11.6,1005.2,1002.3,28.0,77.0,14.0
2017-08-09,5000C,CEUTA,51,CEUTA,355319N,052049W,87.0,28.8,22.0,25.4,0.0,24.0,3.1,10.3,12.7,1006.0,1003.7,48.0,63.0,33.0
2017-08-10,5000C,CEUTA,51,CEUTA,355319N,052049W,87.0,27.2,22.0,24.6,0.0,27.0,3.3,11.7,8.8,1009.9,1003.9,67.0,92.0,33.0
2017-08-11,5000C,CEUTA,51,CEUTA,355319N,052049W,87.0,27.1,22.4,24.8,0.0,10.0,5.6,13.1,7.2,1009.7,1006.8,80.0,94.0,68.0
2017-08-12,5000C,CEUTA,51,CEUTA,355319N,052049W,87.0,27.2,22.1,24.6,0.0,10.0,5.3,11.7,10.1,1009.5,1007.6,81.0,95.0,68.0
2017-08-13,5000C,CEUTA,51,CEUTA,355319N,052049W,87.0,26.9,22.0,24.4,0.0,8.0,5.3,12.2,7.5,1008.0,1004.5,83.0,93.0,69.0
2017-08-14,5000C,CEUTA,51,CEUTA,355319N,052049W,87.0,25.4,22.0,23.7,0.0,7.0,3.9,9.4,0.6,1006.8,1004.1,87.0,94.0,80.0
2017-08-15,5000C,CEUTA,51,CEUTA,355319N,052049W,87.0,28.0,22.2,25.1,0.0,9.0,2.2,6.4,5.0,1008.4,1005.6,87.0,95.0,74.0
2017-08-16,5000C,CEUTA,51,CEUTA,355319N,052049W,87.0,26.8,20.9,23.8,0.0,17.0,2.2,6.9,10.0,1009.0,1006.5,89.0,99.0,75.0
2017-08-17,5000C,CEUTA,51,CEUTA,355319N,052049W,87.0,27.3,22.7,25.0,0.0,99.0,3.1,6.7,3.4,1009.2,1006.3,84.0,97.0,71.0
2017-08-18,5000C,CEUTA,51,CEUTA,355319N,052049W,87.0,28.5,23.1,25.8,0.0,99.0,3.1,6.9,8.0,1007.7,1004.1,82.0,96.0,65.0
2017-08-19,5000C,CEUTA,51,CEUTA,355319N,052049W,87.0,27.7,22.7,25.2,0.0,11.0,3.1,7.5,7.6,1007.3,1004.0,87.0,95.0,76.0
2017-08-20,5000C,CEUTA,51,CEUTA,355319N,052049W,87.0,27.4,23.3,25.4,0.0,7.0,3.9,10.3,1.2,1008.9,1006.6,87.0,96.0,77.0
2017-08-21,5000C,CEUTA,51,CEUTA,355319N,052049W,87.0,26.3,22.6,24.4,0.0,8.0,4.4,10.0,0.2,1008.7,1006.3,86.0,96.0,80.0
2017-08-22,5000C,CEUTA,51,CEUTA,355319N,052049W,87.0,27.5,22.0,24.8,0.0,11.0,3.6,7.8,8.7,1008.5,1005.2,84.0,96.0,73.0
2017-08-23,5000C,CEUTA,51,CEUTA,355319N,052049W,87.0,27.8,21.6,24.7,0.0,99.0,3.1,6.7,11.4,1007.2,1004.8,84.0,98.0,70.0
2017-08-24,5000C,CEUTA,51,CEUTA,355319N,052049W,87.0,27.8,21.3,24.6,0.0,16.0,2.8,6.1,10.0,1007.5,1005.5,84.0,99.0,68.0
2017-08-25,5000C,CEUTA,51,CEUTA,355319N,052049W,87.0,26.3,21.8,24.0,0.0,18.0,3.3,6.9,6.1,1007.1,1004.1,86.0,97.0,74.0
2017-08-26,5000C,CEUTA,51,CEUTA,355319N,052049W,87.0,28.1,22.3,25.2,0.0,11.0,3.3,7.8,8.9,1005.4,1003.1,85.0,98.0,73.0
2017-08-27,5000C,CEUTA,51,CEUTA,355319N,052049W,87.0,26.1,22.4,24.2,0.4,6.0,2.2,5.8,1.7,1005.2,1002.3,92.0,99.0,84.0
2017-08-28,5000C,CEUTA,51,CEUTA,355319N,052049W,87.0,26.9,20.6,23.8,0.0,34.0,2.2,10.0,4.0,1006.1,1002.9,63.0,89.0,47.0
2017-08-29,5000C,CEUTA,51,CEUTA,355319N,052049W,87.0,24.8,19.1,22.0,0.6,6.0,1.9,6.9,2.4,1005.8,1003.4,73.0,90.0,62.0
2017-08-30,5000C,CEUTA,51,CEUTA,355319N,052049W,87.0,25.7,19.4,22.6,0.0,13.0,3.1,8.1,8.0,1006.1,1004.5,83.0,91.0,68.0
2017-08-31,5000C,CEUTA,51,CEUTA,355319N,052049W,87.0,27.1,19.9,23.5,0.0,14.0,2.8,5.8,11.4,1006.1,1003.8,78.0,93.0,57.0
2017-09-01,5000C,CEUTA,51,CEUTA,355319N,052049W,87.0,27.4,22.8,25.1,0.0,11.0,3.3,8.9,7.7,1007.2,1004.6,83.0,95.0,72.0
2017-09-02,5000C,CEUTA,51,CEUTA,355319N,052049W,87.0,26.9,22.7,24.8,0.0,10.0,4.7,10.6,5.2,1009.3,1006.8,88.0,97.0,78.0
2017-09-03,5000C,CEUTA,51,CEUTA,355319N,052049W,87.0,26.8,21.8,24.3,0.0,9.0,2.5,6.1,4.8,1008.6,1004.2,89.0,97.0,74.0
2017-09-04,5000C,CEUTA,51,CEUTA,355319N,052049W,87.0,30.5,21.9,26.2,0.0,29.0,3.1,11.7,11.5,1007.0,1003.4,49.0,85.0,24.0
2017-09-05,5000C,CEUTA,51,CEUTA,355319N,052049W,87.0,27.5,21.5,24.5,0.0,31.0,3.3,14.2,2.2,1011.6,1006.5,88.0,98.0,49.0
2017-09-06,5000C,CEUTA,51,CEUTA,355319N,052049W,87.0,27.5,21.3,24.4,0.0,9.0,3.3,7.2,8.2,1011.2,1007.0,86.0,99.0,72.0
2017-09-07,5000C,CEUTA,51,CEUTA,355319N,052049W,87.0,27.5,22.0,24.8,0.0,10.0,3.3,7.5,9.5,1007.7,1005.0,87.0,97.0,72.0
2017-09-08,5000C,CEUTA,51,CEUTA,355319N,052049W,87.0,27.4,21.7,24.6,0.0,99.0,3.1,5.8,9.1,1005.7,1002.1,83.0,96.0,49.0
2017-09-09,5000C,CEUTA,51,CEUTA,355319N,052049W,87.0,25.7,20.5,23.1,0.0,20.0,4.2,18.9,9.2,1002.8,1000.4,67.0,78.0,32.0
2017-09-10,5000C,CEUTA,51,CEUTA,355319N,052049W,87.0,26.6,18.7,22.6,0.0,28.0,2.2,11.4,11.0,1005.5,1002.6,49.0,74.0,35.0
2017-09-11,5000C,CEUTA,51,CEUTA,355319N,052049W,87.0,26.2,18.3,22.2,0.0,20.0,1.9,6.1,11.2,1005.6,1002.9,56.0,84.0,40.0
2017-09-12,5000C,CEUTA,51,CEUTA,355319N,052049W,87.0,34.0,20.1,27.0,0.0,3.0,1.9,5.3,11.3,1009.7,1002.5,40.0,96.0,22.0
2017-09-13,5000C,CEUTA,51,CEUTA,355319N,052049W,87.0,26.9,20.1,23.5,0.0,99.0,3.6,7.5,6.0,1012.5,1009.6,85.0,97.0,71.0
2017-09-14,5000C,CEUTA,51,CEUTA,355319N,052049W,87.0,30.4,19.7,25.0,0.0,25.0,1.9,7.8,7.5,1010.4,1004.5,57.0,97.0,14.0
2017-09-15,5000C,CEUTA,51,CEUTA,355319N,052049W,87.0,25.2,18.5,21.8,0.0,26.0,3.6,13.6,10.4,1005.1,1002.5,58.0,75.0,34.0
2017-09-16,5000C,CEUTA,51,CEUTA,355319N,052049W,87.0,24.9,16.6,20.8,0.0,29.0,3.3,10.8,10.9,1006.7,1003.0,58.0,69.0,49.0
2017-09-17,5000C,CEUTA,51,CEUTA,355319N,052049W,87.0,27.7,16.3,22.0,0.0,32.0,2.2,11.1,11.1,1009.1,1006.3,53.0,72.0,32.0
2017-09-18,5000C,CEUTA,51,CEUTA,355319N,052049W,87.0,25.7,18.5,22.1,0.0,30.0,3.1,17.5,11.1,1011.5,1008.4,55.0,77.0,39.0
2017-09-19,5000C,CEUTA,51,CEUTA,355319N,052049W,87.0,29.1,19.1,24.1,0.0,33.0,2.8,8.9,10.8,1010.9,1009.0,65.0,82.0,33.0
2017-09-20,5000C,CEUTA,51,CEUTA,355319N,052049W,87.0,23.8,17.0,20.4,0.0,10.0,2.2,6.4,8.3,1010.0,1007.0,85.0,98.0,72.0
2017-09-21,5000C,CEUTA,51,CEUTA,355319N,052049W,87.0,24.6,18.2,21.4,0.0,10.0,2.2,5.3,9.4,1007.4,1005.3,85.0,98.0,72.0
2017-09-22,5000C,CEUTA,51,CEUTA,355319N,052049W,87.0,24.4,17.9,21.2,0.0,11.0,2.5,8.1,1.6,1008.2,1005.8,93.0,100.0,75.0
2017-09-23,5000C,CEUTA,51,CEUTA,355319N,052049W,87.0,23.7,19.7,21.7,0.0,8.0,3.1,8.1,1.4,1010.4,1007.1,86.0,97.0,77.0
2017-09-24,5000C,CEUTA,51,CEUTA,355319N,052049W,87.0,25.3,19.5,22.4,0.0,9.0,3.3,8.3,4.5,1011.4,1009.4,87.0,97.0,73.0
2017-09-25,5000C,CEUTA,51,CEUTA,355319N,052049W,87.0,27.2,19.2,23.2,0.0,29.0,1.9,9.7,10.6,1011.0,1007.8,64.0,99.0,32.0
2017-09-26,5000C,CEUTA,51,CEUTA,355319N,052049W,87.0,29.8,18.7,24.2,0.4,32.0,1.9,8.6,10.4,1009.5,1006.4,47.0,97.0,23.0
2017-09-27,5000C,CEUTA,51,CEUTA,355319N,052049W,87.0,21.4,18.9,20.2,1.0,6.0,2.5,8.6,0.0,1010.7,1008.7,96.0,99.0,92.0
2017-09-28,5000C,CEUTA,51,CEUTA,355319N,052049W,87.0,23.5,19.7,21.6,0.0,10.0,3.6,10.0,0.9,1012.0,1010.5,93.0,99.0,83.0
2017-09-29,5000C,CEUTA,51,CEUTA,355319N,052049W,87.0,24.1,19.7,21.9,0.0,7.0,3.9,8.6,5.1,1011.9,1010.1,91.0,98.0,76.0
2017-09-30,5000C,CEUTA,51,CEUTA,355319N,052049W,87.0,24.2,19.9,22.0,0.0,14.0,3.1,7.2,8.6,1011.0,1007.9,88.0,97.0,75.0
2017-10-01,5000C,CEUTA,51,CEUTA,355319N,052049W,87.0,23.6,19.4,21.5,0.0,9.0,3.1,6.9,5.6,1010.9,1007.4,91.0,98.0,79.0
2017-10-02,5000C,CEUTA,51,CEUTA,355319N,052049W,87.0,23.8,19.9,21.8,0.0,9.0,3.9,10.0,3.8,1011.8,1010.2,91.0,98.0,80.0
2017-10-03,5000C,CEUTA,51,CEUTA,355319N,052049W,87.0,24.0,20.0,22.0,0.0,8.0,3.6,10.8,2.3,1011.4,1009.4,93.0,97.0,82.0
2017-10-04,5000C,CEUTA,51,CEUTA,355319N,052049W,87.0,23.5,20.2,21.8,0.0,7.0,3.6,11.1,3.3,1012.6,1010.2,91.0,97.0,84.0
2017-10-05,5000C,CEUTA,51,CEUTA,355319N,052049W,87.0,24.8,20.1,22.4,0.0,9.0,4.2,12.8,7.9,1012.1,1009.5,88.0,98.0,76.0
2017-10-06,5000C,CEUTA,51,CEUTA,355319N,052049W,87.0,25.1,18.2,21.6,0.0,17.0,1.9,5.8,9.2,1009.7,1006.2,84.0,100.0,47.0
2017-10-07,5000C,CEUTA,51,CEUTA,355319N,052049W,87.0,24.5,18.7,21.6,0.0,11.0,2.8,8.3,3.6,1010.3,1005.6,91.0,98.0,52.0
2017-10-08,5000C,CEUTA,51,CEUTA,355319N,052049W,87.0,24.7,19.5,22.1,0.0,8.0,2.8,8.3,9.0,1010.7,1008.4,90.0,97.0,73.0
2017-10-09,5000C,CEUTA,51,CEUTA,355319N,052049W,87.0,23.4,19.0,21.2,0.0,99.0,2.2,4.7,8.5,1010.2,1008.2,88.0,99.0,76.0
2017-10-10,5000C,CEUTA,51,CEUTA,355319N,052049W,87.0,24.4,18.7,21.6,0.0,99.0,1.9,6.4,6.5,1011.0,1008.6,85.0,99.0,68.0
2017-10-11,5000C,CEUTA,51,CEUTA,355319N,052049W,87.0,24.4,19.8,22.1,0.2,19.0,3.1,8.3,8.5,1014.2,1010.4,88.0,97.0,73.0
2017-10-12,5000C,CEUTA,51,CEUTA,355319N,052049W,87.0,24.5,19.6,22.0,0.0,12.0,2.8,6.7,5.4,1015.5,1012.2,90.0,100.0,72.0
2017-10-13,5000C,CEUTA,51,CEUTA,355319N,052049W,87.0,24.9,19.0,22.0,0.0,99.0,1.7,5.0,5.8,1015.9,1013.3,89.0,100.0,71.0
2017-10-14,5000C,CEUTA,51,CEUTA,355319N,052049W,87.0,23.4,18.7,21.0,0.0,99.0,2.8,5.8,2.7,1014.8,1012.5,91.0,100.0,79.0
2017-10-15,5000C,CEUTA,51,CEUTA,355319N,052049W,87.0,23.2,19.3,21.2,0.0,8.0,2.8,8.1,0.4,1014.4,1011.9,91.0,100.0,75.0
2017-10-16,5000C,CEUTA,51,CEUTA,355319N,052049W,87.0,23.8,19.4,21.6,0.0,9.0,3.6,9.2,2.6,1014.9,1012.2,88.0,100.0,77.0
2017-10-17,5000C,CEUTA,51,CEUTA,355319N,052049W,87.0,22.1,19.2,20.6,7.0,7.0,1.7,6.1,0.0,1013.9,1007.5,95.0,99.0,87.0
2017-10-18,5000C,CEUTA,51,CEUTA,355319N,052049W,87.0,22.7,18.1,20.4,13.6,30.0,3.1,11.9,2.8,,,85.0,99.0,65.0
2017-10-19,5000C,CEUTA,51,CEUTA,355319N,052049W,87.0,21.5,18.8,20.2,1.4,30.0,4.2,18.1,1.1,,,79.0,92.0,74.0
2017-10-20,5000C,CEUTA,51,CEUTA,355319N,052049W,87.0,25.1,18.8,22.0,0.0,32.0,2.2,8.6,9.7,,,69.0,85.0,53.0
2017-10-21,5000C,CEUTA,51,CEUTA,355319N,052049W,87.0,25.8,18.0,21.9,0.0,17.0,1.4,4.7,9.8,,,66.0,84.0,49.0
2017-10-22,5000C,CEUTA,51,CEUTA,355319N,052049W,87.0,23.8,18.3,21.0,0.0,15.0,1.4,4.2,9.7,,,82.0,100.0,62.0
2017-10-23,5000C,CEUTA,51,CEUTA,355319N,052049W,87.0,22.7,18.9,20.8,0.0,12.0,3.1,8.1,2.4,,,92.0,100.0,79.0
2017-10-24,5000C,CEUTA,51,CEUTA,355319N,052049W,87.0,23.0,19.1,21.0,0.0,10.0,4.4,10.3,6.5,,,84.0,96.0,73.0
2017-10-25,5000C,CEUTA,51,CEUTA,355319N,052049W,87.0,20.8,18.2,19.5,0.0,7.0,3.1,6.7,2.0,,,92.0,99.0,83.0
2017-10-26,5000C,CEUTA,51,CEUTA,355319N,052049W,87.0,23.0,18.5,20.8,0.0,11.0,3.3,9.2,6.1,,,91.0,99.0,77.0
2017-10-27,5000C,CEUTA,51,CEUTA,355319N,052049W,87.0,22.6,18.0,20.3,0.0,11.0,3.1,7.5,5.6,,,88.0,100.0,76.0
2017-10-28,5000C,CEUTA,51,CEUTA,355319N,052049W,87.0,21.0,17.4,19.2,0.0,10.0,2.8,8.3,1.1,,,87.0,96.0,72.0
2017-10-29,5000C,CEUTA,51,CEUTA,355319N,052049W,87.0,22.1,17.3,19.7,0.0,13.0,1.9,4.7,8.6,,,86.0,97.0,70.0
2017-10-30,5000C,CEUTA,51,CEUTA,355319N,052049W,87.0,22.0,16.5,19.2,0.0,12.0,2.2,6.4,7.0,,,88.0,100.0,74.0
2017-10-31,5000C,CEUTA,51,CEUTA,355319N,052049W,87.0,22.1,18.1,20.1,0.0,11.0,4.2,8.9,1.8,1010.1,1006.1,90.0,100.0,77.0
2017-11-01,5000C,CEUTA,51,CEUTA,355319N,052049W,87.0,21.4,18.3,19.8,0.0,99.0,3.1,7.2,1.4,1010.9,1008.5,92.0,99.0,83.0
2017-11-02,5000C,CEUTA,51,CEUTA,355319N,052049W,87.0,22.1,18.4,20.2,0.0,16.0,1.9,5.0,7.4,1009.1,1005.8,86.0,98.0,72.0
2017-11-03,5000C,CEUTA,51,CEUTA,355319N,052049W,87.0,20.2,16.5,18.4,17.4,30.0,1.4,7.2,2.1,1006.1,1003.0,97.0,100.0,85.0
2017-11-04,5000C,CEUTA,51,CEUTA,355319N,052049W,87.0,21.7,17.3,19.5,5.4,24.0,3.3,11.9,5.1,1009.4,1003.0,78.0,94.0,66.0
2017-11-05,5000C,CEUTA,51,CEUTA,355319N,052049W,87.0,20.8,15.9,18.4,0.0,29.0,2.8,11.9,9.1,1011.4,1009.1,78.0,89.0,57.0
2017-11-06,5000C,CEUTA,51,CEUTA,355319N,052049W,87.0,20.6,14.4,17.5,0.0,11.0,2.2,6.4,6.9,1010.5,1007.4,79.0,94.0,68.0
2017-11-07,5000C,CEUTA,51,CEUTA,355319N,052049W,87.0,20.4,15.4,17.9,0.0,99.0,1.9,5.8,7.2,1009.3,1006.9,82.0,95.0,63.0
2017-11-08,5000C,CEUTA,51,CEUTA,355319N,052049W,87.0,19.6,13.9,16.8,0.0,36.0,1.7,4.7,7.7,1011.6,1008.9,90.0,100.0,59.0
2017-11-09,5000C,CEUTA,51,CEUTA,355319N,052049W,87.0,18.5,13.5,16.0,0.0,8.0,3.1,11.7,5.9,1014.6,1008.7,76.0,86.0,54.0
2017-11-10,5000C,CEUTA,51,CEUTA,355319N,052049W,87.0,18.4,12.6,15.5,0.0,33.0,2.8,7.2,9.1,1017.9,1014.0,53.0,82.0,42.0
2017-11-11,5000C,CEUTA,51,CEUTA,355319N,052049W,87.0,21.3,12.3,16.8,0.0,17.0,1.9,3.9,9.0,1017.6,1012.7,59.0,90.0,34.0
2017-11-12,5000C,CEUTA,51,CEUTA,355319N,052049W,87.0,23.9,13.4,18.6,0.0,30.0,1.9,14.2,8.8,1013.2,1008.1,59.0,99.0,29.0
2017-11-13,5000C,CEUTA,51,CEUTA,355319N,052049W,87.0,20.7,16.3,18.5,0.0,25.0,3.6,13.6,9.1,1008.3,1004.3,67.0,79.0,45.0
2017-11-14,5000C,CEUTA,51,CEUTA,355319N,052049W,87.0,20.0,13.8,16.9,0.0,13.0,2.5,7.2,7.1,1008.1,1005.8,74.0,80.0,52.0
2017-11-15,5000C,CEUTA,51,CEUTA,355319N,052049W,87.0,19.7,15.4,17.6,0.0,10.0,4.4,11.1,6.2,1009.9,1007.7,66.0,78.0,56.0
2017-11-16,5000C,CEUTA,51,CEUTA,355319N,052049W,87.0,19.4,13.7,16.6,0.0,10.0,1.9,5.3,8.1,1010.2,1008.2,78.0,88.0,65.0
2017-11-17,5000C,CEUTA,51,CEUTA,355319N,052049W,87.0,19.2,15.8,17.5,0.0,6.0,3.1,6.7,3.0,1010.4,1008.1,78.0,89.0,63.0
2017-11-18,5000C,CEUTA,51,CEUTA,355319N,052049W,87.0,19.0,16.0,17.5,0.0,9.0,3.3,7.2,4.4,1009.2,1007.8,77.0,88.0,64.0
2017-11-19,5000C,CEUTA,51,CEUTA,355319N,052049W,87.0,18.5,15.5,17.0,0.0,10.0,3.6,8.6,3.0,1011.6,1008.6,82.0,94.0,70.0
2017-11-20,5000C,CEUTA,51,CEUTA,355319N,052049W,87.0,18.5,15.1,16.8,0.0,6.0,2.8,7.5,3.8,1013.1,1010.8,91.0,97.0,83.0
2017-11-21,5000C,CEUTA,51,CEUTA,355319N,052049W,87.0,19.1,14.2,16.6,0.0,12.0,1.7,5.8,7.8,1012.0,1008.7,83.0,96.0,74.0
2017-11-22,5000C,CEUTA,51,CEUTA,355319N,052049W,87.0,18.3,13.3,15.8,0.0,18.0,1.9,5.3,7.5,1008.7,1005.5,87.0,96.0,73.0
2017-11-23,5000C,CEUTA,51,CEUTA,355319N,052049W,87.0,19.8,12.5,16.2,0.0,14.0,1.7,4.7,8.0,1011.0,1006.2,89.0,100.0,64.0
2017-11-24,5000C,CEUTA,51,CEUTA,355319N,052049W,87.0,19.7,14.6,17.2,0.0,99.0,1.7,4.7,8.0,1011.6,1009.6,86.0,100.0,67.0
2017-11-25,5000C,CEUTA,51,CEUTA,355319N,052049W,87.0,20.8,11.8,16.3,0.0,20.0,1.9,4.7,4.5,1011.7,1009.3,69.0,100.0,27.0
2017-11-26,5000C,CEUTA,51,CEUTA,355319N,052049W,87.0,22.4,16.9,19.6,0.0,10.0,2.8,8.1,4.0,1016.8,1011.2,73.0,94.0,36.0
2017-11-27,5000C,CEUTA,51,CEUTA,355319N,052049W,87.0,18.0,16.1,17.0,0.0,11.0,3.9,8.3,0.2,1016.4,1013.8,90.0,94.0,83.0
2017-11-28,5000C,CEUTA,51,CEUTA,355319N,052049W,87.0,18.7,14.3,16.5,0.4,10.0,1.9,5.3,2.5,1013.8,1001.8,88.0,100.0,78.0
2017-11-29,5000C,CEUTA,51,CEUTA,355319N,052049W,87.0,20.8,15.1,18.0,31.4,26.0,3.9,15.3,0.2,1001.8,996.5,88.0,95.0,61.0
2017-11-30,5000C,CEUTA,51,CEUTA,355319N,052049W,87.0,15.7,11.0,13.4,0.0,23.0,4.2,11.7,7.5,1009.6,997.2,62.0,72.0,47.0
2017-12-01,5000C,CEUTA,51,CEUTA,355319N,052049W,87.0,16.2,8.9,12.6,0.0,30.0,2.2,10.3,7.9,1011.7,1008.8,47.0,62.0,31.0
2017-12-02,5000C,CEUTA,51,CEUTA,355319N,052049W,87.0,16.2,9.1,12.6,0.0,35.0,1.7,7.2,7.8,1013.2,1010.4,60.0,78.0,37.0
2017-12-03,5000C,CEUTA,51,CEUTA,355319N,052049W,87.0,13.6,8.3,11.0,0.0,10.0,2.8,10.0,7.8,1018.3,1012.6,47.0,67.0,30.0
2017-12-04,5000C,CEUTA,51,CEUTA,355319N,052049W,87.0,15.9,12.7,14.3,0.0,9.0,5.3,11.4,4.5,1022.0,1018.2,60.0,66.0,55.0
2017-12-05,5000C,CEUTA,51,CEUTA,355319N,052049W,87.0,17.0,13.6,15.3,0.0,9.0,4.4,11.9,1.1,1022.8,1022.0,68.0,78.0,60.0
2017-12-06,5000C,CEUTA,51,CEUTA,355319N,052049W,87.0,16.5,13.4,15.0,0.0,11.0,4.2,9.2,4.1,1022.8,1020.1,65.0,73.0,57.0
2017-12-07,5000C,CEUTA,51,CEUTA,355319N,052049W,87.0,17.3,12.0,14.6,0.0,12.0,3.1,6.9,5.7,1021.0,1018.9,69.0,84.0,61.0
2017-12-08,5000C,CEUTA,51,CEUTA,355319N,052049W,87.0,20.1,10.2,15.2,0.0,29.0,2.5,13.9,7.7,1019.4,1015.8,55.0,99.0,14.0
2017-12-09,5000C,CEUTA,51,CEUTA,355319N,052049W,87.0,18.4,15.0,16.7,0.0,30.0,3.3,16.4,3.6,1017.1,1014.2,77.0,87.0,66.0
2017-12-10,5000C,CEUTA,51,CEUTA,355319N,052049W,87.0,19.0,15.6,17.3,1.0,20.0,2.8,12.8,1.2,1016.4,1000.2,74.0,89.0,64.0
2017-12-11,5000C,CEUTA,51,CEUTA,355319N,052049W,87.0,17.9,9.3,13.6,31.2,30.0,3.9,22.5,0.0,1000.2,989.1,73.0,94.0,64.0
2017-12-12,5000C,CEUTA,51,CEUTA,355319N,052049W,87.0,15.6,9.1,12.4,0.0,30.0,2.5,11.1,7.7,1013.6,998.9,59.0,83.0,41.0
2017-12-13,5000C,CEUTA,51,CEUTA,355319N,052049W,87.0,16.2,9.4,12.8,0.0,6.0,1.7,7.5,6.9,1017.9,1013.6,71.0,83.0,56.0
2017-12-14,5000C,CEUTA,51,CEUTA,355319N,052049W,87.0,17.8,10.5,14.2,0.2,29.0,2.8,13.3,6.0,1017.0,1010.1,59.0,89.0,39.0
2017-12-15,5000C,CEUTA,51,CEUTA,355319N,052049W,87.0,18.1,14.3,16.2,7.8,29.0,3.6,13.3,2.6,1010.1,1004.1,86.0,93.0,74.0
2017-12-16,5000C,CEUTA,51,CEUTA,355319N,052049W,87.0,16.8,10.8,13.8,0.0,36.0,2.5,16.7,6.3,1012.5,1002.3,69.0,93.0,46.0
2017-12-17,5000C,CEUTA,51,CEUTA,355319N,052049W,87.0,15.7,13.1,14.4,0.0,5.0,5.0,10.6,3.1,1019.5,1012.4,72.0,79.0,63.0
2017-12-18,5000C,CEUTA,51,CEUTA,355319N,052049W,87.0,16.2,10.7,13.4,0.0,10.0,4.2,9.2,6.0,1019.6,1015.8,62.0,87.0,48.0
2017-12-19,5000C,CEUTA,51,CEUTA,355319N,052049W,87.0,17.5,10.7,14.1,0.0,10.0,3.9,11.7,7.2,1020.0,1013.0,65.0,86.0,49.0
2017-12-20,5000C,CEUTA,51,CEUTA,355319N,052049W,87.0,16.1,11.3,13.7,0.0,12.0,3.6,10.8,5.7,1022.2,1019.5,72.0,85.0,61.0
2017-12-21,5000C,CEUTA,51,CEUTA,355319N,052049W,87.0,17.4,10.7,14.0,0.0,11.0,3.1,7.5,7.1,1027.0,1020.5,80.0,95.0,64.0
2017-12-22,5000C,CEUTA,51,CEUTA,355319N,052049W,87.0,17.1,12.3,14.7,0.0,10.0,1.7,5.8,7.6,1026.8,1020.6,77.0,85.0,57.0
2017-12-23,5000C,CEUTA,51,CEUTA,355319N,052049W,87.0,16.5,12.0,14.2,0.0,29.0,2.2,7.5,5.8,1022.2,1019.6,81.0,89.0,47.0
2017-12-24,5000C,CEUTA,51,CEUTA,355319N,052049W,87.0,16.0,12.6,14.3,0.0,10.0,3.3,11.1,0.3,1021.9,1017.6,85.0,92.0,79.0
2017-12-25,5000C,CEUTA,51,CEUTA,355319N,052049W,87.0,18.1,11.6,14.8,1.0,26.0,2.2,8.6,4.3,1017.9,1014.7,76.0,93.0,54.0
2017-12-26,5000C,CEUTA,51,CEUTA,355319N,052049W,87.0,16.0,13.2,14.6,19.0,24.0,3.6,13.6,1.5,1015.8,1010.9,81.0,96.0,71.0
2017-12-27,5000C,CEUTA,51,CEUTA,355319N,052049W,87.0,17.0,13.5,15.2,18.8,26.0,4.4,20.0,2.2,1010.9,1006.9,79.0,95.0,68.0
2017-12-28,5000C,CEUTA,51,CEUTA,355319N,052049W,87.0,18.5,14.9,16.7,2.4,23.0,4.4,17.2,2.9,1013.1,1008.6,83.0,94.0,73.0
2017-12-29,5000C,CEUTA,51,CEUTA,355319N,052049W,87.0,18.6,14.9,16.8,0.0,30.0,2.5,14.2,3.6,1017.1,1012.7,74.0,91.0,60.0
2017-12-30,5000C,CEUTA,51,CEUTA,355319N,052049W,87.0,20.0,12.9,16.4,0.0,16.0,0.8,3.9,7.6,1018.1,1015.4,79.0,92.0,61.0
2017-12-31,5000C,CEUTA,51,CEUTA,355319N,052049W,87.0,18.2,13.1,15.6,0.0,32.0,3.6,16.4,1.2,1022.6,1015.0,79.0,93.0,65.0
2018-01-01,5000C,CEUTA,51,CEUTA,355319N,052049W,87.0,19.7,11.5,15.6,0.0,33.0,1.7,7.5,7.6,1024.3,1021.2,51.0,85.0,13.0
2018-01-02,5000C,CEUTA,51,CEUTA,355319N,052049W,87.0,22.7,13.3,18.0,0.0,34.0,2.2,8.9,7.7,1023.5,1020.1,36.0,65.0,12.0
2018-01-03,5000C,CEUTA,51,CEUTA,355319N,052049W,87.0,21.9,14.2,18.0,0.0,30.0,1.1,8.6,7.7,1022.1,1018.3,68.0,77.0,43.0
2018-01-04,5000C,CEUTA,51,CEUTA,355319N,052049W,87.0,18.4,14.5,16.4,0.0,30.0,4.2,18.6,7.7,1018.4,1014.0,68.0,80.0,51.0
2018-01-05,5000C,CEUTA,51,CEUTA,355319N,052049W,87.0,18.4,14.0,16.2,9.8,24.0,3.3,11.4,4.2,1014.0,996.2,66.0,79.0,56.0
2018-01-06,5000C,CEUTA,51,CEUTA,355319N,052049W,87.0,14.3,8.9,11.6,1.0,31.0,4.7,16.7,4.3,996.2,987.3,68.0,94.0,42.0
2018-01-07,5000C,CEUTA,51,CEUTA,355319N,052049W,87.0,13.8,8.8,11.3,0.2,29.0,3.9,11.7,6.1,997.0,991.4,63.0,73.0,49.0
2018-01-08,5000C,CEUTA,51,CEUTA,355319N,052049W,87.0,13.3,7.3,10.3,14.4,22.0,2.2,10.3,2.1,1007.4,996.4,78.0,94.0,66.0
2018-01-09,5000C,CEUTA,51,CEUTA,355319N,052049W,87.0,15.1,8.8,12.0,4.2,19.0,2.2,9.2,1.3,1012.0,1006.6,77.0,92.0,63.0
2018-01-10,5000C,CEUTA,51,CEUTA,355319N,052049W,87.0,17.8,13.4,15.6,0.0,32.0,3.6,16.1,7.4,1016.1,1007.8,71.0,92.0,61.0
2018-01-11,5000C,CEUTA,51,CEUTA,355319N,052049W,87.0,14.7,10.7,12.7,0.0,30.0,3.3,12.8,5.8,1019.0,1016.0,60.0,77.0,48.0
2018-01-12,5000C,CEUTA,51,CEUTA,355319N,052049W,87.0,16.5,9.6,13.0,0.0,30.0,1.7,7.8,7.9,1017.4,1012.4,65.0,84.0,42.0
2018-01-13,5000C,CEUTA,51,CEUTA,355319N,052049W,87.0,15.9,10.1,13.0,0.8,24.0,2.2,10.6,2.1,1012.7,1009.4,76.0,94.0,64.0
2018-01-14,5000C,CEUTA,51,CEUTA,355319N,052049W,87.0,12.4,9.3,10.8,12.6,30.0,2.5,8.6,0.5,1012.4,1008.3,86.0,97.0,71.0
2018-01-15,5000C,CEUTA,51,CEUTA,355319N,052049W,87.0,14.6,7.3,11.0,0.0,99.0,2.2,7.2,5.7,1020.0,1010.5,72.0,84.0,57.0
2018-01-16,5000C,CEUTA,51,CEUTA,355319N,052049W,87.0,15.5,11.5,13.5,0.0,10.0,2.2,6.7,7.6,1020.5,1015.3,74.0,80.0,41.0
2018-01-17,5000C,CEUTA,51,CEUTA,355319N,052049W,87.0,18.1,10.7,14.4,0.0,99.0,1.1,7.2,8.1,1015.3,1010.0,62.0,93.0,41.0
2018-01-18,5000C,CEUTA,51,CEUTA,355319N,052049W,87.0,15.1,13.6,14.4,0.0,10.0,5.8,11.7,0.0,1012.0,1008.0,89.0,92.0,73.0
2018-01-19,5000C,CEUTA,51,CEUTA,355319N,052049W,87.0,18.6,13.3,16.0,0.0,99.0,0.8,6.7,5.2,1014.8,1007.2,79.0,93.0,62.0
2018-01-20,5000C,CEUTA,51,CEUTA,355319N,052049W,87.0,19.4,13.9,16.6,0.0,29.0,3.9,12.2,8.2,1018.9,1013.7,67.0,83.0,44.0
2018-01-21,5000C,CEUTA,51,CEUTA,355319N,052049W,87.0,18.1,13.7,15.9,0.0,25.0,3.9,13.6,8.3,1019.4,1016.2,73.0,83.0,31.0
2018-01-22,5000C,CEUTA,51,CEUTA,355319N,052049W,87.0,21.4,13.2,17.3,0.0,25.0,1.4,6.1,8.3,1017.6,1014.6,68.0,81.0,52.0
2018-01-23,5000C,CEUTA,51,CEUTA,355319N,052049W,87.0,19.6,12.5,16.0,0.0,17.0,1.7,5.8,8.4,1017.0,1014.3,77.0,97.0,60.0
2018-01-24,5000C,CEUTA,51,CEUTA,355319N,052049W,87.0,16.4,12.9,14.6,0.0,9.0,3.1,6.7,2.1,1018.1,1015.2,86.0,98.0,72.0
2018-01-25,5000C,CEUTA,51,CEUTA,355319N,052049W,87.0,17.3,11.0,14.2,8.8,32.0,2.5,14.2,2.6,1015.6,1011.1,74.0,93.0,62.0
2018-01-26,5000C,CEUTA,51,CEUTA,355319N,052049W,87.0,13.9,8.8,11.4,0.0,30.0,5.0,15.8,8.7,1017.3,1012.7,57.0,85.0,41.0
2018-01-27,5000C,CEUTA,51,CEUTA,355319N,052049W,87.0,14.6,8.8,11.7,0.0,34.0,2.8,9.2,8.8,1017.5,1014.6,50.0,72.0,34.0
2018-01-28,5000C,CEUTA,51,CEUTA,355319N,052049W,87.0,13.7,8.1,10.9,13.8,8.0,4.4,17.2,2.3,1017.3,1012.5,74.0,96.0,60.0
2018-01-29,5000C,CEUTA,51,CEUTA,355319N,052049W,87.0,15.1,13.6,14.4,0.2,7.0,8.6,22.5,0.1,1017.0,1014.7,81.0,88.0,77.0
2018-01-30,5000C,CEUTA,51,CEUTA,355319N,052049W,87.0,14.9,13.9,14.4,0.2,9.0,6.9,15.0,0.1,1016.5,1011.9,84.0,91.0,78.0
2018-01-31,5000C,CEUTA,51,CEUTA,355319N,052049W,87.0,14.4,12.7,13.6,6.0,10.0,5.8,12.5,0.0,1012.6,1007.4,88.0,99.0,83.0
2018-02-01,5000C,CEUTA,51,CEUTA,355319N,052049W,87.0,16.8,11.0,13.9,3.4,30.0,2.5,13.3,7.5,1007.9,999.0,77.0,97.0,60.0
2018-02-02,5000C,CEUTA,51,CEUTA,355319N,052049W,87.0,12.8,8.1,10.4,0.0,29.0,4.7,13.9,9.0,1008.9,999.0,54.0,69.0,44.0
2018-02-03,5000C,CEUTA,51,CEUTA,355319N,052049W,87.0,15.0,7.2,11.1,1.6,31.0,2.8,8.9,9.1,1011.7,1008.4,46.0,62.0,28.0
2018-02-04,5000C,CEUTA,51,CEUTA,355319N,052049W,87.0,11.3,6.4,8.8,15.2,24.0,2.8,12.8,0.4,1008.4,997.9,82.0,96.0,54.0
2018-02-05,5000C,CEUTA,51,CEUTA,355319N,052049W,87.0,13.3,7.5,10.4,0.0,24.0,2.5,11.7,6.4,998.4,995.9,63.0,77.0,42.0
2018-02-06,5000C,CEUTA,51,CEUTA,355319N,052049W,87.0,11.9,6.7,9.3,0.0,30.0,4.4,12.2,6.7,1003.4,997.4,65.0,81.0,52.0
2018-02-07,5000C,CEUTA,51,CEUTA,355319N,052049W,87.0,10.3,7.2,8.8,15.2,34.0,2.2,6.9,0.8,1005.0,1001.9,78.0,97.0,58.0
2018-02-08,5000C,CEUTA,51,CEUTA,355319N,052049W,87.0,11.6,7.5,9.6,5.0,5.0,1.9,8.1,1.1,1009.8,1004.3,92.0,98.0,76.0
2018-02-09,5000C,CEUTA,51,CEUTA,355319N,052049W,87.0,13.5,8.1,10.8,0.2,25.0,3.1,13.3,7.5,1012.4,1009.4,57.0,87.0,40.0
2018-02-10,5000C,CEUTA,51,CEUTA,355319N,052049W,87.0,15.0,10.9,13.0,0.0,31.0,4.2,13.9,8.6,1012.8,1009.5,73.0,90.0,55.0
2018-02-11,5000C,CEUTA,51,CEUTA,355319N,052049W,87.0,17.1,9.8,13.4,0.0,29.0,3.1,12.5,9.3,1015.0,1011.7,58.0,81.0,45.0
2018-02-12,5000C,CEUTA,51,CEUTA,355319N,052049W,87.0,17.0,11.9,14.4,5.0,30.0,3.3,13.6,2.3,1013.4,1010.9,71.0,94.0,60.0
2018-02-13,5000C,CEUTA,51,CEUTA,355319N,052049W,87.0,15.6,8.9,12.2,0.0,31.0,1.9,12.8,9.4,1015.1,1012.4,61.0,73.0,49.0
2018-02-14,5000C,CEUTA,51,CEUTA,355319N,052049W,87.0,15.9,9.9,12.9,0.0,32.0,2.5,14.7,8.0,1014.3,1012.1,63.0,84.0,54.0
2018-02-15,5000C,CEUTA,51,CEUTA,355319N,052049W,87.0,18.7,10.9,14.8,0.0,99.0,1.7,5.0,9.6,1015.1,1012.7,73.0,83.0,56.0
2018-02-16,5000C,CEUTA,51,CEUTA,355319N,052049W,87.0,17.3,11.6,14.4,0.0,30.0,1.9,6.9,9.5,1014.0,1011.3,80.0,94.0,63.0
2018-02-17,5000C,CEUTA,51,CEUTA,355319N,052049W,87.0,18.5,11.9,15.2,0.0,28.0,2.5,9.4,9.6,1013.0,1010.3,64.0,83.0,52.0
2018-02-18,5000C,CEUTA,51,CEUTA,355319N,052049W,87.0,16.4,10.6,13.5,0.0,33.0,1.7,6.1,8.7,1010.8,1008.1,83.0,94.0,65.0
2018-02-19,5000C,CEUTA,51,CEUTA,355319N,052049W,87.0,16.8,11.4,14.1,0.0,2.0,1.4,5.0,7.7,1008.2,1005.9,87.0,95.0,72.0
2018-02-20,5000C,CEUTA,51,CEUTA,355319N,052049W,87.0,17.8,11.6,14.7,0.0,20.0,1.7,5.0,7.5,1007.1,1001.5,82.0,99.0,54.0
2018-02-21,5000C,CEUTA,51,CEUTA,355319N,052049W,87.0,19.7,12.4,16.0,0.0,32.0,3.6,13.9,9.9,1001.5,994.5,47.0,62.0,32.0
2018-02-22,5000C,CEUTA,51,CEUTA,355319N,052049W,87.0,17.3,9.5,13.4,0.0,31.0,2.2,10.3,9.8,999.3,996.1,63.0,88.0,28.0
2018-02-23,5000C,CEUTA,51,CEUTA,355319N,052049W,87.0,16.2,9.6,12.9,0.0,10.0,2.5,7.5,10.0,996.1,993.3,64.0,76.0,32.0
2018-02-24,5000C,CEUTA,51,CEUTA,355319N,052049W,87.0,15.4,12.1,13.8,0.0,8.0,3.6,9.4,1.8,999.8,993.8,75.0,84.0,68.0
2018-02-25,5000C,CEUTA,51,CEUTA,355319N,052049W,87.0,17.0,11.5,14.2,0.0,11.0,2.2,5.6,5.4,1002.3,999.8,76.0,89.0,62.0
2018-02-26,5000C,CEUTA,51,CEUTA,355319N,052049W,87.0,16.1,11.6,13.8,6.8,20.0,2.5,10.6,3.7,1000.6,994.8,82.0,97.0,72.0
2018-02-27,5000C,CEUTA,51,CEUTA,355319N,052049W,87.0,18.9,13.3,16.1,1.2,25.0,2.8,12.2,4.8,998.3,995.7,76.0,91.0,60.0
2018-02-28,5000C,CEUTA,51,CEUTA,355319N,052049W,87.0,20.7,13.5,17.1,34.8,27.0,3.9,17.8,3.9,995.7,986.6,72.0,88.0,44.0
2018-03-01,5000C,CEUTA,51,CEUTA,355319N,052049W,87.0,18.3,13.3,15.8,16.6,24.0,6.1,23.9,2.7,995.4,980.9,76.0,93.0,67.0
2018-03-02,5000C,CEUTA,51,CEUTA,355319N,052049W,87.0,17.8,14.8,16.3,17.0,20.0,5.3,19.2,1.2,996.3,991.5,89.0,91.0,74.0
2018-03-03,5000C,CEUTA,51,CEUTA,355319N,052049W,87.0,17.8,12.1,15.0,21.0,24.0,1.9,13.1,0.6,997.0,993.1,88.0,99.0,71.0
2018-03-04,5000C,CEUTA,51,CEUTA,355319N,052049W,87.0,17.9,13.6,15.8,15.2,20.0,5.3,18.6,5.4,995.5,988.8,76.0,92.0,62.0
2018-03-05,5000C,CEUTA,51,CEUTA,355319N,052049W,87.0,15.6,13.2,14.4,30.8,28.0,4.7,20.0,0.9,998.3,990.2,80.0,94.0,61.0
2018-03-06,5000C,CEUTA,51,CEUTA,355319N,052049W,87.0,15.6,12.2,13.9,13.6,24.0,3.1,12.5,1.0,998.3,995.5,86.0,98.0,70.0
2018-03-07,5000C,CEUTA,51,CEUTA,355319N,052049W,87.0,18.1,10.0,14.0,43.6,31.0,2.2,11.7,8.8,1003.3,998.0,68.0,100.0,46.0
2018-03-08,5000C,CEUTA,51,CEUTA,355319N,052049W,87.0,19.9,12.0,16.0,0.0,25.0,2.8,16.1,1.2,1007.0,998.6,77.0,100.0,65.0
2018-03-09,5000C,CEUTA,51,CEUTA,355319N,052049W,87.0,18.3,14.0,16.2,2.2,22.0,2.5,5.8,5.3,1006.7,1002.9,88.0,100.0,73.0
2018-03-10,5000C,CEUTA,51,CEUTA,355319N,052049W,87.0,21.3,11.5,16.4,22.6,27.0,3.1,16.7,3.8,1003.1,999.4,82.0,100.0,61.0
2018-03-11,5000C,CEUTA,51,CEUTA,355319N,052049W,87.0,17.4,11.2,14.3,20.4,25.0,4.4,19.4,5.4,1009.2,1000.8,78.0,90.0,60.0
2018-03-12,5000C,CEUTA,51,CEUTA,355319N,052049W,87.0,17.4,12.8,15.1,0.2,28.0,2.5,11.9,5.1,1012.2,1009.1,74.0,91.0,59.0
2018-03-13,5000C,CEUTA,51,CEUTA,355319N,052049W,87.0,20.8,14.8,17.8,1.4,21.0,2.8,10.0,4.5,1010.4,1007.5,78.0,95.0,64.0
2018-03-14,5000C,CEUTA,51,CEUTA,355319N,052049W,87.0,19.4,14.9,17.2,13.0,24.0,3.1,13.3,2.7,1008.8,998.1,75.0,95.0,64.0
2018-03-15,5000C,CEUTA,51,CEUTA,355319N,052049W,87.0,17.0,10.9,14.0,19.6,20.0,4.4,19.2,3.3,1000.8,994.5,85.0,97.0,67.0
2018-03-16,5000C,CEUTA,51,CEUTA,355319N,052049W,87.0,15.2,9.6,12.4,6.4,31.0,3.6,13.1,6.6,1003.1,999.2,76.0,92.0,61.0
2018-03-17,5000C,CEUTA,51,CEUTA,355319N,052049W,87.0,16.6,11.4,14.0,40.8,21.0,5.3,22.2,5.4,1002.8,994.4,78.0,93.0,60.0
2018-03-18,5000C,CEUTA,51,CEUTA,355319N,052049W,87.0,17.5,13.9,15.7,0.6,26.0,6.1,24.4,5.7,1005.0,994.5,78.0,94.0,72.0
2018-03-19,5000C,CEUTA,51,CEUTA,355319N,052049W,87.0,17.2,12.0,14.6,5.0,26.0,3.9,21.1,5.6,,,72.0,94.0,64.0
2018-03-20,5000C,CEUTA,51,CEUTA,355319N,052049W,87.0,14.7,8.4,11.6,0.4,32.0,2.8,18.3,9.3,1011.0,1004.0,57.0,90.0,42.0
2018-03-21,5000C,CEUTA,51,CEUTA,355319N,052049W,87.0,15.4,8.9,12.2,0.0,29.0,3.1,10.8,11.0,1014.0,1010.2,50.0,65.0,39.0
2018-03-22,5000C,CEUTA,51,CEUTA,355319N,052049W,87.0,16.6,11.5,14.0,0.0,25.0,3.3,12.5,10.9,,,49.0,70.0,32.0
2018-03-23,5000C,CEUTA,51,CEUTA,355319N,052049W,87.0,16.4,12.2,14.3,12.8,24.0,4.4,17.2,5.5,1014.2,1001.4,69.0,92.0,60.0
2018-03-24,5000C,CEUTA,51,CEUTA,355319N,052049W,87.0,15.3,9.2,12.2,5.4,29.0,6.7,20.6,10.1,1006.1,997.3,60.0,91.0,52.0
2018-03-25,5000C,CEUTA,51,CEUTA,355319N,052049W,87.0,17.0,11.0,14.0,5.2,26.0,5.3,17.5,4.8,1008.6,1000.5,78.0,94.0,55.0
2018-03-26,5000C,CEUTA,51,CEUTA,355319N,052049W,87.0,19.4,12.9,16.2,0.0,30.0,3.6,10.0,11.2,1015.8,1008.5,45.0,59.0,34.0
2018-03-27,5000C,CEUTA,51,CEUTA,355319N,052049W,87.0,22.1,13.1,17.6,0.0,30.0,1.1,8.9,11.2,1016.4,1012.7,57.0,74.0,28.0
2018-03-28,5000C,CEUTA,51,CEUTA,355319N,052049W,87.0,23.7,13.4,18.6,0.0,30.0,2.2,12.2,11.2,1012.7,1005.5,52.0,76.0,32.0
2018-03-29,5000C,CEUTA,51,CEUTA,355319N,052049W,87.0,19.2,13.2,16.2,0.0,24.0,2.8,11.1,6.0,1005.8,1003.3,69.0,82.0,33.0
2018-03-30,5000C,CEUTA,51,CEUTA,355319N,052049W,87.0,15.9,12.0,14.0,23.2,30.0,2.8,13.6,2.9,1006.0,1002.9,74.0,91.0,56.0
2018-03-31,5000C,CEUTA,51,CEUTA,355319N,052049W,87.0,18.0,12.0,15.0,0.0,26.0,1.9,15.8,10.3,1009.8,1004.7,57.0,94.0,36.0
2018-04-01,5000C,CEUTA,51,CEUTA,355319N,052049W,87.0,17.5,11.4,14.4,0.0,12.0,4.4,10.8,10.6,1007.6,1000.7,75.0,87.0,58.0
2018-04-02,5000C,CEUTA,51,CEUTA,355319N,052049W,87.0,20.3,12.7,16.5,0.0,27.0,1.9,9.2,9.2,1002.2,998.6,77.0,92.0,60.0
2018-04-03,5000C,CEUTA,51,CEUTA,355319N,052049W,87.0,21.6,15.1,18.4,0.0,28.0,2.2,10.3,7.4,1006.1,1000.9,70.0,78.0,54.0
2018-04-04,5000C,CEUTA,51,CEUTA,355319N,052049W,87.0,19.6,13.4,16.5,0.0,32.0,3.1,10.8,8.5,1009.8,1005.6,62.0,82.0,38.0
2018-04-05,5000C,CEUTA,51,CEUTA,355319N,052049W,87.0,18.8,13.3,16.0,0.0,9.0,3.6,8.6,10.8,1008.6,1003.7,79.0,91.0,59.0
2018-04-06,5000C,CEUTA,51,CEUTA,355319N,052049W,87.0,20.9,13.7,17.3,0.8,20.0,2.2,11.7,6.8,1003.7,998.6,77.0,94.0,56.0
2018-04-07,5000C,CEUTA,51,CEUTA,355319N,052049W,87.0,17.5,10.5,14.0,14.6,30.0,2.2,17.8,5.2,1001.8,997.6,68.0,90.0,52.0
2018-04-08,5000C,CEUTA,51,CEUTA,355319N,052049W,87.0,17.1,11.3,14.2,6.2,31.0,3.3,14.7,9.7,1005.8,1000.4,71.0,91.0,53.0
2018-04-09,5000C,CEUTA,51,CEUTA,355319N,052049W,87.0,16.7,9.6,13.2,0.4,33.0,2.5,15.3,9.6,1005.6,1001.6,62.0,93.0,44.0
2018-04-10,5000C,CEUTA,51,CEUTA,355319N,052049W,87.0,16.5,12.0,14.2,52.4,30.0,5.0,20.8,5.1,1004.9,992.0,80.0,95.0,61.0
2018-04-11,5000C,CEUTA,51,CEUTA,355319N,052049W,87.0,15.3,10.4,12.8,9.4,32.0,4.2,21.1,8.0,1001.8,994.6,65.0,84.0,56.0
2018-04-12,5000C,CEUTA,51,CEUTA,355319N,052049W,87.0,17.4,10.9,14.2,21.6,,3.3,,2.7,1001.5,995.9,79.0,91.0,60.0
2018-04-13,5000C,CEUTA,51,CEUTA,355319N,052049W,87.0,15.7,10.3,13.0,14.4,16.0,1.9,11.4,2.6,1003.3,995.4,90.0,98.0,64.0
2018-04-14,5000C,CEUTA,51,CEUTA,355319N,052049W,87.0,19.0,11.1,15.0,0.0,30.0,3.9,14.4,11.7,1011.0,1003.0,67.0,88.0,52.0
2018-04-15,5000C,CEUTA,51,CEUTA,355319N,052049W,87.0,19.3,13.4,16.4,0.6,27.0,2.8,11.7,11.4,1011.0,1008.5,68.0,82.0,58.0
2018-04-16,5000C,CEUTA,51,CEUTA,355319N,052049W,87.0,19.8,12.7,16.2,0.0,26.0,2.5,11.1,11.8,1011.0,1008.5,50.0,95.0,35.0
2018-04-17,5000C,CEUTA,51,CEUTA,355319N,052049W,87.0,19.4,12.1,15.8,0.0,9.0,1.9,6.1,11.7,1013.3,1010.3,68.0,96.0,50.0
2018-04-18,5000C,CEUTA,51,CEUTA,355319N,052049W,87.0,18.1,14.8,16.4,0.0,8.0,4.4,9.2,8.0,1013.2,1011.3,88.0,96.0,79.0
2018-04-19,5000C,CEUTA,51,CEUTA,355319N,052049W,87.0,18.6,14.8,16.7,0.0,10.0,4.7,10.3,8.2,1012.1,1007.9,83.0,94.0,75.0
2018-04-20,5000C,CEUTA,51,CEUTA,355319N,052049W,87.0,16.0,14.7,15.4,1.2,10.0,5.8,13.3,0.0,1008.7,1005.1,91.0,100.0,81.0
2018-04-21,5000C,CEUTA,51,CEUTA,355319N,052049W,87.0,15.8,14.7,15.2,1.6,11.0,5.8,13.9,0.0,1005.6,1002.1,99.0,100.0,91.0
2018-04-22,5000C,CEUTA,51,CEUTA,355319N,052049W,87.0,17.0,15.3,16.2,0.0,17.0,2.2,6.9,0.0,1004.3,1001.7,97.0,100.0,94.0
2018-04-23,5000C,CEUTA,51,CEUTA,355319N,052049W,87.0,19.5,14.8,17.2,0.0,18.0,3.1,11.1,10.1,1004.0,1000.9,87.0,99.0,73.0
2018-04-24,5000C,CEUTA,51,CEUTA,355319N,052049W,87.0,20.8,14.8,17.8,0.0,17.0,3.9,8.9,10.2,1005.6,1001.3,70.0,95.0,59.0
2018-04-25,5000C,CEUTA,51,CEUTA,355319N,052049W,87.0,20.8,15.3,18.0,0.0,2.0,1.7,9.7,3.7,1007.1,1003.4,82.0,95.0,66.0
2018-04-26,5000C,CEUTA,51,CEUTA,355319N,052049W,87.0,21.4,14.8,18.1,0.0,18.0,2.2,7.5,9.0,1008.7,1004.1,81.0,97.0,72.0
2018-04-27,5000C,CEUTA,51,CEUTA,355319N,052049W,87.0,23.7,14.3,19.0,0.0,24.0,2.2,12.2,12.0,1007.7,1003.2,72.0,95.0,53.0
2018-04-28,5000C,CEUTA,51,CEUTA,355319N,052049W,87.0,18.4,12.8,15.6,6.4,24.0,3.1,15.6,8.2,1004.7,1002.6,68.0,86.0,57.0
2018-04-29,5000C,CEUTA,51,CEUTA,355319N,052049W,87.0,17.9,11.5,14.7,0.4,20.0,3.1,16.4,7.9,1008.8,1003.3,66.0,85.0,49.0
2018-04-30,5000C,CEUTA,51,CEUTA,355319N,052049W,87.0,18.7,11.6,15.2,0.0,29.0,2.8,10.8,10.4,1008.1,1005.0,56.0,80.0,43.0
2018-05-01,5000C,CEUTA,51,CEUTA,355319N,052049W,87.0,18.3,11.9,15.1,1.2,28.0,3.6,13.3,10.2,1006.5,1005.5,61.0,84.0,49.0
2018-05-02,5000C,CEUTA,51,CEUTA,355319N,052049W,87.0,20.1,13.0,16.6,0.0,26.0,2.8,10.3,12.4,1007.1,1005.9,57.0,79.0,44.0
2018-05-03,5000C,CEUTA,51,CEUTA,355319N,052049W,87.0,22.3,13.5,17.9,0.0,30.0,3.3,11.4,12.6,1006.1,1001.2,46.0,64.0,39.0
2018-05-04,5000C,CEUTA,51,CEUTA,355319N,052049W,87.0,22.7,14.2,18.4,0.0,30.0,2.5,12.2,10.5,1004.5,999.5,62.0,89.0,44.0
2018-05-05,5000C,CEUTA,51,CEUTA,355319N,052049W,87.0,19.1,13.9,16.5,0.0,6.0,3.6,7.5,5.4,1006.2,1003.8,88.0,98.0,74.0
2018-05-06,5000C,CEUTA,51,CEUTA,355319N,052049W,87.0,19.9,15.5,17.7,0.0,99.0,4.7,10.0,7.2,1006.0,1003.3,87.0,95.0,76.0
2018-05-07,5000C,CEUTA,51,CEUTA,355319N,052049W,87.0,20.5,15.2,17.8,0.0,6.0,3.3,8.3,7.6,1005.9,1003.4,83.0,96.0,68.0
2018-05-08,5000C,CEUTA,51,CEUTA,355319N,052049W,87.0,24.6,14.7,19.6,0.0,30.0,3.1,13.6,12.4,1004.8,1000.4,63.0,97.0,48.0
2018-05-09,5000C,CEUTA,51,CEUTA,355319N,052049W,87.0,24.2,16.6,20.4,0.0,24.0,2.5,20.8,11.8,1003.8,1000.8,69.0,82.0,58.0
2018-05-10,5000C,CEUTA,51,CEUTA,355319N,052049W,87.0,22.2,14.7,18.4,0.0,24.0,2.8,12.8,8.3,1007.2,1003.1,68.0,87.0,58.0
2018-05-11,5000C,CEUTA,51,CEUTA,355319N,052049W,87.0,21.0,13.9,17.4,0.0,25.0,1.7,8.9,12.6,1009.6,1006.7,73.0,90.0,64.0
2018-05-12,5000C,CEUTA,51,CEUTA,355319N,052049W,87.0,20.3,15.7,18.0,0.0,24.0,2.8,11.7,6.6,1009.9,1007.4,66.0,80.0,56.0
2018-05-13,5000C,CEUTA,51,CEUTA,355319N,052049W,87.0,23.6,12.4,18.0,0.0,30.0,1.7,8.9,11.9,1010.8,1007.9,42.0,74.0,24.0
2018-05-14,5000C,CEUTA,51,CEUTA,355319N,052049W,87.0,21.0,12.5,16.8,0.0,14.0,2.5,5.6,12.8,1009.2,1005.1,65.0,90.0,35.0
2018-05-15,5000C,CEUTA,51,CEUTA,355319N,052049W,87.0,21.0,15.2,18.1,0.0,11.0,3.6,8.3,10.5,1006.1,1003.8,81.0,95.0,67.0
2018-05-16,5000C,CEUTA,51,CEUTA,355319N,052049W,87.0,20.6,16.1,18.4,0.0,10.0,6.1,12.2,10.9,1004.6,1001.3,80.0,95.0,72.0
2018-05-17,5000C,CEUTA,51,CEUTA,355319N,052049W,87.0,19.6,16.5,18.0,0.0,12.0,4.2,9.7,5.2,1005.7,1001.4,83.0,98.0,70.0
2018-05-18,5000C,CEUTA,51,CEUTA,355319N,052049W,87.0,20.3,15.8,18.0,0.0,8.0,4.4,9.2,9.6,1006.2,1004.4,85.0,99.0,74.0
2018-05-19,5000C,CEUTA,51,CEUTA,355319N,052049W,87.0,20.7,16.2,18.4,0.0,9.0,3.9,7.8,9.6,1006.5,1004.5,86.0,98.0,76.0
2018-05-20,5000C,CEUTA,51,CEUTA,355319N,052049W,87.0,20.5,16.1,18.3,0.0,17.0,2.5,5.3,11.4,1005.6,1002.4,83.0,99.0,63.0
2018-05-21,5000C,CEUTA,51,CEUTA,355319N,052049W,87.0,22.3,15.4,18.8,0.0,4.0,1.7,6.7,9.8,1004.3,1001.5,82.0,100.0,65.0
2018-05-22,5000C,CEUTA,51,CEUTA,355319N,052049W,87.0,22.2,14.2,18.2,0.0,16.0,1.7,4.7,12.7,1005.2,1003.0,73.0,96.0,62.0
2018-05-23,5000C,CEUTA,51,CEUTA,355319N,052049W,87.0,22.1,16.6,19.4,0.0,99.0,2.5,6.1,9.0,1005.6,1003.2,81.0,99.0,59.0
2018-05-24,5000C,CEUTA,51,CEUTA,355319N,052049W,87.0,23.0,15.7,19.4,0.0,32.0,2.2,13.1,7.2,1005.4,1001.9,69.0,89.0,59.0
2018-05-25,5000C,CEUTA,51,CEUTA,355319N,052049W,87.0,22.8,15.5,19.2,0.0,29.0,2.2,10.6,8.9,1004.5,1002.5,65.0,82.0,56.0
2018-05-26,5000C,CEUTA,51,CEUTA,355319N,052049W,87.0,23.5,14.7,19.1,0.0,30.0,1.9,6.9,12.2,1003.9,1002.1,66.0,87.0,53.0
2018-05-27,5000C,CEUTA,51,CEUTA,355319N,052049W,87.0,23.6,17.1,20.4,0.0,25.0,2.5,11.1,10.9,1007.4,1002.7,63.0,82.0,54.0
2018-05-28,5000C,CEUTA,51,CEUTA,355319N,052049W,87.0,22.3,16.3,19.3,0.0,30.0,3.6,12.5,12.8,1006.8,1004.1,65.0,81.0,58.0
2018-05-29,5000C,CEUTA,51,CEUTA,355319N,052049W,87.0,21.4,15.7,18.6,0.8,24.0,2.8,12.8,8.2,1007.1,1004.9,67.0,90.0,54.0
2018-05-30,5000C,CEUTA,51,CEUTA,355319N,052049W,87.0,22.5,16.0,19.2,0.0,24.0,2.5,9.2,9.8,1008.1,1005.1,67.0,84.0,53.0
2018-05-31,5000C,CEUTA,51,CEUTA,355319N,052049W,87.0,25.9,16.7,21.3,0.0,28.0,1.7,8.9,13.1,1008.4,1006.4,55.0,82.0,46.0
2018-06-01,5000C,CEUTA,51,CEUTA,355319N,052049W,87.0,27.2,17.0,22.1,0.0,28.0,2.2,11.4,12.6,1008.2,1005.7,55.0,77.0,39.0
2018-06-02,5000C,CEUTA,51,CEUTA,355319N,052049W,87.0,21.6,16.5,19.0,0.0,32.0,3.3,13.9,10.1,1008.7,1005.9,62.0,80.0,48.0
2018-06-03,5000C,CEUTA,51,CEUTA,355319N,052049W,87.0,25.0,17.0,21.0,0.0,26.0,2.2,11.7,12.9,1008.0,1005.9,55.0,82.0,38.0
2018-06-04,5000C,CEUTA,51,CEUTA,355319N,052049W,87.0,21.5,16.3,18.9,0.0,28.0,3.3,13.6,11.1,1007.8,1005.6,61.0,82.0,53.0
2018-06-05,5000C,CEUTA,51,CEUTA,355319N,052049W,87.0,20.6,16.7,18.6,0.0,28.0,2.8,12.5,5.3,1006.9,1004.5,68.0,79.0,55.0
2018-06-06,5000C,CEUTA,51,CEUTA,355319N,052049W,87.0,21.2,16.2,18.7,0.0,24.0,3.1,12.5,7.2,1009.3,1005.5,72.0,83.0,57.0
2018-06-07,5000C,CEUTA,51,CEUTA,355319N,052049W,87.0,24.4,16.9,20.6,0.0,26.0,2.5,10.0,13.1,1009.5,1006.3,61.0,81.0,52.0
2018-06-08,5000C,CEUTA,51,CEUTA,355319N,052049W,87.0,24.8,16.9,20.8,0.0,27.0,3.6,12.8,12.2,1006.5,1003.4,70.0,86.0,53.0
2018-06-09,5000C,CEUTA,51,CEUTA,355319N,052049W,87.0,24.0,16.7,20.4,0.0,32.0,3.1,9.7,9.6,1005.8,1003.8,61.0,81.0,40.0
2018-06-10,5000C,CEUTA,51,CEUTA,355319N,052049W,87.0,22.5,16.9,19.7,0.0,33.0,2.8,12.8,11.9,1006.0,1003.7,60.0,81.0,49.0
2018-06-11,5000C,CEUTA,51,CEUTA,355319N,052049W,87.0,22.8,16.7,19.8,0.0,22.0,2.8,10.3,11.6,1006.9,1004.5,65.0,82.0,52.0
2018-06-12,5000C,CEUTA,51,CEUTA,355319N,052049W,87.0,22.8,17.2,20.0,0.0,28.0,3.9,14.4,11.0,1008.5,1005.8,67.0,82.0,57.0
2018-06-13,5000C,CEUTA,51,CEUTA,355319N,052049W,87.0,26.0,19.9,23.0,0.0,27.0,3.6,14.7,13.3,1007.0,1004.4,57.0,67.0,38.0
2018-06-14,5000C,CEUTA,51,CEUTA,355319N,052049W,87.0,31.1,23.4,27.2,0.0,30.0,3.1,14.2,13.2,1004.4,1002.4,42.0,51.0,33.0
2018-06-15,5000C,CEUTA,51,CEUTA,355319N,052049W,87.0,23.9,16.5,20.2,0.0,1.0,2.8,9.7,8.4,1005.9,1002.6,92.0,100.0,49.0
2018-06-16,5000C,CEUTA,51,CEUTA,355319N,052049W,87.0,23.1,16.1,19.6,0.0,18.0,2.5,5.8,9.8,1005.8,1003.3,85.0,100.0,68.0
2018-06-17,5000C,CEUTA,51,CEUTA,355319N,052049W,87.0,23.9,18.1,21.0,0.0,17.0,3.3,6.1,9.8,1009.3,1005.6,87.0,100.0,73.0
2018-06-18,5000C,CEUTA,51,CEUTA,355319N,052049W,87.0,24.3,19.5,21.9,0.0,17.0,3.3,7.8,11.7,1009.0,1007.3,82.0,100.0,71.0
2018-06-19,5000C,CEUTA,51,CEUTA,355319N,052049W,87.0,24.2,19.3,21.8,0.0,10.0,3.9,8.1,11.6,1010.1,1007.8,84.0,99.0,73.0
2018-06-20,5000C,CEUTA,51,CEUTA,355319N,052049W,87.0,24.5,19.0,21.8,0.0,9.0,3.6,8.1,7.3,1008.4,1005.6,88.0,100.0,72.0
2018-06-21,5000C,CEUTA,51,CEUTA,355319N,052049W,87.0,25.1,19.1,22.1,0.0,11.0,3.1,7.2,11.4,1007.6,1006.0,78.0,94.0,65.0
2018-06-22,5000C,CEUTA,51,CEUTA,355319N,052049W,87.0,25.9,19.4,22.6,0.0,13.0,2.2,5.3,12.3,1007.3,1004.6,72.0,94.0,58.0
2018-06-23,5000C,CEUTA,51,CEUTA,355319N,052049W,87.0,25.0,19.7,22.4,0.0,99.0,3.1,5.8,11.6,1006.3,1003.9,81.0,93.0,72.0
2018-06-24,5000C,CEUTA,51,CEUTA,355319N,052049W,87.0,25.9,19.9,22.9,0.0,16.0,1.9,6.7,12.0,1006.3,1003.6,79.0,100.0,65.0
2018-06-25,5000C,CEUTA,51,CEUTA,355319N,052049W,87.0,27.6,19.9,23.8,0.0,25.0,1.9,11.4,11.4,1007.4,1005.2,67.0,89.0,54.0
2018-06-26,5000C,CEUTA,51,CEUTA,355319N,052049W,87.0,28.1,19.0,23.6,0.0,23.0,2.2,12.2,13.0,1007.8,1005.9,59.0,84.0,48.0
2018-06-27,5000C,CEUTA,51,CEUTA,355319N,052049W,87.0,30.0,19.0,24.5,0.0,32.0,1.9,7.8,13.3,1007.8,1003.7,50.0,79.0,41.0
2018-06-28,5000C,CEUTA,51,CEUTA,355319N,052049W,87.0,27.2,19.5,23.4,0.0,30.0,4.7,15.0,13.0,1004.2,998.7,52.0,73.0,43.0
2018-06-29,5000C,CEUTA,51,CEUTA,355319N,052049W,87.0,29.1,19.8,24.4,0.0,32.0,2.2,14.7,13.4,1000.2,997.5,58.0,82.0,41.0
2018-06-30,5000C,CEUTA,51,CEUTA,355319N,052049W,87.0,26.8,18.4,22.6,0.0,32.0,2.2,9.7,9.4,1002.5,998.9,60.0,80.0,53.0
2018-07-01,5000C,CEUTA,51,CEUTA,355319N,052049W,87.0,26.3,19.2,22.8,0.0,22.0,3.1,8.9,12.9,1005.8,1001.9,62.0,84.0,50.0
2018-07-02,5000C,CEUTA,51,CEUTA,355319N,052049W,87.0,26.6,18.9,22.8,0.0,28.0,3.9,13.9,12.8,1007.6,1004.8,56.0,81.0,44.0
2018-07-03,5000C,CEUTA,51,CEUTA,355319N,052049W,87.0,32.2,19.0,25.6,0.0,30.0,1.4,15.0,12.0,1006.8,1004.5,46.0,71.0,29.0
2018-07-04,5000C,CEUTA,51,CEUTA,355319N,052049W,87.0,24.9,19.5,22.2,0.0,34.0,3.6,16.1,12.6,1010.5,1005.5,59.0,80.0,43.0
2018-07-05,5000C,CEUTA,51,CEUTA,355319N,052049W,87.0,30.6,20.9,25.8,0.0,30.0,3.3,11.1,13.3,1010.4,1007.3,40.0,68.0,34.0
2018-07-06,5000C,CEUTA,51,CEUTA,355319N,052049W,87.0,29.7,19.0,24.4,0.0,4.0,2.2,7.2,13.3,1008.6,1006.3,57.0,100.0,38.0
2018-07-07,5000C,CEUTA,51,CEUTA,355319N,052049W,87.0,25.5,19.0,22.2,0.0,17.0,2.8,5.6,9.2,1008.2,1005.8,89.0,100.0,74.0
2018-07-08,5000C,CEUTA,51,CEUTA,355319N,052049W,87.0,27.4,21.2,24.3,0.0,18.0,3.1,6.7,10.5,1009.3,1006.1,79.0,99.0,68.0
2018-07-09,5000C,CEUTA,51,CEUTA,355319N,052049W,87.0,26.7,20.6,23.6,0.0,17.0,3.1,6.4,11.0,1009.1,1006.3,79.0,99.0,64.0
2018-07-10,5000C,CEUTA,51,CEUTA,355319N,052049W,87.0,31.8,19.5,25.6,0.0,29.0,1.7,10.6,12.8,1007.4,1004.8,58.0,95.0,34.0
2018-07-11,5000C,CEUTA,51,CEUTA,355319N,052049W,87.0,26.9,19.0,23.0,0.0,25.0,2.8,12.2,12.4,1006.0,1002.8,47.0,78.0,27.0
2018-07-12,5000C,CEUTA,51,CEUTA,355319N,052049W,87.0,27.4,18.6,23.0,0.0,32.0,3.9,15.0,12.8,1005.9,1003.0,59.0,75.0,46.0
2018-07-13,5000C,CEUTA,51,CEUTA,355319N,052049W,87.0,27.9,19.3,23.6,0.0,30.0,2.8,10.0,12.8,1007.7,1004.9,61.0,83.0,43.0
2018-07-14,5000C,CEUTA,51,CEUTA,355319N,052049W,87.0,28.2,18.6,23.4,0.0,29.0,2.2,13.6,12.8,1008.8,1006.6,56.0,85.0,41.0
2018-07-15,5000C,CEUTA,51,CEUTA,355319N,052049W,87.0,25.3,19.2,22.2,0.0,28.0,2.5,17.2,12.1,1010.8,1007.8,60.0,81.0,44.0
2018-07-16,5000C,CEUTA,51,CEUTA,355319N,052049W,87.0,30.5,19.4,25.0,0.0,27.0,2.8,10.8,13.0,1010.5,1005.3,46.0,83.0,33.0
2018-07-17,5000C,CEUTA,51,CEUTA,355319N,052049W,87.0,26.3,18.4,22.4,0.0,15.0,2.5,6.1,12.1,1005.8,1003.5,70.0,92.0,43.0
2018-07-18,5000C,CEUTA,51,CEUTA,355319N,052049W,87.0,28.6,19.5,24.0,0.2,32.0,2.2,6.9,12.4,1005.8,1004.0,61.0,91.0,41.0
2018-07-19,5000C,CEUTA,51,CEUTA,355319N,052049W,87.0,28.3,19.7,24.0,0.0,17.0,1.7,4.7,11.3,1006.0,1003.7,61.0,83.0,28.0
2018-07-20,5000C,CEUTA,51,CEUTA,355319N,052049W,87.0,29.8,23.0,26.4,0.0,30.0,2.8,12.5,11.9,1005.4,1003.1,41.0,60.0,27.0
2018-07-21,5000C,CEUTA,51,CEUTA,355319N,052049W,87.0,32.4,24.0,28.2,0.0,29.0,3.1,11.7,12.5,1004.6,1001.4,33.0,57.0,20.0
2018-07-22,5000C,CEUTA,51,CEUTA,355319N,052049W,87.0,30.9,19.9,25.4,0.0,30.0,2.2,8.3,12.4,1005.7,1001.2,46.0,92.0,33.0
2018-07-23,5000C,CEUTA,51,CEUTA,355319N,052049W,87.0,26.2,19.5,22.8,0.0,7.0,2.2,5.3,7.4,1007.0,1004.8,86.0,98.0,76.0
2018-07-24,5000C,CEUTA,51,CEUTA,355319N,052049W,87.0,32.2,19.3,25.8,0.0,33.0,1.7,9.7,12.3,1005.9,1002.8,50.0,100.0,19.0
2018-07-25,5000C,CEUTA,51,CEUTA,355319N,052049W,87.0,33.5,21.4,27.4,0.0,28.0,1.9,11.1,12.8,1004.6,1001.9,32.0,57.0,18.0
2018-07-26,5000C,CEUTA,51,CEUTA,355319N,052049W,87.0,32.1,19.3,25.7,0.0,32.0,1.4,11.1,13.0,1004.0,1001.9,49.0,75.0,33.0
2018-07-27,5000C,CEUTA,51,CEUTA,355319N,052049W,87.0,31.7,19.7,25.7,0.0,16.0,1.9,6.1,12.7,1003.5,1001.4,50.0,68.0,34.0
2018-07-28,5000C,CEUTA,51,CEUTA,355319N,052049W,87.0,33.7,21.8,27.8,0.0,27.0,2.8,12.2,12.9,1006.2,1002.5,35.0,58.0,17.0
2018-07-29,5000C,CEUTA,51,CEUTA,355319N,052049W,87.0,29.0,21.1,25.0,0.0,32.0,3.6,14.7,12.8,1007.1,1005.5,57.0,73.0,32.0
2018-07-30,5000C,CEUTA,51,CEUTA,355319N,052049W,87.0,31.2,20.9,26.0,0.0,32.0,3.1,11.1,12.7,1006.8,1003.5,40.0,59.0,24.0
2018-07-31,5000C,CEUTA,51,CEUTA,355319N,052049W,87.0,31.4,19.5,25.4,0.0,30.0,1.7,8.6,12.7,1005.2,1002.8,53.0,100.0,32.0
2018-08-01,5000C,CEUTA,51,CEUTA,355319N,052049W,87.0,25.3,20.5,22.9,0.0,8.0,3.3,7.8,2.7,1005.2,1002.9,89.0,100.0,78.0
2018-08-02,5000C,CEUTA,51,CEUTA,355319N,052049W,87.0,26.1,21.7,23.9,0.0,10.0,4.2,9.2,2.9,1007.5,1004.5,92.0,100.0,80.0
2018-08-03,5000C,CEUTA,51,CEUTA,355319N,052049W,87.0,27.4,21.9,24.6,0.0,12.0,3.1,6.4,10.4,1007.7,1005.1,87.0,100.0,68.0
2018-08-04,5000C,CEUTA,51,CEUTA,355319N,052049W,87.0,26.6,19.8,23.2,0.0,18.0,3.1,6.1,8.3,1007.4,1003.7,90.0,100.0,72.0
2018-08-05,5000C,CEUTA,51,CEUTA,355319N,052049W,87.0,26.7,21.9,24.3,0.0,16.0,3.1,6.7,9.1,1006.7,1004.4,85.0,100.0,75.0
2018-08-06,5000C,CEUTA,51,CEUTA,355319N,052049W,87.0,29.4,21.7,25.6,0.0,18.0,2.8,7.2,11.7,1005.7,1002.4,75.0,100.0,59.0
2018-08-07,5000C,CEUTA,51,CEUTA,355319N,052049W,87.0,29.9,22.3,26.1,0.0,99.0,2.5,5.8,12.1,1002.9,999.9,70.0,100.0,59.0
2018-08-08,5000C,CEUTA,51,CEUTA,355319N,052049W,87.0,32.8,22.3,27.6,0.0,4.0,1.9,7.5,11.7,1004.6,1001.3,61.0,100.0,34.0
2018-08-09,5000C,CEUTA,51,CEUTA,355319N,052049W,87.0,30.2,21.4,25.8,0.0,31.0,3.1,11.4,12.3,1006.4,1003.5,49.0,66.0,30.0
2018-08-10,5000C,CEUTA,51,CEUTA,355319N,052049W,87.0,29.2,22.6,25.9,0.0,29.0,2.2,8.6,12.2,1010.0,1005.3,64.0,98.0,30.0
2018-08-11,5000C,CEUTA,51,CEUTA,355319N,052049W,87.0,27.2,22.5,24.8,0.0,10.0,2.2,7.8,0.3,1009.8,1006.5,93.0,100.0,84.0
2018-08-12,5000C,CEUTA,51,CEUTA,355319N,052049W,87.0,27.2,22.5,24.8,0.0,7.0,1.7,6.7,4.3,1007.3,1003.9,91.0,100.0,83.0
2018-08-13,5000C,CEUTA,51,CEUTA,355319N,052049W,87.0,34.4,21.1,27.8,0.0,31.0,2.8,10.0,12.1,1005.3,1002.4,57.0,99.0,27.0
2018-08-14,5000C,CEUTA,51,CEUTA,355319N,052049W,87.0,32.8,21.9,27.4,0.0,22.0,2.5,10.8,12.4,1006.3,1003.8,42.0,65.0,24.0
2018-08-15,5000C,CEUTA,51,CEUTA,355319N,052049W,87.0,31.7,19.9,25.8,0.0,31.0,1.7,8.1,12.3,1007.1,1004.7,54.0,80.0,29.0
2018-08-16,5000C,CEUTA,51,CEUTA,355319N,052049W,87.0,29.7,19.6,24.6,0.0,25.0,2.2,7.2,12.1,1007.0,1003.9,53.0,83.0,41.0
2018-08-17,5000C,CEUTA,51,CEUTA,355319N,052049W,87.0,27.9,20.4,24.2,0.0,99.0,1.9,5.3,12.1,1006.5,1004.1,66.0,96.0,49.0
2018-08-18,5000C,CEUTA,51,CEUTA,355319N,052049W,87.0,28.8,21.9,25.4,0.0,7.0,4.4,8.9,9.4,1007.1,1004.8,86.0,100.0,70.0
2018-08-19,5000C,CEUTA,51,CEUTA,355319N,052049W,87.0,27.9,22.5,25.2,0.0,11.0,4.4,9.7,10.9,1007.9,1005.9,83.0,97.0,71.0
2018-08-20,5000C,CEUTA,51,CEUTA,355319N,052049W,87.0,28.2,22.7,25.4,0.0,12.0,3.6,9.2,9.9,1007.8,1005.5,84.0,97.0,70.0
2018-08-21,5000C,CEUTA,51,CEUTA,355319N,052049W,87.0,27.5,22.3,24.9,0.0,11.0,4.2,7.5,9.1,1006.4,1004.0,88.0,99.0,75.0
2018-08-22,5000C,CEUTA,51,CEUTA,355319N,052049W,87.0,26.4,22.3,24.4,0.0,14.0,3.6,8.1,11.2,1007.0,1004.5,86.0,97.0,80.0
2018-08-23,5000C,CEUTA,51,CEUTA,355319N,052049W,87.0,26.9,22.2,24.6,0.0,18.0,3.1,6.7,11.3,1007.5,1005.5,83.0,100.0,71.0
2018-08-24,5000C,CEUTA,51,CEUTA,355319N,052049W,87.0,27.7,20.5,24.1,0.0,17.0,2.2,6.9,11.8,1007.1,1004.5,77.0,98.0,62.0
2018-08-25,5000C,CEUTA,51,CEUTA,355319N,052049W,87.0,31.0,19.8,25.4,0.0,4.0,1.7,4.2,11.8,1005.1,1000.9,64.0,100.0,35.0
2018-08-26,5000C,CEUTA,51,CEUTA,355319N,052049W,87.0,28.3,21.4,24.8,0.0,10.0,2.5,7.5,11.1,1004.9,1001.4,79.0,100.0,61.0
2018-08-27,5000C,CEUTA,51,CEUTA,355319N,052049W,87.0,27.9,21.9,24.9,0.0,12.0,3.3,7.5,3.9,1006.3,1002.6,88.0,100.0,75.0
2018-08-28,5000C,CEUTA,51,CEUTA,355319N,052049W,87.0,27.8,22.3,25.0,0.0,6.0,1.9,5.0,8.1,1006.8,1004.2,89.0,99.0,76.0
2018-08-29,5000C,CEUTA,51,CEUTA,355319N,052049W,87.0,31.0,19.8,25.4,0.0,28.0,1.4,10.3,11.3,1006.7,1004.3,53.0,94.0,31.0
2018-08-30,5000C,CEUTA,51,CEUTA,355319N,052049W,87.0,27.4,20.0,23.7,0.0,8.0,1.9,7.2,11.2,1007.9,1005.2,72.0,98.0,55.0
2018-08-31,5000C,CEUTA,51,CEUTA,355319N,052049W,87.0,28.3,22.7,25.5,0.0,10.0,4.4,9.7,10.1,1006.7,1004.3,87.0,99.0,73.0
2018-09-01,5000C,CEUTA,51,CEUTA,355319N,052049W,87.0,25.9,22.9,24.4,0.0,5.0,3.9,8.6,0.9,1006.9,1004.8,94.0,100.0,85.0
2018-09-02,5000C,CEUTA,51,CEUTA,355319N,052049W,87.0,26.8,22.5,24.6,0.0,9.0,2.8,7.2,2.8,1006.5,1003.1,94.0,100.0,82.0
2018-09-03,5000C,CEUTA,51,CEUTA,355319N,052049W,87.0,29.6,21.0,25.3,0.0,30.0,2.8,14.7,10.7,1004.3,1001.4,69.0,98.0,52.0
2018-09-04,5000C,CEUTA,51,CEUTA,355319N,052049W,87.0,28.5,19.6,24.0,0.0,30.0,1.9,11.7,11.3,1004.9,1001.9,62.0,84.0,47.0
2018-09-05,5000C,CEUTA,51,CEUTA,355319N,052049W,87.0,28.6,20.7,24.6,0.0,32.0,2.5,13.3,11.2,1006.5,1003.6,61.0,80.0,51.0
2018-09-06,5000C,CEUTA,51,CEUTA,355319N,052049W,87.0,28.7,19.7,24.2,0.0,32.0,2.5,12.2,10.2,1005.2,1002.3,59.0,82.0,41.0
2018-09-07,5000C,CEUTA,51,CEUTA,355319N,052049W,87.0,25.9,19.2,22.6,0.8,29.0,1.7,5.3,11.3,1004.6,1002.3,70.0,81.0,59.0
2018-09-08,5000C,CEUTA,51,CEUTA,355319N,052049W,87.0,24.9,19.8,22.4,0.2,34.0,2.5,7.8,0.2,1007.7,1003.2,90.0,98.0,62.0
2018-09-09,5000C,CEUTA,51,CEUTA,355319N,052049W,87.0,27.3,20.1,23.7,0.0,31.0,1.9,8.1,6.2,1009.3,1006.3,81.0,99.0,60.0
2018-09-10,5000C,CEUTA,51,CEUTA,355319N,052049W,87.0,26.0,20.2,23.1,0.0,10.0,2.8,8.3,7.1,1009.8,1007.9,86.0,98.0,68.0
2018-09-11,5000C,CEUTA,51,CEUTA,355319N,052049W,87.0,24.6,22.0,23.3,0.0,8.0,3.1,10.8,0.2,1010.4,1008.1,91.0,100.0,84.0
2018-09-12,5000C,CEUTA,51,CEUTA,355319N,052049W,87.0,25.9,21.3,23.6,0.0,11.0,1.9,5.6,2.2,1012.1,1009.3,94.0,100.0,86.0
2018-09-13,5000C,CEUTA,51,CEUTA,355319N,052049W,87.0,28.6,21.3,25.0,0.0,28.0,2.2,11.7,9.6,1009.5,1006.5,72.0,100.0,50.0
2018-09-14,5000C,CEUTA,51,CEUTA,355319N,052049W,87.0,25.2,21.5,23.4,0.0,99.0,1.1,5.0,2.6,1008.5,1006.1,91.0,100.0,74.0
2018-09-15,5000C,CEUTA,51,CEUTA,355319N,052049W,87.0,26.0,20.9,23.4,0.0,11.0,1.7,5.8,8.9,1009.6,1005.6,85.0,99.0,74.0
2018-09-16,5000C,CEUTA,51,CEUTA,355319N,052049W,87.0,25.6,21.4,23.5,0.0,8.0,2.8,8.6,1.8,1009.6,1007.0,91.0,100.0,76.0
2018-09-17,5000C,CEUTA,51,CEUTA,355319N,052049W,87.0,25.6,21.7,23.6,0.0,10.0,2.8,7.5,0.6,1007.9,1003.8,96.0,100.0,86.0
2018-09-18,5000C,CEUTA,51,CEUTA,355319N,052049W,87.0,26.6,21.4,24.0,0.0,17.0,1.4,5.0,9.6,1007.7,1004.1,88.0,100.0,74.0
2018-09-19,5000C,CEUTA,51,CEUTA,355319N,052049W,87.0,27.3,21.5,24.4,0.0,17.0,1.7,5.0,7.1,1010.1,1007.2,89.0,100.0,72.0
2018-09-20,5000C,CEUTA,51,CEUTA,355319N,052049W,87.0,27.1,22.4,24.8,0.0,10.0,3.1,6.7,6.2,1010.4,1007.6,93.0,100.0,76.0
2018-09-21,5000C,CEUTA,51,CEUTA,355319N,052049W,87.0,27.0,22.4,24.7,0.0,11.0,2.8,5.6,9.7,1009.5,1007.0,90.0,100.0,74.0
2018-09-22,5000C,CEUTA,51,CEUTA,355319N,052049W,87.0,26.6,21.3,24.0,0.0,10.0,2.8,8.1,3.1,1012.0,1008.7,93.0,100.0,78.0
2018-09-23,5000C,CEUTA,51,CEUTA,355319N,052049W,87.0,25.5,21.5,23.5,0.0,99.0,2.8,6.4,6.5,1011.5,1009.6,91.0,100.0,79.0
2018-09-24,5000C,CEUTA,51,CEUTA,355319N,052049W,87.0,27.6,22.1,24.8,0.0,18.0,2.2,5.8,10.0,1010.6,1008.2,85.0,100.0,68.0
2018-09-25,5000C,CEUTA,51,CEUTA,355319N,052049W,87.0,27.2,22.0,24.6,0.0,99.0,3.6,7.8,6.4,1012.2,1008.6,92.0,100.0,79.0
2018-09-26,5000C,CEUTA,51,CEUTA,355319N,052049W,87.0,27.3,22.3,24.8,0.0,10.0,4.2,10.3,9.6,1015.2,1011.7,87.0,100.0,74.0
2018-09-27,5000C,CEUTA,51,CEUTA,355319N,052049W,87.0,23.9,21.5,22.7,0.0,8.0,5.3,12.2,0.7,1014.9,1011.1,90.0,98.0,83.0
2018-09-28,5000C,CEUTA,51,CEUTA,355319N,052049W,87.0,25.2,20.4,22.8,0.0,10.0,3.6,9.4,8.7,1011.6,1006.8,86.0,100.0,72.0
2018-09-29,5000C,CEUTA,51,CEUTA,355319N,052049W,87.0,25.7,20.4,23.0,0.0,9.0,3.6,6.9,9.3,1007.5,1004.8,85.0,100.0,70.0
2018-09-30,5000C,CEUTA,51,CEUTA,355319N,052049W,87.0,23.5,20.1,21.8,0.2,10.0,1.9,5.6,1.7,1008.7,1006.0,90.0,99.0,82.0
2018-10-01,5000C,CEUTA,51,CEUTA,355319N,052049W,87.0,30.7,20.5,25.6,0.0,11.0,1.7,8.1,9.3,1007.7,1004.9,59.0,95.0,40.0
2018-10-02,5000C,CEUTA,51,CEUTA,355319N,052049W,87.0,23.8,19.6,21.7,0.0,2.0,2.8,5.8,2.1,1011.0,1006.0,92.0,100.0,56.0
2018-10-03,5000C,CEUTA,51,CEUTA,355319N,052049W,87.0,25.2,19.7,22.4,0.0,10.0,3.6,9.2,9.3,1011.8,1009.6,86.0,100.0,69.0
2018-10-04,5000C,CEUTA,51,CEUTA,355319N,052049W,87.0,25.3,18.8,22.0,0.0,9.0,3.6,8.6,10.6,1010.4,1007.7,82.0,100.0,67.0
2018-10-05,5000C,CEUTA,51,CEUTA,355319N,052049W,87.0,25.4,20.2,22.8,0.0,8.0,3.9,9.2,8.9,1007.9,1005.5,86.0,97.0,72.0
2018-10-06,5000C,CEUTA,51,CEUTA,355319N,052049W,87.0,25.0,19.5,22.2,0.0,99.0,2.2,6.4,6.6,1007.8,1005.7,93.0,100.0,77.0
2018-10-07,5000C,CEUTA,51,CEUTA,355319N,052049W,87.0,30.8,18.7,24.8,0.0,31.0,2.2,9.7,10.1,1006.1,1004.1,44.0,97.0,24.0
2018-10-08,5000C,CEUTA,51,CEUTA,355319N,052049W,87.0,28.3,18.4,23.4,0.0,30.0,2.5,10.8,10.3,1005.1,1001.7,65.0,89.0,29.0
2018-10-09,5000C,CEUTA,51,CEUTA,355319N,052049W,87.0,24.5,18.3,21.4,0.0,10.0,2.2,7.2,7.1,1001.7,997.8,87.0,98.0,73.0
2018-10-10,5000C,CEUTA,51,CEUTA,355319N,052049W,87.0,24.1,18.1,21.1,4.2,2.0,1.9,5.0,7.6,1001.2,996.2,84.0,98.0,70.0
2018-10-11,5000C,CEUTA,51,CEUTA,355319N,052049W,87.0,26.2,19.4,22.8,8.0,25.0,2.2,11.4,7.3,1009.7,1000.9,75.0,100.0,55.0
2018-10-12,5000C,CEUTA,51,CEUTA,355319N,052049W,87.0,24.7,19.1,21.9,0.0,20.0,1.9,5.8,10.2,1012.2,1009.1,83.0,100.0,65.0
2018-10-13,5000C,CEUTA,51,CEUTA,355319N,052049W,87.0,24.4,19.6,22.0,1.0,7.0,3.3,7.8,3.2,1009.7,1003.0,92.0,100.0,76.0
2018-10-14,5000C,CEUTA,51,CEUTA,355319N,052049W,87.0,20.7,16.4,18.6,1.2,31.0,3.9,14.7,5.9,1005.4,1000.6,72.0,100.0,47.0
2018-10-15,5000C,CEUTA,51,CEUTA,355319N,052049W,87.0,23.2,16.2,19.7,11.0,21.0,3.3,13.1,8.8,1005.4,1000.8,59.0,98.0,43.0
2018-10-16,5000C,CEUTA,51,CEUTA,355319N,052049W,87.0,23.9,17.1,20.5,0.0,31.0,3.3,10.8,8.3,1006.0,1000.6,74.0,97.0,58.0
2018-10-17,5000C,CEUTA,51,CEUTA,355319N,052049W,87.0,23.8,16.8,20.3,10.8,32.0,1.9,8.9,10.1,1006.8,1002.1,79.0,94.0,66.0
2018-10-18,5000C,CEUTA,51,CEUTA,355319N,052049W,87.0,19.9,14.5,17.2,29.8,28.0,1.9,10.0,4.7,1002.1,996.0,83.0,95.0,57.0
2018-10-19,5000C,CEUTA,51,CEUTA,355319N,052049W,87.0,18.0,13.1,15.6,11.0,17.0,1.9,8.3,0.6,1002.8,998.5,88.0,100.0,77.0
2018-10-20,5000C,CEUTA,51,CEUTA,355319N,052049W,87.0,21.2,16.9,19.0,0.8,12.0,2.8,10.0,2.7,1005.8,1001.6,94.0,99.0,78.0
2018-10-21,5000C,CEUTA,51,CEUTA,355319N,052049W,87.0,24.5,16.9,20.7,1.2,36.0,1.4,9.4,4.0,1008.6,1005.1,87.0,100.0,64.0
2018-10-22,5000C,CEUTA,51,CEUTA,355319N,052049W,87.0,22.6,18.7,20.6,0.0,6.0,1.9,4.7,4.0,1011.4,1008.2,97.0,100.0,85.0
2018-10-23,5000C,CEUTA,51,CEUTA,355319N,052049W,87.0,20.9,19.2,20.0,0.0,10.0,3.1,7.5,0.0,1014.6,1011.0,99.0,100.0,93.0
2018-10-24,5000C,CEUTA,51,CEUTA,355319N,052049W,87.0,22.6,17.7,20.2,0.0,99.0,2.8,7.8,9.3,1014.6,1010.3,90.0,100.0,76.0
2018-10-25,5000C,CEUTA,51,CEUTA,355319N,052049W,87.0,22.1,16.8,19.4,0.0,99.0,1.9,4.2,9.1,1010.3,1006.2,88.0,100.0,68.0
2018-10-26,5000C,CEUTA,51,CEUTA,355319N,052049W,87.0,21.0,17.5,19.2,3.6,99.0,1.1,4.7,1.4,1006.2,1001.7,95.0,100.0,79.0
2018-10-27,5000C,CEUTA,51,CEUTA,355319N,052049W,87.0,21.1,14.7,17.9,4.0,29.0,2.5,15.0,3.9,1001.7,994.8,80.0,95.0,54.0
2018-10-28,5000C,CEUTA,51,CEUTA,355319N,052049W,87.0,15.1,9.9,12.5,0.2,31.0,3.6,14.4,4.6,998.8,993.0,64.0,94.0,42.0
2018-10-29,5000C,CEUTA,51,CEUTA,355319N,052049W,87.0,16.6,11.5,14.0,3.4,30.0,3.6,12.8,7.7,1002.7,998.7,57.0,87.0,45.0
2018-10-30,5000C,CEUTA,51,CEUTA,355319N,052049W,87.0,14.7,11.6,13.2,47.8,19.0,3.9,15.0,0.8,1001.2,992.0,82.0,96.0,65.0
2018-10-31,5000C,CEUTA,51,CEUTA,355319N,052049W,87.0,16.7,10.4,13.6,25.0,30.0,3.1,16.4,0.2,1000.9,992.8,89.0,99.0,78.0
2018-11-01,5000C,CEUTA,51,CEUTA,355319N,052049W,87.0,18.0,12.4,15.2,0.0,32.0,3.3,12.2,9.3,1012.6,998.6,70.0,97.0,58.0
2018-11-02,5000C,CEUTA,51,CEUTA,355319N,052049W,87.0,19.5,14.6,17.0,0.0,31.0,2.8,11.9,7.6,1013.9,1011.7,74.0,81.0,56.0
2018-11-03,5000C,CEUTA,51,CEUTA,355319N,052049W,87.0,22.2,15.0,18.6,0.0,32.0,1.4,6.1,9.1,1012.0,1007.8,78.0,93.0,62.0
2018-11-04,5000C,CEUTA,51,CEUTA,355319N,052049W,87.0,21.7,13.9,17.8,9.6,24.0,2.2,8.9,8.9,1007.8,1000.2,80.0,100.0,61.0
2018-11-05,5000C,CEUTA,51,CEUTA,355319N,052049W,87.0,17.5,11.6,14.6,9.0,31.0,4.4,16.4,4.0,1005.4,995.6,79.0,97.0,57.0
2018-11-06,5000C,CEUTA,51,CEUTA,355319N,052049W,87.0,18.7,12.3,15.5,0.0,28.0,1.7,9.4,5.7,1008.6,1005.4,79.0,93.0,63.0
2018-11-07,5000C,CEUTA,51,CEUTA,355319N,052049W,87.0,21.7,13.5,17.6,0.0,31.0,2.2,8.3,7.6,1009.4,1005.9,66.0,87.0,54.0
2018-11-08,5000C,CEUTA,51,CEUTA,355319N,052049W,87.0,20.4,14.2,17.3,15.0,33.0,2.2,14.2,6.4,1010.6,1006.5,81.0,95.0,63.0
2018-11-09,5000C,CEUTA,51,CEUTA,355319N,052049W,87.0,18.0,12.6,15.3,0.0,33.0,2.8,13.3,9.1,1014.4,1010.6,61.0,92.0,44.0
2018-11-10,5000C,CEUTA,51,CEUTA,355319N,052049W,87.0,20.4,13.6,17.0,0.0,31.0,2.2,9.4,8.4,1011.7,1008.2,71.0,86.0,59.0
2018-11-11,5000C,CEUTA,51,CEUTA,355319N,052049W,87.0,20.7,14.5,17.6,0.0,30.0,1.9,8.6,9.0,1008.2,1002.9,80.0,92.0,67.0
2018-11-12,5000C,CEUTA,51,CEUTA,355319N,052049W,87.0,18.4,14.0,16.2,0.0,99.0,1.4,5.8,3.2,1008.5,1002.9,91.0,100.0,74.0
2018-11-13,5000C,CEUTA,51,CEUTA,355319N,052049W,87.0,18.4,14.3,16.4,3.6,8.0,1.9,6.7,3.0,1010.7,1008.1,95.0,100.0,82.0
2018-11-14,5000C,CEUTA,51,CEUTA,355319N,052049W,87.0,18.5,16.4,17.4,0.0,11.0,3.9,10.8,0.3,1009.5,1004.1,98.0,100.0,94.0
2018-11-15,5000C,CEUTA,51,CEUTA,355319N,052049W,87.0,19.9,15.1,17.5,0.0,10.0,1.1,5.3,6.7,1006.5,1003.2,91.0,100.0,79.0
2018-11-16,5000C,CEUTA,51,CEUTA,355319N,052049W,87.0,18.5,16.0,17.2,1.4,10.0,3.3,7.8,1.1,1006.3,1004.4,92.0,100.0,84.0
2018-11-17,5000C,CEUTA,51,CEUTA,355319N,052049W,87.0,19.6,15.8,17.7,8.4,10.0,2.8,8.3,3.8,1004.7,997.8,96.0,100.0,83.0
2018-11-18,5000C,CEUTA,51,CEUTA,355319N,052049W,87.0,18.8,13.4,16.1,22.0,14.0,3.1,10.6,2.6,997.8,991.4,84.0,100.0,66.0
2018-11-19,5000C,CEUTA,51,CEUTA,355319N,052049W,87.0,17.7,13.0,15.4,4.6,20.0,2.8,10.8,3.1,997.0,991.3,85.0,92.0,73.0
2018-11-20,5000C,CEUTA,51,CEUTA,355319N,052049W,87.0,18.1,14.0,16.0,39.0,24.0,4.2,16.1,4.2,1003.2,993.2,76.0,97.0,57.0
2018-11-21,5000C,CEUTA,51,CEUTA,355319N,052049W,87.0,16.3,13.6,15.0,24.8,25.0,1.1,11.1,0.9,1006.8,1001.7,96.0,100.0,78.0
2018-11-22,5000C,CEUTA,51,CEUTA,355319N,052049W,87.0,16.3,13.9,15.1,9.2,17.0,2.2,6.7,0.8,1006.5,1003.3,94.0,100.0,86.0
2018-11-23,5000C,CEUTA,51,CEUTA,355319N,052049W,87.0,17.2,12.8,15.0,0.0,30.0,1.9,9.7,3.4,1007.9,1002.4,79.0,100.0,65.0
2018-11-24,5000C,CEUTA,51,CEUTA,355319N,052049W,87.0,18.2,12.1,15.2,0.0,21.0,1.7,8.1,6.0,1009.2,1006.7,72.0,86.0,55.0
2018-11-25,5000C,CEUTA,51,CEUTA,355319N,052049W,87.0,19.0,14.9,17.0,12.0,23.0,3.6,14.2,3.4,1007.6,1004.8,81.0,92.0,59.0
2018-11-26,5000C,CEUTA,51,CEUTA,355319N,052049W,87.0,17.8,12.6,15.2,0.0,32.0,5.8,18.9,7.8,1013.5,1004.6,67.0,97.0,56.0
2018-11-27,5000C,CEUTA,51,CEUTA,355319N,052049W,87.0,17.2,10.9,14.0,0.0,18.0,1.7,5.6,7.8,1013.9,1012.0,73.0,91.0,61.0
2018-11-28,5000C,CEUTA,51,CEUTA,355319N,052049W,87.0,16.9,11.9,14.4,0.0,17.0,1.9,4.7,7.9,1014.6,1012.0,89.0,98.0,75.0
2018-11-29,5000C,CEUTA,51,CEUTA,355319N,052049W,87.0,19.4,11.6,15.5,0.0,30.0,1.1,8.9,8.6,1012.6,1009.7,89.0,100.0,73.0
2018-11-30,5000C,CEUTA,51,CEUTA,355319N,052049W,87.0,19.1,13.4,16.2,0.8,28.0,2.8,11.4,4.0,1013.1,1009.4,76.0,94.0,59.0
2018-12-01,5000C,CEUTA,51,CEUTA,355319N,052049W,87.0,19.2,12.2,15.7,0.0,33.0,1.1,6.7,7.7,1014.8,1011.7,70.0,79.0,53.0
2018-12-02,5000C,CEUTA,51,CEUTA,355319N,052049W,87.0,21.1,13.5,17.3,0.0,25.0,1.9,3.6,7.9,1014.1,1011.4,53.0,74.0,32.0
2018-12-03,5000C,CEUTA,51,CEUTA,355319N,052049W,87.0,22.2,14.6,18.4,0.0,20.0,1.4,3.1,7.8,1012.5,1009.9,78.0,84.0,60.0
2018-12-04,5000C,CEUTA,51,CEUTA,355319N,052049W,87.0,18.0,12.7,15.4,0.0,17.0,2.2,4.2,5.9,1013.6,1011.1,96.0,100.0,67.0
2018-12-05,5000C,CEUTA,51,CEUTA,355319N,052049W,87.0,18.1,12.2,15.2,0.0,21.0,2.5,5.6,5.1,1015.8,1013.0,92.0,100.0,77.0
2018-12-06,5000C,CEUTA,51,CEUTA,355319N,052049W,87.0,18.6,11.1,14.8,0.0,99.0,3.1,5.8,7.7,1017.0,1014.5,92.0,100.0,76.0
2018-12-07,5000C,CEUTA,51,CEUTA,355319N,052049W,87.0,16.9,13.1,15.0,0.0,18.0,1.4,5.3,5.4,1018.1,1015.7,91.0,100.0,69.0
2018-12-08,5000C,CEUTA,51,CEUTA,355319N,052049W,87.0,24.1,14.9,19.5,0.0,30.0,1.9,10.0,7.7,1018.2,1014.5,52.0,99.0,24.0
2018-12-09,5000C,CEUTA,51,CEUTA,355319N,052049W,87.0,18.1,15.0,16.6,0.0,9.0,3.3,8.1,4.4,1019.3,1016.8,86.0,98.0,78.0
2018-12-10,5000C,CEUTA,51,CEUTA,355319N,052049W,87.0,17.5,14.0,15.8,0.0,15.0,2.2,5.6,3.5,1017.4,1014.5,91.0,99.0,81.0
2018-12-11,5000C,CEUTA,51,CEUTA,355319N,052049W,87.0,17.0,14.4,15.7,0.0,20.0,1.7,5.6,0.7,1015.2,1012.5,82.0,97.0,74.0
2018-12-12,5000C,CEUTA,51,CEUTA,355319N,052049W,87.0,18.8,15.9,17.4,0.0,28.0,2.8,11.4,2.0,1013.3,1010.2,75.0,86.0,65.0
2018-12-13,5000C,CEUTA,51,CEUTA,355319N,052049W,87.0,18.2,12.9,15.6,13.0,29.0,6.9,20.8,5.2,1012.0,1004.1,68.0,96.0,57.0
2018-12-14,5000C,CEUTA,51,CEUTA,355319N,052049W,87.0,15.7,11.6,13.6,0.0,28.0,4.4,16.1,6.7,1017.0,1011.9,69.0,77.0,52.0
2018-12-15,5000C,CEUTA,51,CEUTA,355319N,052049W,87.0,19.9,11.5,15.7,0.0,32.0,1.7,7.8,7.5,1018.1,1014.7,62.0,77.0,49.0
2018-12-16,5000C,CEUTA,51,CEUTA,355319N,052049W,87.0,19.5,13.1,16.3,0.0,26.0,2.5,11.7,7.6,1017.8,1013.1,70.0,92.0,48.0
2018-12-17,5000C,CEUTA,51,CEUTA,355319N,052049W,87.0,16.4,12.2,14.3,0.0,99.0,1.7,6.1,7.5,1017.8,1015.7,68.0,86.0,56.0
2018-12-18,5000C,CEUTA,51,CEUTA,355319N,052049W,87.0,17.3,13.7,15.5,0.0,11.0,3.1,7.8,0.9,1017.0,1013.4,87.0,93.0,83.0
2018-12-19,5000C,CEUTA,51,CEUTA,355319N,052049W,87.0,18.4,13.6,16.0,0.4,29.0,1.9,9.2,2.0,1015.6,1013.2,76.0,94.0,44.0
2018-12-20,5000C,CEUTA,51,CEUTA,355319N,052049W,87.0,18.3,12.7,15.5,0.0,28.0,2.8,10.0,6.0,1019.2,1014.6,59.0,84.0,44.0
2018-12-21,5000C,CEUTA,51,CEUTA,355319N,052049W,87.0,17.2,12.2,14.7,0.0,9.0,3.6,8.6,3.2,1022.4,1018.8,82.0,89.0,73.0
2018-12-22,5000C,CEUTA,51,CEUTA,355319N,052049W,87.0,17.2,14.1,15.6,0.0,99.0,3.6,7.5,4.5,1021.1,1018.9,82.0,90.0,75.0
2018-12-23,5000C,CEUTA,51,CEUTA,355319N,052049W,87.0,17.2,13.8,15.5,0.0,13.0,2.2,6.1,3.3,1020.9,1018.2,83.0,91.0,79.0
2018-12-24,5000C,CEUTA,51,CEUTA,355319N,052049W,87.0,16.9,12.8,14.8,0.0,13.0,2.2,6.4,5.6,1018.6,1015.0,84.0,95.0,76.0
2018-12-25,5000C,CEUTA,51,CEUTA,355319N,052049W,87.0,17.0,12.4,14.7,0.0,8.0,2.5,6.9,0.7,1018.4,1014.6,84.0,96.0,74.0
2018-12-26,5000C,CEUTA,51,CEUTA,355319N,052049W,87.0,16.2,14.1,15.2,0.0,11.0,3.1,7.5,0.3,1019.3,1016.7,76.0,85.0,70.0
2018-12-27,5000C,CEUTA,51,CEUTA,355319N,052049W,87.0,17.4,12.6,15.0,0.0,19.0,1.9,4.4,5.9,1017.8,1015.5,76.0,84.0,63.0
2018-12-28,5000C,CEUTA,51,CEUTA,355319N,052049W,87.0,17.0,11.5,14.2,0.0,9.0,1.7,7.8,5.8,1016.7,1014.2,86.0,100.0,69.0
2018-12-29,5000C,CEUTA,51,CEUTA,355319N,052049W,87.0,16.9,13.2,15.0,5.0,11.0,5.6,14.2,2.3,1015.1,1012.5,79.0,96.0,64.0
2018-12-30,5000C,CEUTA,51,CEUTA,355319N,052049W,87.0,16.2,14.2,15.2,0.0,9.0,6.9,15.8,1.8,1017.4,1013.0,83.0,94.0,77.0
2018-12-31,5000C,CEUTA,51,CEUTA,355319N,052049W,87.0,16.6,14.1,15.4,0.0,10.0,5.0,11.4,1.8,1019.8,1017.3,83.0,87.0,76.0
2019-01-01,5000C,CEUTA,51,CEUTA,355319N,052049W,87.0,17.3,11.3,14.3,0.0,11.0,2.2,6.4,4.4,1021.6,1018.9,82.0,91.0,72.0
2019-01-02,5000C,CEUTA,51,CEUTA,355319N,052049W,87.0,20.3,10.7,15.5,0.0,30.0,2.5,11.4,7.6,1019.9,1014.3,56.0,87.0,35.0
2019-01-03,5000C,CEUTA,51,CEUTA,355319N,052049W,87.0,16.4,12.7,14.6,0.0,6.0,3.9,10.6,3.1,1017.4,1014.5,82.0,89.0,62.0
2019-01-04,5000C,CEUTA,51,CEUTA,355319N,052049W,87.0,16.4,13.4,14.9,0.0,10.0,4.4,10.8,5.1,1020.3,1016.1,70.0,82.0,54.0
2019-01-05,5000C,CEUTA,51,CEUTA,355319N,052049W,87.0,16.6,11.2,13.9,0.0,9.0,2.5,6.9,4.9,1022.5,1019.5,75.0,88.0,64.0
2019-01-06,5000C,CEUTA,51,CEUTA,355319N,052049W,87.0,18.4,9.8,14.1,0.0,26.0,1.7,7.5,7.8,1019.8,1016.3,72.0,99.0,45.0
2019-01-07,5000C,CEUTA,51,CEUTA,355319N,052049W,87.0,19.1,11.5,15.3,0.0,23.0,1.7,4.7,7.9,1018.0,1015.4,65.0,89.0,49.0
2019-01-08,5000C,CEUTA,51,CEUTA,355319N,052049W,87.0,16.2,11.0,13.6,0.0,9.0,2.8,8.3,4.1,1019.0,1014.3,76.0,93.0,67.0
2019-01-09,5000C,CEUTA,51,CEUTA,355319N,052049W,87.0,18.9,9.4,14.2,0.0,30.0,4.2,16.1,7.9,1014.3,1005.4,64.0,95.0,27.0
2019-01-10,5000C,CEUTA,51,CEUTA,355319N,052049W,87.0,18.4,12.6,15.5,0.0,30.0,3.1,13.6,7.9,1009.3,1004.0,66.0,93.0,55.0
2019-01-11,5000C,CEUTA,51,CEUTA,355319N,052049W,87.0,16.1,12.5,14.3,0.0,10.0,3.3,9.2,5.1,1015.3,1009.1,69.0,88.0,59.0
2019-01-12,5000C,CEUTA,51,CEUTA,355319N,052049W,87.0,15.1,12.2,13.6,0.0,10.0,5.6,11.4,7.0,1018.0,1015.0,62.0,69.0,52.0
2019-01-13,5000C,CEUTA,51,CEUTA,355319N,052049W,87.0,16.1,10.3,13.2,0.0,11.0,1.9,7.5,7.9,1018.0,1013.7,69.0,77.0,55.0
2019-01-14,5000C,CEUTA,51,CEUTA,355319N,052049W,87.0,19.4,10.9,15.2,0.0,29.0,2.2,8.6,7.9,1013.7,1009.0,34.0,58.0,27.0
2019-01-15,5000C,CEUTA,51,CEUTA,355319N,052049W,87.0,17.0,11.5,14.2,0.0,28.0,2.2,8.9,8.0,1011.5,1008.2,67.0,80.0,46.0
2019-01-16,5000C,CEUTA,51,CEUTA,355319N,052049W,87.0,16.5,10.5,13.5,0.0,32.0,1.4,5.6,4.6,1011.0,1007.6,77.0,83.0,62.0
2019-01-17,5000C,CEUTA,51,CEUTA,355319N,052049W,87.0,16.3,11.2,13.8,0.0,31.0,1.9,8.3,4.9,1008.8,1006.2,77.0,86.0,60.0
2019-01-18,5000C,CEUTA,51,CEUTA,355319N,052049W,87.0,15.8,10.4,13.1,0.6,24.0,1.4,8.9,7.7,1010.6,1007.6,70.0,82.0,53.0
2019-01-19,5000C,CEUTA,51,CEUTA,355319N,052049W,87.0,15.3,11.4,13.4,16.0,32.0,3.6,15.8,0.1,1010.3,1003.8,83.0,94.0,63.0
2019-01-20,5000C,CEUTA,51,CEUTA,355319N,052049W,87.0,15.1,12.5,13.8,1.0,30.0,4.7,22.5,4.3,1009.1,1001.9,75.0,95.0,64.0
2019-01-21,5000C,CEUTA,51,CEUTA,355319N,052049W,87.0,15.6,10.9,13.2,0.0,23.0,3.1,9.2,8.3,1012.3,1008.3,69.0,76.0,50.0
2019-01-22,5000C,CEUTA,51,CEUTA,355319N,052049W,87.0,15.0,11.0,13.0,1.4,32.0,2.2,17.2,6.0,1012.6,1008.9,69.0,86.0,54.0
2019-01-23,5000C,CEUTA,51,CEUTA,355319N,052049W,87.0,15.8,11.6,13.7,1.8,25.0,5.0,18.6,3.5,1009.1,1005.1,76.0,89.0,64.0
2019-01-24,5000C,CEUTA,51,CEUTA,355319N,052049W,87.0,17.2,13.0,15.1,0.0,30.0,3.9,17.8,7.0,1005.7,1001.4,76.0,90.0,65.0
2019-01-25,5000C,CEUTA,51,CEUTA,355319N,052049W,87.0,21.4,12.8,17.1,0.0,21.0,1.4,6.4,8.6,1007.2,1003.9,71.0,82.0,53.0
2019-01-26,5000C,CEUTA,51,CEUTA,355319N,052049W,87.0,18.1,11.8,15.0,0.0,3.0,1.4,3.9,8.7,1010.6,1006.9,70.0,93.0,56.0
2019-01-27,5000C,CEUTA,51,CEUTA,355319N,052049W,87.0,16.7,11.6,14.2,0.0,19.0,3.3,17.5,5.6,1011.7,1007.7,73.0,88.0,64.0
2019-01-28,5000C,CEUTA,51,CEUTA,355319N,052049W,87.0,15.0,11.4,13.2,0.0,30.0,4.2,16.1,8.4,1013.1,1010.8,71.0,79.0,62.0
2019-01-29,5000C,CEUTA,51,CEUTA,355319N,052049W,87.0,16.2,13.3,14.8,0.2,28.0,2.8,15.3,5.2,1012.4,1009.3,74.0,84.0,66.0
2019-01-30,5000C,CEUTA,51,CEUTA,355319N,052049W,87.0,15.2,13.1,14.2,28.0,24.0,2.5,11.7,0.1,1009.3,1004.8,89.0,97.0,71.0
2019-01-31,5000C,CEUTA,51,CEUTA,355319N,052049W,87.0,16.8,13.3,15.0,4.2,20.0,3.3,14.7,4.7,1005.0,998.7,81.0,95.0,72.0
2019-02-01,5000C,CEUTA,51,CEUTA,355319N,052049W,87.0,15.7,11.2,13.4,30.8,24.0,5.8,22.2,2.5,1001.9,992.2,79.0,98.0,63.0
2019-02-02,5000C,CEUTA,51,CEUTA,355319N,052049W,87.0,13.5,9.9,11.7,0.0,29.0,6.1,17.2,8.0,1012.9,1001.4,60.0,83.0,50.0
2019-02-03,5000C,CEUTA,51,CEUTA,355319N,052049W,87.0,13.8,7.9,10.8,0.0,32.0,2.5,9.7,9.1,1017.8,1012.9,56.0,65.0,38.0
2019-02-04,5000C,CEUTA,51,CEUTA,355319N,052049W,87.0,15.0,7.9,11.4,0.0,14.0,1.7,5.3,9.1,1018.5,1016.3,64.0,79.0,53.0
2019-02-05,5000C,CEUTA,51,CEUTA,355319N,052049W,87.0,15.8,9.8,12.8,0.0,99.0,2.2,4.7,9.1,1018.9,1015.9,77.0,89.0,62.0
2019-02-06,5000C,CEUTA,51,CEUTA,355319N,052049W,87.0,16.6,10.9,13.8,0.0,18.0,1.9,5.0,8.5,1016.6,1013.5,88.0,100.0,62.0
2019-02-07,5000C,CEUTA,51,CEUTA,355319N,052049W,87.0,20.4,11.0,15.7,0.0,30.0,2.8,10.8,8.3,1013.8,1010.8,53.0,72.0,44.0
2019-02-08,5000C,CEUTA,51,CEUTA,355319N,052049W,87.0,20.0,11.5,15.8,0.0,32.0,1.7,7.2,9.0,1013.5,1011.6,62.0,92.0,35.0
2019-02-09,5000C,CEUTA,51,CEUTA,355319N,052049W,87.0,18.9,10.2,14.6,0.0,15.0,1.4,7.5,9.2,1014.0,1012.0,70.0,91.0,55.0
2019-02-10,5000C,CEUTA,51,CEUTA,355319N,052049W,87.0,17.6,11.5,14.6,0.0,30.0,2.5,11.7,9.2,1016.6,1013.6,71.0,85.0,58.0
2019-02-11,5000C,CEUTA,51,CEUTA,355319N,052049W,87.0,20.2,13.5,16.8,0.0,29.0,3.6,16.4,9.1,1016.7,1014.4,68.0,81.0,56.0
2019-02-12,5000C,CEUTA,51,CEUTA,355319N,052049W,87.0,17.2,12.0,14.6,0.0,11.0,5.6,12.2,1.5,1019.6,1016.1,84.0,99.0,73.0
2019-02-13,5000C,CEUTA,51,CEUTA,355319N,052049W,87.0,16.3,13.8,15.0,0.0,10.0,5.6,11.4,2.1,1019.2,1017.6,79.0,86.0,70.0
2019-02-14,5000C,CEUTA,51,CEUTA,355319N,052049W,87.0,15.1,13.6,14.4,0.0,8.0,5.6,12.5,0.0,1021.0,1018.1,82.0,89.0,77.0
2019-02-15,5000C,CEUTA,51,CEUTA,355319N,052049W,87.0,14.3,13.7,14.0,0.0,9.0,5.6,12.8,0.0,1018.2,1012.3,86.0,93.0,80.0
2019-02-16,5000C,CEUTA,51,CEUTA,355319N,052049W,87.0,15.8,13.8,14.8,0.0,12.0,6.4,13.6,1.6,1013.8,1011.4,85.0,90.0,80.0
2019-02-17,5000C,CEUTA,51,CEUTA,355319N,052049W,87.0,16.7,13.4,15.0,0.0,10.0,3.9,10.3,1.7,1013.6,1009.8,87.0,92.0,81.0
2019-02-18,5000C,CEUTA,51,CEUTA,355319N,052049W,87.0,15.8,12.7,14.2,6.4,11.0,3.6,8.6,0.3,1009.9,1005.2,88.0,100.0,81.0
2019-02-19,5000C,CEUTA,51,CEUTA,355319N,052049W,87.0,16.6,11.5,14.0,0.0,99.0,3.1,9.7,4.3,1010.8,1008.1,85.0,99.0,73.0
2019-02-20,5000C,CEUTA,51,CEUTA,355319N,052049W,87.0,16.0,13.0,14.5,0.0,11.0,4.7,10.3,3.2,1015.1,1010.4,84.0,88.0,78.0
2019-02-21,5000C,CEUTA,51,CEUTA,355319N,052049W,87.0,15.1,13.5,14.3,0.0,99.0,5.3,10.0,0.0,1020.6,1014.5,83.0,88.0,76.0
2019-02-22,5000C,CEUTA,51,CEUTA,355319N,052049W,87.0,16.5,13.4,15.0,0.0,99.0,4.2,8.6,5.0,1021.2,1019.1,80.0,88.0,71.0
2019-02-23,5000C,CEUTA,51,CEUTA,355319N,052049W,87.0,20.5,11.6,16.0,0.0,17.0,1.7,4.7,9.5,1019.7,1014.8,75.0,96.0,46.0
2019-02-24,5000C,CEUTA,51,CEUTA,355319N,052049W,87.0,17.3,11.7,14.5,0.0,9.0,4.2,11.9,4.7,1020.6,1014.2,88.0,100.0,37.0
2019-02-25,5000C,CEUTA,51,CEUTA,355319N,052049W,87.0,16.7,13.4,15.0,0.0,9.0,6.1,12.5,8.2,1021.7,1018.9,76.0,89.0,64.0
2019-02-26,5000C,CEUTA,51,CEUTA,355319N,052049W,87.0,16.0,12.9,14.4,0.0,10.0,5.0,10.6,3.9,1019.8,1017.2,80.0,89.0,72.0
2019-02-27,5000C,CEUTA,51,CEUTA,355319N,052049W,87.0,17.0,11.4,14.2,0.0,14.0,2.8,6.9,9.1,1019.0,1017.1,83.0,94.0,58.0
2019-02-28,5000C,CEUTA,51,CEUTA,355319N,052049W,87.0,20.8,9.9,15.4,0.0,16.0,0.8,3.6,10.3,1018.1,1014.5,68.0,93.0,43.0
2019-03-01,5000C,CEUTA,51,CEUTA,355319N,052049W,87.0,20.3,12.5,16.4,0.0,26.0,2.5,9.7,9.9,1015.4,1013.4,68.0,81.0,35.0
2019-03-02,5000C,CEUTA,51,CEUTA,355319N,052049W,87.0,20.1,13.7,16.9,0.0,29.0,3.1,12.5,10.2,1014.7,1013.1,69.0,81.0,58.0
2019-03-03,5000C,CEUTA,51,CEUTA,355319N,052049W,87.0,19.9,12.0,16.0,0.0,17.0,1.9,5.0,10.2,1014.9,1011.9,80.0,96.0,60.0
2019-03-04,5000C,CEUTA,51,CEUTA,355319N,052049W,87.0,19.3,13.8,16.6,0.0,24.0,2.8,11.4,9.6,1013.8,1010.7,72.0,88.0,59.0
2019-03-05,5000C,CEUTA,51,CEUTA,355319N,052049W,87.0,20.6,14.8,17.7,0.0,26.0,1.9,6.4,9.2,1011.9,1004.8,76.0,86.0,62.0
2019-03-06,5000C,CEUTA,51,CEUTA,355319N,052049W,87.0,20.4,13.6,17.0,6.6,34.0,3.6,15.8,5.1,1009.1,1003.2,73.0,91.0,55.0
2019-03-07,5000C,CEUTA,51,CEUTA,355319N,052049W,87.0,18.4,11.2,14.8,0.0,31.0,2.8,8.6,10.2,1010.7,1007.7,65.0,81.0,42.0
2019-03-08,5000C,CEUTA,51,CEUTA,355319N,052049W,87.0,18.5,11.8,15.2,0.0,15.0,1.4,5.3,8.8,1016.9,1008.3,72.0,89.0,58.0
2019-03-09,5000C,CEUTA,51,CEUTA,355319N,052049W,87.0,18.0,12.1,15.0,0.0,10.0,3.3,8.1,10.4,1021.2,1016.8,72.0,97.0,52.0
2019-03-10,5000C,CEUTA,51,CEUTA,355319N,052049W,87.0,19.3,13.5,16.4,0.0,14.0,3.1,6.7,10.1,1020.7,1016.7,64.0,92.0,35.0
2019-03-11,5000C,CEUTA,51,CEUTA,355319N,052049W,87.0,25.6,12.5,19.0,0.0,18.0,2.2,4.2,10.7,1019.5,1014.9,53.0,100.0,28.0
2019-03-12,5000C,CEUTA,51,CEUTA,355319N,052049W,87.0,19.1,14.0,16.6,0.0,31.0,2.8,7.8,7.0,1019.5,1014.4,81.0,100.0,52.0
2019-03-13,5000C,CEUTA,51,CEUTA,355319N,052049W,87.0,19.8,15.8,17.8,0.0,28.0,3.3,16.4,10.7,1015.6,1012.8,66.0,74.0,47.0
2019-03-14,5000C,CEUTA,51,CEUTA,355319N,052049W,87.0,19.1,14.5,16.8,0.0,8.0,4.4,9.7,2.9,1017.7,1015.4,86.0,96.0,58.0
2019-03-15,5000C,CEUTA,51,CEUTA,355319N,052049W,87.0,18.1,13.8,16.0,0.0,16.0,3.1,6.9,9.4,1015.8,1013.1,85.0,100.0,76.0
2019-03-16,5000C,CEUTA,51,CEUTA,355319N,052049W,87.0,19.6,12.8,16.2,0.0,8.0,1.9,5.0,10.7,1013.6,1009.0,73.0,100.0,41.0
2019-03-17,5000C,CEUTA,51,CEUTA,355319N,052049W,87.0,25.2,12.0,18.6,0.0,32.0,2.5,12.5,10.7,1009.9,1007.3,41.0,86.0,24.0
2019-03-18,5000C,CEUTA,51,CEUTA,355319N,052049W,87.0,20.3,14.6,17.4,0.0,35.0,3.3,8.3,9.6,1012.8,1007.4,77.0,92.0,49.0
2019-03-19,5000C,CEUTA,51,CEUTA,355319N,052049W,87.0,18.7,14.4,16.6,0.0,12.0,2.5,9.7,9.1,1013.5,1009.3,77.0,94.0,66.0
2019-03-20,5000C,CEUTA,51,CEUTA,355319N,052049W,87.0,17.3,13.5,15.4,0.0,10.0,6.4,15.3,9.6,1014.8,1012.1,65.0,83.0,53.0
2019-03-21,5000C,CEUTA,51,CEUTA,355319N,052049W,87.0,15.8,12.5,14.2,0.6,11.0,7.8,14.2,7.7,1014.5,1012.6,65.0,82.0,58.0
2019-03-22,5000C,CEUTA,51,CEUTA,355319N,052049W,87.0,16.8,13.5,15.2,0.0,9.0,6.7,14.4,2.2,1013.9,1011.9,77.0,87.0,69.0
2019-03-23,5000C,CEUTA,51,CEUTA,355319N,052049W,87.0,17.5,13.9,15.7,0.0,9.0,6.9,14.4,5.0,1012.7,1009.1,77.0,87.0,70.0
2019-03-24,5000C,CEUTA,51,CEUTA,355319N,052049W,87.0,16.5,14.6,15.6,0.6,10.0,4.7,11.9,1.8,1010.4,1008.4,91.0,99.0,84.0
2019-03-25,5000C,CEUTA,51,CEUTA,355319N,052049W,87.0,18.2,14.3,16.2,0.0,10.0,4.4,9.2,6.2,1008.5,1004.2,89.0,99.0,78.0
2019-03-26,5000C,CEUTA,51,CEUTA,355319N,052049W,87.0,17.0,14.5,15.8,0.0,12.0,5.3,15.3,1.3,1007.7,1002.4,86.0,98.0,68.0
2019-03-27,5000C,CEUTA,51,CEUTA,355319N,052049W,87.0,17.0,13.9,15.4,0.0,11.0,8.3,17.5,4.3,1013.6,1007.4,66.0,75.0,55.0
2019-03-28,5000C,CEUTA,51,CEUTA,355319N,052049W,87.0,16.8,13.6,15.2,0.0,10.0,6.7,15.8,6.3,1014.4,1011.7,74.0,80.0,67.0
2019-03-29,5000C,CEUTA,51,CEUTA,355319N,052049W,87.0,16.5,13.8,15.2,0.0,11.0,5.8,12.8,1.9,1012.8,1010.5,80.0,89.0,73.0
2019-03-30,5000C,CEUTA,51,CEUTA,355319N,052049W,87.0,14.7,13.7,14.2,10.0,9.0,5.0,11.9,0.0,1011.0,1004.2,92.0,100.0,85.0
2019-03-31,5000C,CEUTA,51,CEUTA,355319N,052049W,87.0,16.5,12.7,14.6,0.0,6.0,2.5,8.6,3.0,1004.4,1000.4,96.0,100.0,83.0
2019-04-01,5000C,CEUTA,51,CEUTA,355319N,052049W,87.0,19.7,12.9,16.3,0.0,18.0,1.9,8.3,6.2,1007.2,1002.2,82.0,96.0,60.0
2019-04-02,5000C,CEUTA,51,CEUTA,355319N,052049W,87.0,18.9,11.8,15.4,0.0,17.0,2.2,5.8,7.6,1007.2,1003.4,81.0,100.0,57.0
2019-04-03,5000C,CEUTA,51,CEUTA,355319N,052049W,87.0,23.1,13.5,18.3,0.0,30.0,1.7,10.8,11.4,1003.4,994.8,58.0,79.0,38.0
2019-04-04,5000C,CEUTA,51,CEUTA,355319N,052049W,87.0,18.0,12.3,15.2,2.4,26.0,3.3,11.1,8.2,997.3,993.9,66.0,78.0,49.0
2019-04-05,5000C,CEUTA,51,CEUTA,355319N,052049W,87.0,14.9,11.4,13.2,30.0,30.0,5.6,18.6,4.1,1000.2,994.3,72.0,94.0,56.0
2019-04-06,5000C,CEUTA,51,CEUTA,355319N,052049W,87.0,16.3,10.0,13.2,8.4,30.0,4.2,17.2,7.8,1004.8,999.6,81.0,89.0,60.0
2019-04-07,5000C,CEUTA,51,CEUTA,355319N,052049W,87.0,19.0,12.2,15.6,1.2,99.0,3.6,12.5,5.3,1008.4,1003.8,74.0,88.0,60.0
2019-04-08,5000C,CEUTA,51,CEUTA,355319N,052049W,87.0,19.7,13.5,16.6,3.8,28.0,2.2,10.6,6.1,1008.4,1006.6,84.0,97.0,64.0
2019-04-09,5000C,CEUTA,51,CEUTA,355319N,052049W,87.0,18.7,13.3,16.0,0.0,30.0,3.6,11.7,8.9,1009.8,1007.9,63.0,83.0,51.0
2019-04-10,5000C,CEUTA,51,CEUTA,355319N,052049W,87.0,17.5,11.5,14.5,0.0,29.0,3.3,13.6,11.3,1008.9,1006.5,66.0,82.0,49.0
2019-04-11,5000C,CEUTA,51,CEUTA,355319N,052049W,87.0,19.0,13.0,16.0,0.0,31.0,3.6,12.2,11.3,1008.9,1006.6,60.0,83.0,47.0
2019-04-12,5000C,CEUTA,51,CEUTA,355319N,052049W,87.0,22.7,14.1,18.4,0.0,32.0,1.9,10.3,11.5,1008.5,1006.2,49.0,67.0,34.0
2019-04-13,5000C,CEUTA,51,CEUTA,355319N,052049W,87.0,24.0,15.9,20.0,0.0,29.0,1.9,10.0,11.8,1009.9,1007.4,37.0,47.0,28.0
2019-04-14,5000C,CEUTA,51,CEUTA,355319N,052049W,87.0,23.0,15.6,19.3,0.0,17.0,1.9,6.1,11.7,1008.8,1004.3,41.0,57.0,28.0
2019-04-15,5000C,CEUTA,51,CEUTA,355319N,052049W,87.0,23.8,15.1,19.4,0.0,24.0,2.2,10.8,10.9,1009.6,1002.6,63.0,89.0,30.0
2019-04-16,5000C,CEUTA,51,CEUTA,355319N,052049W,87.0,20.6,12.9,16.8,0.0,25.0,2.5,6.9,11.9,1009.4,1004.4,76.0,93.0,56.0
2019-04-17,5000C,CEUTA,51,CEUTA,355319N,052049W,87.0,16.7,15.0,15.8,4.4,10.0,2.8,9.7,0.0,1005.8,1001.7,92.0,96.0,55.0
2019-04-18,5000C,CEUTA,51,CEUTA,355319N,052049W,87.0,19.3,12.9,16.1,3.6,30.0,1.1,8.3,5.8,1005.2,1002.6,76.0,92.0,48.0
2019-04-19,5000C,CEUTA,51,CEUTA,355319N,052049W,87.0,19.8,12.0,15.9,0.0,30.0,2.2,9.7,10.4,1005.2,1003.3,68.0,87.0,50.0
2019-04-20,5000C,CEUTA,51,CEUTA,355319N,052049W,87.0,20.1,12.6,16.4,0.0,18.0,2.2,6.4,9.6,1003.5,999.9,73.0,93.0,56.0
2019-04-21,5000C,CEUTA,51,CEUTA,355319N,052049W,87.0,19.7,13.1,16.4,0.0,99.0,1.9,10.6,6.8,1001.5,995.9,70.0,91.0,58.0
2019-04-22,5000C,CEUTA,51,CEUTA,355319N,052049W,87.0,21.7,15.6,18.6,7.2,26.0,3.3,15.3,7.4,996.2,994.0,65.0,77.0,49.0
2019-04-23,5000C,CEUTA,51,CEUTA,355319N,052049W,87.0,16.7,11.3,14.0,13.6,28.0,5.0,15.0,5.8,1000.1,990.6,69.0,94.0,52.0
2019-04-24,5000C,CEUTA,51,CEUTA,355319N,052049W,87.0,21.1,12.3,16.7,0.2,24.0,3.1,12.5,9.4,1005.2,999.6,60.0,81.0,48.0
2019-04-25,5000C,CEUTA,51,CEUTA,355319N,052049W,87.0,18.3,14.4,16.4,7.2,30.0,2.5,11.7,2.9,1012.7,1004.4,80.0,92.0,63.0
2019-04-26,5000C,CEUTA,51,CEUTA,355319N,052049W,87.0,20.7,11.6,16.2,0.0,31.0,2.5,6.9,12.3,1014.2,1012.0,39.0,81.0,28.0
2019-04-27,5000C,CEUTA,51,CEUTA,355319N,052049W,87.0,19.0,13.8,16.4,0.0,10.0,5.3,10.3,10.8,1014.5,1011.9,76.0,87.0,63.0
2019-04-28,5000C,CEUTA,51,CEUTA,355319N,052049W,87.0,19.4,15.1,17.2,0.0,9.0,4.4,8.9,8.5,1012.4,1007.9,82.0,89.0,71.0
2019-04-29,5000C,CEUTA,51,CEUTA,355319N,052049W,87.0,19.7,15.5,17.6,0.0,8.0,3.9,7.8,10.0,1009.0,1006.1,79.0,90.0,68.0
2019-04-30,5000C,CEUTA,51,CEUTA,355319N,052049W,87.0,19.6,15.4,17.5,0.0,10.0,3.9,8.3,10.1,1007.4,1003.6,75.0,89.0,66.0
2019-05-01,5000C,CEUTA,51,CEUTA,355319N,052049W,87.0,19.9,15.8,17.8,0.0,10.0,4.4,10.0,7.6,1004.3,1000.2,78.0,92.0,68.0
2019-05-02,5000C,CEUTA,51,CEUTA,355319N,052049W,87.0,20.1,15.7,17.9,0.0,9.0,4.2,9.4,6.1,1002.6,999.5,85.0,93.0,76.0
2019-05-03,5000C,CEUTA,51,CEUTA,355319N,052049W,87.0,21.7,16.1,18.9,0.0,30.0,2.8,13.9,8.1,1002.0,999.3,83.0,94.0,66.0
2019-05-04,5000C,CEUTA,51,CEUTA,355319N,052049W,87.0,22.4,15.6,19.0,0.0,26.0,3.3,12.5,8.0,1005.0,999.2,76.0,87.0,62.0
2019-05-05,5000C,CEUTA,51,CEUTA,355319N,052049W,87.0,24.0,14.6,19.3,0.0,30.0,3.1,11.4,12.5,1007.6,1003.5,56.0,84.0,41.0
2019-05-06,5000C,CEUTA,51,CEUTA,355319N,052049W,87.0,25.8,13.5,19.6,0.0,28.0,2.5,9.7,12.7,1009.0,1006.6,39.0,79.0,23.0
2019-05-07,5000C,CEUTA,51,CEUTA,355319N,052049W,87.0,25.5,14.2,19.8,0.0,29.0,1.9,8.6,12.6,1008.9,1005.6,48.0,78.0,28.0
2019-05-08,5000C,CEUTA,51,CEUTA,355319N,052049W,87.0,21.8,16.6,19.2,0.0,28.0,3.1,13.6,10.3,1008.2,1005.9,66.0,82.0,57.0
2019-05-09,5000C,CEUTA,51,CEUTA,355319N,052049W,87.0,24.6,17.1,20.8,0.0,31.0,3.1,11.1,11.7,1007.8,1004.1,62.0,78.0,54.0
2019-05-10,5000C,CEUTA,51,CEUTA,355319N,052049W,87.0,30.2,19.3,24.8,0.0,31.0,3.9,11.1,12.7,1005.3,1003.3,45.0,68.0,41.0
2019-05-11,5000C,CEUTA,51,CEUTA,355319N,052049W,87.0,27.4,18.3,22.8,0.0,31.0,1.7,6.7,12.7,1009.2,1004.5,49.0,95.0,38.0
2019-05-12,5000C,CEUTA,51,CEUTA,355319N,052049W,87.0,21.4,17.4,19.4,0.0,9.0,5.0,10.3,6.9,1012.4,1008.8,82.0,94.0,72.0
2019-05-13,5000C,CEUTA,51,CEUTA,355319N,052049W,87.0,20.9,17.0,19.0,0.0,14.0,4.2,8.1,9.6,1008.8,1005.6,82.0,93.0,75.0
2019-05-14,5000C,CEUTA,51,CEUTA,355319N,052049W,87.0,20.9,16.5,18.7,0.0,10.0,4.7,11.4,10.1,1008.4,1004.8,79.0,93.0,70.0
2019-05-15,5000C,CEUTA,51,CEUTA,355319N,052049W,87.0,28.1,16.3,22.2,0.0,28.0,2.5,8.3,12.8,1004.8,999.5,59.0,94.0,18.0
2019-05-16,5000C,CEUTA,51,CEUTA,355319N,052049W,87.0,28.5,18.1,23.3,0.0,26.0,3.9,12.8,9.3,1003.3,998.6,69.0,92.0,16.0
2019-05-17,5000C,CEUTA,51,CEUTA,355319N,052049W,87.0,19.8,14.9,17.4,0.0,30.0,5.0,16.4,11.6,1003.8,1001.0,50.0,72.0,45.0
2019-05-18,5000C,CEUTA,51,CEUTA,355319N,052049W,87.0,19.1,15.0,17.0,0.0,26.0,3.9,13.9,11.4,1005.0,1001.6,55.0,75.0,44.0
2019-05-19,5000C,CEUTA,51,CEUTA,355319N,052049W,87.0,21.4,15.8,18.6,0.0,29.0,3.6,15.3,9.3,1004.3,1002.6,56.0,75.0,44.0
2019-05-20,5000C,CEUTA,51,CEUTA,355319N,052049W,87.0,25.2,17.3,21.2,0.0,29.0,3.3,13.1,12.8,1004.1,1001.0,48.0,76.0,35.0
2019-05-21,5000C,CEUTA,51,CEUTA,355319N,052049W,87.0,25.6,17.6,21.6,0.0,28.0,2.5,11.7,13.0,1005.9,1002.7,48.0,74.0,34.0
2019-05-22,5000C,CEUTA,51,CEUTA,355319N,052049W,87.0,21.1,15.8,18.4,0.0,6.0,3.1,6.7,7.4,1007.9,1005.4,82.0,95.0,53.0
2019-05-23,5000C,CEUTA,51,CEUTA,355319N,052049W,87.0,23.5,17.0,20.2,0.0,20.0,2.8,5.6,12.6,1007.9,1005.0,60.0,94.0,39.0
2019-05-24,5000C,CEUTA,51,CEUTA,355319N,052049W,87.0,24.6,17.5,21.0,0.0,30.0,3.3,16.4,12.5,1005.1,999.9,50.0,70.0,34.0
2019-05-25,5000C,CEUTA,51,CEUTA,355319N,052049W,87.0,22.1,17.3,19.7,0.0,30.0,3.3,16.4,11.2,1008.1,1002.3,80.0,93.0,39.0
2019-05-26,5000C,CEUTA,51,CEUTA,355319N,052049W,87.0,22.4,17.0,19.7,0.0,17.0,3.3,6.9,11.9,1007.9,1004.4,71.0,97.0,52.0
2019-05-27,5000C,CEUTA,51,CEUTA,355319N,052049W,87.0,25.4,17.0,21.2,0.0,18.0,2.2,6.1,13.1,1004.7,1000.7,63.0,70.0,39.0
2019-05-28,5000C,CEUTA,51,CEUTA,355319N,052049W,87.0,30.8,18.4,24.6,0.0,18.0,1.7,5.3,13.0,1004.0,999.7,52.0,98.0,39.0
2019-05-29,5000C,CEUTA,51,CEUTA,355319N,052049W,87.0,23.2,17.9,20.6,0.0,8.0,4.4,10.8,10.1,1011.2,1004.0,80.0,100.0,68.0
2019-05-30,5000C,CEUTA,51,CEUTA,355319N,052049W,87.0,21.7,18.0,19.8,0.0,9.0,6.1,13.9,10.2,1012.8,1010.5,78.0,91.0,68.0
2019-05-31,5000C,CEUTA,51,CEUTA,355319N,052049W,87.0,21.8,17.5,19.6,0.0,9.0,5.3,12.5,11.1,1011.8,1009.5,77.0,90.0,70.0
2019-06-01,5000C,CEUTA,51,CEUTA,355319N,052049W,87.0,22.1,17.3,19.7,0.0,10.0,5.3,9.7,10.1,1010.8,1008.3,80.0,93.0,72.0
2019-06-02,5000C,CEUTA,51,CEUTA,355319N,052049W,87.0,21.1,17.2,19.2,0.0,15.0,3.9,7.8,10.9,1009.7,1007.2,83.0,95.0,75.0
2019-06-03,5000C,CEUTA,51,CEUTA,355319N,052049W,87.0,21.9,16.5,19.2,0.0,16.0,3.3,6.1,12.2,1008.5,1005.3,76.0,95.0,70.0
2019-06-04,5000C,CEUTA,51,CEUTA,355319N,052049W,87.0,28.1,15.4,21.8,0.0,30.0,1.9,10.3,13.1,1005.3,1001.7,56.0,96.0,37.0
2019-06-05,5000C,CEUTA,51,CEUTA,355319N,052049W,87.0,23.1,17.0,20.0,0.0,30.0,3.9,12.8,12.1,1006.5,1003.8,50.0,76.0,38.0
2019-06-06,5000C,CEUTA,51,CEUTA,355319N,052049W,87.0,25.3,17.4,21.4,0.0,30.0,3.3,14.7,13.1,1004.8,1001.2,35.0,72.0,24.0
2019-06-07,5000C,CEUTA,51,CEUTA,355319N,052049W,87.0,25.3,17.2,21.2,0.0,30.0,2.2,12.2,10.8,1007.1,1003.4,53.0,77.0,38.0
2019-06-08,5000C,CEUTA,51,CEUTA,355319N,052049W,87.0,23.9,17.7,20.8,0.0,6.0,2.2,7.8,12.3,1009.2,1005.6,64.0,92.0,40.0
2019-06-09,5000C,CEUTA,51,CEUTA,355319N,052049W,87.0,24.9,18.2,21.6,0.0,28.0,2.5,14.4,12.2,1009.1,1007.4,53.0,95.0,28.0
2019-06-10,5000C,CEUTA,51,CEUTA,355319N,052049W,87.0,23.7,17.6,20.6,0.0,28.0,3.6,15.8,11.4,1008.5,1003.1,57.0,79.0,45.0
2019-06-11,5000C,CEUTA,51,CEUTA,355319N,052049W,87.0,23.2,18.5,20.8,0.0,99.0,3.3,16.4,13.2,1003.1,999.8,54.0,66.0,41.0
2019-06-12,5000C,CEUTA,51,CEUTA,355319N,052049W,87.0,21.6,17.5,19.6,0.0,33.0,4.4,18.3,4.4,1003.1,999.4,84.0,94.0,49.0
2019-06-13,5000C,CEUTA,51,CEUTA,355319N,052049W,87.0,23.0,18.1,20.6,0.0,12.0,3.1,9.4,7.8,1004.0,999.8,85.0,94.0,58.0
2019-06-14,5000C,CEUTA,51,CEUTA,355319N,052049W,87.0,21.8,16.4,19.1,0.0,25.0,3.6,13.9,10.3,1009.4,1003.0,53.0,76.0,42.0
2019-06-15,5000C,CEUTA,51,CEUTA,355319N,052049W,87.0,28.2,16.4,22.3,0.0,31.0,1.9,12.2,13.3,1009.0,1005.5,37.0,74.0,27.0
2019-06-16,5000C,CEUTA,51,CEUTA,355319N,052049W,87.0,23.3,16.5,19.9,0.0,13.0,1.9,4.7,9.9,1009.1,1005.5,67.0,94.0,47.0
2019-06-17,5000C,CEUTA,51,CEUTA,355319N,052049W,87.0,22.2,15.8,19.0,0.0,18.0,2.5,6.4,13.1,1008.6,1005.1,78.0,94.0,69.0
2019-06-18,5000C,CEUTA,51,CEUTA,355319N,052049W,87.0,26.6,16.2,21.4,0.0,30.0,2.5,14.7,13.0,1006.8,1005.1,55.0,94.0,29.0
2019-06-19,5000C,CEUTA,51,CEUTA,355319N,052049W,87.0,27.9,17.9,22.9,0.0,29.0,3.6,14.7,12.1,1006.5,1003.7,58.0,85.0,40.0
2019-06-20,5000C,CEUTA,51,CEUTA,355319N,052049W,87.0,25.8,18.6,22.2,0.0,31.0,2.5,14.2,13.1,1006.0,1003.5,55.0,78.0,45.0
2019-06-21,5000C,CEUTA,51,CEUTA,355319N,052049W,87.0,28.0,18.9,23.4,0.0,32.0,3.9,13.6,13.2,1005.9,1002.6,42.0,73.0,16.0
2019-06-22,5000C,CEUTA,51,CEUTA,355319N,052049W,87.0,23.6,17.3,20.4,0.0,34.0,3.3,6.9,11.2,1006.0,1003.4,81.0,95.0,45.0
2019-06-23,5000C,CEUTA,51,CEUTA,355319N,052049W,87.0,23.1,19.6,21.4,0.0,5.0,3.1,6.1,8.3,1004.5,1002.3,87.0,94.0,74.0
2019-06-24,5000C,CEUTA,51,CEUTA,355319N,052049W,87.0,25.1,18.0,21.6,0.0,18.0,2.2,5.3,12.6,1004.7,1003.5,73.0,95.0,63.0
2019-06-25,5000C,CEUTA,51,CEUTA,355319N,052049W,87.0,28.8,18.7,23.8,0.0,16.0,1.7,5.8,13.0,1006.4,1004.0,62.0,87.0,46.0
2019-06-26,5000C,CEUTA,51,CEUTA,355319N,052049W,87.0,26.8,19.2,23.0,0.0,7.0,1.7,8.3,12.3,1008.1,1005.2,70.0,88.0,50.0
2019-06-27,5000C,CEUTA,51,CEUTA,355319N,052049W,87.0,27.0,19.9,23.4,0.0,35.0,1.7,5.6,10.8,1007.4,1005.2,71.0,88.0,59.0
2019-06-28,5000C,CEUTA,51,CEUTA,355319N,052049W,87.0,26.6,19.4,23.0,0.0,12.0,2.5,7.2,11.7,1006.5,1003.3,74.0,88.0,67.0
2019-06-29,5000C,CEUTA,51,CEUTA,355319N,052049W,87.0,28.7,21.1,24.9,0.0,6.0,1.9,4.4,12.5,1006.1,1003.5,63.0,87.0,49.0
2019-06-30,5000C,CEUTA,51,CEUTA,355319N,052049W,87.0,30.8,21.0,25.9,0.0,28.0,1.7,6.1,12.6,1007.7,1004.9,58.0,83.0,45.0
2019-07-01,5000C,CEUTA,51,CEUTA,355319N,052049W,87.0,29.3,19.7,24.5,0.0,30.0,3.3,13.9,13.1,1007.3,1003.5,52.0,81.0,39.0
2019-07-02,5000C,CEUTA,51,CEUTA,355319N,052049W,87.0,29.3,19.9,24.6,0.0,32.0,2.5,9.7,13.2,1005.6,1002.7,51.0,75.0,41.0
2019-07-03,5000C,CEUTA,51,CEUTA,355319N,052049W,87.0,29.3,18.8,24.0,0.0,32.0,2.5,7.5,12.9,1004.7,1002.5,56.0,82.0,45.0
2019-07-04,5000C,CEUTA,51,CEUTA,355319N,052049W,87.0,28.5,19.4,24.0,0.0,29.0,1.9,7.8,12.8,1007.8,1004.2,57.0,75.0,44.0
2019-07-05,5000C,CEUTA,51,CEUTA,355319N,052049W,87.0,28.2,18.3,23.2,0.0,18.0,1.7,6.4,12.8,1007.8,1005.1,61.0,78.0,51.0
2019-07-06,5000C,CEUTA,51,CEUTA,355319N,052049W,87.0,28.4,19.5,24.0,0.0,30.0,1.9,15.6,2.6,1006.0,1002.3,50.0,78.0,31.0
2019-07-07,5000C,CEUTA,51,CEUTA,355319N,052049W,87.0,27.9,20.5,24.2,0.0,29.0,3.1,13.6,10.0,1005.6,1002.1,51.0,65.0,38.0
2019-07-08,5000C,CEUTA,51,CEUTA,355319N,052049W,87.0,25.8,19.1,22.4,0.0,26.0,3.3,12.8,12.5,1006.2,1003.4,60.0,78.0,49.0
2019-07-09,5000C,CEUTA,51,CEUTA,355319N,052049W,87.0,29.7,19.4,24.6,0.0,26.0,2.5,13.3,13.1,1005.2,1002.3,51.0,76.0,37.0
2019-07-10,5000C,CEUTA,51,CEUTA,355319N,052049W,87.0,25.7,19.9,22.8,0.0,10.0,2.8,6.9,13.0,1004.1,1001.9,72.0,97.0,44.0
2019-07-11,5000C,CEUTA,51,CEUTA,355319N,052049W,87.0,25.8,20.2,23.0,0.0,99.0,3.3,6.9,7.2,1005.7,1002.4,84.0,97.0,67.0
2019-07-12,5000C,CEUTA,51,CEUTA,355319N,052049W,87.0,29.9,21.4,25.6,0.0,28.0,2.2,6.4,6.4,1006.3,1003.9,67.0,91.0,40.0
2019-07-13,5000C,CEUTA,51,CEUTA,355319N,052049W,87.0,27.8,21.3,24.6,0.0,32.0,3.1,14.2,12.4,1006.3,1003.8,60.0,78.0,53.0
2019-07-14,5000C,CEUTA,51,CEUTA,355319N,052049W,87.0,29.5,20.9,25.2,0.0,32.0,2.5,10.8,12.8,1005.2,1002.5,56.0,76.0,40.0
2019-07-15,5000C,CEUTA,51,CEUTA,355319N,052049W,87.0,33.3,22.4,27.8,0.0,23.0,2.2,9.2,12.7,1003.3,1001.0,47.0,69.0,30.0
2019-07-16,5000C,CEUTA,51,CEUTA,355319N,052049W,87.0,32.7,19.9,26.3,0.0,35.0,2.5,8.9,13.0,1004.9,1001.2,46.0,83.0,30.0
2019-07-17,5000C,CEUTA,51,CEUTA,355319N,052049W,87.0,27.2,19.5,23.4,0.0,29.0,3.1,13.6,12.8,1005.7,1003.0,59.0,85.0,49.0
2019-07-18,5000C,CEUTA,51,CEUTA,355319N,052049W,87.0,27.7,19.0,23.4,0.0,17.0,2.5,6.4,12.8,1004.8,1002.6,67.0,92.0,48.0
2019-07-19,5000C,CEUTA,51,CEUTA,355319N,052049W,87.0,25.7,18.8,22.2,0.0,11.0,3.6,8.1,5.0,1003.9,1001.5,85.0,97.0,75.0
2019-07-20,5000C,CEUTA,51,CEUTA,355319N,052049W,87.0,30.8,22.5,26.6,0.0,10.0,1.9,5.8,11.9,1006.7,1002.0,69.0,92.0,52.0
2019-07-21,5000C,CEUTA,51,CEUTA,355319N,052049W,87.0,27.9,21.8,24.8,0.2,16.0,2.2,6.1,11.6,1008.7,1005.5,80.0,95.0,69.0
2019-07-22,5000C,CEUTA,51,CEUTA,355319N,052049W,87.0,27.5,22.5,25.0,0.0,10.0,5.0,9.7,3.8,1008.7,1005.4,83.0,95.0,71.0
2019-07-23,5000C,CEUTA,51,CEUTA,355319N,052049W,87.0,25.7,21.8,23.8,0.0,9.0,1.9,6.4,3.4,1006.4,1003.8,86.0,95.0,78.0
2019-07-24,5000C,CEUTA,51,CEUTA,355319N,052049W,87.0,27.7,21.7,24.7,0.0,7.0,2.2,5.8,7.7,1005.1,1003.0,85.0,97.0,71.0
2019-07-25,5000C,CEUTA,51,CEUTA,355319N,052049W,87.0,31.0,22.6,26.8,0.0,3.0,1.9,8.3,10.7,1004.9,1003.0,73.0,90.0,57.0
2019-07-26,5000C,CEUTA,51,CEUTA,355319N,052049W,87.0,27.7,21.5,24.6,0.0,32.0,3.1,15.0,12.7,1005.0,1003.1,56.0,71.0,38.0
2019-07-27,5000C,CEUTA,51,CEUTA,355319N,052049W,87.0,25.8,20.7,23.2,0.0,25.0,3.1,14.7,10.8,1004.8,1002.4,64.0,84.0,45.0
2019-07-28,5000C,CEUTA,51,CEUTA,355319N,052049W,87.0,27.9,19.4,23.6,0.0,29.0,2.2,11.4,11.2,1002.6,999.2,62.0,87.0,47.0
2019-07-29,5000C,CEUTA,51,CEUTA,355319N,052049W,87.0,32.4,18.8,25.6,0.0,30.0,1.9,13.6,12.7,1002.7,1000.6,47.0,80.0,32.0
2019-07-30,5000C,CEUTA,51,CEUTA,355319N,052049W,87.0,34.2,23.0,28.6,0.0,30.0,2.8,11.7,12.6,1002.9,1000.5,51.0,73.0,24.0
2019-07-31,5000C,CEUTA,51,CEUTA,355319N,052049W,87.0,26.8,19.9,23.4,0.0,9.0,3.1,9.7,3.0,1003.6,1001.2,84.0,97.0,65.0
2019-08-01,5000C,CEUTA,51,CEUTA,355319N,052049W,87.0,27.3,21.9,24.6,0.0,99.0,2.8,6.4,5.5,1003.9,1001.7,80.0,93.0,64.0
2019-08-02,5000C,CEUTA,51,CEUTA,355319N,052049W,87.0,34.0,21.1,27.6,0.0,16.0,1.9,6.4,12.4,1004.4,1002.9,61.0,84.0,35.0
2019-08-03,5000C,CEUTA,51,CEUTA,355319N,052049W,87.0,27.6,20.4,24.0,0.0,17.0,1.7,5.3,11.9,1005.4,1002.9,71.0,87.0,56.0
2019-08-04,5000C,CEUTA,51,CEUTA,355319N,052049W,87.0,30.9,20.5,25.7,0.0,18.0,1.9,5.6,12.1,1004.9,1002.7,63.0,88.0,42.0
2019-08-05,5000C,CEUTA,51,CEUTA,355319N,052049W,87.0,30.7,21.3,26.0,0.0,16.0,1.4,5.6,12.2,1004.3,1002.1,59.0,77.0,45.0
2019-08-06,5000C,CEUTA,51,CEUTA,355319N,052049W,87.0,33.8,22.5,28.2,0.0,16.0,1.4,5.8,12.1,1003.9,1000.4,43.0,63.0,24.0
2019-08-07,5000C,CEUTA,51,CEUTA,355319N,052049W,87.0,34.9,21.6,28.2,0.0,32.0,5.0,14.4,11.3,1003.3,1001.6,48.0,79.0,20.0
2019-08-08,5000C,CEUTA,51,CEUTA,355319N,052049W,87.0,36.4,24.5,30.4,0.0,31.0,1.7,17.5,11.8,1005.1,1001.7,36.0,53.0,18.0
2019-08-09,5000C,CEUTA,51,CEUTA,355319N,052049W,87.0,30.9,23.7,27.3,0.0,30.0,3.1,16.7,12.0,1006.9,1003.8,53.0,74.0,29.0
2019-08-10,5000C,CEUTA,51,CEUTA,355319N,052049W,87.0,34.3,23.0,28.6,0.0,29.0,3.9,15.0,11.9,1007.8,1004.1,51.0,79.0,36.0
2019-08-11,5000C,CEUTA,51,CEUTA,355319N,052049W,87.0,30.7,24.1,27.4,0.0,32.0,2.5,12.5,12.0,1006.8,1004.3,39.0,55.0,20.0
2019-08-12,5000C,CEUTA,51,CEUTA,355319N,052049W,87.0,32.4,22.8,27.6,0.0,30.0,3.6,12.5,10.7,1005.4,1002.3,21.0,40.0,17.0
2019-08-13,5000C,CEUTA,51,CEUTA,355319N,052049W,87.0,28.1,19.5,23.8,0.0,34.0,1.9,9.2,12.3,1008.2,1004.5,63.0,96.0,30.0
2019-08-14,5000C,CEUTA,51,CEUTA,355319N,052049W,87.0,27.6,21.6,24.6,0.0,8.0,3.6,8.1,8.2,1009.4,1006.5,86.0,98.0,74.0
2019-08-15,5000C,CEUTA,51,CEUTA,355319N,052049W,87.0,25.8,21.1,23.4,0.0,99.0,3.3,6.4,11.2,1008.1,1005.9,86.0,100.0,76.0
2019-08-16,5000C,CEUTA,51,CEUTA,355319N,052049W,87.0,26.3,22.1,24.2,0.0,16.0,2.8,6.4,11.8,1008.0,1005.3,82.0,96.0,72.0
2019-08-17,5000C,CEUTA,51,CEUTA,355319N,052049W,87.0,26.3,20.0,23.2,0.0,99.0,2.5,5.0,10.8,1006.3,1002.5,86.0,99.0,73.0
2019-08-18,5000C,CEUTA,51,CEUTA,355319N,052049W,87.0,32.9,20.2,26.6,0.0,27.0,2.2,11.1,12.1,1004.3,1002.1,47.0,92.0,26.0
2019-08-19,5000C,CEUTA,51,CEUTA,355319N,052049W,87.0,35.4,22.3,28.8,0.0,31.0,3.9,11.4,12.3,1004.8,1002.2,37.0,57.0,25.0
2019-08-20,5000C,CEUTA,51,CEUTA,355319N,052049W,87.0,32.1,20.4,26.2,0.0,29.0,1.9,5.6,12.2,1006.7,1004.0,42.0,72.0,24.0
2019-08-21,5000C,CEUTA,51,CEUTA,355319N,052049W,87.0,27.7,20.6,24.2,0.0,10.0,2.5,8.6,5.1,1008.3,1005.7,87.0,96.0,72.0
2019-08-22,5000C,CEUTA,51,CEUTA,355319N,052049W,87.0,26.9,21.9,24.4,0.0,12.0,5.0,11.4,6.9,1008.2,1006.4,85.0,97.0,72.0
2019-08-23,5000C,CEUTA,51,CEUTA,355319N,052049W,87.0,26.2,21.2,23.7,0.0,7.0,3.9,8.3,3.8,1008.5,1006.2,85.0,97.0,76.0
2019-08-24,5000C,CEUTA,51,CEUTA,355319N,052049W,87.0,27.0,22.2,24.6,0.0,10.0,4.2,9.2,10.6,1008.1,1005.8,82.0,92.0,72.0
2019-08-25,5000C,CEUTA,51,CEUTA,355319N,052049W,87.0,27.2,21.9,24.6,0.0,10.0,3.3,8.1,9.9,1006.8,1003.5,84.0,96.0,72.0
2019-08-26,5000C,CEUTA,51,CEUTA,355319N,052049W,87.0,26.6,20.3,23.4,0.0,99.0,1.7,6.1,5.0,1005.7,1002.5,83.0,98.0,69.0
2019-08-27,5000C,CEUTA,51,CEUTA,355319N,052049W,87.0,29.9,19.5,24.7,0.0,28.0,1.9,9.2,11.8,1007.0,1004.0,54.0,84.0,33.0
2019-08-28,5000C,CEUTA,51,CEUTA,355319N,052049W,87.0,26.6,20.5,23.6,0.0,18.0,2.8,7.2,10.8,1007.4,1005.3,80.0,97.0,33.0
2019-08-29,5000C,CEUTA,51,CEUTA,355319N,052049W,87.0,27.2,21.9,24.6,0.0,11.0,3.3,7.5,3.6,1010.0,1006.5,84.0,99.0,76.0
2019-08-30,5000C,CEUTA,51,CEUTA,355319N,052049W,87.0,26.3,21.7,24.0,0.0,10.0,2.8,6.4,7.2,1009.9,1006.7,92.0,100.0,77.0
2019-08-31,5000C,CEUTA,51,CEUTA,355319N,052049W,87.0,25.5,21.5,23.5,0.0,19.0,2.8,6.4,6.0,1007.5,1004.2,90.0,100.0,80.0
2019-09-01,5000C,CEUTA,51,CEUTA,355319N,052049W,87.0,26.9,21.7,24.3,0.0,99.0,2.8,6.4,11.1,1005.4,1002.6,83.0,97.0,70.0
2019-09-02,5000C,CEUTA,51,CEUTA,355319N,052049W,87.0,26.4,21.0,23.7,0.0,6.0,2.2,7.8,6.5,1007.6,1003.2,85.0,96.0,75.0
2019-09-03,5000C,CEUTA,51,CEUTA,355319N,052049W,87.0,26.8,22.9,24.8,0.0,8.0,3.9,10.3,5.7,1010.1,1007.6,86.0,98.0,74.0
2019-09-04,5000C,CEUTA,51,CEUTA,355319N,052049W,87.0,26.9,22.0,24.4,0.0,8.0,3.1,6.1,8.3,1009.7,1005.4,89.0,99.0,76.0
2019-09-05,5000C,CEUTA,51,CEUTA,355319N,052049W,87.0,26.5,20.8,23.6,0.0,9.0,2.2,6.1,5.4,1006.7,1004.5,90.0,98.0,77.0
2019-09-06,5000C,CEUTA,51,CEUTA,355319N,052049W,87.0,27.5,22.1,24.8,0.0,12.0,4.2,10.0,8.0,1007.3,1004.6,85.0,97.0,72.0
2019-09-07,5000C,CEUTA,51,CEUTA,355319N,052049W,87.0,26.1,21.9,24.0,0.0,6.0,3.6,10.0,2.1,1006.9,1004.8,86.0,96.0,76.0
2019-09-08,5000C,CEUTA,51,CEUTA,355319N,052049W,87.0,23.1,19.8,21.4,1.4,17.0,1.9,7.8,3.4,1008.1,1004.8,85.0,95.0,69.0
2019-09-09,5000C,CEUTA,51,CEUTA,355319N,052049W,87.0,26.6,19.2,22.9,0.0,30.0,2.5,11.9,11.2,1008.4,1006.1,76.0,95.0,41.0
2019-09-10,5000C,CEUTA,51,CEUTA,355319N,052049W,87.0,26.6,20.2,23.4,0.0,26.0,5.3,17.2,10.8,1006.6,1004.7,65.0,75.0,42.0
2019-09-11,5000C,CEUTA,51,CEUTA,355319N,052049W,87.0,27.4,19.7,23.6,0.0,30.0,3.6,13.3,11.0,1009.6,1004.3,42.0,67.0,29.0
2019-09-12,5000C,CEUTA,51,CEUTA,355319N,052049W,87.0,23.1,18.5,20.8,0.0,9.0,2.8,10.8,7.5,1011.5,1008.7,78.0,89.0,55.0
2019-09-13,5000C,CEUTA,51,CEUTA,355319N,052049W,87.0,23.4,18.3,20.8,0.4,14.0,2.8,7.2,2.8,1009.9,1007.3,85.0,95.0,77.0
2019-09-14,5000C,CEUTA,51,CEUTA,355319N,052049W,87.0,22.8,20.7,21.8,0.6,9.0,1.9,8.1,0.0,1008.3,1006.5,92.0,98.0,87.0
2019-09-15,5000C,CEUTA,51,CEUTA,355319N,052049W,87.0,26.6,19.2,22.9,0.0,99.0,2.8,7.2,9.1,1008.9,1006.9,84.0,99.0,60.0
2019-09-16,5000C,CEUTA,51,CEUTA,355319N,052049W,87.0,24.2,17.7,21.0,0.0,18.0,2.5,5.8,6.2,1009.6,1006.7,91.0,100.0,71.0
2019-09-17,5000C,CEUTA,51,CEUTA,355319N,052049W,87.0,25.3,20.2,22.8,0.0,14.0,2.2,6.4,2.3,1007.4,1004.2,87.0,97.0,74.0
2019-09-18,5000C,CEUTA,51,CEUTA,355319N,052049W,87.0,28.8,20.0,24.4,0.0,19.0,1.4,6.1,9.3,1006.4,1004.5,63.0,97.0,40.0
2019-09-19,5000C,CEUTA,51,CEUTA,355319N,052049W,87.0,26.6,18.5,22.6,0.0,17.0,1.7,5.6,10.8,1006.9,1004.6,66.0,91.0,49.0
2019-09-20,5000C,CEUTA,51,CEUTA,355319N,052049W,87.0,25.3,19.5,22.4,0.0,31.0,1.7,5.6,3.2,1005.8,1003.4,84.0,92.0,74.0
2019-09-21,5000C,CEUTA,51,CEUTA,355319N,052049W,87.0,25.4,19.4,22.4,0.0,30.0,1.1,7.5,4.5,1005.1,1002.9,73.0,92.0,57.0
2019-09-22,5000C,CEUTA,51,CEUTA,355319N,052049W,87.0,25.4,20.4,22.9,0.0,31.0,2.5,9.4,8.0,1008.3,1004.3,65.0,82.0,40.0
2019-09-23,5000C,CEUTA,51,CEUTA,355319N,052049W,87.0,29.4,19.3,24.4,0.0,31.0,2.8,10.0,10.8,1009.7,1007.1,46.0,77.0,23.0
2019-09-24,5000C,CEUTA,51,CEUTA,355319N,052049W,87.0,27.9,18.6,23.2,0.0,99.0,1.4,12.8,10.9,1010.4,1006.5,54.0,80.0,29.0
2019-09-25,5000C,CEUTA,51,CEUTA,355319N,052049W,87.0,30.2,22.6,26.4,0.0,26.0,2.5,12.8,10.8,1007.6,1004.6,44.0,70.0,28.0
2019-09-26,5000C,CEUTA,51,CEUTA,355319N,052049W,87.0,24.3,18.7,21.5,0.0,2.0,1.7,6.7,10.1,1009.5,1005.7,74.0,97.0,43.0
2019-09-27,5000C,CEUTA,51,CEUTA,355319N,052049W,87.0,24.1,18.6,21.4,0.0,18.0,1.7,5.3,8.5,1009.8,1007.2,80.0,97.0,71.0
2019-09-28,5000C,CEUTA,51,CEUTA,355319N,052049W,87.0,21.6,17.6,19.6,0.0,18.0,2.2,6.1,8.9,1009.8,1007.2,90.0,97.0,76.0
2019-09-29,5000C,CEUTA,51,CEUTA,355319N,052049W,87.0,24.7,18.5,21.6,0.0,18.0,2.8,5.3,7.9,1009.8,1006.7,81.0,92.0,70.0
2019-09-30,5000C,CEUTA,51,CEUTA,355319N,052049W,87.0,26.8,16.2,21.5,0.0,19.0,1.9,5.0,10.1,1007.7,1004.3,59.0,99.0,33.0
2019-10-01,5000C,CEUTA,51,CEUTA,355319N,052049W,87.0,28.5,19.8,24.2,0.0,30.0,2.8,15.3,10.4,1007.5,1003.6,43.0,72.0,29.0
2019-10-02,5000C,CEUTA,51,CEUTA,355319N,052049W,87.0,24.9,20.0,22.4,0.0,30.0,3.3,12.8,10.6,1007.7,1006.4,58.0,77.0,24.0
2019-10-03,5000C,CEUTA,51,CEUTA,355319N,052049W,87.0,28.1,18.2,23.2,0.0,30.0,2.8,11.1,10.6,1009.5,1006.9,48.0,60.0,25.0
2019-10-04,5000C,CEUTA,51,CEUTA,355319N,052049W,87.0,27.7,19.7,23.7,0.0,30.0,1.7,12.2,10.6,1007.7,1005.4,60.0,77.0,29.0
2019-10-05,5000C,CEUTA,51,CEUTA,355319N,052049W,87.0,28.2,18.7,23.4,0.0,28.0,1.9,7.8,10.5,1006.6,1004.7,62.0,78.0,43.0
2019-10-06,5000C,CEUTA,51,CEUTA,355319N,052049W,87.0,29.9,19.1,24.5,0.0,28.0,1.7,5.0,10.5,1008.6,1005.9,54.0,70.0,38.0
2019-10-07,5000C,CEUTA,51,CEUTA,355319N,052049W,87.0,29.0,19.0,24.0,0.0,17.0,1.4,3.9,10.4,1007.2,1005.0,51.0,70.0,41.0
2019-10-08,5000C,CEUTA,51,CEUTA,355319N,052049W,87.0,24.1,19.0,21.6,0.0,10.0,3.3,9.4,3.1,1009.6,1005.8,92.0,95.0,70.0
2019-10-09,5000C,CEUTA,51,CEUTA,355319N,052049W,87.0,24.3,19.1,21.7,0.0,12.0,2.2,6.7,3.9,1007.8,1005.0,90.0,97.0,75.0
2019-10-10,5000C,CEUTA,51,CEUTA,355319N,052049W,87.0,24.2,19.4,21.8,0.0,,,,3.9,,,90.0,98.0,78.0
2019-10-11,5000C,CEUTA,51,CEUTA,355319N,052049W,87.0,23.2,20.1,21.6,0.0,11.0,3.3,8.1,0.6,1010.4,1007.4,90.0,98.0,83.0
2019-10-12,5000C,CEUTA,51,CEUTA,355319N,052049W,87.0,23.4,19.4,21.4,0.0,10.0,1.9,5.8,3.1,1007.7,1005.8,89.0,98.0,78.0
2019-10-13,5000C,CEUTA,51,CEUTA,355319N,052049W,87.0,20.4,18.8,19.6,0.2,17.0,2.2,6.1,0.0,1007.2,1004.1,96.0,99.0,92.0
2019-10-14,5000C,CEUTA,51,CEUTA,355319N,052049W,87.0,23.5,17.6,20.6,4.8,28.0,3.1,11.9,4.6,1010.4,1004.3,76.0,95.0,64.0
2019-10-15,5000C,CEUTA,51,CEUTA,355319N,052049W,87.0,23.7,15.8,19.8,0.0,28.0,2.2,7.2,10.2,1012.0,1009.5,46.0,84.0,25.0
2019-10-16,5000C,CEUTA,51,CEUTA,355319N,052049W,87.0,22.1,14.7,18.4,0.0,5.0,1.7,4.7,10.2,1011.4,1008.3,52.0,69.0,34.0
2019-10-17,5000C,CEUTA,51,CEUTA,355319N,052049W,87.0,25.6,15.9,20.8,0.0,29.0,1.9,6.9,10.2,1010.7,1008.0,51.0,73.0,29.0
2019-10-18,5000C,CEUTA,51,CEUTA,355319N,052049W,87.0,27.0,16.8,21.9,0.0,31.0,2.2,10.0,10.0,1009.2,1005.2,67.0,81.0,52.0
2019-10-19,5000C,CEUTA,51,CEUTA,355319N,052049W,87.0,26.1,17.8,22.0,20.4,24.0,2.2,10.8,5.6,1005.2,999.9,68.0,92.0,55.0
2019-10-20,5000C,CEUTA,51,CEUTA,355319N,052049W,87.0,20.9,14.4,17.6,0.0,30.0,1.7,16.4,7.4,1006.8,1000.3,71.0,94.0,46.0
2019-10-21,5000C,CEUTA,51,CEUTA,355319N,052049W,87.0,20.5,14.0,17.2,0.0,5.0,1.7,5.0,9.4,1007.3,1004.5,68.0,87.0,48.0
2019-10-22,5000C,CEUTA,51,CEUTA,355319N,052049W,87.0,20.4,13.7,17.0,0.2,23.0,1.7,9.7,6.3,1004.8,999.9,58.0,72.0,49.0
2019-10-23,5000C,CEUTA,51,CEUTA,355319N,052049W,87.0,20.2,14.0,17.1,3.2,24.0,3.6,13.1,5.8,1007.6,1000.8,60.0,79.0,47.0
2019-10-24,5000C,CEUTA,51,CEUTA,355319N,052049W,87.0,21.5,15.3,18.4,0.0,26.0,2.2,10.0,9.2,1012.1,1007.5,62.0,80.0,46.0
2019-10-25,5000C,CEUTA,51,CEUTA,355319N,052049W,87.0,20.6,15.3,18.0,0.0,8.0,2.8,6.7,9.5,1013.1,1010.8,86.0,95.0,63.0
2019-10-26,5000C,CEUTA,51,CEUTA,355319N,052049W,87.0,20.5,16.2,18.4,0.0,99.0,2.2,5.3,6.9,1011.5,1009.1,87.0,95.0,77.0
2019-10-27,5000C,CEUTA,51,CEUTA,355319N,052049W,87.0,20.8,17.3,19.0,0.0,11.0,2.2,5.8,4.9,1011.8,1009.4,87.0,98.0,78.0
2019-10-28,5000C,CEUTA,51,CEUTA,355319N,052049W,87.0,20.9,16.8,18.8,0.0,14.0,1.7,4.7,5.6,1010.5,1007.4,89.0,98.0,76.0
2019-10-29,5000C,CEUTA,51,CEUTA,355319N,052049W,87.0,26.8,17.7,22.2,0.0,31.0,2.2,9.7,8.5,1010.1,1006.5,70.0,83.0,50.0
2019-10-30,5000C,CEUTA,51,CEUTA,355319N,052049W,87.0,26.8,19.9,23.4,0.0,29.0,3.3,11.4,8.2,1014.3,1009.6,57.0,72.0,42.0
2019-10-31,5000C,CEUTA,51,CEUTA,355319N,052049W,87.0,24.4,18.5,21.4,0.0,32.0,2.5,10.6,6.4,1015.7,1013.0,80.0,89.0,67.0
2019-11-01,5000C,CEUTA,51,CEUTA,355319N,052049W,87.0,23.2,19.9,21.6,0.0,31.0,5.0,16.7,9.2,1014.5,1011.1,80.0,88.0,70.0
2019-11-02,5000C,CEUTA,51,CEUTA,355319N,052049W,87.0,23.2,19.7,21.4,6.8,25.0,3.6,16.4,2.1,1011.1,1003.4,78.0,88.0,70.0
2019-11-03,5000C,CEUTA,51,CEUTA,355319N,052049W,87.0,22.1,18.6,20.4,0.2,24.0,4.2,18.3,7.3,1008.7,1002.5,75.0,90.0,57.0
2019-11-04,5000C,CEUTA,51,CEUTA,355319N,052049W,87.0,21.9,17.9,19.9,16.6,25.0,3.1,13.3,3.7,1008.6,1004.8,69.0,89.0,62.0
2019-11-05,5000C,CEUTA,51,CEUTA,355319N,052049W,87.0,19.7,14.1,16.9,0.0,33.0,4.2,16.9,7.4,1009.4,1004.0,67.0,95.0,52.0
2019-11-06,5000C,CEUTA,51,CEUTA,355319N,052049W,87.0,19.2,13.7,16.4,0.0,30.0,1.9,11.1,9.0,1009.3,1006.8,67.0,75.0,52.0
2019-11-07,5000C,CEUTA,51,CEUTA,355319N,052049W,87.0,21.7,14.7,18.2,1.8,22.0,3.1,11.9,6.6,1007.8,1003.8,68.0,89.0,54.0
2019-11-08,5000C,CEUTA,51,CEUTA,355319N,052049W,87.0,18.1,13.5,15.8,0.0,30.0,2.8,11.7,8.1,1013.0,1007.6,59.0,73.0,45.0
2019-11-09,5000C,CEUTA,51,CEUTA,355319N,052049W,87.0,18.0,12.0,15.0,0.8,25.0,1.9,13.1,8.9,1014.2,1010.9,49.0,71.0,38.0
2019-11-10,5000C,CEUTA,51,CEUTA,355319N,052049W,87.0,17.3,13.3,15.3,0.0,30.0,5.3,17.5,7.3,1011.5,1008.6,62.0,91.0,49.0
2019-11-11,5000C,CEUTA,51,CEUTA,355319N,052049W,87.0,17.6,14.0,15.8,0.0,30.0,3.6,15.8,0.2,1011.2,1005.9,78.0,84.0,69.0
2019-11-12,5000C,CEUTA,51,CEUTA,355319N,052049W,87.0,18.7,15.1,16.9,0.0,29.0,5.0,14.4,8.6,1006.9,1004.6,69.0,81.0,60.0
2019-11-13,5000C,CEUTA,51,CEUTA,355319N,052049W,87.0,20.1,15.4,17.8,0.0,26.0,2.8,13.9,4.4,1007.3,1005.3,73.0,79.0,64.0
2019-11-14,5000C,CEUTA,51,CEUTA,355319N,052049W,87.0,19.1,12.2,15.6,10.6,29.0,5.3,16.9,2.3,1005.5,999.4,69.0,92.0,54.0
2019-11-15,5000C,CEUTA,51,CEUTA,355319N,052049W,87.0,14.6,10.9,12.8,0.0,30.0,5.6,18.9,7.9,1001.5,998.5,56.0,71.0,43.0
2019-11-16,5000C,CEUTA,51,CEUTA,355319N,052049W,87.0,14.8,8.9,11.8,0.0,30.0,3.1,13.3,8.3,1010.5,1001.4,58.0,71.0,43.0
2019-11-17,5000C,CEUTA,51,CEUTA,355319N,052049W,87.0,18.5,11.0,14.8,29.4,19.0,3.1,12.8,5.5,1010.6,1005.0,67.0,88.0,56.0
2019-11-18,5000C,CEUTA,51,CEUTA,355319N,052049W,87.0,16.2,10.8,13.5,0.0,29.0,5.0,18.1,7.9,1008.3,1002.0,69.0,91.0,48.0
2019-11-19,5000C,CEUTA,51,CEUTA,355319N,052049W,87.0,18.2,12.0,15.1,0.0,29.0,1.4,7.8,6.5,1008.8,1004.8,66.0,79.0,49.0
2019-11-20,5000C,CEUTA,51,CEUTA,355319N,052049W,87.0,16.0,12.0,14.0,18.6,19.0,1.7,8.6,0.1,1004.8,1000.6,85.0,95.0,61.0
2019-11-21,5000C,CEUTA,51,CEUTA,355319N,052049W,87.0,19.8,14.1,17.0,13.8,99.0,4.2,10.6,1.6,1002.0,998.9,79.0,91.0,66.0
2019-11-22,5000C,CEUTA,51,CEUTA,355319N,052049W,87.0,19.6,15.0,17.3,26.6,31.0,6.1,21.7,1.9,998.9,991.3,80.0,92.0,69.0
2019-11-23,5000C,CEUTA,51,CEUTA,355319N,052049W,87.0,17.2,12.6,14.9,2.8,31.0,3.9,19.4,4.1,1006.5,993.7,75.0,89.0,57.0
2019-11-24,5000C,CEUTA,51,CEUTA,355319N,052049W,87.0,17.2,12.0,14.6,0.0,24.0,2.2,8.9,8.1,1009.7,1006.1,67.0,77.0,53.0
2019-11-25,5000C,CEUTA,51,CEUTA,355319N,052049W,87.0,20.9,13.9,17.4,0.0,36.0,2.2,8.9,7.5,1009.7,1007.7,71.0,84.0,62.0
2019-11-26,5000C,CEUTA,51,CEUTA,355319N,052049W,87.0,20.9,17.4,19.2,0.0,99.0,2.2,10.0,2.2,1008.3,1005.0,82.0,92.0,68.0
2019-11-27,5000C,CEUTA,51,CEUTA,355319N,052049W,87.0,18.2,15.8,17.0,1.6,25.0,2.2,11.9,0.4,1008.6,1003.9,83.0,94.0,75.0
2019-11-28,5000C,CEUTA,51,CEUTA,355319N,052049W,87.0,21.0,13.9,17.4,0.0,29.0,2.5,11.7,7.8,1010.2,1007.8,74.0,93.0,58.0
2019-11-29,5000C,CEUTA,51,CEUTA,355319N,052049W,87.0,23.3,14.7,19.0,0.0,30.0,1.9,7.8,7.9,1011.1,1009.0,60.0,79.0,45.0
2019-11-30,5000C,CEUTA,51,CEUTA,355319N,052049W,87.0,21.3,13.9,17.6,2.6,21.0,2.2,8.3,8.2,1012.1,1008.3,72.0,88.0,50.0
2019-12-01,5000C,CEUTA,51,CEUTA,355319N,052049W,87.0,17.9,13.3,15.6,8.4,28.0,3.1,12.5,2.1,1008.3,999.6,85.0,95.0,68.0
2019-12-02,5000C,CEUTA,51,CEUTA,355319N,052049W,87.0,16.6,11.4,14.0,31.2,8.0,2.8,9.4,1.8,1000.3,997.4,91.0,98.0,69.0
2019-12-03,5000C,CEUTA,51,CEUTA,355319N,052049W,87.0,15.6,12.1,13.8,0.2,6.0,1.7,10.0,0.5,1001.2,998.1,88.0,98.0,72.0
2019-12-04,5000C,CEUTA,51,CEUTA,355319N,052049W,87.0,16.9,12.8,14.8,5.0,24.0,2.2,11.4,4.1,1001.2,998.5,73.0,90.0,57.0
2019-12-05,5000C,CEUTA,51,CEUTA,355319N,052049W,87.0,15.4,11.2,13.3,0.8,9.0,2.8,12.2,0.6,1005.9,1000.5,86.0,95.0,76.0
2019-12-06,5000C,CEUTA,51,CEUTA,355319N,052049W,87.0,17.4,15.1,16.2,0.0,8.0,4.7,12.2,2.2,1010.7,1005.3,87.0,90.0,82.0
2019-12-07,5000C,CEUTA,51,CEUTA,355319N,052049W,87.0,17.5,13.4,15.4,0.0,11.0,2.8,8.9,2.7,1015.3,1010.2,88.0,95.0,80.0
2019-12-08,5000C,CEUTA,51,CEUTA,355319N,052049W,87.0,19.9,12.6,16.2,0.0,29.0,2.5,10.3,7.5,1016.7,1014.5,74.0,98.0,54.0
2019-12-09,5000C,CEUTA,51,CEUTA,355319N,052049W,87.0,20.2,15.0,17.6,0.0,30.0,3.3,13.9,5.0,1018.5,1015.7,78.0,85.0,62.0
2019-12-10,5000C,CEUTA,51,CEUTA,355319N,052049W,87.0,20.0,13.2,16.6,0.0,27.0,1.1,5.3,7.6,1017.3,1014.3,74.0,86.0,53.0
2019-12-11,5000C,CEUTA,51,CEUTA,355319N,052049W,87.0,18.9,13.5,16.2,0.0,30.0,3.9,15.0,7.8,1016.9,1013.2,71.0,81.0,52.0
2019-12-12,5000C,CEUTA,51,CEUTA,355319N,052049W,87.0,15.8,12.3,14.0,1.6,28.0,3.6,14.4,5.6,1018.2,1014.2,62.0,72.0,47.0
2019-12-13,5000C,CEUTA,51,CEUTA,355319N,052049W,87.0,17.9,14.2,16.0,1.2,26.0,3.3,14.2,2.4,1015.2,1012.5,80.0,91.0,72.0
2019-12-14,5000C,CEUTA,51,CEUTA,355319N,052049W,87.0,17.8,13.6,15.7,0.0,32.0,2.5,13.1,6.7,1012.6,1008.7,67.0,83.0,58.0
2019-12-15,5000C,CEUTA,51,CEUTA,355319N,052049W,87.0,17.9,13.6,15.8,0.0,32.0,3.1,12.5,6.5,1008.7,1000.9,76.0,87.0,64.0
2019-12-16,5000C,CEUTA,51,CEUTA,355319N,052049W,87.0,17.3,13.2,15.2,1.4,23.0,2.5,14.2,2.8,1001.0,990.1,77.0,92.0,52.0
2019-12-17,5000C,CEUTA,51,CEUTA,355319N,052049W,87.0,15.2,11.0,13.1,0.0,30.0,2.8,14.2,6.3,1008.3,990.2,71.0,88.0,54.0
2019-12-18,5000C,CEUTA,51,CEUTA,355319N,052049W,87.0,19.3,11.9,15.6,0.0,23.0,1.7,7.2,5.1,1011.2,1007.9,67.0,84.0,48.0
2019-12-19,5000C,CEUTA,51,CEUTA,355319N,052049W,87.0,19.9,13.3,16.6,1.4,19.0,3.9,15.8,1.9,1009.7,1003.8,69.0,89.0,57.0
2019-12-20,5000C,CEUTA,51,CEUTA,355319N,052049W,87.0,19.5,17.6,18.6,7.8,25.0,5.6,19.2,0.0,1003.8,1001.0,85.0,90.0,77.0
2019-12-21,5000C,CEUTA,51,CEUTA,355319N,052049W,87.0,19.9,17.8,18.8,15.4,99.0,4.2,16.7,0.8,1011.8,1003.1,82.0,93.0,74.0
2019-12-22,5000C,CEUTA,51,CEUTA,355319N,052049W,87.0,19.7,14.9,17.3,1.0,32.0,3.3,13.3,4.6,1017.5,1011.1,81.0,97.0,66.0
2019-12-23,5000C,CEUTA,51,CEUTA,355319N,052049W,87.0,21.4,14.0,17.7,0.0,16.0,1.7,4.2,7.6,1017.4,1014.6,64.0,95.0,35.0
2019-12-24,5000C,CEUTA,51,CEUTA,355319N,052049W,87.0,17.4,13.6,15.5,0.0,7.0,2.2,6.1,4.6,1017.4,1014.8,89.0,97.0,80.0
2019-12-25,5000C,CEUTA,51,CEUTA,355319N,052049W,87.0,20.1,13.7,16.9,0.0,22.0,1.9,5.0,7.4,1015.5,1013.2,62.0,94.0,45.0
2019-12-26,5000C,CEUTA,51,CEUTA,355319N,052049W,87.0,18.4,13.3,15.8,0.0,19.0,1.9,5.0,6.8,1015.7,1012.7,78.0,97.0,57.0
2019-12-27,5000C,CEUTA,51,CEUTA,355319N,052049W,87.0,15.9,13.5,14.7,0.0,9.0,4.2,10.0,0.5,1018.1,1015.4,84.0,97.0,79.0
2019-12-28,5000C,CEUTA,51,CEUTA,355319N,052049W,87.0,15.8,14.5,15.2,0.0,13.0,4.7,9.7,0.4,1019.1,1016.2,79.0,83.0,74.0
2019-12-29,5000C,CEUTA,51,CEUTA,355319N,052049W,87.0,16.0,14.1,15.0,0.0,10.0,5.0,11.7,0.9,1021.0,1017.8,76.0,85.0,65.0
2019-12-30,5000C,CEUTA,51,CEUTA,355319N,052049W,87.0,16.4,13.7,15.0,0.0,12.0,4.7,11.1,3.8,1021.8,1018.7,73.0,81.0,62.0
2019-12-31,5000C,CEUTA,51,CEUTA,355319N,052049W,87.0,16.5,13.9,15.2,0.0,11.0,4.2,10.3,3.0,1022.0,1019.1,76.0,81.0,68.0
2020-01-01,5000C,CEUTA,51,CEUTA,355319N,052049W,87.0,16.3,12.3,14.3,0.0,13.0,2.5,7.2,3.5,1022.3,1020.0,73.0,87.0,66.0
2020-01-02,5000C,CEUTA,51,CEUTA,355319N,052049W,87.0,15.9,12.3,14.1,0.0,7.0,2.2,6.4,0.4,1022.4,1019.8,79.0,86.0,66.0
2020-01-03,5000C,CEUTA,51,CEUTA,355319N,052049W,87.0,17.1,11.1,14.1,0.0,34.0,1.4,8.3,6.2,1022.6,1019.9,76.0,84.0,62.0
2020-01-04,5000C,CEUTA,51,CEUTA,355319N,052049W,87.0,14.7,10.7,12.7,0.0,8.0,1.9,8.3,3.3,1021.4,1018.8,77.0,83.0,67.0
2020-01-05,5000C,CEUTA,51,CEUTA,355319N,052049W,87.0,15.3,13.9,14.6,0.0,9.0,3.9,9.4,0.0,1019.3,1016.3,75.0,83.0,62.0
2020-01-06,5000C,CEUTA,51,CEUTA,355319N,052049W,87.0,15.2,13.2,14.2,0.0,7.0,3.3,8.1,0.0,1019.6,1016.3,73.0,81.0,62.0
2020-01-07,5000C,CEUTA,51,CEUTA,355319N,052049W,87.0,16.2,13.0,14.6,0.0,11.0,3.6,7.5,4.0,1021.2,1018.7,73.0,84.0,65.0
2020-01-08,5000C,CEUTA,51,CEUTA,355319N,052049W,87.0,16.7,11.5,14.1,0.0,99.0,1.7,5.3,7.5,1019.0,1016.8,84.0,92.0,74.0
2020-01-09,5000C,CEUTA,51,CEUTA,355319N,052049W,87.0,16.7,11.8,14.2,0.0,32.0,2.5,6.7,4.5,1018.7,1016.1,74.0,81.0,58.0
2020-01-10,5000C,CEUTA,51,CEUTA,355319N,052049W,87.0,15.8,11.9,13.8,0.0,30.0,2.8,10.8,3.0,1016.5,1013.6,76.0,87.0,63.0
2020-01-11,5000C,CEUTA,51,CEUTA,355319N,052049W,87.0,16.3,11.7,14.0,0.6,13.0,3.9,10.0,3.1,1020.2,1015.4,78.0,90.0,60.0
2020-01-12,5000C,CEUTA,51,CEUTA,355319N,052049W,87.0,16.6,13.1,14.8,0.0,11.0,3.3,7.8,7.5,1020.7,1017.9,74.0,85.0,65.0
2020-01-13,5000C,CEUTA,51,CEUTA,355319N,052049W,87.0,16.6,10.8,13.7,0.0,6.0,2.2,6.7,7.1,1018.4,1014.2,78.0,92.0,63.0
2020-01-14,5000C,CEUTA,51,CEUTA,355319N,052049W,87.0,17.4,10.7,14.0,0.0,27.0,2.8,9.4,7.3,1015.0,1012.7,72.0,95.0,52.0
2020-01-15,5000C,CEUTA,51,CEUTA,355319N,052049W,87.0,17.2,11.6,14.4,0.0,6.0,1.7,4.2,7.6,1017.6,1013.9,72.0,82.0,41.0
2020-01-16,5000C,CEUTA,51,CEUTA,355319N,052049W,87.0,17.6,11.6,14.6,0.0,35.0,1.4,4.7,5.9,1020.4,1016.5,86.0,98.0,59.0
2020-01-17,5000C,CEUTA,51,CEUTA,355319N,052049W,87.0,19.8,12.5,16.2,0.0,30.0,1.4,5.8,6.8,1022.8,1019.5,57.0,82.0,40.0
2020-01-18,5000C,CEUTA,51,CEUTA,355319N,052049W,87.0,18.6,13.1,15.8,12.8,26.0,2.2,14.2,0.7,1021.9,1013.6,70.0,93.0,60.0
2020-01-19,5000C,CEUTA,51,CEUTA,355319N,052049W,87.0,16.5,10.3,13.4,11.2,29.0,4.2,19.2,6.3,1013.6,1004.2,69.0,92.0,60.0
2020-01-20,5000C,CEUTA,51,CEUTA,355319N,052049W,87.0,12.4,9.8,11.1,12.6,8.0,4.4,13.1,0.7,1004.2,1001.8,79.0,93.0,70.0
2020-01-21,5000C,CEUTA,51,CEUTA,355319N,052049W,87.0,15.3,9.4,12.4,0.6,7.0,1.9,11.4,4.8,1003.7,1000.6,79.0,96.0,66.0
2020-01-22,5000C,CEUTA,51,CEUTA,355319N,052049W,87.0,12.7,10.4,11.6,6.2,36.0,1.4,5.3,0.8,1006.6,1003.0,88.0,94.0,78.0
2020-01-23,5000C,CEUTA,51,CEUTA,355319N,052049W,87.0,16.4,10.6,13.5,6.6,22.0,1.9,6.9,2.3,1008.9,1005.1,74.0,91.0,62.0
2020-01-24,5000C,CEUTA,51,CEUTA,355319N,052049W,87.0,15.5,11.4,13.4,7.0,16.0,1.9,6.7,0.1,1010.0,1006.9,86.0,94.0,76.0
2020-01-25,5000C,CEUTA,51,CEUTA,355319N,052049W,87.0,14.6,12.0,13.3,14.4,20.0,2.5,9.7,0.7,1011.0,1005.2,74.0,90.0,65.0
2020-01-26,5000C,CEUTA,51,CEUTA,355319N,052049W,87.0,16.9,11.8,14.4,0.0,30.0,1.7,7.8,8.0,1016.5,1011.0,76.0,95.0,57.0
2020-01-27,5000C,CEUTA,51,CEUTA,355319N,052049W,87.0,18.1,11.4,14.8,0.0,29.0,1.7,8.3,8.4,1017.0,1014.6,64.0,76.0,47.0
2020-01-28,5000C,CEUTA,51,CEUTA,355319N,052049W,87.0,19.3,13.4,16.4,0.0,31.0,2.5,10.6,8.5,1016.6,1013.7,72.0,83.0,58.0
2020-01-29,5000C,CEUTA,51,CEUTA,355319N,052049W,87.0,20.3,12.9,16.6,0.0,27.0,1.7,6.9,8.5,1015.6,1012.9,58.0,82.0,41.0
2020-01-30,5000C,CEUTA,51,CEUTA,355319N,052049W,87.0,21.8,13.3,17.6,0.0,30.0,2.5,9.7,8.5,1016.7,1014.2,57.0,77.0,41.0
2020-01-31,5000C,CEUTA,51,CEUTA,355319N,052049W,87.0,21.5,13.1,17.3,0.0,28.0,1.9,10.0,8.3,1016.4,1013.4,42.0,54.0,28.0
2020-02-01,5000C,CEUTA,51,CEUTA,355319N,052049W,87.0,22.8,14.5,18.6,0.0,29.0,2.2,9.2,8.2,1016.8,1014.1,65.0,77.0,33.0
2020-02-02,5000C,CEUTA,51,CEUTA,355319N,052049W,87.0,17.0,14.2,15.6,0.0,19.0,2.2,4.7,4.0,1019.4,1016.2,92.0,99.0,65.0
2020-02-03,5000C,CEUTA,51,CEUTA,355319N,052049W,87.0,19.6,13.2,16.4,0.0,22.0,1.9,5.0,7.9,1019.8,1017.4,78.0,100.0,60.0
2020-02-04,5000C,CEUTA,51,CEUTA,355319N,052049W,87.0,21.0,12.1,16.6,0.4,19.0,1.7,5.8,9.0,1018.6,1013.5,83.0,100.0,63.0
2020-02-05,5000C,CEUTA,51,CEUTA,355319N,052049W,87.0,15.3,11.1,13.2,0.0,9.0,3.9,11.4,0.1,1016.8,1012.9,91.0,100.0,79.0
2020-02-06,5000C,CEUTA,51,CEUTA,355319N,052049W,87.0,14.8,13.3,14.0,0.0,8.0,5.6,11.9,0.0,1015.0,1012.5,84.0,88.0,75.0
2020-02-07,5000C,CEUTA,51,CEUTA,355319N,052049W,87.0,16.0,13.4,14.7,0.0,10.0,2.2,6.1,0.9,1015.6,1012.6,86.0,93.0,82.0
2020-02-08,5000C,CEUTA,51,CEUTA,355319N,052049W,87.0,19.3,14.1,16.7,0.0,30.0,1.9,7.8,7.5,1017.9,1014.6,75.0,89.0,62.0
2020-02-09,5000C,CEUTA,51,CEUTA,355319N,052049W,87.0,18.8,12.9,15.8,0.0,14.0,1.7,4.2,9.1,1022.1,1016.6,81.0,94.0,65.0
2020-02-10,5000C,CEUTA,51,CEUTA,355319N,052049W,87.0,17.4,13.2,15.3,0.0,8.0,1.9,5.0,7.1,1023.3,1019.3,84.0,96.0,75.0
2020-02-11,5000C,CEUTA,51,CEUTA,355319N,052049W,87.0,21.5,11.9,16.7,0.0,31.0,1.7,7.5,9.1,1019.4,1014.1,71.0,96.0,54.0
2020-02-12,5000C,CEUTA,51,CEUTA,355319N,052049W,87.0,20.8,14.2,17.5,0.0,28.0,2.2,11.1,9.3,1014.6,1012.2,72.0,83.0,56.0
2020-02-13,5000C,CEUTA,51,CEUTA,355319N,052049W,87.0,19.4,14.0,16.7,0.0,29.0,1.9,8.1,4.6,1015.7,1013.3,75.0,84.0,62.0
2020-02-14,5000C,CEUTA,51,CEUTA,355319N,052049W,87.0,18.2,12.8,15.5,0.0,9.0,2.2,4.4,9.3,1015.4,1012.9,84.0,96.0,71.0
2020-02-15,5000C,CEUTA,51,CEUTA,355319N,052049W,87.0,16.2,13.1,14.6,0.0,17.0,2.2,6.1,1.4,1017.8,1013.8,85.0,97.0,78.0
2020-02-16,5000C,CEUTA,51,CEUTA,355319N,052049W,87.0,16.8,12.8,14.8,0.0,18.0,2.2,5.8,3.8,1018.9,1016.5,83.0,95.0,75.0
2020-02-17,5000C,CEUTA,51,CEUTA,355319N,052049W,87.0,21.7,12.7,17.2,0.0,29.0,3.6,12.8,9.5,1018.2,1015.0,70.0,97.0,46.0
2020-02-18,5000C,CEUTA,51,CEUTA,355319N,052049W,87.0,17.5,14.8,16.2,0.0,28.0,1.9,8.3,2.1,1019.1,1015.0,89.0,93.0,71.0
2020-02-19,5000C,CEUTA,51,CEUTA,355319N,052049W,87.0,17.3,14.5,15.9,0.0,9.0,5.6,14.4,2.8,1018.9,1015.4,84.0,90.0,76.0
2020-02-20,5000C,CEUTA,51,CEUTA,355319N,052049W,87.0,15.5,14.4,15.0,0.0,10.0,4.7,12.8,0.7,1015.5,1012.1,83.0,88.0,80.0
2020-02-21,5000C,CEUTA,51,CEUTA,355319N,052049W,87.0,16.8,14.1,15.4,0.0,7.0,5.0,11.7,2.2,1019.1,1014.3,83.0,87.0,74.0
2020-02-22,5000C,CEUTA,51,CEUTA,355319N,052049W,87.0,17.3,13.9,15.6,0.0,99.0,6.1,11.7,6.8,1021.3,1018.5,82.0,88.0,73.0
2020-02-23,5000C,CEUTA,51,CEUTA,355319N,052049W,87.0,17.2,14.1,15.6,0.0,10.0,4.7,10.3,8.8,1022.5,1019.7,80.0,87.0,70.0
2020-02-24,5000C,CEUTA,51,CEUTA,355319N,052049W,87.0,17.6,13.5,15.6,0.0,28.0,2.2,8.3,7.1,1019.8,1013.8,77.0,90.0,50.0
2020-02-25,5000C,CEUTA,51,CEUTA,355319N,052049W,87.0,20.7,14.6,17.6,0.0,31.0,4.2,14.4,9.6,1015.5,1011.9,66.0,79.0,50.0
2020-02-26,5000C,CEUTA,51,CEUTA,355319N,052049W,87.0,18.2,14.3,16.2,0.0,25.0,3.3,13.9,7.5,1013.5,1010.4,70.0,82.0,56.0
2020-02-27,5000C,CEUTA,51,CEUTA,355319N,052049W,87.0,23.5,14.1,18.8,0.0,28.0,1.4,11.9,10.2,1013.0,1010.5,46.0,78.0,27.0
2020-02-28,5000C,CEUTA,51,CEUTA,355319N,052049W,87.0,18.9,11.9,15.4,0.0,9.0,1.7,4.7,10.3,1011.8,1008.9,81.0,89.0,53.0
2020-02-29,5000C,CEUTA,51,CEUTA,355319N,052049W,87.0,19.2,13.4,16.3,0.0,27.0,3.3,13.3,7.2,1010.6,1007.9,69.0,75.0,55.0
2020-03-01,5000C,CEUTA,51,CEUTA,355319N,052049W,87.0,20.4,15.4,17.9,0.0,24.0,2.5,12.2,8.0,1011.7,1007.9,74.0,84.0,63.0
2020-03-02,5000C,CEUTA,51,CEUTA,355319N,052049W,87.0,19.9,15.2,17.6,0.2,24.0,5.8,20.0,5.4,1013.7,1006.0,75.0,82.0,67.0
2020-03-03,5000C,CEUTA,51,CEUTA,355319N,052049W,87.0,19.0,13.9,16.4,0.0,24.0,3.1,13.9,8.8,1015.4,1011.9,68.0,82.0,56.0
2020-03-04,5000C,CEUTA,51,CEUTA,355319N,052049W,87.0,21.3,14.9,18.1,0.0,33.0,1.9,12.5,10.4,1014.8,1009.7,67.0,82.0,52.0
2020-03-05,5000C,CEUTA,51,CEUTA,355319N,052049W,87.0,19.5,14.3,16.9,0.4,24.0,3.3,15.8,3.3,1011.6,1007.5,74.0,89.0,61.0
2020-03-06,5000C,CEUTA,51,CEUTA,355319N,052049W,87.0,17.5,11.6,14.6,0.0,24.0,4.7,14.7,8.8,1014.6,1011.4,66.0,72.0,48.0
2020-03-07,5000C,CEUTA,51,CEUTA,355319N,052049W,87.0,18.9,11.2,15.0,0.0,32.0,1.7,8.1,10.6,1015.2,1012.7,52.0,76.0,41.0
2020-03-08,5000C,CEUTA,51,CEUTA,355319N,052049W,87.0,18.4,12.6,15.5,0.0,99.0,1.9,5.6,9.5,1016.6,1014.0,80.0,94.0,43.0
2020-03-09,5000C,CEUTA,51,CEUTA,355319N,052049W,87.0,25.9,15.9,20.9,0.0,29.0,4.2,14.7,10.7,1015.0,1012.1,35.0,47.0,16.0
2020-03-10,5000C,CEUTA,51,CEUTA,355319N,052049W,87.0,20.6,15.3,18.0,0.0,99.0,1.4,6.9,9.1,1016.2,1011.6,74.0,87.0,33.0
2020-03-11,5000C,CEUTA,51,CEUTA,355319N,052049W,87.0,20.6,14.8,17.7,0.0,10.0,2.2,8.1,10.7,1014.4,1009.9,74.0,93.0,51.0
2020-03-12,5000C,CEUTA,51,CEUTA,355319N,052049W,87.0,24.3,15.1,19.7,0.0,99.0,1.7,5.0,10.1,1010.4,1006.6,55.0,78.0,35.0
2020-03-13,5000C,CEUTA,51,CEUTA,355319N,052049W,87.0,22.2,14.8,18.5,0.0,32.0,2.5,9.7,8.6,1008.7,1005.4,64.0,86.0,47.0
2020-03-14,5000C,CEUTA,51,CEUTA,355319N,052049W,87.0,19.1,14.4,16.8,1.4,34.0,3.1,6.1,1.1,1010.1,1007.4,82.0,96.0,68.0
2020-03-15,5000C,CEUTA,51,CEUTA,355319N,052049W,87.0,17.6,14.3,16.0,2.8,10.0,3.1,6.4,1.9,1008.1,1004.1,91.0,95.0,78.0
2020-03-16,5000C,CEUTA,51,CEUTA,355319N,052049W,87.0,16.4,10.7,13.6,6.0,25.0,4.4,13.9,7.7,1007.4,1002.4,55.0,87.0,38.0
2020-03-17,5000C,CEUTA,51,CEUTA,355319N,052049W,87.0,16.1,10.3,13.2,4.8,12.0,4.2,14.7,4.3,1008.8,1005.4,70.0,95.0,52.0
2020-03-18,5000C,CEUTA,51,CEUTA,355319N,052049W,87.0,16.7,15.0,15.8,0.0,9.0,7.2,16.4,1.0,1009.9,1007.0,89.0,97.0,83.0
2020-03-19,5000C,CEUTA,51,CEUTA,355319N,052049W,87.0,15.8,15.0,15.4,0.0,8.0,6.4,13.9,0.0,1009.6,1004.8,87.0,91.0,84.0
2020-03-20,5000C,CEUTA,51,CEUTA,355319N,052049W,87.0,15.7,12.8,14.2,17.0,10.0,4.4,11.4,0.0,1005.5,1002.9,89.0,98.0,84.0
2020-03-21,5000C,CEUTA,51,CEUTA,355319N,052049W,87.0,17.8,10.8,14.3,24.2,26.0,3.6,12.2,5.0,1004.3,1001.1,69.0,95.0,50.0
2020-03-22,5000C,CEUTA,51,CEUTA,355319N,052049W,87.0,14.2,10.6,12.4,2.2,32.0,1.4,5.8,0.5,1002.6,999.5,92.0,100.0,86.0
2020-03-23,5000C,CEUTA,51,CEUTA,355319N,052049W,87.0,14.7,11.7,13.2,21.6,5.0,4.4,10.0,1.1,1002.2,999.0,90.0,97.0,79.0
2020-03-24,5000C,CEUTA,51,CEUTA,355319N,052049W,87.0,14.7,12.0,13.4,34.2,31.0,1.4,12.8,0.0,1004.4,996.9,95.0,98.0,84.0
2020-03-25,5000C,CEUTA,51,CEUTA,355319N,052049W,87.0,15.9,11.8,13.8,0.0,12.0,3.6,8.9,1.8,1007.3,1003.8,75.0,90.0,68.0
2020-03-26,5000C,CEUTA,51,CEUTA,355319N,052049W,87.0,19.2,10.8,15.0,0.0,28.0,2.8,11.7,10.2,1005.3,1000.4,78.0,94.0,63.0
2020-03-27,5000C,CEUTA,51,CEUTA,355319N,052049W,87.0,18.9,12.4,15.6,0.0,33.0,2.8,9.2,10.2,1003.0,998.9,73.0,88.0,61.0
2020-03-28,5000C,CEUTA,51,CEUTA,355319N,052049W,87.0,18.6,11.4,15.0,0.0,10.0,2.8,9.4,4.7,1009.4,1002.5,83.0,96.0,58.0
2020-03-29,5000C,CEUTA,51,CEUTA,355319N,052049W,87.0,17.6,13.6,15.6,0.0,9.0,2.8,6.9,6.2,1009.4,1005.7,78.0,89.0,69.0
2020-03-30,5000C,CEUTA,51,CEUTA,355319N,052049W,87.0,18.8,12.6,15.7,20.0,31.0,2.2,6.1,6.7,1005.7,996.5,75.0,94.0,59.0
2020-03-31,5000C,CEUTA,51,CEUTA,355319N,052049W,87.0,19.3,12.8,16.0,10.6,22.0,2.5,12.2,5.3,1001.4,994.2,84.0,98.0,62.0
2020-04-01,5000C,CEUTA,51,CEUTA,355319N,052049W,87.0,17.9,12.3,15.1,9.4,29.0,2.8,12.5,5.7,1004.3,1000.7,75.0,94.0,54.0
2020-04-02,5000C,CEUTA,51,CEUTA,355319N,052049W,87.0,15.5,11.5,13.5,6.0,26.0,4.2,14.7,8.3,1006.0,999.9,71.0,90.0,59.0
2020-04-03,5000C,CEUTA,51,CEUTA,355319N,052049W,87.0,18.3,13.3,15.8,0.0,10.0,3.3,12.2,11.2,1006.4,1003.8,68.0,85.0,54.0
2020-04-04,5000C,CEUTA,51,CEUTA,355319N,052049W,87.0,16.3,14.7,15.5,0.4,11.0,5.6,10.8,0.0,1007.6,1003.2,86.0,92.0,80.0
2020-04-05,5000C,CEUTA,51,CEUTA,355319N,052049W,87.0,17.4,15.1,16.2,0.0,99.0,4.2,8.9,0.5,1010.7,1006.4,88.0,94.0,83.0
2020-04-06,5000C,CEUTA,51,CEUTA,355319N,052049W,87.0,17.9,15.0,16.4,0.0,10.0,2.5,5.8,0.5,1013.4,1009.5,86.0,95.0,80.0
2020-04-07,5000C,CEUTA,51,CEUTA,355319N,052049W,87.0,18.4,15.1,16.8,0.0,9.0,3.9,7.8,1.9,1014.5,1012.6,86.0,95.0,77.0
2020-04-08,5000C,CEUTA,51,CEUTA,355319N,052049W,87.0,18.3,14.9,16.6,0.0,8.0,5.0,10.0,2.8,1013.8,1010.3,83.0,91.0,76.0
2020-04-09,5000C,CEUTA,51,CEUTA,355319N,052049W,87.0,16.1,15.0,15.6,0.2,7.0,3.6,7.5,0.0,1011.1,1008.4,91.0,96.0,90.0
2020-04-10,5000C,CEUTA,51,CEUTA,355319N,052049W,87.0,18.4,14.5,16.4,0.0,10.0,3.9,8.3,7.8,1011.7,1009.8,88.0,97.0,78.0
2020-04-11,5000C,CEUTA,51,CEUTA,355319N,052049W,87.0,18.0,14.8,16.4,0.0,10.0,4.7,10.3,3.3,1010.9,1007.2,86.0,92.0,76.0
2020-04-12,5000C,CEUTA,51,CEUTA,355319N,052049W,87.0,15.8,13.6,14.7,7.4,10.0,4.4,10.0,0.0,1007.7,1001.7,94.0,100.0,86.0
2020-04-13,5000C,CEUTA,51,CEUTA,355319N,052049W,87.0,19.0,14.0,16.5,0.2,28.0,1.4,8.1,3.5,1001.7,998.2,86.0,100.0,67.0
2020-04-14,5000C,CEUTA,51,CEUTA,355319N,052049W,87.0,18.7,14.3,16.5,4.8,14.0,2.2,6.1,7.9,1001.7,999.7,84.0,95.0,73.0
2020-04-15,5000C,CEUTA,51,CEUTA,355319N,052049W,87.0,19.1,13.9,16.5,0.6,16.0,1.7,5.3,4.8,1007.2,1000.2,92.0,98.0,78.0
2020-04-16,5000C,CEUTA,51,CEUTA,355319N,052049W,87.0,18.7,15.8,17.2,0.0,7.0,3.6,8.3,1.3,1007.4,1005.6,91.0,97.0,82.0
2020-04-17,5000C,CEUTA,51,CEUTA,355319N,052049W,87.0,18.0,15.2,16.6,0.0,10.0,1.7,4.2,2.2,1007.2,1004.4,91.0,96.0,83.0
2020-04-18,5000C,CEUTA,51,CEUTA,355319N,052049W,87.0,19.9,15.6,17.8,0.0,21.0,3.1,5.8,8.4,1005.5,1001.2,87.0,96.0,79.0
2020-04-19,5000C,CEUTA,51,CEUTA,355319N,052049W,87.0,21.2,15.7,18.4,0.0,26.0,3.6,13.1,10.0,1005.1,1000.3,72.0,94.0,56.0
2020-04-20,5000C,CEUTA,51,CEUTA,355319N,052049W,87.0,20.3,12.2,16.2,26.2,28.0,4.2,16.1,4.4,1005.6,1000.8,65.0,86.0,52.0
2020-04-21,5000C,CEUTA,51,CEUTA,355319N,052049W,87.0,16.7,12.3,14.5,11.2,25.0,3.6,17.2,4.3,1006.4,999.8,77.0,92.0,71.0
2020-04-22,5000C,CEUTA,51,CEUTA,355319N,052049W,87.0,20.0,14.5,17.2,0.0,30.0,1.9,11.4,11.9,1006.3,1004.3,67.0,83.0,56.0
2020-04-23,5000C,CEUTA,51,CEUTA,355319N,052049W,87.0,18.8,15.0,16.9,0.0,7.0,5.0,11.1,4.9,1007.5,1004.7,86.0,94.0,74.0
2020-04-24,5000C,CEUTA,51,CEUTA,355319N,052049W,87.0,17.0,15.8,16.4,1.0,6.0,4.7,11.1,0.0,1005.5,1000.2,88.0,95.0,85.0
2020-04-25,5000C,CEUTA,51,CEUTA,355319N,052049W,87.0,18.3,14.8,16.6,1.2,24.0,3.1,13.9,2.0,1005.1,999.4,86.0,100.0,74.0
2020-04-26,5000C,CEUTA,51,CEUTA,355319N,052049W,87.0,20.3,14.4,17.4,0.0,23.0,2.8,12.2,7.8,1005.9,1003.7,72.0,84.0,58.0
2020-04-27,5000C,CEUTA,51,CEUTA,355319N,052049W,87.0,22.2,13.6,17.9,0.0,25.0,2.5,9.4,7.7,1007.0,1004.1,67.0,84.0,50.0
2020-04-28,5000C,CEUTA,51,CEUTA,355319N,052049W,87.0,21.0,14.0,17.5,0.0,29.0,2.2,10.8,6.6,1009.9,1005.3,74.0,85.0,57.0
2020-04-29,5000C,CEUTA,51,CEUTA,355319N,052049W,87.0,21.7,14.1,17.9,0.0,29.0,2.8,10.0,12.3,1012.0,1008.5,63.0,78.0,51.0
2020-04-30,5000C,CEUTA,51,CEUTA,355319N,052049W,87.0,22.6,15.2,18.9,0.0,31.0,2.2,12.5,11.8,1012.2,1009.7,66.0,82.0,56.0
2020-05-01,5000C,CEUTA,51,CEUTA,355319N,052049W,87.0,27.8,16.6,22.2,0.0,30.0,2.8,13.6,12.5,1011.7,1009.9,53.0,79.0,43.0
2020-05-02,5000C,CEUTA,51,CEUTA,355319N,052049W,87.0,27.1,17.8,22.4,0.0,17.0,1.7,4.7,12.5,1010.8,1007.6,53.0,87.0,45.0
2020-05-03,5000C,CEUTA,51,CEUTA,355319N,052049W,87.0,24.3,16.9,20.6,0.0,17.0,2.2,5.6,12.5,1007.6,1004.2,65.0,96.0,46.0
2020-05-04,5000C,CEUTA,51,CEUTA,355319N,052049W,87.0,26.4,18.6,22.5,0.0,28.0,3.1,13.3,11.7,1005.9,1002.5,67.0,86.0,46.0
2020-05-05,5000C,CEUTA,51,CEUTA,355319N,052049W,87.0,26.6,17.5,22.0,0.0,28.0,3.3,14.7,12.2,1007.4,1003.8,46.0,74.0,30.0
2020-05-06,5000C,CEUTA,51,CEUTA,355319N,052049W,87.0,28.3,18.7,23.5,0.0,31.0,2.5,14.4,11.8,1006.3,1003.3,44.0,90.0,26.0
2020-05-07,5000C,CEUTA,51,CEUTA,355319N,052049W,87.0,21.8,18.0,19.9,0.0,10.0,3.9,8.6,6.8,1006.3,1002.9,86.0,95.0,73.0
2020-05-08,5000C,CEUTA,51,CEUTA,355319N,052049W,87.0,22.5,16.8,19.6,0.0,6.0,2.5,6.1,11.4,1006.2,1004.0,77.0,94.0,68.0
2020-05-09,5000C,CEUTA,51,CEUTA,355319N,052049W,87.0,22.6,16.2,19.4,2.0,29.0,3.3,12.2,9.1,1006.0,1002.2,65.0,86.0,52.0
2020-05-10,5000C,CEUTA,51,CEUTA,355319N,052049W,87.0,20.7,15.9,18.3,4.6,28.0,3.3,13.9,5.3,1004.8,1001.3,74.0,86.0,65.0
2020-05-11,5000C,CEUTA,51,CEUTA,355319N,052049W,87.0,24.8,16.1,20.4,25.2,31.0,4.2,11.9,9.1,1003.9,1001.1,60.0,79.0,45.0
2020-05-12,5000C,CEUTA,51,CEUTA,355319N,052049W,87.0,19.9,13.5,16.7,2.2,25.0,1.7,8.3,3.0,1001.8,999.1,85.0,96.0,60.0
2020-05-13,5000C,CEUTA,51,CEUTA,355319N,052049W,87.0,20.7,12.5,16.6,27.6,26.0,2.5,11.4,5.5,1000.6,995.6,78.0,91.0,51.0
2020-05-14,5000C,CEUTA,51,CEUTA,355319N,052049W,87.0,21.1,12.4,16.8,1.6,22.0,3.3,13.3,6.6,1000.8,997.1,72.0,90.0,45.0
2020-05-15,5000C,CEUTA,51,CEUTA,355319N,052049W,87.0,19.1,14.7,16.9,0.8,22.0,1.1,5.3,2.9,1004.5,999.3,76.0,89.0,67.0
2020-05-16,5000C,CEUTA,51,CEUTA,355319N,052049W,87.0,22.2,14.5,18.4,0.0,31.0,1.9,8.3,11.7,1010.0,1003.0,61.0,88.0,46.0
2020-05-17,5000C,CEUTA,51,CEUTA,355319N,052049W,87.0,21.9,15.1,18.5,0.0,1.0,1.9,6.7,10.6,1013.1,1009.0,73.0,95.0,62.0
2020-05-18,5000C,CEUTA,51,CEUTA,355319N,052049W,87.0,22.9,14.9,18.9,0.0,16.0,2.2,6.7,12.4,1012.9,1010.2,74.0,97.0,56.0
2020-05-19,5000C,CEUTA,51,CEUTA,355319N,052049W,87.0,25.1,17.0,21.0,0.0,17.0,2.8,5.6,12.4,1010.3,1006.5,62.0,95.0,42.0
2020-05-20,5000C,CEUTA,51,CEUTA,355319N,052049W,87.0,28.2,18.1,23.2,0.0,18.0,2.2,4.7,12.5,1006.9,1005.1,54.0,86.0,34.0
2020-05-21,5000C,CEUTA,51,CEUTA,355319N,052049W,87.0,29.8,20.7,25.2,0.0,31.0,1.7,6.1,12.9,1010.8,1006.3,54.0,86.0,33.0
2020-05-22,5000C,CEUTA,51,CEUTA,355319N,052049W,87.0,25.8,17.6,21.7,0.0,18.0,1.4,4.7,12.6,1012.8,1009.8,73.0,94.0,45.0
2020-05-23,5000C,CEUTA,51,CEUTA,355319N,052049W,87.0,24.2,19.0,21.6,0.0,18.0,2.2,7.2,10.1,1014.5,1011.7,80.0,99.0,72.0
2020-05-24,5000C,CEUTA,51,CEUTA,355319N,052049W,87.0,23.9,19.0,21.4,0.0,12.0,3.9,9.4,9.4,1015.0,1011.8,83.0,98.0,73.0
2020-05-25,5000C,CEUTA,51,CEUTA,355319N,052049W,87.0,23.1,18.6,20.8,0.0,12.0,5.3,9.4,9.3,1014.3,1011.8,80.0,91.0,73.0
2020-05-26,5000C,CEUTA,51,CEUTA,355319N,052049W,87.0,23.1,18.7,20.9,0.0,11.0,5.3,10.8,12.2,1012.8,1010.3,78.0,92.0,70.0
2020-05-27,5000C,CEUTA,51,CEUTA,355319N,052049W,87.0,22.5,18.6,20.6,0.0,10.0,4.4,10.0,4.8,1011.5,1009.8,83.0,94.0,76.0
2020-05-28,5000C,CEUTA,51,CEUTA,355319N,052049W,87.0,22.0,18.3,20.2,0.0,10.0,4.2,11.9,3.3,1010.6,1007.4,87.0,94.0,77.0
2020-05-29,5000C,CEUTA,51,CEUTA,355319N,052049W,87.0,22.7,17.7,20.2,0.0,11.0,3.6,8.9,11.3,1007.8,1002.9,84.0,97.0,74.0
2020-05-30,5000C,CEUTA,51,CEUTA,355319N,052049W,87.0,22.2,17.5,19.8,0.0,11.0,4.7,9.4,11.8,1004.6,1001.8,81.0,97.0,73.0
2020-05-31,5000C,CEUTA,51,CEUTA,355319N,052049W,87.0,22.4,16.7,19.6,13.0,9.0,3.1,6.4,5.2,1004.1,1001.0,88.0,97.0,77.0
2020-06-01,5000C,CEUTA,51,CEUTA,355319N,052049W,87.0,23.0,17.3,20.2,0.0,14.0,2.5,5.3,11.9,1005.8,1003.4,84.0,99.0,72.0
2020-06-02,5000C,CEUTA,51,CEUTA,355319N,052049W,87.0,23.4,17.6,20.5,0.0,3.0,1.9,5.8,12.0,1006.4,1003.7,76.0,95.0,69.0
2020-06-03,5000C,CEUTA,51,CEUTA,355319N,052049W,87.0,26.4,17.5,22.0,0.0,29.0,2.8,13.3,12.2,1004.1,1000.2,57.0,91.0,46.0
2020-06-04,5000C,CEUTA,51,CEUTA,355319N,052049W,87.0,25.4,19.4,22.4,0.6,30.0,3.3,12.8,6.7,1005.1,1000.5,67.0,82.0,59.0
2020-06-05,5000C,CEUTA,51,CEUTA,355319N,052049W,87.0,26.0,19.0,22.5,0.0,30.0,2.8,11.1,13.1,1005.1,1003.1,60.0,80.0,54.0
2020-06-06,5000C,CEUTA,51,CEUTA,355319N,052049W,87.0,25.6,18.7,22.2,37.0,27.0,2.8,10.8,12.2,1004.6,999.0,65.0,77.0,53.0
2020-06-07,5000C,CEUTA,51,CEUTA,355319N,052049W,87.0,24.1,18.1,21.1,20.0,24.0,3.1,12.5,9.1,1005.2,1001.5,77.0,95.0,63.0
2020-06-08,5000C,CEUTA,51,CEUTA,355319N,052049W,87.0,21.3,17.8,19.6,0.0,28.0,3.3,12.5,11.5,1007.4,1004.2,61.0,82.0,53.0
2020-06-09,5000C,CEUTA,51,CEUTA,355319N,052049W,87.0,25.1,17.5,21.3,0.0,26.0,2.8,13.6,13.0,1008.0,1005.0,55.0,70.0,44.0
2020-06-10,5000C,CEUTA,51,CEUTA,355319N,052049W,87.0,26.8,18.6,22.7,0.0,26.0,2.5,11.7,12.9,1007.0,1004.7,45.0,72.0,34.0
2020-06-11,5000C,CEUTA,51,CEUTA,355319N,052049W,87.0,22.5,17.8,20.2,5.6,25.0,4.2,16.9,12.0,1006.5,1002.7,62.0,76.0,55.0
2020-06-12,5000C,CEUTA,51,CEUTA,355319N,052049W,87.0,20.2,16.5,18.4,6.8,28.0,3.1,12.2,3.3,1006.1,1001.3,81.0,96.0,63.0
2020-06-13,5000C,CEUTA,51,CEUTA,355319N,052049W,87.0,24.1,17.3,20.7,0.0,29.0,2.5,9.2,12.7,1008.7,1005.2,57.0,83.0,38.0
2020-06-14,5000C,CEUTA,51,CEUTA,355319N,052049W,87.0,23.6,17.8,20.7,0.0,27.0,3.3,11.9,12.7,1012.4,1007.9,57.0,76.0,46.0
2020-06-15,5000C,CEUTA,51,CEUTA,355319N,052049W,87.0,25.7,18.3,22.0,0.0,28.0,3.3,12.8,13.2,1013.1,1010.2,55.0,78.0,38.0
2020-06-16,5000C,CEUTA,51,CEUTA,355319N,052049W,87.0,24.8,19.1,22.0,0.0,28.0,3.6,15.6,13.1,1011.8,1008.5,58.0,81.0,45.0
2020-06-17,5000C,CEUTA,51,CEUTA,355319N,052049W,87.0,26.4,19.6,23.0,0.0,31.0,2.2,14.2,13.0,1008.5,1002.9,56.0,81.0,45.0
2020-06-18,5000C,CEUTA,51,CEUTA,355319N,052049W,87.0,28.2,19.9,24.0,0.0,31.0,3.3,10.8,13.3,1006.2,1001.5,42.0,59.0,37.0
2020-06-19,5000C,CEUTA,51,CEUTA,355319N,052049W,87.0,28.5,18.6,23.6,0.0,28.0,1.9,9.2,13.2,1010.4,1006.1,53.0,71.0,44.0
2020-06-20,5000C,CEUTA,51,CEUTA,355319N,052049W,87.0,24.9,17.1,21.0,0.0,17.0,2.8,5.8,12.8,1011.8,1009.5,71.0,92.0,44.0
2020-06-21,5000C,CEUTA,51,CEUTA,355319N,052049W,87.0,29.8,19.9,24.8,0.0,18.0,3.1,6.7,13.2,1011.6,1008.7,49.0,75.0,36.0
2020-06-22,5000C,CEUTA,51,CEUTA,355319N,052049W,87.0,26.1,20.9,23.5,0.0,10.0,3.1,7.8,13.1,1009.5,1005.6,70.0,88.0,49.0
2020-06-23,5000C,CEUTA,51,CEUTA,355319N,052049W,87.0,25.2,20.6,22.9,0.0,19.0,3.3,7.8,12.5,1006.5,1003.6,76.0,90.0,69.0
2020-06-24,5000C,CEUTA,51,CEUTA,355319N,052049W,87.0,25.6,20.1,22.8,0.0,99.0,2.8,6.7,12.4,1006.2,1004.2,77.0,94.0,66.0
2020-06-25,5000C,CEUTA,51,CEUTA,355319N,052049W,87.0,28.6,20.2,24.4,0.0,13.0,1.9,7.2,11.5,1006.0,1003.7,75.0,95.0,58.0
2020-06-26,5000C,CEUTA,51,CEUTA,355319N,052049W,87.0,27.3,19.6,23.4,0.0,30.0,2.5,14.4,13.0,1006.8,1004.6,62.0,86.0,39.0
2020-06-27,5000C,CEUTA,51,CEUTA,355319N,052049W,87.0,31.0,18.6,24.8,0.0,26.0,2.5,8.3,13.3,1006.8,1004.4,43.0,72.0,35.0
2020-06-28,5000C,CEUTA,51,CEUTA,355319N,052049W,87.0,29.3,20.2,24.8,0.0,16.0,2.2,5.0,13.2,1007.0,1004.8,53.0,98.0,41.0
2020-06-29,5000C,CEUTA,51,CEUTA,355319N,052049W,87.0,26.2,19.7,23.0,0.0,99.0,2.8,6.1,10.8,1006.7,1002.9,76.0,98.0,62.0
2020-06-30,5000C,CEUTA,51,CEUTA,355319N,052049W,87.0,26.2,21.1,23.6,0.0,16.0,2.2,5.0,,1004.2,1001.9,76.0,94.0,69.0
2020-07-01,5000C,CEUTA,51,CEUTA,355319N,052049W,87.0,34.4,19.3,26.8,0.0,23.0,1.4,8.6,13.0,1004.6,1002.9,38.0,88.0,19.0
2020-07-02,5000C,CEUTA,51,CEUTA,355319N,052049W,87.0,31.0,22.5,26.8,0.0,26.0,2.2,10.8,12.4,1007.5,1003.5,45.0,64.0,29.0
2020-07-03,5000C,CEUTA,51,CEUTA,355319N,052049W,87.0,33.8,20.3,27.0,0.0,28.0,1.4,10.0,13.2,1009.4,1005.8,37.0,86.0,21.0
2020-07-04,5000C,CEUTA,51,CEUTA,355319N,052049W,87.0,25.3,20.0,22.6,0.0,11.0,3.6,7.5,4.5,1011.0,1008.0,87.0,98.0,81.0
2020-07-05,5000C,CEUTA,51,CEUTA,355319N,052049W,87.0,26.8,21.2,24.0,0.0,99.0,4.2,8.1,9.0,1009.9,1007.2,82.0,97.0,72.0
2020-07-06,5000C,CEUTA,51,CEUTA,355319N,052049W,87.0,28.3,21.4,24.8,0.0,18.0,2.5,5.8,12.9,1007.9,1004.7,76.0,94.0,52.0
2020-07-07,5000C,CEUTA,51,CEUTA,355319N,052049W,87.0,27.4,21.2,24.3,0.0,16.0,2.8,6.9,11.6,1005.7,1002.9,76.0,96.0,43.0
2020-07-08,5000C,CEUTA,51,CEUTA,355319N,052049W,87.0,27.3,20.8,24.0,0.0,20.0,2.2,5.3,11.7,1006.0,1002.1,77.0,97.0,64.0
2020-07-09,5000C,CEUTA,51,CEUTA,355319N,052049W,87.0,30.1,18.5,24.3,0.0,34.0,1.4,6.1,13.0,1006.0,1003.3,52.0,90.0,37.0
2020-07-10,5000C,CEUTA,51,CEUTA,355319N,052049W,87.0,25.4,19.8,22.6,0.0,17.0,3.3,6.7,12.8,1005.0,1002.0,80.0,92.0,74.0
2020-07-11,5000C,CEUTA,51,CEUTA,355319N,052049W,87.0,27.5,22.2,24.8,0.0,11.0,3.9,9.7,5.1,1006.5,1002.9,84.0,96.0,73.0
2020-07-12,5000C,CEUTA,51,CEUTA,355319N,052049W,87.0,25.8,21.9,23.8,0.0,12.0,3.1,8.3,2.4,1008.0,1003.9,87.0,97.0,80.0
2020-07-13,5000C,CEUTA,51,CEUTA,355319N,052049W,87.0,27.8,21.6,24.7,0.0,12.0,3.3,6.7,10.7,1007.8,1005.6,80.0,98.0,69.0
2020-07-14,5000C,CEUTA,51,CEUTA,355319N,052049W,87.0,27.4,22.4,24.9,0.0,18.0,3.3,7.5,12.2,1006.9,1002.3,85.0,96.0,66.0
2020-07-15,5000C,CEUTA,51,CEUTA,355319N,052049W,87.0,27.4,22.0,24.7,0.0,99.0,4.4,10.3,9.9,1005.8,1002.7,83.0,95.0,70.0
2020-07-16,5000C,CEUTA,51,CEUTA,355319N,052049W,87.0,26.8,22.2,24.5,0.0,10.0,4.2,10.0,10.1,1007.0,1004.9,85.0,95.0,73.0
2020-07-17,5000C,CEUTA,51,CEUTA,355319N,052049W,87.0,27.1,22.2,24.6,0.0,10.0,4.2,8.9,10.3,1006.1,1003.5,85.0,97.0,71.0
2020-07-18,5000C,CEUTA,51,CEUTA,355319N,052049W,87.0,27.4,21.8,24.6,0.0,10.0,3.6,7.8,11.5,1006.2,1004.0,83.0,99.0,71.0
2020-07-19,5000C,CEUTA,51,CEUTA,355319N,052049W,87.0,27.3,22.1,24.7,0.0,17.0,3.3,6.7,10.7,1006.6,1003.5,83.0,97.0,68.0
2020-07-20,5000C,CEUTA,51,CEUTA,355319N,052049W,87.0,27.8,22.3,25.0,0.0,15.0,3.1,8.1,11.5,1004.9,1002.4,86.0,98.0,75.0
2020-07-21,5000C,CEUTA,51,CEUTA,355319N,052049W,87.0,26.7,22.7,24.7,0.0,12.0,2.5,7.8,0.6,1007.0,1003.0,86.0,97.0,78.0
2020-07-22,5000C,CEUTA,51,CEUTA,355319N,052049W,87.0,28.4,21.7,25.0,0.0,32.0,2.2,5.8,11.9,1007.7,1005.5,76.0,97.0,61.0
2020-07-23,5000C,CEUTA,51,CEUTA,355319N,052049W,87.0,28.3,22.5,25.4,0.0,11.0,2.8,5.6,12.5,1006.6,1004.0,81.0,94.0,72.0
2020-07-24,5000C,CEUTA,51,CEUTA,355319N,052049W,87.0,29.4,22.3,25.8,0.0,14.0,1.7,4.4,10.8,1004.7,1002.0,81.0,99.0,63.0
2020-07-25,5000C,CEUTA,51,CEUTA,355319N,052049W,87.0,29.1,22.2,25.6,0.0,11.0,2.8,7.2,8.9,1004.0,1001.6,85.0,99.0,68.0
2020-07-26,5000C,CEUTA,51,CEUTA,355319N,052049W,87.0,29.5,22.8,26.2,0.0,10.0,3.3,7.2,11.2,1004.9,1001.8,85.0,98.0,62.0
2020-07-27,5000C,CEUTA,51,CEUTA,355319N,052049W,87.0,29.5,23.0,26.2,0.0,4.0,2.2,5.8,11.7,1006.2,1004.0,81.0,96.0,69.0
2020-07-28,5000C,CEUTA,51,CEUTA,355319N,052049W,87.0,29.6,22.2,25.9,0.0,14.0,2.2,4.7,12.5,1005.4,1002.3,79.0,97.0,66.0
2020-07-29,5000C,CEUTA,51,CEUTA,355319N,052049W,87.0,28.4,21.4,24.9,0.0,12.0,2.5,6.7,12.1,1004.4,1001.8,82.0,97.0,70.0
2020-07-30,5000C,CEUTA,51,CEUTA,355319N,052049W,87.0,26.6,22.7,24.6,0.0,6.0,2.2,7.5,2.0,1005.2,1002.0,92.0,99.0,84.0
2020-07-31,5000C,CEUTA,51,CEUTA,355319N,052049W,87.0,29.1,24.1,26.6,0.0,21.0,2.5,6.4,5.5,1006.8,1004.3,85.0,96.0,64.0
2020-08-01,5000C,CEUTA,51,CEUTA,355319N,052049W,87.0,36.5,24.8,30.6,0.0,30.0,1.7,8.1,11.8,1006.5,1003.5,57.0,88.0,18.0
2020-08-02,5000C,CEUTA,51,CEUTA,355319N,052049W,87.0,38.2,27.4,32.8,0.0,25.0,3.9,13.3,12.0,1005.3,1003.3,27.0,42.0,14.0
2020-08-03,5000C,CEUTA,51,CEUTA,355319N,052049W,87.0,30.6,23.7,27.2,0.0,32.0,4.7,17.2,12.3,1005.0,1000.8,42.0,68.0,17.0
2020-08-04,5000C,CEUTA,51,CEUTA,355319N,052049W,87.0,27.7,22.0,24.8,0.0,26.0,2.8,10.6,9.7,1003.4,1001.4,76.0,92.0,37.0
2020-08-05,5000C,CEUTA,51,CEUTA,355319N,052049W,87.0,29.1,23.9,26.5,0.0,12.0,5.0,10.3,9.1,1002.7,1000.6,85.0,95.0,73.0
2020-08-06,5000C,CEUTA,51,CEUTA,355319N,052049W,87.0,28.3,23.5,25.9,0.0,11.0,4.7,9.7,8.0,1006.5,1002.0,86.0,94.0,76.0
2020-08-07,5000C,CEUTA,51,CEUTA,355319N,052049W,87.0,26.4,22.1,24.2,0.0,99.0,3.1,6.9,5.7,1008.8,1005.6,89.0,97.0,81.0
2020-08-08,5000C,CEUTA,51,CEUTA,355319N,052049W,87.0,28.2,23.2,25.7,0.0,11.0,3.3,7.8,10.4,1009.0,1005.8,86.0,97.0,71.0
2020-08-09,5000C,CEUTA,51,CEUTA,355319N,052049W,87.0,28.2,23.3,25.8,0.0,16.0,2.8,5.8,10.3,1006.8,1002.1,82.0,97.0,72.0
2020-08-10,5000C,CEUTA,51,CEUTA,355319N,052049W,87.0,28.2,23.1,25.6,0.4,1.0,2.5,7.2,8.1,1002.6,999.3,84.0,99.0,74.0
2020-08-11,5000C,CEUTA,51,CEUTA,355319N,052049W,87.0,30.8,22.2,26.5,0.0,26.0,3.1,11.7,10.9,1003.9,999.0,73.0,95.0,56.0
2020-08-12,5000C,CEUTA,51,CEUTA,355319N,052049W,87.0,28.1,21.5,24.8,0.0,24.0,2.2,12.8,12.2,1006.1,1003.2,58.0,74.0,49.0
2020-08-13,5000C,CEUTA,51,CEUTA,355319N,052049W,87.0,31.2,20.4,25.8,0.0,99.0,1.7,7.5,12.2,1005.9,1003.7,54.0,82.0,33.0
2020-08-14,5000C,CEUTA,51,CEUTA,355319N,052049W,87.0,31.3,20.0,25.6,0.0,30.0,1.7,11.9,12.3,1005.1,1002.8,44.0,75.0,29.0
2020-08-15,5000C,CEUTA,51,CEUTA,355319N,052049W,87.0,27.9,21.7,24.8,0.0,32.0,3.3,12.8,12.3,1006.2,1004.0,56.0,71.0,34.0
2020-08-16,5000C,CEUTA,51,CEUTA,355319N,052049W,87.0,28.3,21.2,24.8,0.0,30.0,3.9,12.8,12.0,1006.9,1004.0,50.0,77.0,33.0
2020-08-17,5000C,CEUTA,51,CEUTA,355319N,052049W,87.0,32.5,23.2,27.8,0.0,30.0,3.1,10.8,12.3,1005.7,1002.9,42.0,61.0,33.0
2020-08-18,5000C,CEUTA,51,CEUTA,355319N,052049W,87.0,32.3,22.7,27.5,0.0,32.0,1.4,9.7,12.2,1004.2,1001.3,49.0,78.0,31.0
2020-08-19,5000C,CEUTA,51,CEUTA,355319N,052049W,87.0,26.2,21.1,23.6,0.0,6.0,2.5,5.0,11.3,1002.2,998.8,87.0,97.0,55.0
2020-08-20,5000C,CEUTA,51,CEUTA,355319N,052049W,87.0,29.4,19.1,24.2,0.0,17.0,1.9,4.7,11.7,1002.4,998.7,63.0,82.0,33.0
2020-08-21,5000C,CEUTA,51,CEUTA,355319N,052049W,87.0,34.6,20.9,27.8,0.0,12.0,1.7,4.7,11.8,1007.0,1002.1,41.0,66.0,21.0
2020-08-22,5000C,CEUTA,51,CEUTA,355319N,052049W,87.0,37.1,26.4,31.8,0.0,30.0,3.3,14.7,12.0,1009.2,1006.1,40.0,55.0,30.0
2020-08-23,5000C,CEUTA,51,CEUTA,355319N,052049W,87.0,30.9,20.7,25.8,0.0,30.0,1.9,8.1,11.8,1008.7,1005.8,70.0,100.0,18.0
2020-08-24,5000C,CEUTA,51,CEUTA,355319N,052049W,87.0,28.6,22.0,25.3,0.0,7.0,3.3,7.2,4.3,1006.8,1004.0,91.0,99.0,74.0
2020-08-25,5000C,CEUTA,51,CEUTA,355319N,052049W,87.0,28.7,22.4,25.6,0.0,10.0,4.2,8.3,8.4,1007.4,1004.4,87.0,100.0,72.0
2020-08-26,5000C,CEUTA,51,CEUTA,355319N,052049W,87.0,27.8,21.7,24.8,0.0,16.0,2.8,6.7,5.4,1009.1,1006.4,85.0,97.0,72.0
2020-08-27,5000C,CEUTA,51,CEUTA,355319N,052049W,87.0,27.4,21.3,24.4,0.0,99.0,2.8,6.1,9.2,1008.4,1002.8,81.0,97.0,61.0
2020-08-28,5000C,CEUTA,51,CEUTA,355319N,052049W,87.0,28.4,23.6,26.0,0.0,28.0,5.0,19.2,11.8,1002.8,998.1,60.0,72.0,45.0
2020-08-29,5000C,CEUTA,51,CEUTA,355319N,052049W,87.0,25.2,19.9,22.6,0.0,25.0,4.4,15.6,11.8,999.4,996.7,52.0,69.0,27.0
2020-08-30,5000C,CEUTA,51,CEUTA,355319N,052049W,87.0,25.4,20.1,22.8,0.0,30.0,2.8,11.4,8.0,1005.0,998.6,71.0,93.0,31.0
2020-08-31,5000C,CEUTA,51,CEUTA,355319N,052049W,87.0,26.3,22.1,24.2,0.0,9.0,5.8,12.5,10.6,1007.2,1004.6,80.0,95.0,69.0
2020-09-01,5000C,CEUTA,51,CEUTA,355319N,052049W,87.0,25.8,20.4,23.1,0.0,9.0,2.5,7.2,6.1,1005.4,1002.0,87.0,97.0,74.0
2020-09-02,5000C,CEUTA,51,CEUTA,355319N,052049W,87.0,25.8,18.6,22.2,0.0,12.0,2.8,8.9,7.5,1007.5,1002.7,86.0,100.0,73.0
2020-09-03,5000C,CEUTA,51,CEUTA,355319N,052049W,87.0,26.4,21.6,24.0,0.0,8.0,3.9,12.8,3.4,1011.2,1007.1,85.0,95.0,76.0
2020-09-04,5000C,CEUTA,51,CEUTA,355319N,052049W,87.0,26.1,21.6,23.8,0.0,8.0,4.4,11.7,6.5,1012.2,1009.7,84.0,94.0,74.0
2020-09-05,5000C,CEUTA,51,CEUTA,355319N,052049W,87.0,26.0,21.6,23.8,0.0,9.0,3.3,9.2,4.6,1010.6,1006.2,87.0,96.0,76.0
2020-09-06,5000C,CEUTA,51,CEUTA,355319N,052049W,87.0,26.3,20.7,23.5,0.0,99.0,3.6,8.6,10.2,1007.2,1004.9,84.0,98.0,69.0
2020-09-07,5000C,CEUTA,51,CEUTA,355319N,052049W,87.0,26.3,20.9,23.6,0.0,18.0,1.9,7.2,10.4,1008.7,1003.8,85.0,99.0,71.0
2020-09-08,5000C,CEUTA,51,CEUTA,355319N,052049W,87.0,25.7,20.9,23.3,0.0,6.0,3.6,10.6,4.0,1010.4,1008.1,88.0,98.0,79.0
2020-09-09,5000C,CEUTA,51,CEUTA,355319N,052049W,87.0,26.2,19.8,23.0,0.0,12.0,3.3,8.1,8.9,1011.1,1008.2,85.0,98.0,69.0
2020-09-10,5000C,CEUTA,51,CEUTA,355319N,052049W,87.0,25.7,20.3,23.0,0.0,10.0,3.1,6.9,11.1,1009.9,1004.6,85.0,99.0,74.0
2020-09-11,5000C,CEUTA,51,CEUTA,355319N,052049W,87.0,26.5,21.0,23.8,0.0,13.0,3.1,7.8,9.3,1005.6,1002.9,87.0,98.0,72.0
2020-09-12,5000C,CEUTA,51,CEUTA,355319N,052049W,87.0,26.4,21.3,23.8,0.0,10.0,3.9,8.9,7.1,1008.5,1003.7,89.0,99.0,76.0
2020-09-13,5000C,CEUTA,51,CEUTA,355319N,052049W,87.0,26.1,21.8,24.0,0.0,10.0,3.3,10.0,4.6,1011.3,1007.8,91.0,96.0,79.0
2020-09-14,5000C,CEUTA,51,CEUTA,355319N,052049W,87.0,25.0,21.7,23.4,0.0,8.0,3.1,8.6,0.1,1011.8,1008.9,93.0,98.0,86.0
2020-09-15,5000C,CEUTA,51,CEUTA,355319N,052049W,87.0,25.9,21.5,23.7,0.0,8.0,2.5,6.4,4.0,1011.8,1008.6,88.0,100.0,77.0
2020-09-16,5000C,CEUTA,51,CEUTA,355319N,052049W,87.0,25.6,21.4,23.5,0.0,10.0,2.2,7.2,2.8,1009.8,1005.8,93.0,100.0,80.0
2020-09-17,5000C,CEUTA,51,CEUTA,355319N,052049W,87.0,23.9,20.8,22.4,3.1,21.0,2.8,9.2,0.2,1006.2,1002.8,88.0,99.0,63.0
2020-09-18,5000C,CEUTA,51,CEUTA,355319N,052049W,87.0,27.4,20.2,23.8,0.2,24.0,1.7,8.3,5.3,1008.0,1002.0,78.0,98.0,55.0
2020-09-19,5000C,CEUTA,51,CEUTA,355319N,052049W,87.0,27.3,18.9,23.1,0.0,31.0,3.3,11.4,10.6,1009.8,1007.1,69.0,86.0,54.0
2020-09-20,5000C,CEUTA,51,CEUTA,355319N,052049W,87.0,28.5,18.5,23.5,0.0,31.0,3.6,9.2,10.6,1009.7,1006.6,60.0,83.0,35.0
2020-09-21,5000C,CEUTA,51,CEUTA,355319N,052049W,87.0,28.2,22.6,25.4,0.0,99.0,1.9,8.3,9.9,1007.8,1005.4,55.0,61.0,41.0
2020-09-22,5000C,CEUTA,51,CEUTA,355319N,052049W,87.0,30.7,22.2,26.4,0.0,29.0,1.9,11.1,10.2,1006.5,1003.8,42.0,57.0,32.0
2020-09-23,5000C,CEUTA,51,CEUTA,355319N,052049W,87.0,28.2,21.7,25.0,0.0,32.0,2.2,9.2,7.0,1006.1,1004.0,55.0,79.0,33.0
2020-09-24,5000C,CEUTA,51,CEUTA,355319N,052049W,87.0,32.7,22.2,27.4,0.0,34.0,1.7,7.5,9.3,1008.7,1004.5,44.0,62.0,31.0
2020-09-25,5000C,CEUTA,51,CEUTA,355319N,052049W,87.0,27.9,20.9,24.4,0.0,33.0,4.7,13.6,10.4,1011.6,1008.0,45.0,68.0,28.0
2020-09-26,5000C,CEUTA,51,CEUTA,355319N,052049W,87.0,25.8,19.0,22.4,0.0,24.0,2.8,10.8,10.7,1010.6,1005.2,37.0,67.0,25.0
2020-09-27,5000C,CEUTA,51,CEUTA,355319N,052049W,87.0,25.4,19.7,22.6,0.0,99.0,3.3,11.1,10.7,1005.3,1002.6,55.0,64.0,44.0
2020-09-28,5000C,CEUTA,51,CEUTA,355319N,052049W,87.0,24.4,17.3,20.8,0.0,10.0,3.1,6.4,10.3,1006.1,1003.7,78.0,89.0,55.0
2020-09-29,5000C,CEUTA,51,CEUTA,355319N,052049W,87.0,24.8,20.1,22.4,0.0,10.0,3.6,9.2,7.3,1007.2,1005.0,86.0,95.0,73.0
2020-09-30,5000C,CEUTA,51,CEUTA,355319N,052049W,87.0,24.5,19.7,22.1,0.0,22.0,1.4,7.8,6.7,1007.6,1004.7,85.0,96.0,73.0
2020-10-01,5000C,CEUTA,51,CEUTA,355319N,052049W,87.0,25.0,19.9,22.4,0.0,27.0,3.3,11.7,10.6,1004.9,1001.7,69.0,83.0,54.0
2020-10-02,5000C,CEUTA,51,CEUTA,355319N,052049W,87.0,23.3,17.3,20.3,5.8,28.0,4.2,18.1,1.6,1001.9,995.8,77.0,91.0,56.0
2020-10-03,5000C,CEUTA,51,CEUTA,355319N,052049W,87.0,21.8,14.4,18.1,0.0,30.0,3.3,12.2,10.6,1004.6,999.7,52.0,66.0,37.0
2020-10-04,5000C,CEUTA,51,CEUTA,355319N,052049W,87.0,22.8,16.2,19.5,0.0,30.0,2.8,11.1,10.5,1006.1,1002.9,60.0,78.0,39.0
2020-10-05,5000C,CEUTA,51,CEUTA,355319N,052049W,87.0,23.3,17.4,20.4,0.0,29.0,3.1,12.2,10.6,1010.5,1005.2,50.0,78.0,37.0
2020-10-06,5000C,CEUTA,51,CEUTA,355319N,052049W,87.0,22.4,16.0,19.2,0.0,30.0,1.7,6.4,9.5,1013.6,1010.4,81.0,96.0,43.0
2020-10-07,5000C,CEUTA,51,CEUTA,355319N,052049W,87.0,22.5,16.8,19.6,0.0,13.0,2.2,5.6,10.0,1012.3,1009.8,88.0,100.0,75.0
2020-10-08,5000C,CEUTA,51,CEUTA,355319N,052049W,87.0,24.3,18.3,21.3,0.0,11.0,2.8,6.7,10.1,1012.8,1010.2,82.0,97.0,54.0
2020-10-09,5000C,CEUTA,51,CEUTA,355319N,052049W,87.0,23.2,19.8,21.5,0.0,8.0,3.1,7.8,2.9,1012.6,1010.6,89.0,97.0,79.0
2020-10-10,5000C,CEUTA,51,CEUTA,355319N,052049W,87.0,22.0,19.2,20.6,0.0,99.0,2.8,6.4,0.1,1012.3,1009.8,92.0,97.0,82.0
2020-10-11,5000C,CEUTA,51,CEUTA,355319N,052049W,87.0,23.5,18.0,20.8,0.0,99.0,2.8,5.8,7.0,1011.4,1009.3,84.0,98.0,65.0
2020-10-12,5000C,CEUTA,51,CEUTA,355319N,052049W,87.0,22.8,18.5,20.6,0.0,99.0,3.1,8.6,7.5,1011.3,1009.3,83.0,95.0,70.0
2020-10-13,5000C,CEUTA,51,CEUTA,355319N,052049W,87.0,22.6,17.0,19.8,0.0,99.0,1.9,6.9,8.3,1009.5,1004.0,81.0,96.0,40.0
2020-10-14,5000C,CEUTA,51,CEUTA,355319N,052049W,87.0,20.3,16.8,18.6,0.0,24.0,4.4,18.9,7.8,1007.4,1002.3,71.0,82.0,47.0
2020-10-15,5000C,CEUTA,51,CEUTA,355319N,052049W,87.0,23.0,15.6,19.3,0.0,32.0,2.8,11.9,9.4,1008.4,1005.2,58.0,75.0,34.0
2020-10-16,5000C,CEUTA,51,CEUTA,355319N,052049W,87.0,24.0,15.8,19.9,0.0,32.0,1.9,8.6,10.1,1008.4,1006.2,54.0,76.0,29.0
2020-10-17,5000C,CEUTA,51,CEUTA,355319N,052049W,87.0,22.1,15.2,18.6,0.0,34.0,2.2,8.1,9.8,1008.5,1006.3,59.0,83.0,43.0
2020-10-18,5000C,CEUTA,51,CEUTA,355319N,052049W,87.0,22.1,16.4,19.2,0.0,15.0,3.9,8.6,6.7,1010.0,1007.6,77.0,93.0,62.0
2020-10-19,5000C,CEUTA,51,CEUTA,355319N,052049W,87.0,21.1,17.6,19.4,0.0,11.0,4.4,10.0,1.4,1009.7,1006.7,88.0,95.0,82.0
2020-10-20,5000C,CEUTA,51,CEUTA,355319N,052049W,87.0,20.7,17.7,19.2,8.4,21.0,1.7,14.4,0.1,1006.7,999.5,93.0,97.0,79.0
2020-10-21,5000C,CEUTA,51,CEUTA,355319N,052049W,87.0,24.0,18.1,21.0,3.2,18.0,2.2,9.4,1.3,1003.7,1000.2,77.0,94.0,56.0
2020-10-22,5000C,CEUTA,51,CEUTA,355319N,052049W,87.0,19.4,17.2,18.3,4.0,24.0,1.4,7.5,0.1,1009.9,1002.2,90.0,97.0,69.0
2020-10-23,5000C,CEUTA,51,CEUTA,355319N,052049W,87.0,22.6,15.9,19.2,0.0,30.0,1.7,10.8,6.4,1016.3,1009.9,78.0,90.0,59.0
2020-10-24,5000C,CEUTA,51,CEUTA,355319N,052049W,87.0,23.3,15.3,19.3,0.0,28.0,2.5,8.6,9.6,1017.1,1013.9,70.0,91.0,42.0
2020-10-25,5000C,CEUTA,51,CEUTA,355319N,052049W,87.0,21.5,15.0,18.2,15.4,24.0,2.5,11.4,9.1,1013.9,1008.2,65.0,88.0,52.0
2020-10-26,5000C,CEUTA,51,CEUTA,355319N,052049W,87.0,19.7,14.9,17.3,0.0,29.0,3.9,13.9,6.7,1012.8,1008.1,61.0,95.0,42.0
2020-10-27,5000C,CEUTA,51,CEUTA,355319N,052049W,87.0,21.0,13.4,17.2,0.0,29.0,2.2,10.3,9.4,1012.0,1009.4,52.0,61.0,34.0
2020-10-28,5000C,CEUTA,51,CEUTA,355319N,052049W,87.0,20.5,14.2,17.4,0.0,99.0,1.7,4.2,9.3,1013.2,1009.4,63.0,83.0,48.0
2020-10-29,5000C,CEUTA,51,CEUTA,355319N,052049W,87.0,20.7,15.4,18.0,0.0,12.0,3.6,7.8,7.8,1015.1,1012.4,79.0,89.0,62.0
2020-10-30,5000C,CEUTA,51,CEUTA,355319N,052049W,87.0,19.9,16.7,18.3,0.0,7.0,3.1,6.4,2.5,1015.4,1013.4,86.0,92.0,77.0
2020-10-31,5000C,CEUTA,51,CEUTA,355319N,052049W,87.0,21.0,16.1,18.6,0.0,11.0,1.7,4.7,6.1,1015.7,1013.5,85.0,92.0,72.0
2020-11-01,5000C,CEUTA,51,CEUTA,355319N,052049W,87.0,19.8,15.4,17.6,0.0,99.0,2.2,4.7,4.6,1015.1,1012.3,88.0,98.0,78.0
2020-11-02,5000C,CEUTA,51,CEUTA,355319N,052049W,87.0,19.6,15.5,17.6,0.0,18.0,2.5,5.8,5.7,1013.5,1011.2,83.0,91.0,73.0
2020-11-03,5000C,CEUTA,51,CEUTA,355319N,052049W,87.0,19.4,14.6,17.0,0.0,17.0,1.9,5.3,7.4,1013.2,1011.4,83.0,92.0,73.0
2020-11-04,5000C,CEUTA,51,CEUTA,355319N,052049W,87.0,19.8,16.0,17.9,5.8,,1.7,,2.3,1011.7,1000.7,81.0,94.0,71.0
2020-11-05,5000C,CEUTA,51,CEUTA,355319N,052049W,87.0,20.9,16.3,18.6,0.2,19.0,2.8,8.6,4.4,1004.5,1000.5,78.0,95.0,64.0
2020-11-06,5000C,CEUTA,51,CEUTA,355319N,052049W,87.0,21.6,16.7,19.2,5.8,3.0,3.1,8.3,3.8,1004.9,1000.7,81.0,95.0,59.0
2020-11-07,5000C,CEUTA,51,CEUTA,355319N,052049W,87.0,22.3,16.8,19.6,0.2,99.0,3.1,10.0,6.8,1013.5,1004.5,72.0,88.0,58.0
2020-11-08,5000C,CEUTA,51,CEUTA,355319N,052049W,87.0,20.4,15.3,17.8,0.0,99.0,1.7,4.2,8.2,1013.2,1011.2,84.0,92.0,74.0
2020-11-09,5000C,CEUTA,51,CEUTA,355319N,052049W,87.0,21.4,14.8,18.1,0.0,25.0,1.1,5.0,3.0,1013.7,1011.3,81.0,96.0,65.0
2020-11-10,5000C,CEUTA,51,CEUTA,355319N,052049W,87.0,20.3,15.2,17.8,0.0,9.0,1.9,8.9,8.6,1014.6,1012.3,78.0,89.0,65.0
2020-11-11,5000C,CEUTA,51,CEUTA,355319N,052049W,87.0,19.2,17.6,18.4,1.0,10.0,4.7,11.1,0.3,1014.1,1010.7,87.0,91.0,78.0
2020-11-12,5000C,CEUTA,51,CEUTA,355319N,052049W,87.0,18.8,17.8,18.3,0.0,12.0,4.2,9.2,0.1,1011.8,1008.3,89.0,94.0,86.0
2020-11-13,5000C,CEUTA,51,CEUTA,355319N,052049W,87.0,19.9,17.5,18.7,0.0,10.0,1.7,4.7,1.2,1011.2,1008.8,92.0,96.0,85.0
2020-11-14,5000C,CEUTA,51,CEUTA,355319N,052049W,87.0,20.1,16.6,18.4,1.2,20.0,1.7,3.6,2.1,1012.7,1009.7,90.0,95.0,80.0
2020-11-15,5000C,CEUTA,51,CEUTA,355319N,052049W,87.0,20.5,15.6,18.0,0.2,21.0,1.7,5.8,4.8,1013.5,1010.9,91.0,99.0,80.0
2020-11-16,5000C,CEUTA,51,CEUTA,355319N,052049W,87.0,26.1,14.2,20.2,0.0,29.0,2.8,12.2,7.9,1014.1,1011.5,62.0,100.0,37.0
2020-11-17,5000C,CEUTA,51,CEUTA,355319N,052049W,87.0,22.4,17.6,20.0,0.0,35.0,2.2,6.1,1.0,1017.0,1013.3,84.0,91.0,38.0
2020-11-18,5000C,CEUTA,51,CEUTA,355319N,052049W,87.0,18.8,17.5,18.2,0.0,12.0,2.5,6.4,0.0,1017.7,1015.4,84.0,88.0,77.0
2020-11-19,5000C,CEUTA,51,CEUTA,355319N,052049W,87.0,19.5,17.2,18.4,0.0,99.0,5.0,10.0,3.6,1018.6,1015.3,86.0,92.0,74.0
2020-11-20,5000C,CEUTA,51,CEUTA,355319N,052049W,87.0,20.1,16.6,18.4,0.0,9.0,4.2,8.9,6.5,1018.0,1013.8,82.0,89.0,73.0
2020-11-21,5000C,CEUTA,51,CEUTA,355319N,052049W,87.0,19.9,16.7,18.3,0.0,9.0,5.6,13.9,4.9,1016.2,1013.6,79.0,88.0,58.0
2020-11-22,5000C,CEUTA,51,CEUTA,355319N,052049W,87.0,18.6,15.8,17.2,0.0,9.0,5.6,13.3,7.8,1017.4,1015.3,55.0,71.0,42.0
2020-11-23,5000C,CEUTA,51,CEUTA,355319N,052049W,87.0,18.8,15.6,17.2,0.0,12.0,4.2,9.7,6.6,1017.6,1015.2,64.0,73.0,57.0
2020-11-24,5000C,CEUTA,51,CEUTA,355319N,052049W,87.0,19.0,15.0,17.0,0.0,99.0,1.7,6.4,7.5,1015.2,1010.2,74.0,84.0,62.0
2020-11-25,5000C,CEUTA,51,CEUTA,355319N,052049W,87.0,17.1,13.5,15.3,17.0,29.0,0.8,6.4,0.9,1010.2,1000.5,88.0,94.0,77.0
2020-11-26,5000C,CEUTA,51,CEUTA,355319N,052049W,87.0,14.5,11.1,12.8,0.4,20.0,3.1,9.2,0.3,1000.5,996.9,70.0,90.0,60.0
2020-11-27,5000C,CEUTA,51,CEUTA,355319N,052049W,87.0,16.8,11.1,14.0,2.0,26.0,2.2,10.6,4.4,997.2,995.1,65.0,91.0,50.0
2020-11-28,5000C,CEUTA,51,CEUTA,355319N,052049W,87.0,19.2,11.9,15.6,18.4,22.0,2.8,10.0,5.3,1002.1,996.5,70.0,85.0,57.0
2020-11-29,5000C,CEUTA,51,CEUTA,355319N,052049W,87.0,17.7,13.8,15.8,2.4,22.0,1.9,8.3,0.5,1006.9,1001.9,87.0,91.0,81.0
2020-11-30,5000C,CEUTA,51,CEUTA,355319N,052049W,87.0,18.8,16.0,17.4,1.2,8.0,4.7,10.8,3.3,1011.1,1006.3,85.0,91.0,78.0
2020-12-01,5000C,CEUTA,51,CEUTA,355319N,052049W,87.0,18.6,13.9,16.2,0.0,9.0,1.4,5.0,7.0,1011.9,1007.5,87.0,95.0,76.0
2020-12-02,5000C,CEUTA,51,CEUTA,355319N,052049W,87.0,20.4,13.8,17.1,0.0,25.0,2.5,10.0,7.8,1007.5,1002.7,62.0,82.0,47.0
2020-12-03,5000C,CEUTA,51,CEUTA,355319N,052049W,87.0,18.2,14.1,16.2,0.0,99.0,2.8,13.3,5.2,1005.2,1000.8,79.0,92.0,61.0
2020-12-04,5000C,CEUTA,51,CEUTA,355319N,052049W,87.0,18.0,9.1,13.6,25.4,24.0,5.8,22.2,1.3,1000.8,991.0,78.0,89.0,64.0
2020-12-05,5000C,CEUTA,51,CEUTA,355319N,052049W,87.0,13.1,8.5,10.8,0.0,34.0,4.7,15.8,7.2,1004.9,994.1,64.0,76.0,52.0
2020-12-06,5000C,CEUTA,51,CEUTA,355319N,052049W,87.0,15.4,10.5,13.0,0.6,30.0,2.5,11.1,5.7,1008.9,1004.2,65.0,74.0,56.0
2020-12-07,5000C,CEUTA,51,CEUTA,355319N,052049W,87.0,17.7,13.2,15.4,12.6,99.0,4.2,16.9,5.0,1008.8,1005.7,80.0,90.0,62.0
2020-12-08,5000C,CEUTA,51,CEUTA,355319N,052049W,87.0,18.3,13.6,16.0,8.6,25.0,5.0,19.7,2.3,1010.4,1006.9,72.0,89.0,59.0
2020-12-09,5000C,CEUTA,51,CEUTA,355319N,052049W,87.0,16.6,11.3,14.0,7.8,29.0,2.5,13.9,7.5,1013.7,1010.3,61.0,83.0,45.0
2020-12-10,5000C,CEUTA,51,CEUTA,355319N,052049W,87.0,17.6,14.9,16.2,25.0,30.0,3.1,19.7,0.5,1012.2,1008.1,86.0,91.0,76.0
2020-12-11,5000C,CEUTA,51,CEUTA,355319N,052049W,87.0,18.0,15.7,16.8,22.0,29.0,5.3,16.9,0.3,1010.4,1007.4,89.0,93.0,80.0
2020-12-12,5000C,CEUTA,51,CEUTA,355319N,052049W,87.0,18.6,16.1,17.4,0.2,26.0,3.6,15.3,0.9,1010.6,1008.0,85.0,93.0,80.0
2020-12-13,5000C,CEUTA,51,CEUTA,355319N,052049W,87.0,20.1,15.0,17.6,0.0,32.0,1.4,8.3,7.1,1008.3,1003.2,83.0,92.0,66.0
2020-12-14,5000C,CEUTA,51,CEUTA,355319N,052049W,87.0,21.1,15.0,18.0,1.2,21.0,2.2,10.8,3.9,1005.4,1002.3,75.0,90.0,63.0
2020-12-15,5000C,CEUTA,51,CEUTA,355319N,052049W,87.0,18.7,13.5,16.1,0.0,29.0,3.1,11.1,6.1,1010.1,1005.3,63.0,88.0,44.0
2020-12-16,5000C,CEUTA,51,CEUTA,355319N,052049W,87.0,17.0,11.8,14.4,7.6,99.0,3.1,10.6,2.5,1007.6,1004.1,83.0,95.0,68.0
2020-12-17,5000C,CEUTA,51,CEUTA,355319N,052049W,87.0,17.0,11.7,14.4,0.0,25.0,1.9,3.3,7.0,1013.7,1007.5,78.0,87.0,63.0
2020-12-18,5000C,CEUTA,51,CEUTA,355319N,052049W,87.0,17.5,11.7,14.6,0.0,16.0,1.4,4.2,7.7,1014.1,1011.3,82.0,95.0,64.0
2020-12-19,5000C,CEUTA,51,CEUTA,355319N,052049W,87.0,16.8,12.4,14.6,0.0,19.0,1.4,4.7,3.6,1013.0,1010.5,83.0,93.0,70.0
2020-12-20,5000C,CEUTA,51,CEUTA,355319N,052049W,87.0,18.4,13.1,15.8,0.0,22.0,2.5,9.7,6.4,1016.7,1011.6,72.0,81.0,55.0
2020-12-21,5000C,CEUTA,51,CEUTA,355319N,052049W,87.0,18.2,11.9,15.0,0.0,13.0,1.9,6.1,4.8,1019.4,1016.1,83.0,90.0,72.0
2020-12-22,5000C,CEUTA,51,CEUTA,355319N,052049W,87.0,17.9,15.0,16.4,0.0,10.0,3.3,7.8,4.1,1017.4,1015.0,83.0,87.0,77.0
2020-12-23,5000C,CEUTA,51,CEUTA,355319N,052049W,87.0,18.1,13.5,15.8,0.0,3.0,1.7,3.9,6.1,1017.1,1014.4,87.0,92.0,76.0
2020-12-24,5000C,CEUTA,51,CEUTA,355319N,052049W,87.0,20.2,12.9,16.6,0.0,31.0,1.4,6.4,7.6,1014.4,1009.7,74.0,88.0,58.0
2020-12-25,5000C,CEUTA,51,CEUTA,355319N,052049W,87.0,17.5,12.4,15.0,0.0,8.0,1.9,11.7,2.1,1013.0,1009.2,84.0,92.0,73.0
2020-12-26,5000C,CEUTA,51,CEUTA,355319N,052049W,87.0,16.0,12.3,14.2,0.0,10.0,5.3,13.1,2.4,1015.0,1011.8,64.0,80.0,57.0
2020-12-27,5000C,CEUTA,51,CEUTA,355319N,052049W,87.0,15.8,12.0,13.9,0.0,10.0,2.5,9.2,7.5,1011.8,1003.7,64.0,78.0,55.0
2020-12-28,5000C,CEUTA,51,CEUTA,355319N,052049W,87.0,16.8,10.5,13.6,10.4,26.0,5.0,16.7,1.7,1003.7,998.5,75.0,93.0,63.0
2020-12-29,5000C,CEUTA,51,CEUTA,355319N,052049W,87.0,14.9,10.1,12.5,2.6,30.0,2.5,11.9,5.2,1005.9,1000.7,75.0,85.0,59.0
2020-12-30,5000C,CEUTA,51,CEUTA,355319N,052049W,87.0,14.6,8.2,11.4,0.0,28.0,2.2,8.3,7.6,1010.0,1005.9,58.0,75.0,40.0
2020-12-31,5000C,CEUTA,51,CEUTA,355319N,052049W,87.0,14.9,8.0,11.4,12.0,22.0,2.8,10.6,7.6,1009.4,1006.3,59.0,88.0,43.0
2021-01-01,5000C,CEUTA,51,CEUTA,355319N,052049W,87.0,12.9,8.5,10.7,3.0,30.0,5.8,16.7,7.2,1006.4,1003.8,65.0,92.0,53.0
2021-01-02,5000C,CEUTA,51,CEUTA,355319N,052049W,87.0,12.7,7.2,10.0,0.0,31.0,3.6,13.1,7.5,1008.0,1004.7,63.0,76.0,45.0
2021-01-03,5000C,CEUTA,51,CEUTA,355319N,052049W,87.0,13.2,7.0,10.1,0.0,99.0,3.1,9.4,7.7,1009.6,1006.7,50.0,78.0,33.0
2021-01-04,5000C,CEUTA,51,CEUTA,355319N,052049W,87.0,13.9,7.8,10.8,0.0,28.0,1.7,7.8,3.9,1006.7,1002.3,65.0,76.0,53.0
2021-01-05,5000C,CEUTA,51,CEUTA,355319N,052049W,87.0,13.6,8.3,11.0,1.2,14.0,2.2,8.9,2.3,1002.4,997.9,73.0,85.0,63.0
2021-01-06,5000C,CEUTA,51,CEUTA,355319N,052049W,87.0,12.5,9.7,11.1,94.4,13.0,3.9,13.1,0.0,1001.2,993.8,89.0,98.0,75.0
2021-01-07,5000C,CEUTA,51,CEUTA,355319N,052049W,87.0,13.7,11.3,12.5,91.4,5.0,3.1,12.8,0.0,996.5,992.7,99.0,100.0,97.0
2021-01-08,5000C,CEUTA,51,CEUTA,355319N,052049W,87.0,15.1,11.6,13.4,20.8,24.0,3.3,13.3,0.0,994.8,985.7,98.0,100.0,88.0
2021-01-09,5000C,CEUTA,51,CEUTA,355319N,052049W,87.0,12.4,6.7,9.6,28.2,32.0,2.5,15.8,3.1,997.3,992.4,78.0,93.0,59.0
2021-01-10,5000C,CEUTA,51,CEUTA,355319N,052049W,87.0,9.4,5.3,7.4,7.2,23.0,1.7,7.8,1.3,1003.9,995.2,89.0,95.0,74.0
2021-01-11,5000C,CEUTA,51,CEUTA,355319N,052049W,87.0,12.4,5.3,8.8,0.0,28.0,1.4,6.1,5.0,1015.2,1003.9,76.0,91.0,62.0
2021-01-12,5000C,CEUTA,51,CEUTA,355319N,052049W,87.0,14.3,7.6,11.0,0.0,99.0,1.4,4.2,7.8,1019.3,1015.1,68.0,83.0,53.0
2021-01-13,5000C,CEUTA,51,CEUTA,355319N,052049W,87.0,15.6,8.2,11.9,0.0,27.0,1.9,11.4,7.9,1019.7,1017.3,64.0,85.0,46.0
2021-01-14,5000C,CEUTA,51,CEUTA,355319N,052049W,87.0,15.1,10.6,12.8,0.0,28.0,3.1,13.9,7.8,1018.0,1014.7,64.0,75.0,56.0
2021-01-15,5000C,CEUTA,51,CEUTA,355319N,052049W,87.0,15.9,11.6,13.8,0.0,29.0,3.6,12.8,7.9,1016.4,1013.1,65.0,74.0,55.0
2021-01-16,5000C,CEUTA,51,CEUTA,355319N,052049W,87.0,18.7,11.3,15.0,0.0,99.0,2.5,12.8,8.0,1018.7,1013.0,60.0,85.0,41.0
2021-01-17,5000C,CEUTA,51,CEUTA,355319N,052049W,87.0,15.9,10.3,13.1,0.0,7.0,2.5,6.7,6.1,1018.8,1015.7,76.0,86.0,68.0
2021-01-18,5000C,CEUTA,51,CEUTA,355319N,052049W,87.0,16.6,10.2,13.4,0.0,14.0,1.4,4.7,7.9,1017.3,1014.5,80.0,90.0,69.0
2021-01-19,5000C,CEUTA,51,CEUTA,355319N,052049W,87.0,16.0,10.8,13.4,0.0,34.0,1.7,5.8,7.3,1017.0,1011.0,78.0,91.0,66.0
2021-01-20,5000C,CEUTA,51,CEUTA,355319N,052049W,87.0,16.5,10.5,13.5,5.2,22.0,3.9,16.4,2.4,1011.1,1003.3,73.0,88.0,62.0
2021-01-21,5000C,CEUTA,51,CEUTA,355319N,052049W,87.0,18.7,13.7,16.2,1.8,28.0,3.1,12.2,5.8,1012.8,1008.5,72.0,86.0,60.0
2021-01-22,5000C,CEUTA,51,CEUTA,355319N,052049W,87.0,17.8,14.2,16.0,1.4,31.0,5.6,18.9,7.3,1013.7,1006.7,71.0,88.0,55.0
2021-01-23,5000C,CEUTA,51,CEUTA,355319N,052049W,87.0,17.4,13.7,15.6,1.0,26.0,3.3,11.7,3.7,1013.5,1010.0,70.0,86.0,61.0
2021-01-24,5000C,CEUTA,51,CEUTA,355319N,052049W,87.0,16.6,14.3,15.4,9.4,25.0,3.1,13.3,0.7,1010.2,1008.1,85.0,93.0,74.0
2021-01-25,5000C,CEUTA,51,CEUTA,355319N,052049W,87.0,19.0,14.8,16.9,3.4,26.0,3.1,15.3,6.4,1013.5,1009.0,79.0,90.0,66.0
2021-01-26,5000C,CEUTA,51,CEUTA,355319N,052049W,87.0,19.2,15.6,17.4,0.0,24.0,2.8,11.4,3.7,1016.6,1013.3,81.0,86.0,72.0
2021-01-27,5000C,CEUTA,51,CEUTA,355319N,052049W,87.0,23.0,15.2,19.1,0.0,30.0,2.5,9.4,8.5,1015.9,1013.0,74.0,92.0,57.0
2021-01-28,5000C,CEUTA,51,CEUTA,355319N,052049W,87.0,18.8,13.2,16.0,0.0,17.0,1.7,4.2,9.0,1015.1,1012.6,90.0,95.0,78.0
2021-01-29,5000C,CEUTA,51,CEUTA,355319N,052049W,87.0,19.7,12.9,16.3,0.0,22.0,3.1,11.7,8.6,1013.2,1011.0,73.0,96.0,65.0
2021-01-30,5000C,CEUTA,51,CEUTA,355319N,052049W,87.0,18.6,14.1,16.4,0.6,22.0,3.6,19.2,4.1,1012.1,1008.8,75.0,87.0,67.0
2021-01-31,5000C,CEUTA,51,CEUTA,355319N,052049W,87.0,17.2,13.9,15.6,1.4,25.0,4.4,18.1,3.0,1013.6,1010.4,75.0,80.0,68.0
2021-02-01,5000C,CEUTA,51,CEUTA,355319N,052049W,87.0,18.6,14.5,16.6,0.4,28.0,3.3,12.5,4.2,1012.7,1010.1,79.0,91.0,71.0
2021-02-02,5000C,CEUTA,51,CEUTA,355319N,052049W,87.0,19.2,13.7,16.4,0.0,29.0,1.9,11.7,9.0,1010.6,1006.7,73.0,84.0,62.0
2021-02-03,5000C,CEUTA,51,CEUTA,355319N,052049W,87.0,18.6,13.6,16.1,0.0,33.0,3.6,11.4,5.7,1007.9,1003.8,71.0,83.0,64.0
2021-02-04,5000C,CEUTA,51,CEUTA,355319N,052049W,87.0,16.5,12.3,14.4,0.0,19.0,2.2,6.1,1.8,1003.8,995.5,87.0,91.0,71.0
2021-02-05,5000C,CEUTA,51,CEUTA,355319N,052049W,87.0,17.5,12.6,15.0,1.4,26.0,1.9,10.0,1.8,995.6,992.8,68.0,90.0,54.0
2021-02-06,5000C,CEUTA,51,CEUTA,355319N,052049W,87.0,15.7,10.2,13.0,20.2,24.0,2.8,12.2,2.9,1000.2,994.7,77.0,87.0,68.0
2021-02-07,5000C,CEUTA,51,CEUTA,355319N,052049W,87.0,14.8,10.0,12.4,1.2,22.0,4.4,16.1,4.8,1005.7,999.6,78.0,92.0,60.0
2021-02-08,5000C,CEUTA,51,CEUTA,355319N,052049W,87.0,17.0,12.6,14.8,26.2,20.0,3.9,14.7,3.5,1005.6,998.9,79.0,91.0,66.0
2021-02-09,5000C,CEUTA,51,CEUTA,355319N,052049W,87.0,16.4,13.7,15.0,10.8,26.0,3.3,16.4,0.4,1005.0,1002.4,82.0,90.0,70.0
2021-02-10,5000C,CEUTA,51,CEUTA,355319N,052049W,87.0,18.7,15.1,16.9,0.0,25.0,5.3,16.9,5.8,1010.8,1004.1,76.0,86.0,70.0
2021-02-11,5000C,CEUTA,51,CEUTA,355319N,052049W,87.0,20.6,13.2,16.9,0.0,33.0,1.4,10.3,9.0,1011.3,1009.2,71.0,89.0,57.0
2021-02-12,5000C,CEUTA,51,CEUTA,355319N,052049W,87.0,19.2,13.8,16.5,0.2,30.0,2.8,12.8,5.7,1014.1,1011.0,71.0,90.0,52.0
2021-02-13,5000C,CEUTA,51,CEUTA,355319N,052049W,87.0,19.4,12.2,15.8,0.0,32.0,1.4,9.4,9.3,1015.5,1013.2,67.0,78.0,46.0
2021-02-14,5000C,CEUTA,51,CEUTA,355319N,052049W,87.0,17.8,12.3,15.0,0.0,10.0,3.6,10.8,6.4,1020.8,1014.1,85.0,93.0,40.0
2021-02-15,5000C,CEUTA,51,CEUTA,355319N,052049W,87.0,16.4,14.2,15.3,0.0,9.0,6.4,13.9,1.6,1022.1,1019.8,79.0,86.0,73.0
2021-02-16,5000C,CEUTA,51,CEUTA,355319N,052049W,87.0,16.4,13.5,15.0,0.0,12.0,3.9,8.9,4.1,1020.7,1015.4,78.0,85.0,71.0
2021-02-17,5000C,CEUTA,51,CEUTA,355319N,052049W,87.0,15.3,11.3,13.3,0.0,15.0,2.2,6.1,3.2,1015.4,1009.5,78.0,90.0,72.0
2021-02-18,5000C,CEUTA,51,CEUTA,355319N,052049W,87.0,18.5,10.7,14.6,0.0,3.0,1.4,5.8,9.5,1010.5,1008.4,80.0,93.0,63.0
2021-02-19,5000C,CEUTA,51,CEUTA,355319N,052049W,87.0,16.9,11.7,14.3,0.0,19.0,1.7,6.1,5.4,1010.8,1008.0,83.0,94.0,72.0
2021-02-20,5000C,CEUTA,51,CEUTA,355319N,052049W,87.0,16.2,13.6,14.9,0.0,10.0,2.8,6.1,0.0,1008.0,1000.2,78.0,85.0,74.0
2021-02-21,5000C,CEUTA,51,CEUTA,355319N,052049W,87.0,14.7,11.2,13.0,11.2,24.0,2.2,15.3,1.6,1006.8,996.2,80.0,93.0,67.0
2021-02-22,5000C,CEUTA,51,CEUTA,355319N,052049W,87.0,17.1,9.2,13.2,2.0,28.0,2.5,10.8,7.8,1016.3,1006.8,66.0,87.0,52.0
2021-02-23,5000C,CEUTA,51,CEUTA,355319N,052049W,87.0,17.3,9.5,13.4,0.0,10.0,4.2,14.2,9.7,1021.1,1016.3,75.0,92.0,59.0
2021-02-24,5000C,CEUTA,51,CEUTA,355319N,052049W,87.0,16.8,14.1,15.4,0.0,11.0,6.1,14.4,2.4,1021.0,1016.7,84.0,88.0,75.0
2021-02-25,5000C,CEUTA,51,CEUTA,355319N,052049W,87.0,16.3,14.3,15.3,1.2,12.0,3.9,10.0,0.2,1017.5,1014.1,88.0,91.0,84.0
2021-02-26,5000C,CEUTA,51,CEUTA,355319N,052049W,87.0,15.2,14.2,14.7,0.0,10.0,6.1,13.1,0.0,1015.5,1012.7,86.0,93.0,81.0
2021-02-27,5000C,CEUTA,51,CEUTA,355319N,052049W,87.0,15.5,14.0,14.8,0.0,8.0,5.6,12.5,0.5,1014.5,1009.4,81.0,85.0,76.0
2021-02-28,5000C,CEUTA,51,CEUTA,355319N,052049W,87.0,15.1,13.0,14.0,22.8,8.0,6.7,13.3,0.0,1009.4,1005.6,83.0,93.0,78.0
2021-03-01,5000C,CEUTA,51,CEUTA,355319N,052049W,87.0,15.9,12.6,14.2,3.2,99.0,5.6,13.3,0.3,1010.0,1005.5,84.0,93.0,80.0
2021-03-02,5000C,CEUTA,51,CEUTA,355319N,052049W,87.0,16.6,12.8,14.7,0.0,13.0,4.2,8.6,4.9,1015.3,1010.0,84.0,95.0,77.0
2021-03-03,5000C,CEUTA,51,CEUTA,355319N,052049W,87.0,17.1,14.1,15.6,0.0,11.0,4.2,11.9,3.2,1017.1,1013.8,82.0,90.0,75.0
2021-03-04,5000C,CEUTA,51,CEUTA,355319N,052049W,87.0,15.4,13.9,14.6,4.2,11.0,4.7,11.1,0.1,1013.8,1006.2,86.0,91.0,83.0
2021-03-05,5000C,CEUTA,51,CEUTA,355319N,052049W,87.0,17.0,11.7,14.4,134.2,10.0,2.5,8.9,1.1,1006.2,1002.7,89.0,99.0,71.0
2021-03-06,5000C,CEUTA,51,CEUTA,355319N,052049W,87.0,14.4,12.6,13.5,58.2,8.0,5.6,14.2,0.0,1007.6,1003.8,95.0,99.0,91.0
2021-03-07,5000C,CEUTA,51,CEUTA,355319N,052049W,87.0,17.1,12.4,14.8,3.0,12.0,1.1,8.3,2.7,1007.8,1004.8,83.0,97.0,68.0
2021-03-08,5000C,CEUTA,51,CEUTA,355319N,052049W,87.0,17.3,11.4,14.4,0.0,30.0,1.9,11.9,9.7,1005.9,1003.4,69.0,85.0,61.0
2021-03-09,5000C,CEUTA,51,CEUTA,355319N,052049W,87.0,17.8,9.6,13.7,0.0,32.0,2.5,9.7,9.1,1010.9,1004.9,72.0,87.0,55.0
2021-03-10,5000C,CEUTA,51,CEUTA,355319N,052049W,87.0,17.8,11.2,14.5,0.0,99.0,1.7,4.7,10.5,1016.2,1010.3,78.0,95.0,60.0
2021-03-11,5000C,CEUTA,51,CEUTA,355319N,052049W,87.0,18.9,11.3,15.1,0.0,18.0,1.4,4.2,10.6,1017.7,1014.2,71.0,94.0,46.0
2021-03-12,5000C,CEUTA,51,CEUTA,355319N,052049W,87.0,20.8,13.8,17.3,0.0,32.0,2.8,13.1,10.7,1014.2,1010.1,62.0,73.0,49.0
2021-03-13,5000C,CEUTA,51,CEUTA,355319N,052049W,87.0,20.5,12.3,16.4,0.0,31.0,2.5,9.2,10.7,1013.2,1010.2,52.0,73.0,41.0
2021-03-14,5000C,CEUTA,51,CEUTA,355319N,052049W,87.0,18.5,12.8,15.6,0.0,99.0,2.2,8.3,10.4,1013.5,1011.6,70.0,92.0,48.0
2021-03-15,5000C,CEUTA,51,CEUTA,355319N,052049W,87.0,17.8,13.9,15.8,0.0,10.0,4.2,9.7,7.6,1012.8,1010.6,82.0,93.0,69.0
2021-03-16,5000C,CEUTA,51,CEUTA,355319N,052049W,87.0,18.1,14.2,16.2,0.0,12.0,5.3,10.8,7.9,1012.7,1010.4,80.0,90.0,72.0
2021-03-17,5000C,CEUTA,51,CEUTA,355319N,052049W,87.0,17.4,13.7,15.6,0.0,8.0,6.7,14.2,7.5,1012.3,1006.7,80.0,86.0,72.0
2021-03-18,5000C,CEUTA,51,CEUTA,355319N,052049W,87.0,18.0,13.6,15.8,0.0,12.0,4.2,9.7,8.1,1006.7,1002.1,80.0,87.0,70.0
2021-03-19,5000C,CEUTA,51,CEUTA,355319N,052049W,87.0,16.8,12.4,14.6,3.2,12.0,2.5,9.4,7.8,1003.6,999.6,75.0,90.0,52.0
2021-03-20,5000C,CEUTA,51,CEUTA,355319N,052049W,87.0,14.3,7.0,10.6,7.4,5.0,1.7,18.6,1.6,1008.3,998.5,88.0,96.0,46.0
2021-03-21,5000C,CEUTA,51,CEUTA,355319N,052049W,87.0,15.5,9.7,12.6,0.0,15.0,2.5,8.6,6.8,1011.9,1008.3,67.0,85.0,43.0
2021-03-22,5000C,CEUTA,51,CEUTA,355319N,052049W,87.0,19.8,10.5,15.2,0.0,30.0,2.8,8.3,11.0,1010.1,1007.3,41.0,54.0,36.0
2021-03-23,5000C,CEUTA,51,CEUTA,355319N,052049W,87.0,20.2,11.8,16.0,0.0,6.0,1.4,3.9,11.1,1013.6,1009.9,52.0,65.0,40.0
2021-03-24,5000C,CEUTA,51,CEUTA,355319N,052049W,87.0,22.6,12.2,17.4,0.0,28.0,1.7,7.2,11.1,1015.3,1012.4,51.0,68.0,23.0
2021-03-25,5000C,CEUTA,51,CEUTA,355319N,052049W,87.0,19.9,11.3,15.6,0.0,26.0,1.7,4.2,11.1,1014.5,1012.0,59.0,83.0,41.0
2021-03-26,5000C,CEUTA,51,CEUTA,355319N,052049W,87.0,20.3,11.6,16.0,0.0,18.0,2.2,4.2,9.2,1013.3,1010.6,70.0,83.0,41.0
2021-03-27,5000C,CEUTA,51,CEUTA,355319N,052049W,87.0,19.0,13.1,16.0,0.0,8.0,3.6,10.0,8.6,1014.3,1009.4,82.0,95.0,39.0
2021-03-28,5000C,CEUTA,51,CEUTA,355319N,052049W,87.0,17.9,15.2,16.6,0.0,10.0,6.4,12.5,3.6,1016.0,1013.2,85.0,91.0,76.0
2021-03-29,5000C,CEUTA,51,CEUTA,355319N,052049W,87.0,17.4,15.1,16.2,0.0,10.0,5.3,12.2,0.6,1014.7,1011.6,88.0,93.0,81.0
2021-03-30,5000C,CEUTA,51,CEUTA,355319N,052049W,87.0,18.3,15.0,16.6,0.0,6.0,4.2,12.8,1.8,1013.4,1009.5,87.0,93.0,79.0
2021-03-31,5000C,CEUTA,51,CEUTA,355319N,052049W,87.0,16.8,14.9,15.8,0.0,9.0,5.8,12.2,1.0,1010.0,1004.8,88.0,92.0,84.0
2021-04-01,5000C,CEUTA,51,CEUTA,355319N,052049W,87.0,19.0,14.6,16.8,0.0,12.0,1.4,7.5,7.8,1008.0,1003.9,86.0,94.0,72.0
2021-04-02,5000C,CEUTA,51,CEUTA,355319N,052049W,87.0,20.4,14.8,17.6,0.0,28.0,3.3,9.2,10.0,1009.2,1005.9,69.0,86.0,54.0
2021-04-03,5000C,CEUTA,51,CEUTA,355319N,052049W,87.0,19.9,14.7,17.3,0.0,30.0,3.6,12.5,11.1,1005.9,1001.3,72.0,82.0,62.0
2021-04-04,5000C,CEUTA,51,CEUTA,355319N,052049W,87.0,22.2,14.7,18.4,0.0,28.0,2.2,10.3,11.1,1007.5,1001.4,63.0,86.0,56.0
2021-04-05,5000C,CEUTA,51,CEUTA,355319N,052049W,87.0,19.6,15.1,17.4,0.0,9.0,3.9,8.6,9.3,1008.5,1006.2,80.0,93.0,69.0
2021-04-06,5000C,CEUTA,51,CEUTA,355319N,052049W,87.0,19.1,14.6,16.8,0.0,15.0,2.8,5.6,10.2,1006.5,1000.9,77.0,93.0,55.0
2021-04-07,5000C,CEUTA,51,CEUTA,355319N,052049W,87.0,23.7,15.6,19.6,0.0,11.0,3.1,12.2,7.1,1010.5,1000.3,72.0,88.0,48.0
2021-04-08,5000C,CEUTA,51,CEUTA,355319N,052049W,87.0,16.3,14.6,15.4,0.0,10.0,6.1,13.9,0.0,1011.5,1008.6,79.0,86.0,75.0
2021-04-09,5000C,CEUTA,51,CEUTA,355319N,052049W,87.0,16.0,14.1,15.0,0.0,8.0,4.2,9.7,0.0,1009.1,1005.0,86.0,93.0,82.0
2021-04-10,5000C,CEUTA,51,CEUTA,355319N,052049W,87.0,19.3,13.8,16.6,0.0,5.0,2.2,5.8,4.7,1006.1,1003.0,87.0,94.0,69.0
2021-04-11,5000C,CEUTA,51,CEUTA,355319N,052049W,87.0,21.7,13.3,17.5,0.0,32.0,2.8,10.3,7.5,1008.8,1005.0,73.0,90.0,58.0
2021-04-12,5000C,CEUTA,51,CEUTA,355319N,052049W,87.0,20.3,14.0,17.2,0.0,10.0,3.1,9.4,8.6,1012.5,1008.8,77.0,89.0,62.0
2021-04-13,5000C,CEUTA,51,CEUTA,355319N,052049W,87.0,17.4,15.5,16.4,0.0,8.0,5.6,10.8,0.8,1012.5,1008.6,83.0,88.0,78.0
2021-04-14,5000C,CEUTA,51,CEUTA,355319N,052049W,87.0,15.5,13.6,14.6,6.8,11.0,3.6,10.3,0.0,1009.8,1004.6,93.0,96.0,81.0
2021-04-15,5000C,CEUTA,51,CEUTA,355319N,052049W,87.0,14.8,13.9,14.4,3.0,12.0,3.1,10.3,0.0,1005.0,1003.1,96.0,97.0,77.0
2021-04-16,5000C,CEUTA,51,CEUTA,355319N,052049W,87.0,17.3,13.4,15.4,0.0,12.0,3.9,8.9,6.3,1008.5,1005.0,83.0,95.0,74.0
2021-04-17,5000C,CEUTA,51,CEUTA,355319N,052049W,87.0,21.4,12.8,17.1,0.0,32.0,2.2,10.8,11.8,1008.5,1006.5,75.0,94.0,51.0
2021-04-18,5000C,CEUTA,51,CEUTA,355319N,052049W,87.0,20.9,15.1,18.0,0.0,31.0,1.9,9.7,12.0,1010.8,1006.5,72.0,93.0,52.0
2021-04-19,5000C,CEUTA,51,CEUTA,355319N,052049W,87.0,19.0,14.9,17.0,0.0,17.0,2.8,6.1,11.7,1009.8,1006.6,79.0,94.0,58.0
2021-04-20,5000C,CEUTA,51,CEUTA,355319N,052049W,87.0,21.0,14.0,17.5,0.0,24.0,3.6,11.1,12.0,1006.8,1003.3,64.0,81.0,55.0
2021-04-21,5000C,CEUTA,51,CEUTA,355319N,052049W,87.0,21.1,15.5,18.3,0.0,30.0,2.8,11.4,7.0,1004.8,1002.0,72.0,83.0,59.0
2021-04-22,5000C,CEUTA,51,CEUTA,355319N,052049W,87.0,22.3,16.0,19.2,0.0,24.0,1.9,8.1,5.1,1005.0,1003.0,72.0,88.0,60.0
2021-04-23,5000C,CEUTA,51,CEUTA,355319N,052049W,87.0,17.6,16.2,16.9,0.0,10.0,5.6,11.9,0.0,1006.7,1004.3,86.0,91.0,82.0
2021-04-24,5000C,CEUTA,51,CEUTA,355319N,052049W,87.0,16.4,15.1,15.8,4.2,11.0,4.4,13.3,0.0,1005.7,1000.2,92.0,97.0,83.0
2021-04-25,5000C,CEUTA,51,CEUTA,355319N,052049W,87.0,16.6,14.3,15.4,4.6,13.0,1.9,11.4,0.4,1001.5,998.6,88.0,96.0,85.0
2021-04-26,5000C,CEUTA,51,CEUTA,355319N,052049W,87.0,19.8,14.1,17.0,11.0,18.0,1.7,8.9,2.5,1000.0,998.0,85.0,94.0,71.0
2021-04-27,5000C,CEUTA,51,CEUTA,355319N,052049W,87.0,20.7,15.8,18.2,5.6,29.0,2.5,11.1,4.8,998.8,996.8,83.0,93.0,70.0
2021-04-28,5000C,CEUTA,51,CEUTA,355319N,052049W,87.0,21.4,15.3,18.4,0.0,25.0,1.9,9.7,8.5,998.8,996.0,72.0,93.0,60.0
2021-04-29,5000C,CEUTA,51,CEUTA,355319N,052049W,87.0,20.2,14.1,17.2,0.0,29.0,2.5,11.1,9.5,,,64.0,80.0,51.0
2021-04-30,5000C,CEUTA,51,CEUTA,355319N,052049W,87.0,19.6,14.4,17.0,0.0,29.0,1.9,10.3,4.3,1003.6,999.1,67.0,76.0,53.0
2021-05-01,5000C,CEUTA,51,CEUTA,355319N,052049W,87.0,18.9,14.0,16.4,0.0,29.0,2.2,9.7,12.4,1007.6,1003.1,52.0,78.0,41.0
2021-05-02,5000C,CEUTA,51,CEUTA,355319N,052049W,87.0,21.1,13.6,17.4,0.0,29.0,3.3,8.9,12.5,1007.2,1003.8,47.0,79.0,35.0
2021-05-03,5000C,CEUTA,51,CEUTA,355319N,052049W,87.0,18.1,13.8,16.0,0.0,11.0,4.4,11.9,0.3,1008.3,1005.4,85.0,88.0,76.0
2021-05-04,5000C,CEUTA,51,CEUTA,355319N,052049W,87.0,19.2,15.9,17.6,0.0,9.0,5.0,11.1,1.5,1008.0,1005.6,84.0,93.0,76.0
2021-05-05,5000C,CEUTA,51,CEUTA,355319N,052049W,87.0,20.3,15.6,18.0,0.0,15.0,3.1,6.4,12.2,1007.3,1004.9,80.0,93.0,70.0
2021-05-06,5000C,CEUTA,51,CEUTA,355319N,052049W,87.0,21.1,15.4,18.2,0.0,17.0,2.2,5.8,12.1,1008.2,1006.0,79.0,93.0,73.0
2021-05-07,5000C,CEUTA,51,CEUTA,355319N,052049W,87.0,24.3,16.0,20.2,0.0,17.0,2.5,4.7,12.4,1008.3,1006.2,73.0,94.0,57.0
2021-05-08,5000C,CEUTA,51,CEUTA,355319N,052049W,87.0,23.2,16.1,19.6,1.4,12.0,2.2,9.4,11.7,1006.6,1001.2,79.0,98.0,61.0
2021-05-09,5000C,CEUTA,51,CEUTA,355319N,052049W,87.0,23.7,15.2,19.4,1.8,30.0,3.3,12.5,6.2,1003.7,999.5,73.0,92.0,49.0
2021-05-10,5000C,CEUTA,51,CEUTA,355319N,052049W,87.0,20.7,15.6,18.2,0.6,28.0,3.1,13.3,6.7,1009.9,1003.1,66.0,81.0,50.0
2021-05-11,5000C,CEUTA,51,CEUTA,355319N,052049W,87.0,21.3,13.2,17.2,0.0,30.0,3.1,10.3,12.5,1013.3,1009.6,49.0,76.0,40.0
2021-05-12,5000C,CEUTA,51,CEUTA,355319N,052049W,87.0,23.2,15.1,19.2,0.0,30.0,2.2,11.1,12.8,1011.4,1009.5,50.0,77.0,34.0
2021-05-13,5000C,CEUTA,51,CEUTA,355319N,052049W,87.0,25.1,16.4,20.8,0.0,28.0,3.1,14.7,12.7,1009.9,1005.6,49.0,77.0,30.0
2021-05-14,5000C,CEUTA,51,CEUTA,355319N,052049W,87.0,26.3,16.8,21.6,0.0,32.0,3.6,11.1,12.7,1007.5,1004.9,46.0,84.0,26.0
2021-05-15,5000C,CEUTA,51,CEUTA,355319N,052049W,87.0,25.5,15.8,20.6,0.0,36.0,1.7,8.9,10.9,1007.5,1003.6,72.0,94.0,45.0
2021-05-16,5000C,CEUTA,51,CEUTA,355319N,052049W,87.0,31.2,21.8,26.5,0.0,32.0,1.7,10.0,12.4,1004.9,1002.3,40.0,49.0,29.0
2021-05-17,5000C,CEUTA,51,CEUTA,355319N,052049W,87.0,31.4,18.2,24.8,0.0,32.0,3.1,12.2,12.7,1009.9,1002.7,36.0,95.0,27.0
2021-05-18,5000C,CEUTA,51,CEUTA,355319N,052049W,87.0,22.6,17.9,20.2,0.0,14.0,2.8,6.1,6.0,1011.6,1007.6,79.0,95.0,63.0
2021-05-19,5000C,CEUTA,51,CEUTA,355319N,052049W,87.0,27.4,18.9,23.2,0.0,6.0,1.7,6.9,9.2,1011.7,1006.4,61.0,87.0,38.0
2021-05-20,5000C,CEUTA,51,CEUTA,355319N,052049W,87.0,22.1,18.2,20.2,0.0,12.0,5.6,11.1,4.6,1012.9,1009.7,81.0,92.0,72.0
2021-05-21,5000C,CEUTA,51,CEUTA,355319N,052049W,87.0,22.0,18.0,20.0,0.0,9.0,2.5,8.6,8.8,1009.9,1003.4,77.0,89.0,40.0
2021-05-22,5000C,CEUTA,51,CEUTA,355319N,052049W,87.0,29.2,20.0,24.6,0.0,32.0,1.7,9.4,8.1,1003.6,1001.1,39.0,59.0,19.0
2021-05-23,5000C,CEUTA,51,CEUTA,355319N,052049W,87.0,23.5,17.1,20.3,0.0,29.0,4.4,15.8,8.0,1011.9,1000.7,53.0,65.0,26.0
2021-05-24,5000C,CEUTA,51,CEUTA,355319N,052049W,87.0,25.3,15.5,20.4,0.0,23.0,2.5,8.3,12.8,1012.3,1009.2,38.0,71.0,15.0
2021-05-25,5000C,CEUTA,51,CEUTA,355319N,052049W,87.0,22.7,15.8,19.2,0.0,10.0,3.6,8.9,12.7,1010.2,1008.3,68.0,90.0,50.0
2021-05-26,5000C,CEUTA,51,CEUTA,355319N,052049W,87.0,22.0,17.6,19.8,0.2,12.0,5.0,12.5,9.2,1010.0,1006.7,78.0,91.0,68.0
2021-05-27,5000C,CEUTA,51,CEUTA,355319N,052049W,87.0,17.7,16.1,16.9,8.8,8.0,2.5,8.9,0.0,1007.1,1005.4,93.0,96.0,88.0
2021-05-28,5000C,CEUTA,51,CEUTA,355319N,052049W,87.0,21.1,16.5,18.8,0.0,10.0,4.2,8.9,8.4,1008.0,1004.7,83.0,93.0,73.0
2021-05-29,5000C,CEUTA,51,CEUTA,355319N,052049W,87.0,21.8,17.6,19.7,0.0,10.0,3.9,8.1,7.3,1009.6,1007.2,84.0,94.0,76.0
2021-05-30,5000C,CEUTA,51,CEUTA,355319N,052049W,87.0,21.1,18.2,19.6,0.0,9.0,3.3,7.8,0.3,1008.3,1005.3,88.0,95.0,81.0
2021-05-31,5000C,CEUTA,51,CEUTA,355319N,052049W,87.0,23.6,17.9,20.8,0.0,30.0,1.9,9.7,4.0,1006.0,1002.3,85.0,94.0,72.0
2021-06-01,5000C,CEUTA,51,CEUTA,355319N,052049W,87.0,23.5,16.5,20.0,0.0,28.0,2.8,11.4,11.6,1004.0,1002.0,58.0,84.0,51.0
2021-06-02,5000C,CEUTA,51,CEUTA,355319N,052049W,87.0,23.7,15.1,19.4,0.0,16.0,2.5,5.6,13.1,1006.4,1002.0,63.0,87.0,56.0
2021-06-03,5000C,CEUTA,51,CEUTA,355319N,052049W,87.0,22.1,17.0,19.6,0.0,6.0,2.2,6.1,10.6,1010.0,1005.7,80.0,92.0,66.0
2021-06-04,5000C,CEUTA,51,CEUTA,355319N,052049W,87.0,20.7,17.9,19.3,1.2,4.0,2.5,6.7,1.8,1010.8,1007.7,90.0,96.0,85.0
2021-06-05,5000C,CEUTA,51,CEUTA,355319N,052049W,87.0,23.0,18.3,20.6,0.0,16.0,2.2,6.7,5.1,1012.6,1009.2,87.0,95.0,77.0
2021-06-06,5000C,CEUTA,51,CEUTA,355319N,052049W,87.0,22.7,17.9,20.3,0.0,16.0,2.5,6.4,10.7,1012.2,1008.6,85.0,96.0,75.0
2021-06-07,5000C,CEUTA,51,CEUTA,355319N,052049W,87.0,24.3,18.8,21.6,0.0,8.0,3.6,8.6,10.9,1010.1,1007.6,85.0,97.0,74.0
2021-06-08,5000C,CEUTA,51,CEUTA,355319N,052049W,87.0,24.1,18.8,21.4,0.0,11.0,2.8,6.4,9.2,1009.9,1007.9,84.0,96.0,74.0
2021-06-09,5000C,CEUTA,51,CEUTA,355319N,052049W,87.0,24.7,19.2,22.0,0.0,14.0,2.2,5.0,10.3,1010.0,1007.7,79.0,92.0,65.0
2021-06-10,5000C,CEUTA,51,CEUTA,355319N,052049W,87.0,24.0,19.3,21.6,0.0,12.0,2.2,5.3,8.5,1008.4,1005.6,85.0,94.0,63.0
2021-06-11,5000C,CEUTA,51,CEUTA,355319N,052049W,87.0,25.0,19.9,22.4,0.0,5.0,3.1,5.8,8.1,1006.4,1003.8,84.0,95.0,69.0
2021-06-12,5000C,CEUTA,51,CEUTA,355319N,052049W,87.0,24.9,19.1,22.0,0.0,16.0,2.8,7.2,9.9,1008.1,1005.1,82.0,94.0,71.0
2021-06-13,5000C,CEUTA,51,CEUTA,355319N,052049W,87.0,25.0,19.8,22.4,0.0,8.0,2.2,6.4,9.3,1009.6,1007.1,80.0,96.0,70.0
2021-06-14,5000C,CEUTA,51,CEUTA,355319N,052049W,87.0,28.5,20.0,24.2,0.0,18.0,1.4,6.7,9.6,1009.1,1005.8,70.0,92.0,41.0
2021-06-15,5000C,CEUTA,51,CEUTA,355319N,052049W,87.0,26.6,18.6,22.6,0.0,13.0,1.9,5.0,11.0,1006.7,1003.3,70.0,86.0,57.0
2021-06-16,5000C,CEUTA,51,CEUTA,355319N,052049W,87.0,26.2,19.3,22.8,0.0,29.0,3.1,12.2,11.5,1004.9,1000.8,60.0,86.0,48.0
2021-06-17,5000C,CEUTA,51,CEUTA,355319N,052049W,87.0,26.4,18.9,22.6,0.0,28.0,2.8,9.2,5.0,1004.6,1002.5,67.0,77.0,56.0
2021-06-18,5000C,CEUTA,51,CEUTA,355319N,052049W,87.0,26.1,18.4,22.2,0.0,29.0,3.3,15.6,10.5,1007.8,1002.9,62.0,80.0,49.0
2021-06-19,5000C,CEUTA,51,CEUTA,355319N,052049W,87.0,24.1,17.6,20.8,0.0,32.0,1.9,14.2,10.7,1008.0,1006.0,57.0,79.0,44.0
2021-06-20,5000C,CEUTA,51,CEUTA,355319N,052049W,87.0,23.9,17.7,20.8,1.2,30.0,3.6,11.9,8.3,1007.4,1004.3,67.0,79.0,51.0
2021-06-21,5000C,CEUTA,51,CEUTA,355319N,052049W,87.0,24.0,17.4,20.7,0.0,33.0,2.5,10.0,11.4,1006.2,1003.7,61.0,93.0,41.0
2021-06-22,5000C,CEUTA,51,CEUTA,355319N,052049W,87.0,24.7,18.3,21.5,0.0,25.0,3.1,11.4,12.5,1006.8,1004.5,60.0,79.0,49.0
2021-06-23,5000C,CEUTA,51,CEUTA,355319N,052049W,87.0,29.2,19.1,24.2,0.0,31.0,1.9,11.4,13.1,1007.2,1004.6,55.0,92.0,34.0
2021-06-24,5000C,CEUTA,51,CEUTA,355319N,052049W,87.0,24.4,18.6,21.5,0.0,9.0,4.2,9.7,4.1,1009.5,1006.3,83.0,93.0,74.0
2021-06-25,5000C,CEUTA,51,CEUTA,355319N,052049W,87.0,24.5,20.2,22.4,0.0,8.0,4.4,10.0,8.4,1009.3,1007.1,83.0,93.0,73.0
2021-06-26,5000C,CEUTA,51,CEUTA,355319N,052049W,87.0,24.8,19.1,22.0,0.0,11.0,2.8,6.1,9.0,1008.4,1005.1,81.0,93.0,68.0
2021-06-27,5000C,CEUTA,51,CEUTA,355319N,052049W,87.0,29.1,18.2,23.6,0.0,29.0,1.9,13.3,12.9,1006.1,1003.9,53.0,93.0,23.0
2021-06-28,5000C,CEUTA,51,CEUTA,355319N,052049W,87.0,26.9,19.2,23.0,0.0,27.0,2.8,10.8,13.1,1006.8,1004.6,43.0,74.0,17.0
2021-06-29,5000C,CEUTA,51,CEUTA,355319N,052049W,87.0,32.2,21.2,26.7,0.0,24.0,2.5,12.2,13.1,1005.9,1003.9,39.0,60.0,26.0
2021-06-30,5000C,CEUTA,51,CEUTA,355319N,052049W,87.0,25.0,17.8,21.4,0.0,35.0,3.1,9.4,8.4,1007.0,1004.5,80.0,95.0,38.0
2021-07-01,5000C,CEUTA,51,CEUTA,355319N,052049W,87.0,25.8,20.2,23.0,0.0,10.0,2.8,6.1,10.1,1008.2,1005.9,73.0,88.0,64.0
2021-07-02,5000C,CEUTA,51,CEUTA,355319N,052049W,87.0,30.5,18.8,24.6,0.0,33.0,1.7,7.5,12.7,1007.8,1005.2,59.0,93.0,18.0
2021-07-03,5000C,CEUTA,51,CEUTA,355319N,052049W,87.0,32.7,22.9,27.8,0.0,30.0,2.5,12.8,12.6,1007.7,1004.3,33.0,56.0,15.0
2021-07-04,5000C,CEUTA,51,CEUTA,355319N,052049W,87.0,31.8,20.6,26.2,0.0,29.0,2.2,9.2,13.1,1007.7,1004.2,39.0,81.0,16.0
2021-07-05,5000C,CEUTA,51,CEUTA,355319N,052049W,87.0,34.6,23.1,28.8,0.0,30.0,3.1,11.9,12.8,1005.0,1002.1,38.0,59.0,29.0
2021-07-06,5000C,CEUTA,51,CEUTA,355319N,052049W,87.0,29.6,21.4,25.5,0.0,28.0,4.7,11.9,13.1,1006.1,1003.1,57.0,73.0,36.0
2021-07-07,5000C,CEUTA,51,CEUTA,355319N,052049W,87.0,27.6,21.1,24.4,0.0,24.0,3.3,11.9,10.7,1008.3,1004.9,43.0,69.0,25.0
2021-07-08,5000C,CEUTA,51,CEUTA,355319N,052049W,87.0,28.2,20.3,24.2,0.0,29.0,2.5,8.9,10.7,1009.9,1006.1,67.0,91.0,32.0
2021-07-09,5000C,CEUTA,51,CEUTA,355319N,052049W,87.0,25.3,21.3,23.3,0.0,7.0,4.7,13.3,0.6,1009.6,1006.5,88.0,96.0,75.0
2021-07-10,5000C,CEUTA,51,CEUTA,355319N,052049W,87.0,26.3,21.5,23.9,0.0,9.0,4.2,9.4,5.2,1007.7,1004.8,79.0,94.0,68.0
2021-07-11,5000C,CEUTA,51,CEUTA,355319N,052049W,87.0,30.1,21.4,25.8,0.0,26.0,3.3,8.6,4.2,1006.7,1003.7,84.0,95.0,45.0
2021-07-12,5000C,CEUTA,51,CEUTA,355319N,052049W,87.0,31.4,22.8,27.1,0.0,22.0,2.8,20.6,10.8,1008.7,1003.5,41.0,63.0,22.0
2021-07-13,5000C,CEUTA,51,CEUTA,355319N,052049W,87.0,30.7,20.3,25.5,0.0,32.0,2.5,10.3,12.9,1008.5,1005.9,42.0,69.0,27.0
2021-07-14,5000C,CEUTA,51,CEUTA,355319N,052049W,87.0,25.5,18.7,22.1,0.0,8.0,3.3,8.6,5.2,1008.3,1005.5,80.0,94.0,69.0
2021-07-15,5000C,CEUTA,51,CEUTA,355319N,052049W,87.0,26.0,21.0,23.5,0.0,11.0,4.7,10.8,9.1,1008.0,1005.4,82.0,95.0,71.0
2021-07-16,5000C,CEUTA,51,CEUTA,355319N,052049W,87.0,26.0,21.2,23.6,0.0,9.0,4.4,9.4,8.2,1008.3,1006.1,82.0,93.0,71.0
2021-07-17,5000C,CEUTA,51,CEUTA,355319N,052049W,87.0,28.5,21.0,24.8,0.0,99.0,2.8,5.3,11.5,1007.7,1005.2,80.0,96.0,55.0
2021-07-18,5000C,CEUTA,51,CEUTA,355319N,052049W,87.0,33.5,21.6,27.6,0.0,22.0,3.3,16.9,12.8,1006.4,1002.6,37.0,66.0,14.0
2021-07-19,5000C,CEUTA,51,CEUTA,355319N,052049W,87.0,33.8,20.3,27.0,0.0,29.0,2.5,13.9,12.6,1004.4,1002.1,41.0,68.0,23.0
2021-07-20,5000C,CEUTA,51,CEUTA,355319N,052049W,87.0,28.5,18.3,23.4,0.0,31.0,2.2,9.2,12.7,1005.8,1003.4,63.0,85.0,49.0
2021-07-21,5000C,CEUTA,51,CEUTA,355319N,052049W,87.0,26.1,19.3,22.7,0.0,16.0,3.1,6.7,12.7,1007.5,1005.1,66.0,88.0,47.0
2021-07-22,5000C,CEUTA,51,CEUTA,355319N,052049W,87.0,26.7,20.9,23.8,0.0,99.0,2.8,5.6,11.5,1007.4,1004.3,81.0,93.0,71.0
2021-07-23,5000C,CEUTA,51,CEUTA,355319N,052049W,87.0,28.6,22.7,25.6,0.0,99.0,2.2,6.1,10.8,1005.2,1000.7,73.0,91.0,62.0
2021-07-24,5000C,CEUTA,51,CEUTA,355319N,052049W,87.0,34.1,24.5,29.3,0.0,30.0,3.3,11.9,11.1,1003.0,999.7,26.0,80.0,23.0
2021-07-25,5000C,CEUTA,51,CEUTA,355319N,052049W,87.0,29.7,22.3,26.0,0.0,28.0,3.6,14.2,12.5,1004.5,1000.7,45.0,78.0,23.0
2021-07-26,5000C,CEUTA,51,CEUTA,355319N,052049W,87.0,27.5,21.0,24.2,0.0,21.0,3.1,12.2,10.1,1005.1,1002.1,59.0,79.0,49.0
2021-07-27,5000C,CEUTA,51,CEUTA,355319N,052049W,87.0,26.4,18.9,22.6,0.0,10.0,3.3,8.1,7.3,1005.5,1002.0,83.0,94.0,72.0
2021-07-28,5000C,CEUTA,51,CEUTA,355319N,052049W,87.0,26.9,20.9,23.9,0.0,14.0,3.3,6.9,10.4,1004.4,1001.8,83.0,97.0,68.0
2021-07-29,5000C,CEUTA,51,CEUTA,355319N,052049W,87.0,26.0,22.0,24.0,0.0,7.0,3.1,6.9,1.1,1005.5,1003.3,89.0,94.0,81.0
2021-07-30,5000C,CEUTA,51,CEUTA,355319N,052049W,87.0,34.9,21.2,28.0,0.0,26.0,1.4,8.3,10.6,1005.5,1002.3,65.0,96.0,17.0
2021-07-31,5000C,CEUTA,51,CEUTA,355319N,052049W,87.0,27.9,20.7,24.3,0.0,25.0,3.3,14.4,12.6,1006.9,1002.4,53.0,69.0,20.0
2021-08-01,5000C,CEUTA,51,CEUTA,355319N,052049W,87.0,26.8,19.8,23.3,0.0,99.0,2.8,10.0,11.6,1007.1,1003.1,46.0,66.0,28.0
2021-08-02,5000C,CEUTA,51,CEUTA,355319N,052049W,87.0,29.7,19.2,24.4,0.0,32.0,2.2,8.9,12.5,1006.2,1003.0,56.0,91.0,27.0
2021-08-03,5000C,CEUTA,51,CEUTA,355319N,052049W,87.0,25.6,19.9,22.8,0.0,18.0,2.8,6.1,10.6,1007.5,1004.8,83.0,93.0,74.0
2021-08-04,5000C,CEUTA,51,CEUTA,355319N,052049W,87.0,33.7,20.9,27.3,0.0,32.0,2.5,10.0,12.1,1006.4,1003.7,51.0,92.0,27.0
2021-08-05,5000C,CEUTA,51,CEUTA,355319N,052049W,87.0,36.3,23.9,30.1,0.0,29.0,1.7,8.9,12.6,1005.4,1001.8,43.0,61.0,26.0
2021-08-06,5000C,CEUTA,51,CEUTA,355319N,052049W,87.0,33.8,26.1,30.0,0.0,30.0,4.2,12.8,12.6,1001.8,998.1,30.0,40.0,22.0
2021-08-07,5000C,CEUTA,51,CEUTA,355319N,052049W,87.0,28.1,21.7,24.9,0.0,27.0,3.3,10.6,12.5,1003.5,999.4,56.0,73.0,33.0
2021-08-08,5000C,CEUTA,51,CEUTA,355319N,052049W,87.0,32.5,21.3,26.9,0.0,28.0,1.4,8.3,12.4,1004.7,1001.7,43.0,70.0,30.0
2021-08-09,5000C,CEUTA,51,CEUTA,355319N,052049W,87.0,27.9,19.2,23.6,0.0,5.0,3.1,7.2,10.1,1005.9,1003.7,73.0,93.0,53.0
2021-08-10,5000C,CEUTA,51,CEUTA,355319N,052049W,87.0,25.5,22.4,24.0,0.0,11.0,3.3,8.1,0.7,1005.8,1002.8,87.0,95.0,79.0
2021-08-11,5000C,CEUTA,51,CEUTA,355319N,052049W,87.0,30.3,22.2,26.2,0.0,34.0,1.9,5.8,8.9,1006.7,1003.6,78.0,93.0,59.0
2021-08-12,5000C,CEUTA,51,CEUTA,355319N,052049W,87.0,27.4,21.9,24.6,0.0,99.0,2.5,5.8,8.6,1008.7,1006.0,85.0,95.0,68.0
2021-08-13,5000C,CEUTA,51,CEUTA,355319N,052049W,87.0,27.0,22.6,24.8,0.0,19.0,3.3,7.2,6.8,1010.0,1007.1,85.0,97.0,77.0
2021-08-14,5000C,CEUTA,51,CEUTA,355319N,052049W,87.0,26.8,21.2,24.0,0.0,22.0,3.1,6.1,8.5,1010.1,1006.2,82.0,92.0,73.0
2021-08-15,5000C,CEUTA,51,CEUTA,355319N,052049W,87.0,27.0,21.2,24.1,0.0,16.0,2.8,7.2,8.9,1007.6,1004.1,84.0,96.0,43.0
2021-08-16,5000C,CEUTA,51,CEUTA,355319N,052049W,87.0,38.8,23.3,31.0,0.0,28.0,2.5,9.7,11.4,1005.7,1002.7,37.0,80.0,2.0
2021-08-17,5000C,CEUTA,51,CEUTA,355319N,052049W,87.0,33.8,21.6,27.7,0.0,34.0,2.5,11.4,6.7,1009.5,1003.5,85.0,95.0,14.0
2021-08-18,5000C,CEUTA,51,CEUTA,355319N,052049W,87.0,28.6,23.0,25.8,0.0,13.0,2.5,5.3,10.1,1008.2,1004.3,84.0,94.0,71.0
2021-08-19,5000C,CEUTA,51,CEUTA,355319N,052049W,87.0,27.2,22.2,24.7,0.0,10.0,2.5,5.6,5.7,1005.2,1002.3,84.0,94.0,73.0
2021-08-20,5000C,CEUTA,51,CEUTA,355319N,052049W,87.0,28.1,22.2,25.2,0.0,11.0,3.3,6.4,10.1,1006.2,1003.7,81.0,95.0,67.0
2021-08-21,5000C,CEUTA,51,CEUTA,355319N,052049W,87.0,28.7,21.7,25.2,0.4,6.0,1.9,7.2,10.6,1008.6,1005.4,83.0,96.0,67.0
2021-08-22,5000C,CEUTA,51,CEUTA,355319N,052049W,87.0,27.9,22.6,25.2,0.0,6.0,2.8,7.2,6.1,1008.4,1004.9,80.0,92.0,71.0
2021-08-23,5000C,CEUTA,51,CEUTA,355319N,052049W,87.0,27.0,22.5,24.8,0.2,6.0,2.8,6.1,2.6,1006.1,1002.7,83.0,96.0,77.0
2021-08-24,5000C,CEUTA,51,CEUTA,355319N,052049W,87.0,25.7,22.5,24.1,1.0,14.0,1.4,6.1,0.1,1003.7,1001.2,92.0,97.0,84.0
2021-08-25,5000C,CEUTA,51,CEUTA,355319N,052049W,87.0,27.6,21.8,24.7,0.0,30.0,1.9,6.7,8.9,1004.3,1001.8,79.0,94.0,68.0
2021-08-26,5000C,CEUTA,51,CEUTA,355319N,052049W,87.0,27.8,21.6,24.7,0.0,10.0,3.1,7.2,8.3,1005.3,1002.7,83.0,98.0,73.0
2021-08-27,5000C,CEUTA,51,CEUTA,355319N,052049W,87.0,29.3,21.0,25.2,0.0,30.0,1.4,14.4,8.8,1006.1,1003.7,74.0,98.0,49.0
2021-08-28,5000C,CEUTA,51,CEUTA,355319N,052049W,87.0,28.6,21.6,25.1,0.0,30.0,3.6,13.9,11.7,1007.2,1004.7,60.0,80.0,43.0
2021-08-29,5000C,CEUTA,51,CEUTA,355319N,052049W,87.0,27.6,21.2,24.4,0.0,30.0,2.8,11.1,11.7,1006.2,1003.0,59.0,81.0,46.0
2021-08-30,5000C,CEUTA,51,CEUTA,355319N,052049W,87.0,31.5,21.0,26.2,0.0,24.0,1.4,7.5,11.7,1004.2,1001.0,46.0,77.0,34.0
2021-08-31,5000C,CEUTA,51,CEUTA,355319N,052049W,87.0,25.8,21.2,23.5,0.0,99.0,2.2,5.0,9.9,1005.0,1002.1,76.0,92.0,55.0
2021-09-01,5000C,CEUTA,51,CEUTA,355319N,052049W,87.0,30.1,20.9,25.5,0.0,31.0,1.9,9.7,10.3,1006.4,1003.2,65.0,91.0,43.0
2021-09-02,5000C,CEUTA,51,CEUTA,355319N,052049W,87.0,30.8,21.4,26.1,0.0,26.0,1.7,7.5,11.6,1007.1,1005.1,59.0,81.0,42.0
2021-09-03,5000C,CEUTA,51,CEUTA,355319N,052049W,87.0,28.5,20.6,24.6,0.0,17.0,1.4,6.1,11.5,1007.4,1004.5,59.0,76.0,52.0
2021-09-04,5000C,CEUTA,51,CEUTA,355319N,052049W,87.0,26.4,21.3,23.8,0.0,17.0,2.8,6.1,11.3,1005.6,1003.6,76.0,89.0,59.0
2021-09-05,5000C,CEUTA,51,CEUTA,355319N,052049W,87.0,27.9,22.1,25.0,0.0,10.0,3.6,7.8,6.1,1008.5,1004.9,85.0,95.0,72.0
2021-09-06,5000C,CEUTA,51,CEUTA,355319N,052049W,87.0,27.0,22.4,24.7,0.0,10.0,3.3,8.3,2.2,1008.8,1006.0,88.0,96.0,73.0
2021-09-07,5000C,CEUTA,51,CEUTA,355319N,052049W,87.0,27.6,21.9,24.8,0.0,34.0,1.9,6.4,10.7,1008.5,1004.9,79.0,94.0,64.0
2021-09-08,5000C,CEUTA,51,CEUTA,355319N,052049W,87.0,28.3,21.9,25.1,0.0,29.0,2.5,14.7,10.7,1008.0,1005.6,61.0,80.0,51.0
2021-09-09,5000C,CEUTA,51,CEUTA,355319N,052049W,87.0,27.1,21.0,24.0,0.0,29.0,2.5,13.9,10.0,1008.6,1006.6,64.0,80.0,51.0
2021-09-10,5000C,CEUTA,51,CEUTA,355319N,052049W,87.0,32.8,23.5,28.2,0.0,31.0,2.8,10.8,11.2,1008.8,1006.2,46.0,63.0,29.0
2021-09-11,5000C,CEUTA,51,CEUTA,355319N,052049W,87.0,28.1,20.8,24.4,0.0,18.0,2.2,5.6,11.2,1008.2,1005.5,63.0,84.0,45.0
2021-09-12,5000C,CEUTA,51,CEUTA,355319N,052049W,87.0,26.6,20.7,23.6,0.4,17.0,2.5,5.6,9.3,1006.3,1002.5,83.0,95.0,71.0
2021-09-13,5000C,CEUTA,51,CEUTA,355319N,052049W,87.0,25.8,21.7,23.8,4.6,14.0,1.9,8.3,0.0,1006.2,1002.7,82.0,96.0,54.0
2021-09-14,5000C,CEUTA,51,CEUTA,355319N,052049W,87.0,25.6,19.9,22.8,0.0,32.0,1.9,6.4,5.0,1004.8,1000.9,83.0,93.0,67.0
2021-09-15,5000C,CEUTA,51,CEUTA,355319N,052049W,87.0,25.7,19.9,22.8,1.2,30.0,1.7,10.0,5.4,1007.2,1003.2,74.0,90.0,63.0
2021-09-16,5000C,CEUTA,51,CEUTA,355319N,052049W,87.0,26.6,19.1,22.8,0.0,17.0,1.9,5.3,11.1,1007.5,1005.7,67.0,87.0,58.0
2021-09-17,5000C,CEUTA,51,CEUTA,355319N,052049W,87.0,25.3,20.5,22.9,0.0,2.0,1.4,5.8,10.8,1007.6,1004.1,71.0,90.0,65.0
2021-09-18,5000C,CEUTA,51,CEUTA,355319N,052049W,87.0,30.0,21.1,25.6,0.0,33.0,1.9,9.7,11.0,1006.3,1003.7,50.0,72.0,37.0
2021-09-19,5000C,CEUTA,51,CEUTA,355319N,052049W,87.0,30.1,19.4,24.8,0.0,21.0,2.5,6.7,11.0,1008.2,1004.6,54.0,91.0,24.0
2021-09-20,5000C,CEUTA,51,CEUTA,355319N,052049W,87.0,26.9,19.1,23.0,0.0,13.0,1.9,4.4,6.9,1009.2,1005.8,86.0,96.0,67.0
2021-09-21,5000C,CEUTA,51,CEUTA,355319N,052049W,87.0,25.9,20.4,23.2,0.0,9.0,3.3,11.4,3.1,1006.9,1005.1,89.0,98.0,75.0
2021-09-22,5000C,CEUTA,51,CEUTA,355319N,052049W,87.0,23.5,20.7,22.1,0.8,8.0,3.9,10.8,0.6,1006.4,1003.5,87.0,95.0,76.0
2021-09-23,5000C,CEUTA,51,CEUTA,355319N,052049W,87.0,23.3,21.2,22.2,0.0,9.0,2.5,8.6,1.0,1004.3,1002.1,95.0,96.0,84.0
2021-09-24,5000C,CEUTA,51,CEUTA,355319N,052049W,87.0,26.1,20.6,23.4,0.0,34.0,1.1,7.8,1.7,1007.1,1002.3,82.0,96.0,57.0
2021-09-25,5000C,CEUTA,51,CEUTA,355319N,052049W,87.0,27.0,19.0,23.0,0.0,32.0,2.5,12.5,10.6,1009.9,1006.6,60.0,78.0,51.0
2021-09-26,5000C,CEUTA,51,CEUTA,355319N,052049W,87.0,26.2,18.1,22.2,0.0,29.0,1.4,4.2,10.1,1011.2,1009.0,56.0,79.0,39.0
2021-09-27,5000C,CEUTA,51,CEUTA,355319N,052049W,87.0,25.2,17.7,21.4,0.0,5.0,1.1,3.9,10.5,1011.9,1009.7,66.0,81.0,54.0
2021-09-28,5000C,CEUTA,51,CEUTA,355319N,052049W,87.0,26.0,18.0,22.0,0.0,8.0,1.7,5.0,10.5,1011.8,1009.3,80.0,91.0,64.0
2021-09-29,5000C,CEUTA,51,CEUTA,355319N,052049W,87.0,25.1,18.9,22.0,0.0,18.0,2.2,5.8,8.8,1012.9,1010.6,83.0,96.0,65.0
2021-09-30,5000C,CEUTA,51,CEUTA,355319N,052049W,87.0,25.6,20.6,23.1,0.0,8.0,3.3,8.6,3.7,1014.0,1010.6,85.0,95.0,74.0
2021-10-01,5000C,CEUTA,51,CEUTA,355319N,052049W,87.0,25.6,19.7,22.6,0.0,8.0,2.8,6.4,10.0,1011.8,1008.3,85.0,95.0,68.0
2021-10-02,5000C,CEUTA,51,CEUTA,355319N,052049W,87.0,26.6,18.7,22.6,0.0,24.0,1.4,6.9,9.5,1008.3,1004.8,80.0,95.0,61.0
2021-10-03,5000C,CEUTA,51,CEUTA,355319N,052049W,87.0,25.9,18.4,22.2,1.8,30.0,3.3,15.8,6.4,1009.4,1003.7,73.0,89.0,54.0
2021-10-04,5000C,CEUTA,51,CEUTA,355319N,052049W,87.0,25.0,15.9,20.4,0.0,30.0,1.9,9.7,8.8,1011.0,1008.3,39.0,62.0,26.0
2021-10-05,5000C,CEUTA,51,CEUTA,355319N,052049W,87.0,23.9,16.1,20.0,0.0,7.0,2.2,6.1,10.2,1012.1,1009.4,71.0,80.0,41.0
2021-10-06,5000C,CEUTA,51,CEUTA,355319N,052049W,87.0,24.0,17.8,20.9,0.0,12.0,2.8,8.1,10.1,1011.2,1009.0,84.0,95.0,67.0
2021-10-07,5000C,CEUTA,51,CEUTA,355319N,052049W,87.0,24.1,19.8,22.0,0.0,9.0,3.9,9.2,5.8,1010.4,1007.2,90.0,96.0,73.0
2021-10-08,5000C,CEUTA,51,CEUTA,355319N,052049W,87.0,24.6,18.9,21.8,0.0,10.0,1.9,6.1,9.1,1008.9,1006.8,87.0,97.0,72.0
2021-10-09,5000C,CEUTA,51,CEUTA,355319N,052049W,87.0,24.5,19.3,21.9,0.0,11.0,3.3,8.3,6.2,1009.5,1007.4,85.0,98.0,69.0
2021-10-10,5000C,CEUTA,51,CEUTA,355319N,052049W,87.0,24.1,20.0,22.0,0.0,10.0,4.2,11.7,5.2,1008.9,1006.5,80.0,93.0,70.0
2021-10-11,5000C,CEUTA,51,CEUTA,355319N,052049W,87.0,23.2,20.0,21.6,0.0,10.0,4.7,10.8,4.3,1008.3,1006.5,85.0,91.0,76.0
2021-10-12,5000C,CEUTA,51,CEUTA,355319N,052049W,87.0,22.3,19.3,20.8,0.0,9.0,3.3,9.2,0.1,1008.0,1005.7,84.0,93.0,77.0
2021-10-13,5000C,CEUTA,51,CEUTA,355319N,052049W,87.0,23.5,17.0,20.2,0.0,12.0,1.9,5.6,9.9,1009.4,1005.7,85.0,97.0,70.0
2021-10-14,5000C,CEUTA,51,CEUTA,355319N,052049W,87.0,23.9,19.1,21.5,0.0,10.0,4.2,10.0,8.4,1011.5,1008.8,78.0,91.0,68.0
2021-10-15,5000C,CEUTA,51,CEUTA,355319N,052049W,87.0,22.7,16.7,19.7,0.0,99.0,3.1,7.5,6.5,1010.7,1007.7,83.0,91.0,73.0
2021-10-16,5000C,CEUTA,51,CEUTA,355319N,052049W,87.0,28.7,16.0,22.4,0.0,31.0,1.7,8.3,9.4,1008.3,1006.3,57.0,92.0,27.0
2021-10-17,5000C,CEUTA,51,CEUTA,355319N,052049W,87.0,27.9,20.0,24.0,0.0,30.0,1.4,11.1,8.8,1010.1,1005.7,45.0,70.0,36.0
2021-10-18,5000C,CEUTA,51,CEUTA,355319N,052049W,87.0,23.4,18.9,21.2,0.0,10.0,2.5,6.9,4.7,1013.1,1009.7,89.0,96.0,70.0
2021-10-19,5000C,CEUTA,51,CEUTA,355319N,052049W,87.0,22.8,19.8,21.3,0.0,8.0,4.4,10.8,0.5,1014.4,1012.0,85.0,93.0,76.0
2021-10-20,5000C,CEUTA,51,CEUTA,355319N,052049W,87.0,23.6,18.2,20.9,0.0,10.0,3.6,7.8,8.5,1013.3,1009.9,83.0,93.0,71.0
2021-10-21,5000C,CEUTA,51,CEUTA,355319N,052049W,87.0,27.1,16.8,22.0,0.0,29.0,2.8,13.9,9.7,1009.9,1006.4,66.0,90.0,48.0
2021-10-22,5000C,CEUTA,51,CEUTA,355319N,052049W,87.0,21.6,16.3,19.0,0.0,30.0,3.1,10.8,9.1,1008.1,1004.9,67.0,77.0,57.0
2021-10-23,5000C,CEUTA,51,CEUTA,355319N,052049W,87.0,22.1,15.4,18.8,0.0,11.0,2.5,8.3,8.4,1011.9,1007.4,82.0,91.0,67.0
2021-10-24,5000C,CEUTA,51,CEUTA,355319N,052049W,87.0,22.4,17.9,20.2,0.0,10.0,3.1,7.8,6.7,1012.8,1010.6,83.0,92.0,69.0
2021-10-25,5000C,CEUTA,51,CEUTA,355319N,052049W,87.0,20.8,18.2,19.5,0.0,6.0,2.8,8.1,1.5,1011.2,1008.3,84.0,92.0,75.0
2021-10-26,5000C,CEUTA,51,CEUTA,355319N,052049W,87.0,21.4,17.8,19.6,0.0,7.0,3.9,10.8,1.9,1010.2,1008.1,82.0,90.0,71.0
2021-10-27,5000C,CEUTA,51,CEUTA,355319N,052049W,87.0,20.9,18.1,19.5,0.2,8.0,3.9,9.7,2.3,1010.0,1008.2,87.0,94.0,80.0
2021-10-28,5000C,CEUTA,51,CEUTA,355319N,052049W,87.0,21.7,17.1,19.4,0.0,10.0,2.8,7.2,7.2,1008.6,1006.1,83.0,93.0,70.0
2021-10-29,5000C,CEUTA,51,CEUTA,355319N,052049W,87.0,25.1,15.6,20.4,0.0,18.0,1.9,10.0,8.4,1007.7,1004.6,76.0,93.0,44.0
2021-10-30,5000C,CEUTA,51,CEUTA,355319N,052049W,87.0,25.9,20.0,23.0,0.0,25.0,3.6,13.6,4.5,1009.2,1004.2,67.0,78.0,55.0
2021-10-31,5000C,CEUTA,51,CEUTA,355319N,052049W,87.0,25.8,20.7,23.2,1.0,24.0,3.9,12.5,7.7,1010.3,1007.9,70.0,84.0,59.0
2021-11-01,5000C,CEUTA,51,CEUTA,355319N,052049W,87.0,25.2,20.0,22.6,1.2,29.0,3.9,13.6,6.8,1009.2,1006.9,78.0,91.0,64.0
2021-11-02,5000C,CEUTA,51,CEUTA,355319N,052049W,87.0,22.2,17.4,19.8,14.0,29.0,2.8,13.1,2.4,1007.4,1002.6,87.0,92.0,74.0
2021-11-03,5000C,CEUTA,51,CEUTA,355319N,052049W,87.0,19.3,13.3,16.3,3.4,99.0,3.6,13.9,7.0,1004.8,999.8,67.0,93.0,48.0
2021-11-04,5000C,CEUTA,51,CEUTA,355319N,052049W,87.0,17.9,12.2,15.0,0.0,32.0,3.6,11.7,9.0,1008.3,1003.1,61.0,88.0,47.0
2021-11-05,5000C,CEUTA,51,CEUTA,355319N,052049W,87.0,19.7,11.6,15.6,0.0,34.0,1.9,9.7,9.1,1011.3,1007.8,49.0,70.0,28.0
2021-11-06,5000C,CEUTA,51,CEUTA,355319N,052049W,87.0,17.4,11.5,14.4,0.0,6.0,2.8,10.8,6.1,1013.7,1009.6,61.0,77.0,46.0
2021-11-07,5000C,CEUTA,51,CEUTA,355319N,052049W,87.0,18.5,10.5,14.5,0.0,2.0,1.9,5.8,9.0,1012.8,1009.1,62.0,75.0,50.0
2021-11-08,5000C,CEUTA,51,CEUTA,355319N,052049W,87.0,19.4,11.4,15.4,0.0,26.0,3.1,12.2,9.1,1009.2,1005.9,45.0,67.0,34.0
2021-11-09,5000C,CEUTA,51,CEUTA,355319N,052049W,87.0,21.4,14.5,18.0,0.0,31.0,2.5,12.5,8.8,1006.8,1004.2,60.0,91.0,51.0
2021-11-10,5000C,CEUTA,51,CEUTA,355319N,052049W,87.0,18.8,13.0,15.9,0.0,2.0,1.4,6.7,7.9,1008.8,1006.4,83.0,94.0,68.0
2021-11-11,5000C,CEUTA,51,CEUTA,355319N,052049W,87.0,21.9,13.0,17.4,0.0,30.0,2.2,10.0,8.5,1008.9,1006.6,69.0,82.0,43.0
2021-11-12,5000C,CEUTA,51,CEUTA,355319N,052049W,87.0,21.8,14.5,18.2,0.0,34.0,1.9,6.1,8.6,1007.0,1004.4,66.0,84.0,43.0
2021-11-13,5000C,CEUTA,51,CEUTA,355319N,052049W,87.0,20.0,15.5,17.8,0.0,12.0,3.3,8.3,5.0,1007.7,1006.1,83.0,93.0,70.0
2021-11-14,5000C,CEUTA,51,CEUTA,355319N,052049W,87.0,20.2,16.0,18.1,0.0,27.0,2.5,10.6,5.9,1008.0,1005.1,77.0,93.0,46.0
2021-11-15,5000C,CEUTA,51,CEUTA,355319N,052049W,87.0,21.0,14.9,18.0,0.0,30.0,3.9,12.5,8.4,1007.8,1004.7,56.0,82.0,42.0
2021-11-16,5000C,CEUTA,51,CEUTA,355319N,052049W,87.0,19.0,14.6,16.8,0.0,3.0,2.5,8.1,4.9,1007.4,1004.8,80.0,90.0,71.0
2021-11-17,5000C,CEUTA,51,CEUTA,355319N,052049W,87.0,19.3,16.1,17.7,18.8,10.0,4.7,11.4,1.8,1008.6,1005.1,73.0,83.0,67.0
2021-11-18,5000C,CEUTA,51,CEUTA,355319N,052049W,87.0,16.7,13.9,15.3,30.8,,7.2,,0.1,1011.2,1007.4,86.0,98.0,78.0
2021-11-19,5000C,CEUTA,51,CEUTA,355319N,052049W,87.0,19.7,16.4,18.0,0.6,,12.2,,4.4,1010.5,1007.7,83.0,87.0,77.0
2021-11-20,5000C,CEUTA,51,CEUTA,355319N,052049W,87.0,20.2,13.1,16.6,50.3,,12.2,,0.5,1009.0,1007.6,93.0,95.0,85.0
2021-11-21,5000C,CEUTA,51,CEUTA,355319N,052049W,87.0,18.7,12.1,15.4,1.4,,1.9,,3.4,1007.8,1004.0,80.0,93.0,70.0
2021-11-22,5000C,CEUTA,51,CEUTA,355319N,052049W,87.0,19.4,14.6,17.0,1.6,30.0,3.1,11.9,4.3,1004.0,1000.9,79.0,87.0,63.0
2021-11-23,5000C,CEUTA,51,CEUTA,355319N,052049W,87.0,17.3,11.2,14.2,0.6,32.0,2.8,13.1,6.7,1005.1,1001.8,71.0,77.0,55.0
2021-11-24,5000C,CEUTA,51,CEUTA,355319N,052049W,87.0,16.2,9.9,13.0,1.2,32.0,2.2,10.0,4.1,1007.7,1004.0,68.0,86.0,53.0
2021-11-25,5000C,CEUTA,51,CEUTA,355319N,052049W,87.0,18.5,11.2,14.8,8.4,26.0,1.9,13.1,4.9,1004.1,999.8,70.0,89.0,56.0
2021-11-26,5000C,CEUTA,51,CEUTA,355319N,052049W,87.0,15.1,9.8,12.4,0.0,25.0,1.7,8.3,7.6,1003.6,999.7,68.0,90.0,53.0
2021-11-27,5000C,CEUTA,51,CEUTA,355319N,052049W,87.0,15.7,10.8,13.2,0.6,32.0,3.3,13.6,5.0,1005.6,1001.8,70.0,80.0,52.0
2021-11-28,5000C,CEUTA,51,CEUTA,355319N,052049W,87.0,13.3,8.4,10.8,0.4,33.0,3.3,13.6,7.8,1014.7,1005.5,53.0,65.0,41.0
2021-11-29,5000C,CEUTA,51,CEUTA,355319N,052049W,87.0,16.5,12.7,14.6,0.0,2.0,3.1,14.7,3.2,1015.2,1011.9,72.0,85.0,64.0
2021-11-30,5000C,CEUTA,51,CEUTA,355319N,052049W,87.0,17.2,11.4,14.3,0.0,32.0,2.2,9.7,6.6,1016.8,1014.4,61.0,78.0,53.0
2021-12-01,5000C,CEUTA,51,CEUTA,355319N,052049W,87.0,16.5,9.7,13.1,3.4,27.0,2.5,17.5,7.5,1016.1,1008.8,69.0,83.0,55.0
2021-12-02,5000C,CEUTA,51,CEUTA,355319N,052049W,87.0,15.9,11.5,13.7,0.0,30.0,5.0,18.3,3.9,1011.3,1004.2,64.0,87.0,51.0
2021-12-03,5000C,CEUTA,51,CEUTA,355319N,052049W,87.0,16.9,10.8,13.8,0.0,24.0,2.5,9.2,7.8,1014.7,1011.1,52.0,59.0,41.0
2021-12-04,5000C,CEUTA,51,CEUTA,355319N,052049W,87.0,17.4,12.2,14.8,0.0,26.0,4.2,12.8,7.8,1016.2,1013.9,63.0,79.0,39.0
2021-12-05,5000C,CEUTA,51,CEUTA,355319N,052049W,87.0,16.1,12.9,14.5,0.0,22.0,5.3,20.6,7.6,1016.5,1012.8,66.0,82.0,55.0
2021-12-06,5000C,CEUTA,51,CEUTA,355319N,052049W,87.0,16.3,10.7,13.5,0.0,26.0,2.2,11.7,7.7,1017.3,1014.3,62.0,76.0,51.0
2021-12-07,5000C,CEUTA,51,CEUTA,355319N,052049W,87.0,18.8,12.2,15.5,0.0,18.0,3.1,12.2,7.6,1014.3,1011.0,65.0,80.0,53.0
2021-12-08,5000C,CEUTA,51,CEUTA,355319N,052049W,87.0,16.2,11.9,14.0,2.4,27.0,3.3,15.0,3.5,1015.1,1009.3,71.0,89.0,59.0
2021-12-09,5000C,CEUTA,51,CEUTA,355319N,052049W,87.0,15.7,10.7,13.2,0.0,30.0,3.6,12.8,7.6,1018.0,1014.6,69.0,77.0,55.0
2021-12-10,5000C,CEUTA,51,CEUTA,355319N,052049W,87.0,16.7,13.6,15.2,0.0,30.0,4.4,18.1,6.3,1015.7,1012.1,71.0,78.0,63.0
2021-12-11,5000C,CEUTA,51,CEUTA,355319N,052049W,87.0,20.6,14.6,17.6,0.0,32.0,2.5,16.1,7.6,1012.8,1009.5,62.0,79.0,51.0
2021-12-12,5000C,CEUTA,51,CEUTA,355319N,052049W,87.0,17.9,13.9,15.9,0.0,11.0,2.2,7.5,4.0,1014.6,1012.1,89.0,94.0,66.0
2021-12-13,5000C,CEUTA,51,CEUTA,355319N,052049W,87.0,16.6,14.3,15.4,0.0,10.0,3.3,8.9,1.0,1014.8,1012.3,84.0,94.0,76.0
2021-12-14,5000C,CEUTA,51,CEUTA,355319N,052049W,87.0,17.0,14.2,15.6,0.0,11.0,4.7,10.0,3.3,1014.2,1011.8,80.0,90.0,71.0
2021-12-15,5000C,CEUTA,51,CEUTA,355319N,052049W,87.0,16.2,14.1,15.2,0.0,12.0,6.7,14.7,5.0,1012.9,1011.0,77.0,85.0,68.0
2021-12-16,5000C,CEUTA,51,CEUTA,355319N,052049W,87.0,15.6,14.1,14.8,0.0,10.0,5.8,14.2,0.9,1013.0,1010.9,76.0,84.0,68.0
2021-12-17,5000C,CEUTA,51,CEUTA,355319N,052049W,87.0,15.7,14.2,15.0,0.0,11.0,6.1,12.8,0.1,1014.8,1012.5,80.0,85.0,75.0
2021-12-18,5000C,CEUTA,51,CEUTA,355319N,052049W,87.0,15.8,14.0,14.9,2.0,9.0,4.4,11.4,0.5,1015.2,1013.0,83.0,88.0,80.0
2021-12-19,5000C,CEUTA,51,CEUTA,355319N,052049W,87.0,15.5,14.0,14.8,0.0,10.0,3.9,11.1,0.3,1013.6,1011.2,87.0,92.0,79.0
2021-12-20,5000C,CEUTA,51,CEUTA,355319N,052049W,87.0,16.6,13.7,15.2,0.0,13.0,3.1,6.7,2.9,1013.8,1011.4,85.0,90.0,76.0
2021-12-21,5000C,CEUTA,51,CEUTA,355319N,052049W,87.0,15.9,13.8,14.8,5.0,16.0,1.9,5.8,1.0,1011.8,1008.1,88.0,95.0,82.0
2021-12-22,5000C,CEUTA,51,CEUTA,355319N,052049W,87.0,17.8,14.1,16.0,4.8,16.0,1.7,4.4,1.8,1010.8,1008.7,91.0,96.0,77.0
2021-12-23,5000C,CEUTA,51,CEUTA,355319N,052049W,87.0,15.3,14.3,14.8,8.0,13.0,1.7,4.4,0.0,1011.4,1008.0,94.0,96.0,91.0
2021-12-24,5000C,CEUTA,51,CEUTA,355319N,052049W,87.0,15.7,12.8,14.2,30.2,36.0,1.4,7.5,0.2,1008.0,1002.4,96.0,97.0,90.0
2021-12-25,5000C,CEUTA,51,CEUTA,355319N,052049W,87.0,18.1,13.3,15.7,1.2,24.0,4.4,13.3,1.7,1003.6,998.6,78.0,90.0,70.0
2021-12-26,5000C,CEUTA,51,CEUTA,355319N,052049W,87.0,19.8,16.4,18.1,1.4,26.0,3.3,13.3,3.1,1008.5,1003.3,74.0,89.0,69.0
2021-12-27,5000C,CEUTA,51,CEUTA,355319N,052049W,87.0,20.0,16.9,18.4,0.6,26.0,3.1,11.9,4.2,1014.0,1007.6,83.0,90.0,75.0
2021-12-28,5000C,CEUTA,51,CEUTA,355319N,052049W,87.0,20.4,15.1,17.8,0.0,33.0,2.2,12.2,5.5,1015.8,1013.2,79.0,92.0,65.0
2021-12-29,5000C,CEUTA,51,CEUTA,355319N,052049W,87.0,20.5,14.3,17.4,0.0,99.0,1.4,6.1,7.6,1014.0,1011.5,69.0,90.0,57.0
2021-12-30,5000C,CEUTA,51,CEUTA,355319N,052049W,87.0,17.8,12.4,15.1,0.0,16.0,2.2,5.6,7.5,1015.3,1012.3,88.0,95.0,80.0
2021-12-31,5000C,CEUTA,51,CEUTA,355319N,052049W,87.0,14.4,11.9,13.2,0.0,15.0,2.5,6.1,0.0,1017.6,1014.7,90.0,98.0,85.0
2022-01-01,5000C,CEUTA,51,CEUTA,355319N,052049W,87.0,14.2,11.3,12.8,0.0,11.0,2.8,6.7,0.0,1019.4,1016.8,82.0,89.0,78.0
2022-01-02,5000C,CEUTA,51,CEUTA,355319N,052049W,87.0,14.8,11.3,13.0,0.0,12.0,1.7,5.0,2.5,1020.1,1017.2,84.0,92.0,76.0
2022-01-03,5000C,CEUTA,51,CEUTA,355319N,052049W,87.0,14.2,10.7,12.4,0.0,18.0,1.7,5.0,3.0,1017.7,1012.2,89.0,94.0,78.0
2022-01-04,5000C,CEUTA,51,CEUTA,355319N,052049W,87.0,20.0,10.7,15.4,0.2,35.0,3.9,14.2,6.7,1012.2,1007.4,65.0,96.0,49.0
2022-01-05,5000C,CEUTA,51,CEUTA,355319N,052049W,87.0,15.3,10.4,12.8,9.6,23.0,2.5,13.9,6.9,1014.0,1008.1,67.0,76.0,58.0
2022-01-06,5000C,CEUTA,51,CEUTA,355319N,052049W,87.0,16.7,10.5,13.6,0.0,24.0,2.8,13.1,7.7,1012.4,1005.2,69.0,91.0,51.0
2022-01-07,5000C,CEUTA,51,CEUTA,355319N,052049W,87.0,17.5,10.5,14.0,0.0,24.0,1.7,6.1,7.8,1017.4,1011.8,67.0,83.0,48.0
2022-01-08,5000C,CEUTA,51,CEUTA,355319N,052049W,87.0,16.1,11.4,13.8,0.0,12.0,2.5,5.6,7.2,1019.5,1015.9,75.0,84.0,47.0
2022-01-09,5000C,CEUTA,51,CEUTA,355319N,052049W,87.0,18.3,11.9,15.1,0.0,27.0,3.1,13.3,7.8,1016.2,1012.4,46.0,77.0,14.0
2022-01-10,5000C,CEUTA,51,CEUTA,355319N,052049W,87.0,21.3,13.3,17.3,0.0,30.0,4.2,18.3,7.8,1012.4,1006.8,61.0,79.0,46.0
2022-01-11,5000C,CEUTA,51,CEUTA,355319N,052049W,87.0,17.4,12.8,15.1,0.0,8.0,3.9,11.1,3.2,1013.8,1007.2,86.0,91.0,69.0
2022-01-12,5000C,CEUTA,51,CEUTA,355319N,052049W,87.0,15.9,13.0,14.4,0.0,9.0,6.4,12.8,5.8,1016.8,1013.4,69.0,82.0,59.0
2022-01-13,5000C,CEUTA,51,CEUTA,355319N,052049W,87.0,15.5,12.9,14.2,2.0,10.0,6.7,14.4,7.1,1019.1,1016.4,60.0,70.0,51.0
2022-01-14,5000C,CEUTA,51,CEUTA,355319N,052049W,87.0,15.3,12.2,13.8,0.2,14.0,5.0,12.8,4.0,1018.7,1017.0,74.0,86.0,62.0
2022-01-15,5000C,CEUTA,51,CEUTA,355319N,052049W,87.0,15.3,11.1,13.2,0.0,14.0,1.9,7.5,4.5,1018.1,1015.8,75.0,85.0,62.0
2022-01-16,5000C,CEUTA,51,CEUTA,355319N,052049W,87.0,16.6,11.5,14.0,0.0,11.0,2.5,6.4,7.4,1020.2,1015.5,78.0,89.0,62.0
2022-01-17,5000C,CEUTA,51,CEUTA,355319N,052049W,87.0,16.0,13.1,14.6,0.0,8.0,4.4,11.4,6.3,1022.3,1018.3,68.0,80.0,58.0
2022-01-18,5000C,CEUTA,51,CEUTA,355319N,052049W,87.0,15.2,12.9,14.0,0.0,99.0,3.6,8.1,3.1,1020.2,1018.0,72.0,75.0,62.0
2022-01-19,5000C,CEUTA,51,CEUTA,355319N,052049W,87.0,14.7,12.7,13.7,0.0,10.0,3.9,8.6,1.1,1020.1,1017.2,68.0,77.0,61.0
2022-01-20,5000C,CEUTA,51,CEUTA,355319N,052049W,87.0,14.8,12.3,13.6,0.0,10.0,2.8,8.9,1.5,1017.3,1012.7,71.0,82.0,65.0
2022-01-21,5000C,CEUTA,51,CEUTA,355319N,052049W,87.0,15.7,12.6,14.2,0.0,11.0,4.4,11.1,3.5,1014.0,1011.3,70.0,76.0,64.0
2022-01-22,5000C,CEUTA,51,CEUTA,355319N,052049W,87.0,15.6,13.0,14.3,0.0,10.0,5.8,11.9,3.7,1015.9,1013.5,71.0,75.0,62.0
2022-01-23,5000C,CEUTA,51,CEUTA,355319N,052049W,87.0,14.0,13.3,13.6,6.0,10.0,5.6,11.7,0.0,1015.4,1012.4,77.0,83.0,73.0
2022-01-24,5000C,CEUTA,51,CEUTA,355319N,052049W,87.0,13.8,11.8,12.8,1.9,9.0,5.6,12.2,0.0,1015.6,1012.8,86.0,93.0,75.0
2022-01-25,5000C,CEUTA,51,CEUTA,355319N,052049W,87.0,14.5,11.8,13.2,4.5,10.0,6.7,16.1,0.0,1015.8,1013.8,82.0,93.0,75.0
2022-01-26,5000C,CEUTA,51,CEUTA,355319N,052049W,87.0,15.0,13.2,14.1,3.3,8.0,6.1,14.7,0.1,1014.4,1011.1,86.0,91.0,79.0
2022-01-27,5000C,CEUTA,51,CEUTA,355319N,052049W,87.0,16.0,12.9,14.4,0.1,8.0,5.3,13.6,6.9,1015.1,1012.0,70.0,89.0,63.0
2022-01-28,5000C,CEUTA,51,CEUTA,355319N,052049W,87.0,15.7,13.6,14.6,0.0,9.0,5.3,12.2,1.9,1017.6,1014.2,84.0,86.0,73.0
2022-01-29,5000C,CEUTA,51,CEUTA,355319N,052049W,87.0,16.4,13.8,15.1,0.0,10.0,5.6,12.2,3.8,1020.0,1016.9,80.0,87.0,74.0
2022-01-30,5000C,CEUTA,51,CEUTA,355319N,052049W,87.0,16.2,13.3,14.8,0.0,10.0,3.9,10.6,0.7,1018.3,1015.1,78.0,83.0,71.0
2022-01-31,5000C,CEUTA,51,CEUTA,355319N,052049W,87.0,20.8,11.7,16.2,0.0,28.0,2.5,8.1,8.5,1017.1,1013.4,65.0,90.0,30.0
2022-02-01,5000C,CEUTA,51,CEUTA,355319N,052049W,87.0,21.3,13.8,17.6,0.0,30.0,2.8,10.6,8.5,1018.2,1013.0,46.0,89.0,26.0
2022-02-02,5000C,CEUTA,51,CEUTA,355319N,052049W,87.0,16.7,12.3,14.5,0.0,11.0,3.6,8.3,7.5,1018.2,1013.7,80.0,90.0,72.0
2022-02-03,5000C,CEUTA,51,CEUTA,355319N,052049W,87.0,18.9,12.0,15.4,0.0,17.0,2.2,5.3,8.7,1014.2,1011.1,69.0,92.0,33.0
2022-02-04,5000C,CEUTA,51,CEUTA,355319N,052049W,87.0,20.1,13.8,17.0,0.0,30.0,2.8,12.8,3.1,1012.7,1010.0,33.0,62.0,15.0
2022-02-05,5000C,CEUTA,51,CEUTA,355319N,052049W,87.0,21.6,13.4,17.5,0.0,99.0,2.2,10.8,9.0,1014.2,1010.8,55.0,82.0,28.0
2022-02-06,5000C,CEUTA,51,CEUTA,355319N,052049W,87.0,16.3,12.9,14.6,0.0,8.0,4.2,10.3,3.1,1017.5,1013.7,84.0,91.0,78.0
2022-02-07,5000C,CEUTA,51,CEUTA,355319N,052049W,87.0,16.6,13.5,15.0,0.0,9.0,4.4,10.6,7.1,1017.6,1014.3,79.0,87.0,70.0
2022-02-08,5000C,CEUTA,51,CEUTA,355319N,052049W,87.0,15.8,13.6,14.7,0.0,11.0,6.1,11.7,1.4,1019.5,1016.0,80.0,87.0,75.0
2022-02-09,5000C,CEUTA,51,CEUTA,355319N,052049W,87.0,14.9,13.0,14.0,0.0,8.0,5.6,11.1,0.0,1019.8,1017.5,77.0,83.0,68.0
2022-02-10,5000C,CEUTA,51,CEUTA,355319N,052049W,87.0,16.7,12.9,14.8,0.0,10.0,3.9,8.6,7.4,1018.3,1015.2,77.0,85.0,71.0
2022-02-11,5000C,CEUTA,51,CEUTA,355319N,052049W,87.0,16.4,12.7,14.6,0.0,10.0,2.5,6.1,7.0,1015.9,1013.4,79.0,84.0,71.0
2022-02-12,5000C,CEUTA,51,CEUTA,355319N,052049W,87.0,16.3,13.0,14.6,0.0,11.0,3.3,7.5,8.4,1016.2,1013.7,76.0,85.0,69.0
2022-02-13,5000C,CEUTA,51,CEUTA,355319N,052049W,87.0,16.7,12.1,14.4,0.0,10.0,3.1,5.8,7.1,1014.4,1010.5,75.0,87.0,66.0
2022-02-14,5000C,CEUTA,51,CEUTA,355319N,052049W,87.0,17.6,13.2,15.4,0.4,30.0,3.1,11.7,7.6,1015.0,1009.8,65.0,86.0,48.0
2022-02-15,5000C,CEUTA,51,CEUTA,355319N,052049W,87.0,17.7,10.1,13.9,0.0,30.0,1.7,6.7,9.4,1018.7,1014.8,51.0,59.0,32.0
2022-02-16,5000C,CEUTA,51,CEUTA,355319N,052049W,87.0,18.9,11.6,15.2,0.0,31.0,3.3,15.0,9.5,1019.3,1015.8,39.0,57.0,29.0
2022-02-17,5000C,CEUTA,51,CEUTA,355319N,052049W,87.0,21.7,13.7,17.7,0.0,30.0,2.5,12.8,9.7,1016.2,1011.2,64.0,89.0,44.0
2022-02-18,5000C,CEUTA,51,CEUTA,355319N,052049W,87.0,19.6,12.5,16.0,0.0,23.0,2.2,10.8,8.6,1011.2,1006.8,76.0,93.0,59.0
2022-02-19,5000C,CEUTA,51,CEUTA,355319N,052049W,87.0,17.0,13.0,15.0,0.0,25.0,2.5,11.9,8.3,1013.2,1006.5,71.0,82.0,63.0
2022-02-20,5000C,CEUTA,51,CEUTA,355319N,052049W,87.0,15.7,13.3,14.5,0.2,9.0,4.4,11.7,1.1,1017.8,1012.7,82.0,90.0,69.0
2022-02-21,5000C,CEUTA,51,CEUTA,355319N,052049W,87.0,17.3,12.9,15.1,0.0,10.0,3.9,9.7,7.6,1018.0,1014.3,78.0,93.0,68.0
2022-02-22,5000C,CEUTA,51,CEUTA,355319N,052049W,87.0,16.4,12.9,14.6,0.0,12.0,3.3,6.7,6.9,1016.9,1014.0,83.0,93.0,75.0
2022-02-23,5000C,CEUTA,51,CEUTA,355319N,052049W,87.0,17.6,14.0,15.8,0.1,11.0,3.9,7.5,7.8,1014.1,1010.6,81.0,90.0,67.0
2022-02-24,5000C,CEUTA,51,CEUTA,355319N,052049W,87.0,17.8,13.9,15.8,3.0,14.0,3.1,6.9,3.6,1010.8,1008.2,86.0,93.0,69.0
2022-02-25,5000C,CEUTA,51,CEUTA,355319N,052049W,87.0,15.0,13.4,14.2,1.8,12.0,5.3,14.4,0.0,1009.9,1007.0,89.0,95.0,83.0
2022-02-26,5000C,CEUTA,51,CEUTA,355319N,052049W,87.0,15.5,13.5,14.5,4.6,9.0,6.9,15.3,0.0,1009.3,1006.0,87.0,94.0,83.0
2022-02-27,5000C,CEUTA,51,CEUTA,355319N,052049W,87.0,14.0,12.5,13.2,4.6,9.0,5.3,10.8,0.0,1012.9,1008.5,93.0,97.0,83.0
2022-02-28,5000C,CEUTA,51,CEUTA,355319N,052049W,87.0,16.5,13.2,14.8,0.0,9.0,5.3,12.5,7.6,1017.5,1012.6,72.0,91.0,63.0
2022-03-01,5000C,CEUTA,51,CEUTA,355319N,052049W,87.0,16.9,12.8,14.8,0.0,11.0,4.7,11.7,9.8,1017.1,1013.5,71.0,80.0,58.0
2022-03-02,5000C,CEUTA,51,CEUTA,355319N,052049W,87.0,18.2,11.7,15.0,0.0,29.0,1.1,11.1,10.3,1015.1,1011.3,73.0,85.0,52.0
2022-03-03,5000C,CEUTA,51,CEUTA,355319N,052049W,87.0,19.6,12.5,16.0,7.0,29.0,4.2,17.5,7.5,1011.9,1005.8,74.0,87.0,54.0
2022-03-04,5000C,CEUTA,51,CEUTA,355319N,052049W,87.0,15.6,10.3,13.0,0.0,30.0,5.3,16.9,9.5,1009.6,1006.0,62.0,71.0,51.0
2022-03-05,5000C,CEUTA,51,CEUTA,355319N,052049W,87.0,16.2,11.3,13.8,0.4,29.0,2.5,11.1,3.9,1009.0,1002.4,64.0,72.0,56.0
2022-03-06,5000C,CEUTA,51,CEUTA,355319N,052049W,87.0,15.3,10.4,12.8,0.0,99.0,1.9,5.0,7.1,1004.1,1000.2,73.0,84.0,61.0
2022-03-07,5000C,CEUTA,51,CEUTA,355319N,052049W,87.0,17.4,10.3,13.8,0.4,25.0,2.5,10.6,3.9,1007.7,1003.1,62.0,83.0,47.0
2022-03-08,5000C,CEUTA,51,CEUTA,355319N,052049W,87.0,,,,0.8,,2.2,,,,,64.0,,
2022-03-09,5000C,CEUTA,51,CEUTA,355319N,052049W,87.0,17.3,11.2,14.2,0.0,11.0,3.3,8.1,7.2,1011.6,1009.0,83.0,94.0,72.0
2022-03-10,5000C,CEUTA,51,CEUTA,355319N,052049W,87.0,18.1,13.0,15.6,0.0,9.0,3.1,6.9,4.1,1012.0,1009.2,82.0,89.0,72.0
2022-03-11,5000C,CEUTA,51,CEUTA,355319N,052049W,87.0,17.1,11.8,14.4,7.2,20.0,2.5,9.7,3.7,1009.6,1005.9,78.0,92.0,57.0
2022-03-12,5000C,CEUTA,51,CEUTA,355319N,052049W,87.0,18.2,12.6,15.4,0.0,25.0,2.8,11.4,9.6,1009.9,1007.0,71.0,88.0,59.0
2022-03-13,5000C,CEUTA,51,CEUTA,355319N,052049W,87.0,19.3,14.1,16.7,29.0,21.0,2.5,9.2,2.9,1007.0,999.5,73.0,92.0,62.0
2022-03-14,5000C,CEUTA,51,CEUTA,355319N,052049W,87.0,14.6,10.4,12.5,2.8,30.0,2.5,13.1,0.2,999.5,993.7,89.0,96.0,77.0
2022-03-15,5000C,CEUTA,51,CEUTA,355319N,052049W,87.0,12.8,9.0,10.9,2.4,30.0,1.1,10.0,0.0,1000.6,995.5,87.0,93.0,65.0
2022-03-16,5000C,CEUTA,51,CEUTA,355319N,052049W,87.0,16.0,9.3,12.6,1.2,32.0,1.9,9.2,3.2,1004.6,998.3,79.0,85.0,63.0
2022-03-17,5000C,CEUTA,51,CEUTA,355319N,052049W,87.0,18.0,12.7,15.4,0.0,29.0,3.1,12.2,0.3,1008.9,1003.4,75.0,83.0,66.0
2022-03-18,5000C,CEUTA,51,CEUTA,355319N,052049W,87.0,17.6,13.3,15.4,0.0,12.0,4.2,10.8,3.0,1011.6,1008.6,72.0,93.0,61.0
2022-03-19,5000C,CEUTA,51,CEUTA,355319N,052049W,87.0,17.1,14.0,15.6,0.0,10.0,5.8,13.6,5.0,1011.2,1008.8,78.0,86.0,69.0
2022-03-20,5000C,CEUTA,51,CEUTA,355319N,052049W,87.0,15.3,14.2,14.8,20.2,9.0,5.8,13.6,0.0,1009.5,1005.8,85.0,94.0,81.0
2022-03-21,5000C,CEUTA,51,CEUTA,355319N,052049W,87.0,17.3,12.9,15.1,6.8,12.0,1.1,6.4,4.7,1010.1,1007.0,90.0,94.0,70.0
2022-03-22,5000C,CEUTA,51,CEUTA,355319N,052049W,87.0,16.7,12.9,14.8,8.2,14.0,3.1,7.2,2.6,1010.1,1007.3,89.0,96.0,83.0
2022-03-23,5000C,CEUTA,51,CEUTA,355319N,052049W,87.0,16.0,11.1,13.6,66.2,99.0,5.6,10.3,0.3,1007.3,999.7,92.0,96.0,89.0
2022-03-24,5000C,CEUTA,51,CEUTA,355319N,052049W,87.0,12.6,10.2,11.4,55.4,26.0,1.4,12.5,0.0,1001.8,998.3,90.0,95.0,76.0
2022-03-25,5000C,CEUTA,51,CEUTA,355319N,052049W,87.0,14.8,9.4,12.1,0.0,32.0,1.9,6.9,4.9,1003.7,998.3,77.0,91.0,69.0
2022-03-26,5000C,CEUTA,51,CEUTA,355319N,052049W,87.0,16.7,11.9,14.3,0.0,12.0,1.9,7.2,7.5,1007.7,1002.2,81.0,91.0,70.0
2022-03-27,5000C,CEUTA,51,CEUTA,355319N,052049W,87.0,16.8,14.1,15.4,0.0,10.0,5.8,13.6,1.4,1011.3,1006.5,85.0,88.0,75.0
2022-03-28,5000C,CEUTA,51,CEUTA,355319N,052049W,87.0,15.3,14.5,14.9,0.0,9.0,6.4,13.9,0.0,1010.8,1003.0,88.0,94.0,79.0
2022-03-29,5000C,CEUTA,51,CEUTA,355319N,052049W,87.0,17.3,14.0,15.6,8.0,28.0,1.4,8.6,1.2,1003.0,996.2,86.0,95.0,78.0
2022-03-30,5000C,CEUTA,51,CEUTA,355319N,052049W,87.0,16.8,14.5,15.6,2.6,27.0,4.7,15.3,9.2,1000.8,995.2,73.0,88.0,64.0
2022-03-31,5000C,CEUTA,51,CEUTA,355319N,052049W,87.0,17.3,14.0,15.6,1.0,26.0,5.6,17.5,6.5,1003.6,999.6,76.0,86.0,65.0
2022-04-01,5000C,CEUTA,51,CEUTA,355319N,052049W,87.0,17.5,13.0,15.2,0.0,25.0,3.3,12.8,7.3,1006.3,1003.2,65.0,77.0,55.0
2022-04-02,5000C,CEUTA,51,CEUTA,355319N,052049W,87.0,16.9,11.3,14.1,0.0,6.0,4.2,11.9,10.8,1005.9,1002.6,74.0,89.0,62.0
2022-04-03,5000C,CEUTA,51,CEUTA,355319N,052049W,87.0,15.3,13.1,14.2,0.0,11.0,7.8,15.8,4.7,1002.6,998.1,62.0,74.0,53.0
2022-04-04,5000C,CEUTA,51,CEUTA,355319N,052049W,87.0,13.2,11.4,12.3,39.4,10.0,9.2,21.7,0.0,998.9,995.0,80.0,90.0,65.0
2022-04-05,5000C,CEUTA,51,CEUTA,355319N,052049W,87.0,16.3,11.6,14.0,16.8,10.0,2.5,17.8,5.4,1001.2,996.6,83.0,95.0,67.0
2022-04-06,5000C,CEUTA,51,CEUTA,355319N,052049W,87.0,17.8,11.3,14.6,0.0,5.0,1.9,10.3,9.2,1011.8,999.5,73.0,92.0,56.0
2022-04-07,5000C,CEUTA,51,CEUTA,355319N,052049W,87.0,21.0,13.4,17.2,0.0,26.0,2.5,8.6,11.6,1013.2,1011.1,57.0,79.0,49.0
2022-04-08,5000C,CEUTA,51,CEUTA,355319N,052049W,87.0,21.1,13.4,17.2,0.0,28.0,2.5,15.6,11.6,1011.9,1009.8,59.0,82.0,46.0
2022-04-09,5000C,CEUTA,51,CEUTA,355319N,052049W,87.0,23.1,13.8,18.4,0.0,25.0,1.7,7.2,11.6,1010.7,1005.3,56.0,83.0,37.0
2022-04-10,5000C,CEUTA,51,CEUTA,355319N,052049W,87.0,18.4,13.8,16.1,0.0,9.0,3.1,7.2,8.6,1005.7,1002.0,81.0,91.0,58.0
2022-04-11,5000C,CEUTA,51,CEUTA,355319N,052049W,87.0,17.5,15.0,16.2,0.0,24.0,1.7,7.2,2.8,1002.1,998.6,87.0,91.0,72.0
2022-04-12,5000C,CEUTA,51,CEUTA,355319N,052049W,87.0,19.3,13.7,16.5,9.6,26.0,2.5,10.3,6.4,1003.0,1000.0,71.0,87.0,58.0
2022-04-13,5000C,CEUTA,51,CEUTA,355319N,052049W,87.0,19.1,12.7,15.9,0.0,29.0,3.6,12.8,11.7,1004.7,1001.4,67.0,91.0,54.0
2022-04-14,5000C,CEUTA,51,CEUTA,355319N,052049W,87.0,23.3,15.5,19.4,0.0,33.0,2.5,12.2,10.9,1008.6,1002.6,60.0,79.0,49.0
2022-04-15,5000C,CEUTA,51,CEUTA,355319N,052049W,87.0,21.0,13.9,17.4,0.0,99.0,1.9,6.1,10.6,1012.4,1007.5,84.0,92.0,58.0
2022-04-16,5000C,CEUTA,51,CEUTA,355319N,052049W,87.0,23.7,13.9,18.8,0.0,18.0,1.9,5.3,11.3,1011.9,1008.4,60.0,89.0,32.0
2022-04-17,5000C,CEUTA,51,CEUTA,355319N,052049W,87.0,29.1,16.8,23.0,0.0,30.0,1.7,10.0,11.6,1008.4,1003.9,38.0,63.0,30.0
2022-04-18,5000C,CEUTA,51,CEUTA,355319N,052049W,87.0,24.0,15.7,19.8,0.0,34.0,2.2,9.4,11.0,1005.8,1002.9,77.0,91.0,40.0
2022-04-19,5000C,CEUTA,51,CEUTA,355319N,052049W,87.0,18.1,14.5,16.3,0.0,25.0,3.1,14.4,8.4,1004.5,1001.2,64.0,79.0,56.0
2022-04-20,5000C,CEUTA,51,CEUTA,355319N,052049W,87.0,16.2,12.4,14.3,0.0,30.0,3.6,16.1,7.3,1003.5,1000.5,58.0,78.0,49.0
2022-04-21,5000C,CEUTA,51,CEUTA,355319N,052049W,87.0,17.9,13.5,15.7,0.0,28.0,4.2,15.0,10.0,1003.2,999.8,64.0,75.0,43.0
2022-04-22,5000C,CEUTA,51,CEUTA,355319N,052049W,87.0,19.3,13.1,16.2,19.4,25.0,4.4,16.7,4.3,999.8,992.8,69.0,87.0,52.0
2022-04-23,5000C,CEUTA,51,CEUTA,355319N,052049W,87.0,18.5,11.9,15.2,0.4,26.0,3.3,18.1,8.4,1004.7,994.2,60.0,87.0,51.0
2022-04-24,5000C,CEUTA,51,CEUTA,355319N,052049W,87.0,21.3,13.1,17.2,0.0,26.0,1.9,7.2,9.5,1004.3,1001.8,65.0,86.0,43.0
2022-04-25,5000C,CEUTA,51,CEUTA,355319N,052049W,87.0,18.6,13.2,15.9,0.0,2.0,1.7,5.3,12.1,1002.7,1000.5,70.0,84.0,65.0
2022-04-26,5000C,CEUTA,51,CEUTA,355319N,052049W,87.0,18.4,14.0,16.2,0.4,10.0,2.2,6.4,5.5,1005.7,1001.3,76.0,92.0,64.0
2022-04-27,5000C,CEUTA,51,CEUTA,355319N,052049W,87.0,21.5,13.1,17.3,0.0,25.0,1.7,8.3,9.8,1009.0,1005.2,64.0,93.0,53.0
2022-04-28,5000C,CEUTA,51,CEUTA,355319N,052049W,87.0,20.7,12.7,16.7,0.5,31.0,3.1,15.8,7.2,1010.7,1007.0,67.0,87.0,41.0
2022-04-29,5000C,CEUTA,51,CEUTA,355319N,052049W,87.0,18.7,13.7,16.2,0.0,7.0,4.2,8.6,9.6,1013.8,1010.0,73.0,94.0,64.0
2022-04-30,5000C,CEUTA,51,CEUTA,355319N,052049W,87.0,19.7,15.1,17.4,0.0,15.0,3.3,8.1,11.7,1013.7,1011.0,76.0,91.0,67.0
2022-05-01,5000C,CEUTA,51,CEUTA,355319N,052049W,87.0,26.1,14.5,20.3,0.0,29.0,2.5,10.3,12.2,1011.8,1006.2,47.0,94.0,22.0
2022-05-02,5000C,CEUTA,51,CEUTA,355319N,052049W,87.0,20.6,15.8,18.2,0.8,28.0,3.9,16.9,10.8,1006.2,1002.4,65.0,82.0,45.0
2022-05-03,5000C,CEUTA,51,CEUTA,355319N,052049W,87.0,20.4,15.1,17.8,0.0,26.0,1.7,11.7,6.8,1002.7,999.6,69.0,86.0,57.0
2022-05-04,5000C,CEUTA,51,CEUTA,355319N,052049W,87.0,20.5,14.7,17.6,0.6,29.0,1.7,7.2,3.8,1008.7,1001.3,68.0,89.0,59.0
2022-05-05,5000C,CEUTA,51,CEUTA,355319N,052049W,87.0,21.3,13.4,17.4,0.0,12.0,2.2,5.6,12.4,1013.2,1007.6,70.0,91.0,51.0
2022-05-06,5000C,CEUTA,51,CEUTA,355319N,052049W,87.0,22.8,15.5,19.2,0.0,18.0,2.2,6.1,10.9,1012.8,1008.6,61.0,95.0,44.0
2022-05-07,5000C,CEUTA,51,CEUTA,355319N,052049W,87.0,21.1,16.4,18.8,0.0,35.0,2.8,7.8,8.9,1010.5,1007.2,78.0,95.0,47.0
2022-05-08,5000C,CEUTA,51,CEUTA,355319N,052049W,87.0,21.0,16.8,18.9,0.0,16.0,2.5,5.6,12.3,1009.8,1007.3,74.0,93.0,65.0
2022-05-09,5000C,CEUTA,51,CEUTA,355319N,052049W,87.0,21.1,16.9,19.0,0.0,16.0,2.8,6.9,11.2,1011.5,1008.3,82.0,94.0,74.0
2022-05-10,5000C,CEUTA,51,CEUTA,355319N,052049W,87.0,21.1,17.1,19.1,0.0,9.0,3.6,8.3,11.9,1013.1,1009.9,77.0,91.0,68.0
2022-05-11,5000C,CEUTA,51,CEUTA,355319N,052049W,87.0,21.2,16.9,19.0,0.0,12.0,3.3,7.5,11.0,1010.2,1007.0,80.0,91.0,72.0
2022-05-12,5000C,CEUTA,51,CEUTA,355319N,052049W,87.0,20.8,16.9,18.8,0.0,10.0,2.8,6.7,6.5,1011.0,1007.5,83.0,94.0,75.0
2022-05-13,5000C,CEUTA,51,CEUTA,355319N,052049W,87.0,21.1,16.9,19.0,0.0,12.0,3.3,6.4,7.6,1011.0,1008.7,81.0,95.0,72.0
2022-05-14,5000C,CEUTA,51,CEUTA,355319N,052049W,87.0,22.5,16.9,19.7,0.0,15.0,2.2,5.8,10.8,1009.1,1006.0,79.0,91.0,67.0
2022-05-15,5000C,CEUTA,51,CEUTA,355319N,052049W,87.0,24.7,16.2,20.4,0.0,26.0,1.7,11.7,12.2,1010.2,1006.3,65.0,93.0,55.0
2022-05-16,5000C,CEUTA,51,CEUTA,355319N,052049W,87.0,28.7,17.0,22.8,0.0,29.0,1.7,8.6,12.8,1010.4,1007.7,47.0,69.0,33.0
2022-05-17,5000C,CEUTA,51,CEUTA,355319N,052049W,87.0,27.2,18.5,22.8,0.0,18.0,2.2,5.8,12.7,1009.9,1006.6,54.0,73.0,37.0
2022-05-18,5000C,CEUTA,51,CEUTA,355319N,052049W,87.0,25.2,17.8,21.5,0.0,18.0,2.5,5.8,12.5,1007.2,1005.4,67.0,93.0,48.0
2022-05-19,5000C,CEUTA,51,CEUTA,355319N,052049W,87.0,23.6,19.2,21.4,0.0,8.0,3.1,7.5,10.5,1008.6,1005.9,80.0,93.0,68.0
2022-05-20,5000C,CEUTA,51,CEUTA,355319N,052049W,87.0,22.8,18.7,20.8,0.0,19.0,3.6,9.2,5.1,1009.5,1007.0,84.0,95.0,75.0
2022-05-21,5000C,CEUTA,51,CEUTA,355319N,052049W,87.0,23.6,19.5,21.6,0.0,17.0,3.1,7.5,7.9,1008.4,1005.9,74.0,92.0,68.0
2022-05-22,5000C,CEUTA,51,CEUTA,355319N,052049W,87.0,25.1,18.1,21.6,0.0,33.0,2.5,13.6,9.7,1006.8,1002.6,64.0,90.0,48.0
2022-05-23,5000C,CEUTA,51,CEUTA,355319N,052049W,87.0,28.2,18.2,23.2,0.0,31.0,3.3,12.5,12.6,1004.5,999.2,53.0,79.0,37.0
2022-05-24,5000C,CEUTA,51,CEUTA,355319N,052049W,87.0,22.9,18.1,20.5,0.0,28.0,3.9,18.3,10.7,1004.8,999.8,62.0,75.0,39.0
2022-05-25,5000C,CEUTA,51,CEUTA,355319N,052049W,87.0,25.7,17.3,21.5,0.0,24.0,2.5,10.8,12.8,1010.6,1004.1,55.0,92.0,36.0
2022-05-26,5000C,CEUTA,51,CEUTA,355319N,052049W,87.0,22.5,18.0,20.2,0.0,12.0,5.3,11.7,10.7,1012.0,1009.7,75.0,91.0,62.0
2022-05-27,5000C,CEUTA,51,CEUTA,355319N,052049W,87.0,21.7,18.1,19.9,0.0,14.0,3.6,8.3,8.8,1011.4,1007.0,80.0,92.0,72.0
2022-05-28,5000C,CEUTA,51,CEUTA,355319N,052049W,87.0,25.7,17.6,21.6,0.0,20.0,1.9,8.6,12.5,1007.5,1002.0,61.0,93.0,42.0
2022-05-29,5000C,CEUTA,51,CEUTA,355319N,052049W,87.0,23.7,18.2,21.0,0.0,25.0,2.5,11.1,11.6,1002.6,999.4,64.0,81.0,53.0
2022-05-30,5000C,CEUTA,51,CEUTA,355319N,052049W,87.0,24.5,18.0,21.2,0.0,30.0,2.8,11.9,9.3,1002.8,1001.3,58.0,75.0,47.0
2022-05-31,5000C,CEUTA,51,CEUTA,355319N,052049W,87.0,25.7,18.0,21.8,0.0,26.0,1.9,5.8,13.0,1005.0,1001.5,57.0,68.0,49.0
2022-06-01,5000C,CEUTA,51,CEUTA,355319N,052049W,87.0,27.5,19.3,23.4,0.0,30.0,3.3,10.6,12.9,1006.4,1004.3,56.0,77.0,45.0
2022-06-02,5000C,CEUTA,51,CEUTA,355319N,052049W,87.0,23.8,18.8,21.3,0.0,28.0,2.5,10.6,5.8,1006.3,1003.4,62.0,81.0,52.0
2022-06-03,5000C,CEUTA,51,CEUTA,355319N,052049W,87.0,25.1,17.8,21.4,0.0,30.0,4.2,12.8,12.8,1006.4,1004.4,58.0,83.0,45.0
2022-06-04,5000C,CEUTA,51,CEUTA,355319N,052049W,87.0,24.0,18.4,21.2,0.0,31.0,3.1,12.5,10.5,1009.9,1005.6,62.0,78.0,48.0
2022-06-05,5000C,CEUTA,51,CEUTA,355319N,052049W,87.0,30.0,18.5,24.2,0.0,99.0,1.7,8.6,12.4,1010.0,1008.0,57.0,78.0,26.0
2022-06-06,5000C,CEUTA,51,CEUTA,355319N,052049W,87.0,28.6,18.6,23.6,0.0,16.0,1.9,5.0,13.0,1009.2,1006.3,59.0,80.0,41.0
2022-06-07,5000C,CEUTA,51,CEUTA,355319N,052049W,87.0,30.3,18.0,24.2,0.0,31.0,1.9,10.8,13.0,1008.1,1004.8,49.0,88.0,32.0
2022-06-08,5000C,CEUTA,51,CEUTA,355319N,052049W,87.0,28.9,23.4,26.2,0.0,29.0,3.9,12.8,13.0,1007.5,1004.7,49.0,58.0,35.0
2022-06-09,5000C,CEUTA,51,CEUTA,355319N,052049W,87.0,32.3,20.8,26.6,0.0,31.0,1.9,10.8,12.9,1007.4,1003.9,59.0,95.0,38.0
2022-06-10,5000C,CEUTA,51,CEUTA,355319N,052049W,87.0,23.7,20.7,22.2,0.0,11.0,4.4,9.2,3.6,1009.0,1006.6,85.0,95.0,78.0
2022-06-11,5000C,CEUTA,51,CEUTA,355319N,052049W,87.0,24.6,20.5,22.6,0.0,10.0,3.9,8.3,11.7,1009.9,1007.0,81.0,92.0,72.0
2022-06-12,5000C,CEUTA,51,CEUTA,355319N,052049W,87.0,24.3,20.4,22.4,0.0,9.0,3.6,7.2,9.0,1009.7,1007.1,83.0,93.0,73.0
2022-06-13,5000C,CEUTA,51,CEUTA,355319N,052049W,87.0,25.6,20.8,23.2,0.0,16.0,2.5,5.8,10.3,1008.8,1004.6,75.0,89.0,64.0
2022-06-14,5000C,CEUTA,51,CEUTA,355319N,052049W,87.0,28.2,20.6,24.4,0.0,18.0,2.2,5.8,10.0,1006.4,1003.2,65.0,90.0,43.0
2022-06-15,5000C,CEUTA,51,CEUTA,355319N,052049W,87.0,27.4,21.7,24.6,0.2,28.0,2.5,7.5,9.9,1008.2,1004.6,80.0,89.0,56.0
2022-06-16,5000C,CEUTA,51,CEUTA,355319N,052049W,87.0,26.8,21.0,23.9,0.0,32.0,2.5,9.2,12.0,1008.1,1004.8,72.0,86.0,61.0
2022-06-17,5000C,CEUTA,51,CEUTA,355319N,052049W,87.0,28.9,21.5,25.2,0.0,30.0,2.2,8.1,12.1,1007.8,1005.6,63.0,82.0,49.0
2022-06-18,5000C,CEUTA,51,CEUTA,355319N,052049W,87.0,30.8,22.3,26.6,0.0,30.0,1.4,14.2,12.3,1006.8,1001.9,53.0,80.0,36.0
2022-06-19,5000C,CEUTA,51,CEUTA,355319N,052049W,87.0,26.7,20.0,23.4,0.0,31.0,3.9,15.3,12.3,1003.8,1001.1,60.0,76.0,40.0
2022-06-20,5000C,CEUTA,51,CEUTA,355319N,052049W,87.0,25.2,19.8,22.5,0.0,32.0,2.5,12.8,11.3,1005.1,1001.1,64.0,78.0,51.0
2022-06-21,5000C,CEUTA,51,CEUTA,355319N,052049W,87.0,24.2,19.3,21.8,0.0,24.0,2.8,18.1,6.4,1005.1,1001.6,59.0,70.0,48.0
2022-06-22,5000C,CEUTA,51,CEUTA,355319N,052049W,87.0,25.3,18.2,21.8,0.0,25.0,3.1,10.0,12.2,1006.2,1003.7,56.0,76.0,48.0
2022-06-23,5000C,CEUTA,51,CEUTA,355319N,052049W,87.0,25.8,18.8,22.3,0.0,33.0,3.1,12.2,12.1,1008.1,1004.6,53.0,79.0,40.0
2022-06-24,5000C,CEUTA,51,CEUTA,355319N,052049W,87.0,26.5,19.3,22.9,0.0,32.0,2.5,10.3,13.0,1008.1,1003.9,52.0,77.0,40.0
2022-06-25,5000C,CEUTA,51,CEUTA,355319N,052049W,87.0,27.7,19.6,23.6,0.0,26.0,3.1,14.2,13.2,1004.6,1000.3,50.0,76.0,41.0
2022-06-26,5000C,CEUTA,51,CEUTA,355319N,052049W,87.0,25.8,19.4,22.6,0.0,28.0,3.6,11.7,13.1,1004.0,1000.8,46.0,72.0,29.0
2022-06-27,5000C,CEUTA,51,CEUTA,355319N,052049W,87.0,24.5,18.7,21.6,0.0,26.0,2.2,11.1,13.1,1007.5,1003.7,46.0,70.0,29.0
2022-06-28,5000C,CEUTA,51,CEUTA,355319N,052049W,87.0,24.4,19.0,21.7,0.0,29.0,3.3,10.3,13.1,1007.9,1005.5,70.0,92.0,37.0
2022-06-29,5000C,CEUTA,51,CEUTA,355319N,052049W,87.0,26.7,18.1,22.4,0.0,32.0,1.9,6.7,12.9,1006.8,1001.8,72.0,93.0,28.0
2022-06-30,5000C,CEUTA,51,CEUTA,355319N,052049W,87.0,28.8,20.0,24.4,0.0,30.0,2.5,11.1,13.0,1002.9,1000.5,42.0,61.0,26.0
2022-07-01,5000C,CEUTA,51,CEUTA,355319N,052049W,87.0,25.0,20.2,22.6,0.0,11.0,3.1,8.6,10.3,1006.3,1001.6,69.0,93.0,29.0
2022-07-02,5000C,CEUTA,51,CEUTA,355319N,052049W,87.0,24.7,21.8,23.2,0.0,20.0,3.3,6.9,2.2,1009.2,1004.9,87.0,96.0,77.0
2022-07-03,5000C,CEUTA,51,CEUTA,355319N,052049W,87.0,29.5,21.1,25.3,0.0,32.0,1.7,7.5,11.0,1008.9,1006.5,62.0,92.0,49.0
2022-07-04,5000C,CEUTA,51,CEUTA,355319N,052049W,87.0,28.3,19.0,23.6,0.0,26.0,1.9,5.0,12.2,1008.1,1004.5,63.0,81.0,53.0
2022-07-05,5000C,CEUTA,51,CEUTA,355319N,052049W,87.0,31.4,20.5,26.0,0.0,31.0,1.4,6.4,11.8,1009.0,1005.3,55.0,81.0,41.0
2022-07-06,5000C,CEUTA,51,CEUTA,355319N,052049W,87.0,28.2,18.4,23.3,0.0,13.0,1.9,4.7,12.9,1009.5,1006.9,61.0,81.0,51.0
2022-07-07,5000C,CEUTA,51,CEUTA,355319N,052049W,87.0,26.5,19.7,23.1,0.0,20.0,2.8,6.7,6.9,1011.9,1009.3,83.0,96.0,67.0
2022-07-08,5000C,CEUTA,51,CEUTA,355319N,052049W,87.0,26.5,22.2,24.4,0.0,11.0,4.4,8.6,8.8,1012.0,1009.5,86.0,96.0,72.0
2022-07-09,5000C,CEUTA,51,CEUTA,355319N,052049W,87.0,26.9,22.1,24.5,0.0,8.0,3.6,8.6,9.5,1011.7,1008.3,83.0,97.0,70.0
2022-07-10,5000C,CEUTA,51,CEUTA,355319N,052049W,87.0,26.3,21.7,24.0,0.0,9.0,3.3,8.6,8.0,1008.7,1004.7,84.0,97.0,74.0
2022-07-11,5000C,CEUTA,51,CEUTA,355319N,052049W,87.0,26.5,21.7,24.1,0.0,10.0,3.3,8.3,9.6,1005.3,1003.0,83.0,95.0,72.0
2022-07-12,5000C,CEUTA,51,CEUTA,355319N,052049W,87.0,27.1,22.4,24.8,0.0,8.0,3.9,8.6,9.0,1010.1,1004.8,84.0,96.0,75.0
2022-07-13,5000C,CEUTA,51,CEUTA,355319N,052049W,87.0,26.7,22.6,24.6,0.0,12.0,4.2,8.6,8.8,1010.8,1008.2,86.0,97.0,74.0
2022-07-14,5000C,CEUTA,51,CEUTA,355319N,052049W,87.0,25.6,22.2,23.9,0.0,10.0,3.1,8.1,4.7,1009.6,1005.0,88.0,98.0,80.0
2022-07-15,5000C,CEUTA,51,CEUTA,355319N,052049W,87.0,26.6,22.4,24.5,0.0,11.0,3.1,7.5,8.6,1006.1,1004.4,87.0,97.0,78.0
2022-07-16,5000C,CEUTA,51,CEUTA,355319N,052049W,87.0,26.5,22.3,24.4,0.0,13.0,3.3,6.4,8.2,1006.6,1004.6,85.0,98.0,75.0
2022-07-17,5000C,CEUTA,51,CEUTA,355319N,052049W,87.0,27.0,22.1,24.6,0.0,13.0,3.1,6.4,9.5,1007.9,1005.5,88.0,98.0,76.0
2022-07-18,5000C,CEUTA,51,CEUTA,355319N,052049W,87.0,28.4,23.0,25.7,0.0,10.0,2.8,6.7,10.8,1008.0,1006.0,82.0,96.0,70.0
2022-07-19,5000C,CEUTA,51,CEUTA,355319N,052049W,87.0,29.1,22.5,25.8,0.0,9.0,2.2,6.1,12.1,1007.7,1004.8,73.0,94.0,60.0
2022-07-20,5000C,CEUTA,51,CEUTA,355319N,052049W,87.0,27.7,20.3,24.0,0.0,13.0,2.8,5.3,12.0,1007.5,1004.7,79.0,93.0,62.0
2022-07-21,5000C,CEUTA,51,CEUTA,355319N,052049W,87.0,28.7,23.4,26.0,0.0,10.0,3.3,7.8,9.0,1008.8,1006.6,83.0,95.0,65.0
2022-07-22,5000C,CEUTA,51,CEUTA,355319N,052049W,87.0,29.2,23.6,26.4,0.0,10.0,3.3,7.2,11.2,1007.5,1005.5,85.0,96.0,70.0
2022-07-23,5000C,CEUTA,51,CEUTA,355319N,052049W,87.0,28.3,22.9,25.6,0.0,16.0,3.6,7.2,11.9,1007.9,1005.8,82.0,98.0,72.0
2022-07-24,5000C,CEUTA,51,CEUTA,355319N,052049W,87.0,28.0,23.2,25.6,0.0,17.0,2.5,7.2,9.7,1008.5,1005.1,81.0,97.0,72.0
2022-07-25,5000C,CEUTA,51,CEUTA,355319N,052049W,87.0,35.7,23.0,29.4,0.0,30.0,3.3,10.8,11.8,1006.6,1003.5,73.0,89.0,15.0
2022-07-26,5000C,CEUTA,51,CEUTA,355319N,052049W,87.0,39.0,27.8,33.4,0.0,29.0,3.1,13.1,12.4,1005.7,1003.1,19.0,42.0,9.0
2022-07-27,5000C,CEUTA,51,CEUTA,355319N,052049W,87.0,30.8,22.6,26.7,0.0,30.0,2.5,11.1,12.7,1005.1,1001.8,49.0,64.0,26.0
2022-07-28,5000C,CEUTA,51,CEUTA,355319N,052049W,87.0,31.3,21.7,26.5,0.0,17.0,1.9,5.3,12.8,1003.1,1000.7,52.0,78.0,37.0
2022-07-29,5000C,CEUTA,51,CEUTA,355319N,052049W,87.0,29.2,21.8,25.5,0.0,16.0,3.1,6.4,12.3,1005.0,1001.8,67.0,90.0,50.0
2022-07-30,5000C,CEUTA,51,CEUTA,355319N,052049W,87.0,27.8,22.6,25.2,0.0,99.0,3.1,8.3,3.4,1006.7,1003.6,83.0,91.0,68.0
2022-07-31,5000C,CEUTA,51,CEUTA,355319N,052049W,87.0,28.8,23.7,26.2,0.0,12.0,3.1,7.8,4.5,1007.1,1004.7,88.0,97.0,79.0
2022-08-01,5000C,CEUTA,51,CEUTA,355319N,052049W,87.0,29.5,24.1,26.8,0.0,6.0,3.1,7.8,10.6,1006.7,1004.4,83.0,97.0,68.0
2022-08-02,5000C,CEUTA,51,CEUTA,355319N,052049W,87.0,28.7,24.0,26.4,0.0,12.0,3.6,7.5,9.8,1006.1,1003.6,82.0,95.0,70.0
2022-08-03,5000C,CEUTA,51,CEUTA,355319N,052049W,87.0,28.9,23.6,26.2,0.0,8.0,2.8,5.8,9.2,1004.0,1001.3,83.0,96.0,69.0
2022-08-04,5000C,CEUTA,51,CEUTA,355319N,052049W,87.0,28.4,23.5,26.0,0.0,5.0,2.5,6.4,10.2,1003.8,1001.8,79.0,91.0,71.0
2022-08-05,5000C,CEUTA,51,CEUTA,355319N,052049W,87.0,28.9,23.9,26.4,0.0,99.0,2.5,5.3,11.4,1005.6,1002.7,80.0,94.0,70.0
2022-08-06,5000C,CEUTA,51,CEUTA,355319N,052049W,87.0,29.5,23.4,26.4,0.0,15.0,2.5,5.8,9.7,1007.0,1004.8,83.0,96.0,67.0
2022-08-07,5000C,CEUTA,51,CEUTA,355319N,052049W,87.0,31.4,21.8,26.6,0.0,13.0,1.7,5.6,11.1,1006.2,1003.5,68.0,94.0,49.0
2022-08-08,5000C,CEUTA,51,CEUTA,355319N,052049W,87.0,31.5,20.8,26.2,0.0,31.0,2.5,6.9,12.3,1006.1,1004.0,61.0,86.0,34.0
2022-08-09,5000C,CEUTA,51,CEUTA,355319N,052049W,87.0,28.1,22.0,25.0,0.0,6.0,1.7,6.4,7.1,1005.8,1003.7,78.0,95.0,62.0
2022-08-10,5000C,CEUTA,51,CEUTA,355319N,052049W,87.0,29.1,23.5,26.3,0.0,8.0,1.7,5.3,6.2,1005.1,1002.6,78.0,95.0,69.0
2022-08-11,5000C,CEUTA,51,CEUTA,355319N,052049W,87.0,28.2,23.4,25.8,0.0,18.0,1.7,5.0,6.3,1005.8,1003.3,78.0,92.0,69.0
2022-08-12,5000C,CEUTA,51,CEUTA,355319N,052049W,87.0,29.3,24.0,26.6,0.0,8.0,2.2,6.7,7.1,1005.5,1002.8,84.0,96.0,71.0
2022-08-13,5000C,CEUTA,51,CEUTA,355319N,052049W,87.0,34.3,23.7,29.0,0.0,12.0,1.4,5.3,11.0,1003.7,1000.4,57.0,97.0,28.0
2022-08-14,5000C,CEUTA,51,CEUTA,355319N,052049W,87.0,31.6,22.4,27.0,0.0,25.0,2.2,15.0,10.7,1004.1,1000.1,51.0,84.0,33.0
2022-08-15,5000C,CEUTA,51,CEUTA,355319N,052049W,87.0,27.6,21.2,24.4,0.0,27.0,4.2,15.6,12.0,1003.9,1000.2,60.0,74.0,48.0
2022-08-16,5000C,CEUTA,51,CEUTA,355319N,052049W,87.0,28.4,20.6,24.5,0.0,28.0,3.6,13.1,12.1,1001.8,999.9,52.0,74.0,37.0
2022-08-17,5000C,CEUTA,51,CEUTA,355319N,052049W,87.0,26.9,22.1,24.5,0.0,24.0,3.9,14.7,12.1,1002.6,1000.4,54.0,71.0,42.0
2022-08-18,5000C,CEUTA,51,CEUTA,355319N,052049W,87.0,33.0,19.8,26.4,0.0,30.0,1.7,7.5,12.1,1005.7,1001.3,53.0,95.0,20.0
2022-08-19,5000C,CEUTA,51,CEUTA,355319N,052049W,87.0,27.2,20.1,23.6,0.0,14.0,4.4,8.6,6.6,1008.2,1005.2,81.0,97.0,71.0
2022-08-20,5000C,CEUTA,51,CEUTA,355319N,052049W,87.0,27.6,22.9,25.2,0.0,11.0,3.3,7.5,10.4,1009.0,1006.2,82.0,92.0,71.0
2022-08-21,5000C,CEUTA,51,CEUTA,355319N,052049W,87.0,31.2,21.4,26.3,0.0,99.0,2.8,6.4,12.0,1008.4,1002.9,66.0,96.0,23.0
2022-08-22,5000C,CEUTA,51,CEUTA,355319N,052049W,87.0,38.3,19.4,28.8,0.0,16.0,2.2,7.8,12.0,1003.0,1000.0,28.0,99.0,17.0
2022-08-23,5000C,CEUTA,51,CEUTA,355319N,052049W,87.0,25.7,19.9,22.8,0.0,10.0,1.9,5.3,4.2,1004.7,1001.9,89.0,100.0,80.0
2022-08-24,5000C,CEUTA,51,CEUTA,355319N,052049W,87.0,26.2,21.4,23.8,0.0,99.0,1.7,5.0,6.9,1005.2,1002.2,83.0,94.0,76.0
2022-08-25,5000C,CEUTA,51,CEUTA,355319N,052049W,87.0,29.3,19.3,24.3,0.0,18.0,1.7,5.6,11.8,1005.3,1002.4,70.0,89.0,52.0
2022-08-26,5000C,CEUTA,51,CEUTA,355319N,052049W,87.0,26.8,21.3,24.0,0.0,16.0,1.9,5.8,11.0,1004.4,1000.5,79.0,93.0,64.0
2022-08-27,5000C,CEUTA,51,CEUTA,355319N,052049W,87.0,26.4,21.9,24.2,0.0,8.0,3.3,8.6,2.3,1002.5,999.4,90.0,98.0,80.0
2022-08-28,5000C,CEUTA,51,CEUTA,355319N,052049W,87.0,27.0,22.5,24.8,0.0,12.0,2.5,7.8,0.6,1003.6,999.7,90.0,98.0,81.0
2022-08-29,5000C,CEUTA,51,CEUTA,355319N,052049W,87.0,26.6,22.7,24.6,0.0,6.0,1.7,6.4,2.0,1006.6,1002.3,88.0,96.0,80.0
2022-08-30,5000C,CEUTA,51,CEUTA,355319N,052049W,87.0,32.9,23.1,28.0,0.0,30.0,1.7,8.6,2.5,1009.2,1005.6,81.0,95.0,35.0
2022-08-31,5000C,CEUTA,51,CEUTA,355319N,052049W,87.0,31.7,22.7,27.2,0.0,18.0,1.7,4.2,11.1,1008.9,1005.5,57.0,74.0,45.0
2022-09-01,5000C,CEUTA,51,CEUTA,355319N,052049W,87.0,32.0,24.0,28.0,0.0,32.0,1.7,7.2,2.9,1005.8,1003.6,28.0,65.0,18.0
2022-09-02,5000C,CEUTA,51,CEUTA,355319N,052049W,87.0,29.5,22.9,26.2,0.0,30.0,1.7,9.4,5.3,1005.6,1002.7,45.0,62.0,35.0
2022-09-03,5000C,CEUTA,51,CEUTA,355319N,052049W,87.0,27.6,21.2,24.4,0.0,29.0,3.3,12.8,5.6,1005.9,1003.2,55.0,74.0,36.0
2022-09-04,5000C,CEUTA,51,CEUTA,355319N,052049W,87.0,29.1,20.2,24.6,0.0,30.0,1.9,11.1,11.5,1009.2,1005.3,46.0,72.0,26.0
2022-09-05,5000C,CEUTA,51,CEUTA,355319N,052049W,87.0,29.4,20.5,25.0,0.0,30.0,3.1,12.5,11.5,1011.0,1007.5,48.0,76.0,30.0
2022-09-06,5000C,CEUTA,51,CEUTA,355319N,052049W,87.0,32.0,20.7,26.4,0.0,27.0,2.8,12.2,11.5,1009.3,1005.5,44.0,69.0,34.0
2022-09-07,5000C,CEUTA,51,CEUTA,355319N,052049W,87.0,31.8,23.0,27.4,0.0,30.0,2.8,11.9,11.4,1006.6,1004.2,39.0,56.0,31.0
2022-09-08,5000C,CEUTA,51,CEUTA,355319N,052049W,87.0,34.9,24.2,29.6,0.0,35.0,3.3,11.7,11.4,1006.5,1004.2,30.0,45.0,23.0
2022-09-09,5000C,CEUTA,51,CEUTA,355319N,052049W,87.0,32.6,23.8,28.2,0.0,35.0,1.7,11.4,11.4,1007.7,1005.1,57.0,76.0,40.0
2022-09-10,5000C,CEUTA,51,CEUTA,355319N,052049W,87.0,28.2,20.5,24.4,0.0,99.0,2.8,4.7,11.1,1008.3,1005.4,74.0,96.0,49.0
2022-09-11,5000C,CEUTA,51,CEUTA,355319N,052049W,87.0,26.3,19.6,23.0,0.0,10.0,2.5,6.7,7.9,1007.2,1002.2,87.0,98.0,74.0
2022-09-12,5000C,CEUTA,51,CEUTA,355319N,052049W,87.0,24.6,21.0,22.8,0.0,33.0,1.4,6.7,0.7,1004.0,998.6,88.0,96.0,60.0
2022-09-13,5000C,CEUTA,51,CEUTA,355319N,052049W,87.0,28.5,22.1,25.3,0.0,32.0,2.5,10.3,4.7,1002.4,999.5,69.0,89.0,55.0
2022-09-14,5000C,CEUTA,51,CEUTA,355319N,052049W,87.0,27.8,21.7,24.8,0.0,32.0,2.2,13.6,7.9,1005.5,1001.4,66.0,79.0,56.0
2022-09-15,5000C,CEUTA,51,CEUTA,355319N,052049W,87.0,27.2,20.5,23.8,0.0,31.0,2.2,11.7,8.3,1005.9,1003.8,68.0,82.0,56.0
2022-09-16,5000C,CEUTA,51,CEUTA,355319N,052049W,87.0,30.1,20.4,25.2,0.0,23.0,1.9,7.8,11.1,1004.8,1000.7,58.0,81.0,44.0
2022-09-17,5000C,CEUTA,51,CEUTA,355319N,052049W,87.0,28.3,21.1,24.7,0.0,8.0,1.4,7.2,11.0,1002.0,999.6,67.0,91.0,48.0
2022-09-18,5000C,CEUTA,51,CEUTA,355319N,052049W,87.0,25.8,21.1,23.4,0.6,8.0,3.1,8.6,2.8,1003.7,1000.0,90.0,96.0,81.0
2022-09-19,5000C,CEUTA,51,CEUTA,355319N,052049W,87.0,25.2,21.6,23.4,0.0,9.0,2.5,6.4,4.1,1006.8,1002.5,85.0,92.0,77.0
2022-09-20,5000C,CEUTA,51,CEUTA,355319N,052049W,87.0,25.0,21.7,23.4,0.0,17.0,2.8,5.8,8.2,1007.8,1005.4,86.0,95.0,76.0
2022-09-21,5000C,CEUTA,51,CEUTA,355319N,052049W,87.0,26.2,20.2,23.2,0.0,16.0,2.2,6.7,7.5,1007.8,1005.2,86.0,96.0,69.0
2022-09-22,5000C,CEUTA,51,CEUTA,355319N,052049W,87.0,25.7,20.5,23.1,0.0,15.0,1.7,5.0,9.5,1008.4,1006.3,84.0,98.0,71.0
2022-09-23,5000C,CEUTA,51,CEUTA,355319N,052049W,87.0,25.2,19.8,22.5,0.0,8.0,2.2,5.6,8.5,1008.8,1005.1,88.0,99.0,75.0
2022-09-24,5000C,CEUTA,51,CEUTA,355319N,052049W,87.0,29.7,19.9,24.8,0.0,19.0,2.5,7.8,10.7,1005.1,1001.7,61.0,98.0,38.0
2022-09-25,5000C,CEUTA,51,CEUTA,355319N,052049W,87.0,25.9,19.6,22.8,0.0,23.0,2.8,10.0,7.7,1002.8,999.3,65.0,76.0,54.0
2022-09-26,5000C,CEUTA,51,CEUTA,355319N,052049W,87.0,25.9,18.5,22.2,0.0,30.0,2.8,10.0,10.6,1007.5,1001.7,57.0,76.0,43.0
2022-09-27,5000C,CEUTA,51,CEUTA,355319N,052049W,87.0,26.5,19.2,22.8,0.0,30.0,3.3,13.3,10.8,1008.9,1006.8,49.0,78.0,35.0
2022-09-28,5000C,CEUTA,51,CEUTA,355319N,052049W,87.0,25.8,19.1,22.4,0.0,26.0,3.9,14.7,10.7,1007.7,1003.2,62.0,76.0,45.0
2022-09-29,5000C,CEUTA,51,CEUTA,355319N,052049W,87.0,22.3,17.9,20.1,8.6,31.0,3.9,18.6,9.1,1004.8,1001.2,68.0,94.0,54.0
2022-09-30,5000C,CEUTA,51,CEUTA,355319N,052049W,87.0,26.2,16.6,21.4,0.0,25.0,2.2,8.6,10.7,1009.3,1000.4,56.0,90.0,34.0
2022-10-01,5000C,CEUTA,51,CEUTA,355319N,052049W,87.0,22.9,16.1,19.5,0.0,11.0,3.3,11.1,10.2,1014.4,1009.3,84.0,96.0,62.0
2022-10-02,5000C,CEUTA,51,CEUTA,355319N,052049W,87.0,22.6,19.3,21.0,0.0,8.0,4.4,11.7,2.9,1014.2,1010.6,86.0,93.0,76.0
2022-10-03,5000C,CEUTA,51,CEUTA,355319N,052049W,87.0,24.6,19.5,22.0,0.0,17.0,1.1,4.7,5.8,1012.4,1009.6,80.0,93.0,36.0
2022-10-04,5000C,CEUTA,51,CEUTA,355319N,052049W,87.0,26.9,17.4,22.2,0.0,36.0,2.5,5.3,9.4,1011.2,1008.3,78.0,97.0,35.0
2022-10-05,5000C,CEUTA,51,CEUTA,355319N,052049W,87.0,23.3,17.1,20.2,0.0,11.0,1.7,6.1,1.1,1013.1,1010.0,94.0,100.0,80.0
2022-10-06,5000C,CEUTA,51,CEUTA,355319N,052049W,87.0,24.4,20.2,22.3,0.0,8.0,3.3,10.8,4.1,1013.1,1010.5,90.0,98.0,77.0
2022-10-07,5000C,CEUTA,51,CEUTA,355319N,052049W,87.0,23.2,19.3,21.2,0.0,8.0,4.4,10.8,3.0,1011.3,1006.4,88.0,96.0,79.0
2022-10-08,5000C,CEUTA,51,CEUTA,355319N,052049W,87.0,21.6,19.4,20.5,2.2,10.0,2.2,7.8,0.7,1006.9,1004.5,94.0,99.0,90.0
2022-10-09,5000C,CEUTA,51,CEUTA,355319N,052049W,87.0,23.3,19.4,21.4,0.0,99.0,3.1,7.2,1.5,1007.0,1004.8,92.0,99.0,85.0
2022-10-10,5000C,CEUTA,51,CEUTA,355319N,052049W,87.0,26.7,18.3,22.5,0.0,15.0,1.1,6.1,8.5,1008.4,1006.0,79.0,98.0,56.0
2022-10-11,5000C,CEUTA,51,CEUTA,355319N,052049W,87.0,21.5,18.5,20.0,7.8,15.0,1.4,6.4,0.0,1008.0,1005.1,91.0,100.0,83.0
2022-10-12,5000C,CEUTA,51,CEUTA,355319N,052049W,87.0,22.8,18.4,20.6,0.4,12.0,2.2,8.6,3.4,1011.3,1007.0,93.0,100.0,83.0
2022-10-13,5000C,CEUTA,51,CEUTA,355319N,052049W,87.0,23.5,18.6,21.0,0.0,10.0,2.8,9.7,9.7,1014.3,1010.4,85.0,98.0,68.0
2022-10-14,5000C,CEUTA,51,CEUTA,355319N,052049W,87.0,23.1,18.5,20.8,0.0,9.0,2.8,6.9,6.2,1013.9,1008.7,88.0,98.0,75.0
2022-10-15,5000C,CEUTA,51,CEUTA,355319N,052049W,87.0,22.8,17.6,20.2,0.0,20.0,2.2,4.7,5.9,1008.7,1005.2,88.0,95.0,70.0
2022-10-16,5000C,CEUTA,51,CEUTA,355319N,052049W,87.0,23.3,17.7,20.5,0.2,18.0,2.8,8.1,3.0,1008.2,1004.2,75.0,92.0,57.0
2022-10-17,5000C,CEUTA,51,CEUTA,355319N,052049W,87.0,22.9,18.3,20.6,0.0,18.0,1.4,5.8,3.2,1012.9,1007.3,91.0,95.0,75.0
2022-10-18,5000C,CEUTA,51,CEUTA,355319N,052049W,87.0,22.5,19.9,21.2,0.0,99.0,1.4,5.0,1.3,1014.4,1011.4,94.0,99.0,86.0
2022-10-19,5000C,CEUTA,51,CEUTA,355319N,052049W,87.0,22.4,18.4,20.4,0.0,4.0,1.4,5.3,1.5,1012.5,1006.5,94.0,100.0,86.0
2022-10-20,5000C,CEUTA,51,CEUTA,355319N,052049W,87.0,24.2,17.5,20.8,0.0,19.0,1.9,6.1,5.0,1007.6,1004.9,81.0,99.0,64.0
2022-10-21,5000C,CEUTA,51,CEUTA,355319N,052049W,87.0,24.2,16.7,20.4,0.0,12.0,1.9,4.7,8.4,1008.4,1006.4,82.0,99.0,63.0
2022-10-22,5000C,CEUTA,51,CEUTA,355319N,052049W,87.0,24.7,18.6,21.6,0.0,16.0,1.9,5.3,8.0,1007.1,1005.1,76.0,88.0,61.0
2022-10-23,5000C,CEUTA,51,CEUTA,355319N,052049W,87.0,24.3,18.7,21.5,0.0,14.0,1.4,4.7,8.2,1008.8,1005.8,82.0,90.0,68.0
2022-10-24,5000C,CEUTA,51,CEUTA,355319N,052049W,87.0,24.2,17.7,21.0,0.0,15.0,1.9,4.7,9.4,1009.0,1006.7,79.0,93.0,60.0
2022-10-25,5000C,CEUTA,51,CEUTA,355319N,052049W,87.0,25.1,19.0,22.0,0.0,18.0,1.9,4.4,7.3,1008.2,1006.1,79.0,96.0,46.0
2022-10-26,5000C,CEUTA,51,CEUTA,355319N,052049W,87.0,25.6,18.6,22.1,0.0,17.0,1.7,5.0,5.7,1009.9,1007.0,74.0,99.0,50.0
2022-10-27,5000C,CEUTA,51,CEUTA,355319N,052049W,87.0,23.3,18.9,21.1,0.0,9.0,1.7,4.2,8.0,1013.8,1009.6,87.0,98.0,76.0
2022-10-28,5000C,CEUTA,51,CEUTA,355319N,052049W,87.0,21.9,18.4,20.2,0.0,7.0,2.5,6.9,3.3,1014.6,1011.8,91.0,98.0,76.0
2022-10-29,5000C,CEUTA,51,CEUTA,355319N,052049W,87.0,22.2,19.0,20.6,0.0,6.0,2.5,5.8,3.8,1012.4,1009.7,88.0,97.0,73.0
2022-10-30,5000C,CEUTA,51,CEUTA,355319N,052049W,87.0,21.5,18.6,20.0,0.0,10.0,1.7,5.0,1.0,1010.1,1008.2,91.0,96.0,86.0
2022-10-31,5000C,CEUTA,51,CEUTA,355319N,052049W,87.0,22.4,18.8,20.6,0.0,22.0,1.1,4.2,1.4,1011.4,1007.9,91.0,98.0,76.0
2022-11-01,5000C,CEUTA,51,CEUTA,355319N,052049W,87.0,23.3,17.6,20.4,0.0,12.0,1.4,3.9,8.6,1012.9,1010.4,76.0,91.0,65.0
2022-11-02,5000C,CEUTA,51,CEUTA,355319N,052049W,87.0,23.0,17.4,20.2,0.0,2.0,1.7,4.2,9.0,1013.7,1010.7,81.0,96.0,68.0
2022-11-03,5000C,CEUTA,51,CEUTA,355319N,052049W,87.0,22.1,16.5,19.3,0.0,29.0,1.4,8.3,4.3,1013.1,1010.5,74.0,97.0,58.0
2022-11-04,5000C,CEUTA,51,CEUTA,355319N,052049W,87.0,24.4,18.7,21.6,0.0,29.0,2.2,11.4,4.9,1012.4,1010.1,74.0,86.0,61.0
2022-11-05,5000C,CEUTA,51,CEUTA,355319N,052049W,87.0,25.0,16.6,20.8,0.0,32.0,1.9,8.1,9.1,1011.3,1009.1,66.0,94.0,45.0
2022-11-06,5000C,CEUTA,51,CEUTA,355319N,052049W,87.0,24.7,15.3,20.0,0.0,28.0,1.4,9.4,9.0,1010.9,1008.2,63.0,98.0,39.0
2022-11-07,5000C,CEUTA,51,CEUTA,355319N,052049W,87.0,22.9,16.3,19.6,0.0,16.0,1.7,3.9,9.0,1010.3,1008.0,76.0,84.0,57.0
2022-11-08,5000C,CEUTA,51,CEUTA,355319N,052049W,87.0,21.6,17.1,19.4,0.0,29.0,1.4,8.6,6.4,1009.9,1007.3,79.0,87.0,69.0
2022-11-09,5000C,CEUTA,51,CEUTA,355319N,052049W,87.0,23.9,16.3,20.1,0.0,29.0,1.9,7.8,4.0,1011.1,1008.4,67.0,85.0,51.0
2022-11-10,5000C,CEUTA,51,CEUTA,355319N,052049W,87.0,21.4,16.3,18.8,0.0,8.0,1.9,8.9,7.3,1012.1,1009.7,82.0,91.0,70.0
2022-11-11,5000C,CEUTA,51,CEUTA,355319N,052049W,87.0,19.9,18.3,19.1,0.0,7.0,5.0,12.5,0.2,1010.9,1007.3,86.0,96.0,78.0
2022-11-12,5000C,CEUTA,51,CEUTA,355319N,052049W,87.0,21.0,16.8,18.9,0.0,20.0,1.7,4.4,6.0,1009.6,1006.9,91.0,97.0,79.0
2022-11-13,5000C,CEUTA,51,CEUTA,355319N,052049W,87.0,20.9,16.5,18.7,0.0,1.0,1.7,6.4,7.1,1010.8,1008.7,88.0,97.0,76.0
2022-11-14,5000C,CEUTA,51,CEUTA,355319N,052049W,87.0,23.7,16.4,20.0,0.0,31.0,1.4,7.5,8.3,1012.0,1009.5,74.0,87.0,53.0
2022-11-15,5000C,CEUTA,51,CEUTA,355319N,052049W,87.0,24.2,17.3,20.8,0.2,28.0,2.5,11.4,5.6,1010.5,1007.3,67.0,86.0,54.0
2022-11-16,5000C,CEUTA,51,CEUTA,355319N,052049W,87.0,20.5,18.8,19.6,28.8,25.0,3.1,15.6,0.0,1007.9,1004.7,85.0,97.0,74.0
2022-11-17,5000C,CEUTA,51,CEUTA,355319N,052049W,87.0,22.6,18.7,20.6,15.2,30.0,3.1,12.8,5.5,1007.0,1005.2,79.0,90.0,73.0
2022-11-18,5000C,CEUTA,51,CEUTA,355319N,052049W,87.0,19.3,14.2,16.8,6.8,32.0,3.9,13.9,2.1,1011.6,1004.4,79.0,95.0,58.0
2022-11-19,5000C,CEUTA,51,CEUTA,355319N,052049W,87.0,18.0,12.5,15.2,0.0,30.0,2.2,12.2,7.3,1015.1,1011.0,63.0,70.0,52.0
2022-11-20,5000C,CEUTA,51,CEUTA,355319N,052049W,87.0,19.3,13.1,16.2,0.0,29.0,2.8,9.4,8.1,1016.7,1014.4,68.0,80.0,53.0
2022-11-21,5000C,CEUTA,51,CEUTA,355319N,052049W,87.0,21.4,15.1,18.2,9.0,26.0,4.4,16.7,4.5,1014.8,1010.3,76.0,92.0,59.0
2022-11-22,5000C,CEUTA,51,CEUTA,355319N,052049W,87.0,19.8,15.7,17.8,0.2,33.0,3.1,13.9,4.8,1013.6,1011.0,72.0,80.0,65.0
2022-11-23,5000C,CEUTA,51,CEUTA,355319N,052049W,87.0,20.1,16.5,18.3,0.6,26.0,2.2,13.1,0.5,1011.4,1009.6,84.0,90.0,71.0
2022-11-24,5000C,CEUTA,51,CEUTA,355319N,052049W,87.0,21.7,15.5,18.6,0.0,33.0,2.2,9.2,7.1,1011.1,1008.9,71.0,87.0,59.0
2022-11-25,5000C,CEUTA,51,CEUTA,355319N,052049W,87.0,22.3,16.5,19.4,0.0,30.0,2.2,10.8,5.4,1016.0,1010.9,68.0,80.0,50.0
2022-11-26,5000C,CEUTA,51,CEUTA,355319N,052049W,87.0,19.5,15.1,17.3,0.0,8.0,3.6,7.8,2.2,1018.3,1016.0,89.0,96.0,74.0
2022-11-27,5000C,CEUTA,51,CEUTA,355319N,052049W,87.0,18.4,14.3,16.4,0.0,31.0,2.2,10.3,4.2,1016.7,1011.7,86.0,93.0,67.0
2022-11-28,5000C,CEUTA,51,CEUTA,355319N,052049W,87.0,19.1,13.3,16.2,0.0,28.0,2.8,12.2,7.9,1013.7,1010.8,57.0,69.0,31.0
2022-11-29,5000C,CEUTA,51,CEUTA,355319N,052049W,87.0,18.8,11.8,15.3,0.0,16.0,1.9,4.7,7.9,1011.4,1007.6,54.0,84.0,37.0
2022-11-30,5000C,CEUTA,51,CEUTA,355319N,052049W,87.0,17.8,10.8,14.3,4.0,34.0,1.7,5.8,7.4,1007.6,1003.9,77.0,93.0,61.0
2022-12-01,5000C,CEUTA,51,CEUTA,355319N,052049W,87.0,14.3,11.8,13.0,7.4,7.0,1.9,7.5,0.0,1003.9,1000.7,92.0,99.0,79.0
2022-12-02,5000C,CEUTA,51,CEUTA,355319N,052049W,87.0,15.9,12.5,14.2,4.8,10.0,1.4,6.4,1.3,1002.0,998.7,86.0,97.0,76.0
2022-12-03,5000C,CEUTA,51,CEUTA,355319N,052049W,87.0,17.0,11.9,14.4,3.0,6.0,1.7,4.7,5.3,999.0,997.4,84.0,93.0,74.0
2022-12-04,5000C,CEUTA,51,CEUTA,355319N,052049W,87.0,16.9,12.7,14.8,4.4,12.0,1.7,6.9,1.1,1001.7,998.0,92.0,98.0,82.0
2022-12-05,5000C,CEUTA,51,CEUTA,355319N,052049W,87.0,17.7,14.7,16.2,29.2,21.0,1.7,9.7,0.6,1002.4,998.8,90.0,97.0,71.0
2022-12-06,5000C,CEUTA,51,CEUTA,355319N,052049W,87.0,18.7,15.3,17.0,0.6,26.0,2.2,10.0,2.0,1007.0,1001.5,86.0,91.0,73.0
2022-12-07,5000C,CEUTA,51,CEUTA,355319N,052049W,87.0,18.4,15.3,16.8,1.8,19.0,1.4,4.4,1.3,1005.7,999.4,87.0,94.0,78.0
2022-12-08,5000C,CEUTA,51,CEUTA,355319N,052049W,87.0,21.0,15.4,18.2,14.6,24.0,3.1,12.8,4.5,999.4,994.1,80.0,97.0,65.0
2022-12-09,5000C,CEUTA,51,CEUTA,355319N,052049W,87.0,18.5,15.8,17.2,31.8,24.0,5.3,18.1,0.5,998.0,992.6,83.0,92.0,75.0
2022-12-10,5000C,CEUTA,51,CEUTA,355319N,052049W,87.0,19.8,15.8,17.8,2.4,28.0,3.9,16.7,4.7,1005.4,997.6,81.0,93.0,70.0
2022-12-11,5000C,CEUTA,51,CEUTA,355319N,052049W,87.0,20.9,16.9,18.9,5.8,22.0,5.3,18.9,2.3,1004.3,998.5,82.0,90.0,70.0
2022-12-12,5000C,CEUTA,51,CEUTA,355319N,052049W,87.0,22.3,18.5,20.4,3.8,21.0,3.1,12.8,4.7,1005.3,1003.1,78.0,87.0,70.0
2022-12-13,5000C,CEUTA,51,CEUTA,355319N,052049W,87.0,22.2,17.8,20.0,21.8,27.0,3.9,18.9,0.9,1004.6,999.6,77.0,91.0,70.0
2022-12-14,5000C,CEUTA,51,CEUTA,355319N,052049W,87.0,20.9,15.8,18.4,24.0,19.0,3.9,15.0,0.0,1000.7,994.2,86.0,93.0,71.0
2022-12-15,5000C,CEUTA,51,CEUTA,355319N,052049W,87.0,17.5,12.5,15.0,15.6,23.0,1.9,16.4,2.6,999.3,993.4,81.0,91.0,65.0
2022-12-16,5000C,CEUTA,51,CEUTA,355319N,052049W,87.0,18.5,13.2,15.8,8.0,28.0,2.8,10.8,3.7,1005.2,997.6,85.0,92.0,76.0
2022-12-17,5000C,CEUTA,51,CEUTA,355319N,052049W,87.0,19.2,13.9,16.6,1.0,32.0,1.4,8.9,4.2,1013.1,1004.9,78.0,91.0,66.0
2022-12-18,5000C,CEUTA,51,CEUTA,355319N,052049W,87.0,18.3,12.7,15.5,0.0,8.0,2.8,7.8,5.4,1016.3,1012.6,85.0,99.0,73.0
2022-12-19,5000C,CEUTA,51,CEUTA,355319N,052049W,87.0,18.4,14.8,16.6,0.0,10.0,2.5,7.5,7.5,1017.4,1015.4,84.0,92.0,75.0
2022-12-20,5000C,CEUTA,51,CEUTA,355319N,052049W,87.0,18.9,14.4,16.6,0.0,22.0,1.9,6.4,5.8,1016.8,1014.5,86.0,94.0,58.0
2022-12-21,5000C,CEUTA,51,CEUTA,355319N,052049W,87.0,20.9,16.2,18.6,0.0,99.0,1.7,8.1,2.3,1018.3,1015.9,85.0,95.0,72.0
2022-12-22,5000C,CEUTA,51,CEUTA,355319N,052049W,87.0,21.3,15.3,18.3,0.0,31.0,2.5,8.9,7.7,1019.0,1015.9,69.0,83.0,43.0
2022-12-23,5000C,CEUTA,51,CEUTA,355319N,052049W,87.0,20.2,14.0,17.1,0.0,99.0,1.7,4.2,7.7,1017.6,1013.9,75.0,91.0,50.0
2022-12-24,5000C,CEUTA,51,CEUTA,355319N,052049W,87.0,20.6,14.4,17.5,0.0,16.0,0.8,3.6,7.7,1014.0,1011.5,78.0,94.0,57.0
2022-12-25,5000C,CEUTA,51,CEUTA,355319N,052049W,87.0,19.1,14.4,16.8,0.0,99.0,1.9,4.2,7.6,1012.6,1010.3,87.0,98.0,75.0
2022-12-26,5000C,CEUTA,51,CEUTA,355319N,052049W,87.0,18.3,12.5,15.4,0.0,23.0,1.9,4.7,5.9,1017.4,1011.6,93.0,99.0,84.0
2022-12-27,5000C,CEUTA,51,CEUTA,355319N,052049W,87.0,18.2,15.6,16.9,0.0,11.0,3.1,6.9,6.3,1019.4,1016.6,85.0,94.0,77.0
2022-12-28,5000C,CEUTA,51,CEUTA,355319N,052049W,87.0,17.4,13.7,15.6,0.0,4.0,1.9,5.3,2.0,1016.7,1014.2,87.0,93.0,75.0
2022-12-29,5000C,CEUTA,51,CEUTA,355319N,052049W,87.0,21.2,13.5,17.4,0.0,29.0,1.9,8.6,8.3,1017.2,1014.4,65.0,82.0,48.0
2022-12-30,5000C,CEUTA,51,CEUTA,355319N,052049W,87.0,20.7,13.3,17.0,0.0,16.0,1.7,3.9,7.6,1017.7,1015.5,50.0,74.0,34.0
2022-12-31,5000C,CEUTA,51,CEUTA,355319N,052049W,87.0,18.3,12.4,15.4,0.0,99.0,1.7,4.4,7.4,1017.4,1015.4,78.0,93.0,50.0
2023-01-01,5000C,CEUTA,51,CEUTA,355319N,052049W,87.0,18.4,13.7,16.0,0.0,11.0,1.9,5.3,5.8,1015.8,1012.7,85.0,95.0,72.0
2023-01-02,5000C,CEUTA,51,CEUTA,355319N,052049W,87.0,18.8,13.6,16.2,0.0,35.0,1.4,5.8,2.5,1015.8,1013.0,85.0,95.0,62.0
2023-01-03,5000C,CEUTA,51,CEUTA,355319N,052049W,87.0,18.9,14.3,16.6,0.0,12.0,1.4,6.1,7.0,1020.7,1015.4,87.0,93.0,74.0
2023-01-04,5000C,CEUTA,51,CEUTA,355319N,052049W,87.0,18.1,15.7,16.9,0.0,9.0,3.9,9.2,2.2,1022.6,1020.1,78.0,89.0,65.0
2023-01-05,5000C,CEUTA,51,CEUTA,355319N,052049W,87.0,17.5,15.2,16.4,0.0,11.0,4.2,9.2,1.6,1020.2,1016.1,77.0,85.0,68.0
2023-01-06,5000C,CEUTA,51,CEUTA,355319N,052049W,87.0,17.6,12.9,15.2,0.0,12.0,1.9,5.3,7.0,1017.1,1015.0,76.0,88.0,68.0
2023-01-07,5000C,CEUTA,51,CEUTA,355319N,052049W,87.0,19.7,12.3,16.0,0.0,30.0,1.9,6.7,7.8,1017.7,1015.1,71.0,89.0,55.0
2023-01-08,5000C,CEUTA,51,CEUTA,355319N,052049W,87.0,20.1,13.8,17.0,8.8,25.0,3.6,14.7,5.8,1016.3,1013.4,76.0,92.0,67.0
2023-01-09,5000C,CEUTA,51,CEUTA,355319N,052049W,87.0,20.2,15.6,17.9,0.6,99.0,2.2,12.5,5.5,1019.4,1014.6,79.0,93.0,66.0
2023-01-10,5000C,CEUTA,51,CEUTA,355319N,052049W,87.0,20.9,13.9,17.4,0.0,25.0,1.1,5.3,7.9,1020.6,1017.5,76.0,92.0,62.0
2023-01-11,5000C,CEUTA,51,CEUTA,355319N,052049W,87.0,18.6,13.7,16.2,0.0,31.0,3.6,13.6,8.1,1019.4,1015.5,71.0,84.0,61.0
2023-01-12,5000C,CEUTA,51,CEUTA,355319N,052049W,87.0,18.3,13.1,15.7,0.0,8.0,2.8,8.6,4.0,1018.4,1016.2,83.0,91.0,72.0
2023-01-13,5000C,CEUTA,51,CEUTA,355319N,052049W,87.0,18.8,12.7,15.8,0.0,19.0,1.7,4.4,8.1,1018.1,1015.4,82.0,98.0,71.0
2023-01-14,5000C,CEUTA,51,CEUTA,355319N,052049W,87.0,17.5,11.5,14.5,0.0,10.0,1.4,5.0,5.9,1018.7,1014.8,87.0,95.0,70.0
2023-01-15,5000C,CEUTA,51,CEUTA,355319N,052049W,87.0,18.0,11.5,14.8,0.0,29.0,3.1,13.9,8.0,1016.7,1013.4,75.0,89.0,60.0
2023-01-16,5000C,CEUTA,51,CEUTA,355319N,052049W,87.0,15.1,10.2,12.6,2.2,27.0,3.1,15.0,4.1,1016.8,1008.4,66.0,90.0,52.0
2023-01-17,5000C,CEUTA,51,CEUTA,355319N,052049W,87.0,16.6,13.5,15.0,18.4,25.0,5.0,19.2,1.6,1008.5,1001.4,83.0,92.0,66.0
2023-01-18,5000C,CEUTA,51,CEUTA,355319N,052049W,87.0,14.0,10.6,12.3,0.0,30.0,4.4,16.9,7.0,1013.3,1002.3,60.0,90.0,53.0
2023-01-19,5000C,CEUTA,51,CEUTA,355319N,052049W,87.0,14.4,8.7,11.6,0.0,99.0,2.5,11.4,7.9,1016.3,1013.2,58.0,76.0,41.0
2023-01-20,5000C,CEUTA,51,CEUTA,355319N,052049W,87.0,16.4,12.5,14.4,0.4,30.0,2.8,14.4,4.5,1013.9,1010.6,82.0,89.0,67.0
2023-01-21,5000C,CEUTA,51,CEUTA,355319N,052049W,87.0,17.4,14.0,15.7,0.0,31.0,3.1,12.8,7.3,1011.2,1008.1,77.0,88.0,69.0
2023-01-22,5000C,CEUTA,51,CEUTA,355319N,052049W,87.0,15.4,11.8,13.6,0.0,28.0,2.8,10.8,7.9,1013.1,1009.1,66.0,91.0,40.0
2023-01-23,5000C,CEUTA,51,CEUTA,355319N,052049W,87.0,14.4,8.3,11.4,13.0,36.0,2.2,6.9,8.1,1012.5,1008.2,45.0,71.0,31.0
2023-01-24,5000C,CEUTA,51,CEUTA,355319N,052049W,87.0,12.1,7.5,9.8,22.0,6.0,3.6,14.2,2.5,1012.8,1007.6,81.0,91.0,62.0
2023-01-25,5000C,CEUTA,51,CEUTA,355319N,052049W,87.0,12.5,7.1,9.8,4.8,6.0,3.6,11.9,3.2,1014.5,1011.6,79.0,96.0,65.0
2023-01-26,5000C,CEUTA,51,CEUTA,355319N,052049W,87.0,13.4,7.2,10.3,0.0,22.0,3.1,12.8,6.7,1014.0,1006.4,55.0,90.0,38.0
2023-01-27,5000C,CEUTA,51,CEUTA,355319N,052049W,87.0,14.1,7.8,11.0,0.0,30.0,3.1,14.7,8.3,1007.3,1004.5,52.0,84.0,36.0
2023-01-28,5000C,CEUTA,51,CEUTA,355319N,052049W,87.0,12.8,8.0,10.4,0.6,35.0,1.7,6.9,8.2,1010.3,1005.5,54.0,76.0,45.0
2023-01-29,5000C,CEUTA,51,CEUTA,355319N,052049W,87.0,13.2,8.5,10.8,17.6,11.0,3.9,12.2,2.8,1013.4,1009.0,80.0,94.0,66.0
2023-01-30,5000C,CEUTA,51,CEUTA,355319N,052049W,87.0,13.0,9.4,11.2,6.4,8.0,6.1,16.4,1.7,1017.3,1012.4,79.0,90.0,65.0
2023-01-31,5000C,CEUTA,51,CEUTA,355319N,052049W,87.0,15.6,11.3,13.4,0.0,12.0,2.8,9.2,5.0,1018.8,1016.2,72.0,86.0,67.0
2023-02-01,5000C,CEUTA,51,CEUTA,355319N,052049W,87.0,15.8,10.4,13.1,0.0,8.0,2.8,8.3,6.5,1017.6,1015.2,78.0,93.0,63.0
2023-02-02,5000C,CEUTA,51,CEUTA,355319N,052049W,87.0,15.9,11.5,13.7,0.0,99.0,2.8,7.8,4.9,1019.0,1015.6,72.0,81.0,61.0
2023-02-03,5000C,CEUTA,51,CEUTA,355319N,052049W,87.0,16.1,12.3,14.2,0.0,12.0,4.2,9.7,7.6,1021.0,1018.0,73.0,83.0,58.0
2023-02-04,5000C,CEUTA,51,CEUTA,355319N,052049W,87.0,15.8,12.4,14.1,0.0,11.0,4.2,9.7,5.7,1020.3,1018.2,74.0,84.0,56.0
2023-02-05,5000C,CEUTA,51,CEUTA,355319N,052049W,87.0,16.5,11.3,13.9,0.0,9.0,3.1,8.6,7.9,1019.5,1016.7,77.0,87.0,65.0
2023-02-06,5000C,CEUTA,51,CEUTA,355319N,052049W,87.0,16.6,13.3,15.0,0.0,14.0,2.2,7.8,6.6,1016.7,1009.1,78.0,84.0,68.0
2023-02-07,5000C,CEUTA,51,CEUTA,355319N,052049W,87.0,16.2,10.8,13.5,9.6,7.0,3.3,9.2,2.9,1009.6,1006.2,83.0,95.0,69.0
2023-02-08,5000C,CEUTA,51,CEUTA,355319N,052049W,87.0,14.9,9.6,12.2,3.8,11.0,3.1,11.9,0.9,1012.3,1007.6,85.0,94.0,77.0
2023-02-09,5000C,CEUTA,51,CEUTA,355319N,052049W,87.0,14.5,13.1,13.8,4.4,11.0,6.7,16.1,0.2,1020.3,1012.3,83.0,91.0,71.0
2023-02-10,5000C,CEUTA,51,CEUTA,355319N,052049W,87.0,14.5,11.7,13.1,0.6,10.0,8.9,20.0,2.9,1020.4,1017.8,69.0,90.0,60.0
2023-02-11,5000C,CEUTA,51,CEUTA,355319N,052049W,87.0,14.0,11.6,12.8,0.0,9.0,6.9,16.7,0.3,1018.4,1015.5,66.0,84.0,61.0
2023-02-12,5000C,CEUTA,51,CEUTA,355319N,052049W,87.0,15.6,13.2,14.4,0.0,10.0,6.4,13.9,5.6,1018.8,1016.1,81.0,85.0,73.0
2023-02-13,5000C,CEUTA,51,CEUTA,355319N,052049W,87.0,14.7,13.6,14.2,0.0,99.0,6.9,14.2,1.1,1019.9,1017.2,84.0,86.0,79.0
2023-02-14,5000C,CEUTA,51,CEUTA,355319N,052049W,87.0,14.5,13.7,14.1,2.6,12.0,5.6,15.0,0.0,1017.8,1013.6,86.0,94.0,82.0
2023-02-15,5000C,CEUTA,51,CEUTA,355319N,052049W,87.0,16.1,13.7,14.9,0.0,9.0,4.7,10.8,1.8,1014.9,1011.6,88.0,92.0,81.0
2023-02-16,5000C,CEUTA,51,CEUTA,355319N,052049W,87.0,16.1,14.0,15.0,0.0,12.0,6.1,13.1,1.1,1015.7,1013.7,86.0,90.0,81.0
2023-02-17,5000C,CEUTA,51,CEUTA,355319N,052049W,87.0,14.5,14.0,14.2,0.2,10.0,6.7,15.6,0.0,1015.9,1013.8,89.0,94.0,84.0
2023-02-18,5000C,CEUTA,51,CEUTA,355319N,052049W,87.0,15.7,14.2,15.0,0.0,10.0,6.1,12.2,0.6,1016.6,1013.8,89.0,92.0,86.0
2023-02-19,5000C,CEUTA,51,CEUTA,355319N,052049W,87.0,15.8,14.0,14.9,0.0,11.0,4.4,12.8,0.6,1014.2,1010.8,92.0,95.0,82.0
2023-02-20,5000C,CEUTA,51,CEUTA,355319N,052049W,87.0,16.0,14.0,15.0,1.0,7.0,3.9,8.6,0.1,1012.7,1009.4,93.0,97.0,87.0
2023-02-21,5000C,CEUTA,51,CEUTA,355319N,052049W,87.0,17.4,12.1,14.8,0.0,10.0,2.2,5.3,4.8,1011.0,1008.2,93.0,98.0,80.0
2023-02-22,5000C,CEUTA,51,CEUTA,355319N,052049W,87.0,21.5,11.5,16.5,0.0,28.0,1.7,6.7,9.4,1008.8,1005.8,69.0,96.0,49.0
2023-02-23,5000C,CEUTA,51,CEUTA,355319N,052049W,87.0,17.3,11.5,14.4,0.0,28.0,1.9,9.2,8.8,1005.8,1000.0,62.0,84.0,38.0
2023-02-24,5000C,CEUTA,51,CEUTA,355319N,052049W,87.0,15.0,9.4,12.2,21.4,26.0,2.8,12.2,6.7,1002.1,998.3,52.0,72.0,33.0
2023-02-25,5000C,CEUTA,51,CEUTA,355319N,052049W,87.0,14.2,8.2,11.2,43.8,32.0,2.8,14.2,4.3,1001.7,998.3,82.0,95.0,63.0
2023-02-26,5000C,CEUTA,51,CEUTA,355319N,052049W,87.0,15.9,10.7,13.3,4.0,32.0,2.8,10.8,6.0,1001.3,999.1,73.0,92.0,60.0
2023-02-27,5000C,CEUTA,51,CEUTA,355319N,052049W,87.0,16.1,11.7,13.9,0.0,30.0,3.1,15.0,6.2,1007.5,1001.2,68.0,80.0,59.0
2023-02-28,5000C,CEUTA,51,CEUTA,355319N,052049W,87.0,15.1,10.5,12.8,0.0,31.0,1.9,13.1,7.9,1010.8,1007.4,46.0,65.0,34.0
2023-03-01,5000C,CEUTA,51,CEUTA,355319N,052049W,87.0,15.2,9.0,12.1,0.0,28.0,3.3,11.7,7.5,1008.3,1005.6,58.0,73.0,46.0
2023-03-02,5000C,CEUTA,51,CEUTA,355319N,052049W,87.0,17.3,9.6,13.4,0.0,29.0,1.9,9.7,9.7,1010.2,1006.7,40.0,69.0,28.0
2023-03-03,5000C,CEUTA,51,CEUTA,355319N,052049W,87.0,16.2,8.7,12.4,0.0,99.0,1.7,4.2,10.5,1010.0,1007.4,62.0,77.0,40.0
2023-03-04,5000C,CEUTA,51,CEUTA,355319N,052049W,87.0,15.8,11.1,13.4,0.0,12.0,3.1,7.2,5.2,1011.2,1008.0,71.0,83.0,53.0
2023-03-05,5000C,CEUTA,51,CEUTA,355319N,052049W,87.0,16.2,12.8,14.5,0.4,25.0,2.2,6.9,5.9,1009.2,1005.2,73.0,79.0,68.0
2023-03-06,5000C,CEUTA,51,CEUTA,355319N,052049W,87.0,18.7,14.3,16.5,28.6,20.0,1.9,10.8,0.7,1006.5,1003.6,82.0,92.0,68.0
2023-03-07,5000C,CEUTA,51,CEUTA,355319N,052049W,87.0,18.7,15.0,16.8,6.2,25.0,2.5,12.2,2.0,1007.3,1003.4,89.0,96.0,80.0
2023-03-08,5000C,CEUTA,51,CEUTA,355319N,052049W,87.0,21.9,15.5,18.7,0.0,26.0,1.7,9.7,9.4,1008.4,1006.0,78.0,91.0,65.0
2023-03-09,5000C,CEUTA,51,CEUTA,355319N,052049W,87.0,20.9,16.1,18.5,1.2,25.0,2.8,12.2,5.0,1013.1,1007.6,78.0,92.0,68.0
2023-03-10,5000C,CEUTA,51,CEUTA,355319N,052049W,87.0,23.7,15.8,19.8,0.0,25.0,1.9,11.4,10.5,1015.0,1012.1,64.0,93.0,37.0
2023-03-11,5000C,CEUTA,51,CEUTA,355319N,052049W,87.0,22.6,16.4,19.5,0.0,29.0,5.3,14.7,10.6,1013.5,1010.3,61.0,74.0,43.0
2023-03-12,5000C,CEUTA,51,CEUTA,355319N,052049W,87.0,23.1,14.0,18.6,0.0,31.0,1.7,13.1,10.7,1011.1,1008.4,57.0,97.0,37.0
2023-03-13,5000C,CEUTA,51,CEUTA,355319N,052049W,87.0,22.2,12.6,17.4,0.0,26.0,1.9,12.5,9.9,1011.0,1007.9,78.0,99.0,56.0
2023-03-14,5000C,CEUTA,51,CEUTA,355319N,052049W,87.0,22.2,14.1,18.2,0.0,28.0,2.8,10.8,10.7,1011.8,1008.1,55.0,83.0,40.0
2023-03-15,5000C,CEUTA,51,CEUTA,355319N,052049W,87.0,18.7,13.0,15.8,0.0,12.0,3.1,8.1,10.4,1008.2,1005.3,83.0,96.0,46.0
2023-03-16,5000C,CEUTA,51,CEUTA,355319N,052049W,87.0,18.5,13.7,16.1,0.0,15.0,2.8,6.4,8.4,1005.3,1002.3,82.0,94.0,74.0
2023-03-17,5000C,CEUTA,51,CEUTA,355319N,052049W,87.0,20.5,13.6,17.0,0.0,25.0,2.2,10.0,8.7,1007.9,1004.3,68.0,94.0,47.0
2023-03-18,5000C,CEUTA,51,CEUTA,355319N,052049W,87.0,19.8,14.0,16.9,0.0,34.0,3.1,10.3,10.1,1008.9,1006.8,67.0,79.0,55.0
2023-03-19,5000C,CEUTA,51,CEUTA,355319N,052049W,87.0,20.1,14.2,17.2,0.0,30.0,1.9,8.1,10.9,1011.9,1007.2,58.0,93.0,43.0
2023-03-20,5000C,CEUTA,51,CEUTA,355319N,052049W,87.0,18.3,14.3,16.3,0.0,10.0,4.4,10.3,7.5,1012.7,1009.0,80.0,93.0,72.0
2023-03-21,5000C,CEUTA,51,CEUTA,355319N,052049W,87.0,18.3,13.6,16.0,0.0,13.0,2.2,6.4,9.8,1009.9,1006.6,81.0,93.0,68.0
2023-03-22,5000C,CEUTA,51,CEUTA,355319N,052049W,87.0,18.7,12.8,15.8,0.0,16.0,2.2,5.8,10.9,1007.7,1005.5,77.0,96.0,52.0
2023-03-23,5000C,CEUTA,51,CEUTA,355319N,052049W,87.0,19.6,12.9,16.2,0.0,28.0,1.7,7.8,10.9,1008.0,1005.2,73.0,95.0,45.0
2023-03-24,5000C,CEUTA,51,CEUTA,355319N,052049W,87.0,21.7,13.3,17.5,0.0,21.0,1.7,8.6,11.0,1011.7,1007.8,58.0,81.0,35.0
2023-03-25,5000C,CEUTA,51,CEUTA,355319N,052049W,87.0,22.7,15.7,19.2,0.0,28.0,1.9,6.7,11.2,1012.3,1009.8,64.0,75.0,51.0
2023-03-26,5000C,CEUTA,51,CEUTA,355319N,052049W,87.0,27.4,17.4,22.4,0.0,29.0,3.9,13.3,11.1,1011.4,1008.2,40.0,75.0,23.0
2023-03-27,5000C,CEUTA,51,CEUTA,355319N,052049W,87.0,22.6,15.7,19.2,0.0,36.0,2.5,7.2,8.3,1011.4,1007.5,71.0,89.0,43.0
2023-03-28,5000C,CEUTA,51,CEUTA,355319N,052049W,87.0,19.0,15.4,17.2,0.0,10.0,4.4,9.4,7.7,1014.1,1010.8,81.0,93.0,71.0
2023-03-29,5000C,CEUTA,51,CEUTA,355319N,052049W,87.0,19.0,14.3,16.6,0.0,9.0,4.7,9.4,10.9,1014.8,1012.5,77.0,91.0,67.0
2023-03-30,5000C,CEUTA,51,CEUTA,355319N,052049W,87.0,27.0,13.0,20.0,0.0,30.0,3.1,11.4,10.9,1015.8,1013.3,51.0,95.0,23.0
2023-03-31,5000C,CEUTA,51,CEUTA,355319N,052049W,87.0,26.8,17.0,21.9,0.0,32.0,1.9,8.3,11.1,1015.2,1012.3,38.0,66.0,13.0
2023-04-01,5000C,CEUTA,51,CEUTA,355319N,052049W,87.0,24.2,17.6,20.9,0.0,27.0,1.9,14.2,11.2,1014.6,1010.9,53.0,77.0,39.0
2023-04-02,5000C,CEUTA,51,CEUTA,355319N,052049W,87.0,24.8,15.8,20.3,0.0,30.0,1.9,7.2,11.3,1011.9,1008.8,58.0,81.0,41.0
2023-04-03,5000C,CEUTA,51,CEUTA,355319N,052049W,87.0,19.4,14.4,16.9,0.0,18.0,2.8,6.1,6.6,1009.5,1001.7,84.0,96.0,71.0
2023-04-04,5000C,CEUTA,51,CEUTA,355319N,052049W,87.0,18.0,14.0,16.0,0.0,11.0,3.9,10.8,1.6,1004.5,1000.1,77.0,93.0,72.0
2023-04-05,5000C,CEUTA,51,CEUTA,355319N,052049W,87.0,18.8,15.5,17.2,0.0,10.0,7.5,15.8,10.5,1005.6,1003.3,72.0,84.0,62.0
2023-04-06,5000C,CEUTA,51,CEUTA,355319N,052049W,87.0,18.3,15.1,16.7,0.0,11.0,6.1,12.5,10.0,1007.5,1004.1,72.0,81.0,67.0
2023-04-07,5000C,CEUTA,51,CEUTA,355319N,052049W,87.0,18.8,14.8,16.8,0.0,10.0,5.0,10.3,9.9,1008.1,1005.8,69.0,82.0,60.0
2023-04-08,5000C,CEUTA,51,CEUTA,355319N,052049W,87.0,18.7,14.6,16.6,0.0,10.0,3.6,7.5,10.8,1008.7,1005.3,75.0,90.0,66.0
2023-04-09,5000C,CEUTA,51,CEUTA,355319N,052049W,87.0,19.9,13.9,16.9,0.0,20.0,3.1,6.4,11.0,1012.1,1007.8,83.0,96.0,76.0
2023-04-10,5000C,CEUTA,51,CEUTA,355319N,052049W,87.0,29.7,14.9,22.3,0.0,30.0,1.9,13.3,11.0,1012.6,1010.0,40.0,87.0,10.0
2023-04-11,5000C,CEUTA,51,CEUTA,355319N,052049W,87.0,27.9,18.9,23.4,0.0,99.0,1.9,11.4,11.5,1012.0,1008.9,25.0,37.0,17.0
2023-04-12,5000C,CEUTA,51,CEUTA,355319N,052049W,87.0,20.8,16.6,18.7,0.0,24.0,3.3,11.7,11.4,1009.2,1006.5,63.0,76.0,23.0
2023-04-13,5000C,CEUTA,51,CEUTA,355319N,052049W,87.0,21.2,14.7,18.0,0.0,25.0,2.8,17.2,11.6,1009.5,1006.9,58.0,78.0,31.0
2023-04-14,5000C,CEUTA,51,CEUTA,355319N,052049W,87.0,24.9,14.8,19.8,0.0,30.0,2.2,12.5,11.1,1009.6,1007.0,37.0,66.0,26.0
2023-04-15,5000C,CEUTA,51,CEUTA,355319N,052049W,87.0,26.7,17.9,22.3,0.0,29.0,2.5,10.3,11.9,1008.6,1005.5,46.0,66.0,26.0
2023-04-16,5000C,CEUTA,51,CEUTA,355319N,052049W,87.0,21.5,16.7,19.1,0.0,9.0,4.7,11.7,9.6,1007.7,1004.0,78.0,85.0,35.0
2023-04-17,5000C,CEUTA,51,CEUTA,355319N,052049W,87.0,20.0,15.9,18.0,0.0,10.0,4.7,10.3,9.5,1005.3,1001.2,74.0,85.0,63.0
2023-04-18,5000C,CEUTA,51,CEUTA,355319N,052049W,87.0,20.1,15.8,18.0,0.0,9.0,5.6,10.8,6.9,1001.9,999.7,75.0,84.0,65.0
2023-04-19,5000C,CEUTA,51,CEUTA,355319N,052049W,87.0,19.2,16.3,17.8,0.0,10.0,5.6,11.9,4.3,1004.2,999.9,80.0,89.0,72.0
2023-04-20,5000C,CEUTA,51,CEUTA,355319N,052049W,87.0,19.6,15.1,17.4,0.0,18.0,3.1,6.7,8.9,1003.8,999.1,82.0,95.0,69.0
2023-04-21,5000C,CEUTA,51,CEUTA,355319N,052049W,87.0,22.3,14.4,18.4,0.0,30.0,3.1,11.7,11.5,1001.4,997.9,67.0,95.0,57.0
2023-04-22,5000C,CEUTA,51,CEUTA,355319N,052049W,87.0,24.6,15.7,20.2,0.0,31.0,2.8,10.8,8.4,1004.9,1001.0,66.0,78.0,46.0
2023-04-23,5000C,CEUTA,51,CEUTA,355319N,052049W,87.0,24.0,15.7,19.8,0.0,31.0,2.2,6.4,11.9,1005.5,1003.4,54.0,75.0,41.0
2023-04-24,5000C,CEUTA,51,CEUTA,355319N,052049W,87.0,26.0,17.2,21.6,0.0,17.0,2.2,5.6,12.2,1006.8,1003.7,52.0,76.0,38.0
2023-04-25,5000C,CEUTA,51,CEUTA,355319N,052049W,87.0,27.0,17.0,22.0,0.0,18.0,2.2,5.6,11.5,1006.6,1003.3,53.0,95.0,33.0
2023-04-26,5000C,CEUTA,51,CEUTA,355319N,052049W,87.0,27.8,18.2,23.0,0.0,17.0,1.9,4.7,12.3,1004.7,1002.6,55.0,89.0,29.0
2023-04-27,5000C,CEUTA,51,CEUTA,355319N,052049W,87.0,21.7,17.2,19.4,0.0,10.0,2.5,6.1,7.5,1005.6,1003.1,86.0,98.0,73.0
2023-04-28,5000C,CEUTA,51,CEUTA,355319N,052049W,87.0,24.1,18.2,21.2,0.0,25.0,2.8,7.2,8.2,1006.6,1003.9,76.0,93.0,46.0
2023-04-29,5000C,CEUTA,51,CEUTA,355319N,052049W,87.0,28.0,18.7,23.4,0.0,28.0,2.8,11.1,9.8,1008.4,1004.9,55.0,88.0,39.0
2023-04-30,5000C,CEUTA,51,CEUTA,355319N,052049W,87.0,27.8,17.3,22.6,0.0,29.0,2.5,11.7,5.8,1007.7,1003.6,46.0,66.0,29.0
2023-05-01,5000C,CEUTA,51,CEUTA,355319N,052049W,87.0,24.5,16.7,20.6,0.0,2.0,1.9,6.4,12.4,1007.5,1004.0,66.0,94.0,49.0
2023-05-02,5000C,CEUTA,51,CEUTA,355319N,052049W,87.0,22.3,17.4,19.8,0.0,9.0,3.1,6.9,9.8,1006.8,1003.0,83.0,96.0,73.0
2023-05-03,5000C,CEUTA,51,CEUTA,355319N,052049W,87.0,22.6,16.6,19.6,0.0,9.0,3.3,8.9,8.6,1009.9,1004.5,83.0,93.0,71.0
2023-05-04,5000C,CEUTA,51,CEUTA,355319N,052049W,87.0,28.1,15.6,21.8,0.0,27.0,2.2,8.3,10.8,1010.5,1007.8,57.0,97.0,36.0
2023-05-05,5000C,CEUTA,51,CEUTA,355319N,052049W,87.0,23.5,17.6,20.6,0.0,6.0,1.9,6.1,12.5,1008.4,1004.4,66.0,92.0,46.0
2023-05-06,5000C,CEUTA,51,CEUTA,355319N,052049W,87.0,24.5,16.5,20.5,0.0,28.0,3.3,14.7,12.0,1006.2,1004.0,54.0,91.0,31.0
2023-05-07,5000C,CEUTA,51,CEUTA,355319N,052049W,87.0,29.2,20.0,24.6,0.0,32.0,3.3,11.7,12.6,1010.6,1004.8,46.0,70.0,41.0
2023-05-08,5000C,CEUTA,51,CEUTA,355319N,052049W,87.0,23.4,17.2,20.3,0.0,34.0,2.2,6.1,9.4,1012.7,1009.8,77.0,94.0,50.0
2023-05-09,5000C,CEUTA,51,CEUTA,355319N,052049W,87.0,33.1,18.3,25.7,0.0,29.0,2.2,12.2,12.6,1009.9,1006.3,41.0,85.0,22.0
2023-05-10,5000C,CEUTA,51,CEUTA,355319N,052049W,87.0,28.5,18.6,23.6,0.0,34.0,2.2,13.1,9.1,1009.2,1005.2,64.0,87.0,37.0
2023-05-11,5000C,CEUTA,51,CEUTA,355319N,052049W,87.0,23.0,17.7,20.4,0.0,6.0,2.2,6.1,7.2,1005.8,1003.1,78.0,94.0,67.0
2023-05-12,5000C,CEUTA,51,CEUTA,355319N,052049W,87.0,22.8,17.5,20.2,0.0,11.0,2.5,6.4,8.6,1004.2,1000.8,80.0,95.0,47.0
2023-05-13,5000C,CEUTA,51,CEUTA,355319N,052049W,87.0,20.4,16.0,18.2,2.4,10.0,3.3,10.6,5.4,1009.3,1001.9,82.0,95.0,54.0
2023-05-14,5000C,CEUTA,51,CEUTA,355319N,052049W,87.0,25.4,16.2,20.8,0.0,30.0,3.3,13.9,11.2,1009.7,1007.3,58.0,89.0,25.0
2023-05-15,5000C,CEUTA,51,CEUTA,355319N,052049W,87.0,26.9,18.8,22.8,0.0,28.0,3.6,13.6,12.7,1008.0,1004.1,41.0,54.0,26.0
2023-05-16,5000C,CEUTA,51,CEUTA,355319N,052049W,87.0,27.6,17.8,22.7,0.0,36.0,1.9,7.8,12.5,1004.1,1000.4,53.0,95.0,27.0
2023-05-17,5000C,CEUTA,51,CEUTA,355319N,052049W,87.0,20.0,16.6,18.3,1.4,18.0,2.5,8.1,0.6,1005.6,1000.6,76.0,95.0,53.0
2023-05-18,5000C,CEUTA,51,CEUTA,355319N,052049W,87.0,21.3,13.5,17.4,1.4,4.0,2.2,10.0,3.6,1007.2,1003.8,73.0,93.0,49.0
2023-05-19,5000C,CEUTA,51,CEUTA,355319N,052049W,87.0,24.5,13.8,19.2,0.0,30.0,2.2,8.3,11.8,1007.3,1004.3,65.0,93.0,47.0
2023-05-20,5000C,CEUTA,51,CEUTA,355319N,052049W,87.0,22.4,14.5,18.4,0.4,12.0,1.9,6.4,12.2,1005.7,1000.5,71.0,92.0,53.0
2023-05-21,5000C,CEUTA,51,CEUTA,355319N,052049W,87.0,18.6,14.5,16.6,20.6,11.0,3.3,8.3,0.4,1001.3,998.2,84.0,96.0,70.0
2023-05-22,5000C,CEUTA,51,CEUTA,355319N,052049W,87.0,19.2,13.7,16.4,0.8,35.0,2.2,5.3,4.9,1002.4,1000.3,80.0,95.0,65.0
2023-05-23,5000C,CEUTA,51,CEUTA,355319N,052049W,87.0,18.6,14.2,16.4,1.2,26.0,1.4,7.5,1.5,1003.2,1000.1,80.0,93.0,70.0
2023-05-24,5000C,CEUTA,51,CEUTA,355319N,052049W,87.0,21.1,14.3,17.7,0.0,16.0,2.8,6.7,11.8,1005.7,1002.3,77.0,93.0,67.0
2023-05-25,5000C,CEUTA,51,CEUTA,355319N,052049W,87.0,22.5,15.9,19.2,0.0,18.0,2.5,5.8,10.8,1006.7,1003.3,79.0,97.0,65.0
2023-05-26,5000C,CEUTA,51,CEUTA,355319N,052049W,87.0,22.7,16.7,19.7,19.4,10.0,4.7,9.2,9.5,1006.1,1003.4,78.0,96.0,69.0
2023-05-27,5000C,CEUTA,51,CEUTA,355319N,052049W,87.0,22.0,17.5,19.8,0.2,14.0,1.7,9.7,2.1,1006.5,1003.6,76.0,96.0,62.0
2023-05-28,5000C,CEUTA,51,CEUTA,355319N,052049W,87.0,23.7,16.9,20.3,0.0,29.0,3.1,15.0,12.3,1006.6,1004.0,66.0,86.0,53.0
2023-05-29,5000C,CEUTA,51,CEUTA,355319N,052049W,87.0,24.7,17.9,21.3,0.0,29.0,2.2,12.5,12.7,1006.0,1003.8,57.0,83.0,41.0
2023-05-30,5000C,CEUTA,51,CEUTA,355319N,052049W,87.0,24.2,18.5,21.4,0.0,28.0,2.5,11.9,12.6,1008.2,1003.8,57.0,81.0,46.0
2023-05-31,5000C,CEUTA,51,CEUTA,355319N,052049W,87.0,27.3,18.5,22.9,0.0,28.0,1.9,10.6,12.9,1006.5,1002.5,60.0,76.0,38.0
2023-06-01,5000C,CEUTA,51,CEUTA,355319N,052049W,87.0,22.9,17.7,20.3,0.8,8.0,2.8,6.4,8.5,1003.1,1000.1,81.0,97.0,57.0
2023-06-02,5000C,CEUTA,51,CEUTA,355319N,052049W,87.0,22.7,18.6,20.6,0.0,6.0,3.3,8.9,5.7,1002.8,1000.8,81.0,98.0,70.0
2023-06-03,5000C,CEUTA,51,CEUTA,355319N,052049W,87.0,23.2,18.5,20.8,0.0,8.0,2.8,6.7,10.0,1003.9,1001.8,83.0,97.0,74.0
2023-06-04,5000C,CEUTA,51,CEUTA,355319N,052049W,87.0,23.4,19.3,21.4,0.0,9.0,3.3,6.7,10.6,1005.6,1002.7,81.0,95.0,73.0
2023-06-05,5000C,CEUTA,51,CEUTA,355319N,052049W,87.0,24.1,19.1,21.6,0.0,99.0,3.3,7.2,10.3,1005.4,1002.9,80.0,96.0,72.0
2023-06-06,5000C,CEUTA,51,CEUTA,355319N,052049W,87.0,23.7,19.2,21.4,1.6,10.0,4.2,9.4,4.8,1003.9,1000.9,83.0,97.0,75.0
2023-06-07,5000C,CEUTA,51,CEUTA,355319N,052049W,87.0,21.0,19.3,20.2,0.6,99.0,1.9,5.8,0.0,1004.2,1001.2,88.0,98.0,77.0
2023-06-08,5000C,CEUTA,51,CEUTA,355319N,052049W,87.0,20.4,18.5,19.4,32.2,9.0,1.7,7.2,0.0,1003.5,1000.7,97.0,99.0,91.0
2023-06-09,5000C,CEUTA,51,CEUTA,355319N,052049W,87.0,25.8,18.6,22.2,0.2,30.0,1.7,10.6,8.3,1005.5,1002.3,75.0,95.0,59.0
2023-06-10,5000C,CEUTA,51,CEUTA,355319N,052049W,87.0,26.8,17.9,22.4,0.0,34.0,1.9,9.7,12.7,1005.9,1003.8,62.0,89.0,48.0
2023-06-11,5000C,CEUTA,51,CEUTA,355319N,052049W,87.0,27.0,19.4,23.2,0.0,32.0,2.5,13.9,12.7,1005.8,1003.5,56.0,81.0,41.0
2023-06-12,5000C,CEUTA,51,CEUTA,355319N,052049W,87.0,27.4,18.3,22.8,1.0,26.0,1.7,10.8,11.9,1004.1,1001.5,57.0,79.0,34.0
2023-06-13,5000C,CEUTA,51,CEUTA,355319N,052049W,87.0,24.3,18.8,21.6,0.0,99.0,2.2,13.1,12.3,1004.5,1002.6,62.0,92.0,50.0
2023-06-14,5000C,CEUTA,51,CEUTA,355319N,052049W,87.0,30.1,20.6,25.4,0.0,26.0,2.2,14.2,12.9,1005.7,1002.7,48.0,72.0,42.0
2023-06-15,5000C,CEUTA,51,CEUTA,355319N,052049W,87.0,26.3,18.8,22.6,0.0,10.0,2.8,6.1,13.0,1007.7,1005.0,68.0,87.0,53.0
2023-06-16,5000C,CEUTA,51,CEUTA,355319N,052049W,87.0,25.3,20.4,22.8,0.0,14.0,2.8,6.9,13.0,1007.3,1004.7,78.0,93.0,69.0
2023-06-17,5000C,CEUTA,51,CEUTA,355319N,052049W,87.0,27.1,20.6,23.8,3.4,99.0,2.8,5.8,11.4,1005.2,1001.1,80.0,92.0,62.0
2023-06-18,5000C,CEUTA,51,CEUTA,355319N,052049W,87.0,24.0,18.9,21.4,17.0,33.0,1.9,6.7,2.7,1002.7,999.5,82.0,93.0,64.0
2023-06-19,5000C,CEUTA,51,CEUTA,355319N,052049W,87.0,28.0,20.5,24.2,0.4,33.0,1.9,9.2,11.4,1002.4,999.7,53.0,91.0,47.0
2023-06-20,5000C,CEUTA,51,CEUTA,355319N,052049W,87.0,27.4,21.0,24.2,0.0,30.0,1.9,10.6,11.2,1003.7,1001.0,61.0,85.0,49.0
2023-06-21,5000C,CEUTA,51,CEUTA,355319N,052049W,87.0,27.3,20.6,24.0,0.0,30.0,2.8,12.2,10.6,1007.4,1000.8,53.0,77.0,41.0
2023-06-22,5000C,CEUTA,51,CEUTA,355319N,052049W,87.0,29.1,20.0,24.6,0.0,34.0,2.2,7.8,13.0,1009.5,1006.3,58.0,91.0,42.0
2023-06-23,5000C,CEUTA,51,CEUTA,355319N,052049W,87.0,25.9,21.9,23.9,0.0,10.0,3.6,8.6,10.1,1010.9,1008.9,85.0,94.0,77.0
2023-06-24,5000C,CEUTA,51,CEUTA,355319N,052049W,87.0,26.3,22.1,24.2,0.0,10.0,3.9,9.2,11.1,1009.2,1006.6,82.0,95.0,71.0
2023-06-25,5000C,CEUTA,51,CEUTA,355319N,052049W,87.0,25.4,21.9,23.6,0.0,18.0,3.6,7.5,10.7,1008.5,1006.5,87.0,94.0,79.0
2023-06-26,5000C,CEUTA,51,CEUTA,355319N,052049W,87.0,27.1,22.0,24.6,0.0,17.0,2.8,7.5,11.4,1009.1,1006.3,77.0,96.0,50.0
2023-06-27,5000C,CEUTA,51,CEUTA,355319N,052049W,87.0,27.7,21.9,24.8,0.0,18.0,2.2,6.4,12.8,1007.8,1003.3,77.0,96.0,60.0
2023-06-28,5000C,CEUTA,51,CEUTA,355319N,052049W,87.0,28.6,21.7,25.2,0.0,3.0,2.2,5.8,12.2,1005.3,1002.6,75.0,95.0,59.0
2023-06-29,5000C,CEUTA,51,CEUTA,355319N,052049W,87.0,34.6,20.2,27.4,0.0,31.0,1.7,10.8,11.9,1006.0,1002.7,55.0,94.0,28.0
2023-06-30,5000C,CEUTA,51,CEUTA,355319N,052049W,87.0,30.4,22.4,26.4,0.0,20.0,3.6,12.2,12.7,1006.2,1003.3,69.0,91.0,44.0
2023-07-01,5000C,CEUTA,51,CEUTA,355319N,052049W,87.0,27.2,20.8,24.0,0.0,9.0,2.5,6.9,8.6,1006.7,1004.1,83.0,95.0,76.0
2023-07-02,5000C,CEUTA,51,CEUTA,355319N,052049W,87.0,27.4,22.8,25.1,0.0,10.0,3.9,8.1,11.4,1006.6,1005.0,82.0,94.0,75.0
2023-07-03,5000C,CEUTA,51,CEUTA,355319N,052049W,87.0,28.3,22.0,25.2,0.0,17.0,2.8,5.6,12.9,1007.6,1005.6,74.0,95.0,61.0
2023-07-04,5000C,CEUTA,51,CEUTA,355319N,052049W,87.0,33.5,21.0,27.2,0.0,29.0,1.9,10.3,12.9,1007.3,1005.0,50.0,94.0,11.0
2023-07-05,5000C,CEUTA,51,CEUTA,355319N,052049W,87.0,35.9,24.3,30.1,0.0,31.0,1.7,10.0,11.7,1005.7,1002.8,25.0,47.0,10.0
2023-07-06,5000C,CEUTA,51,CEUTA,355319N,052049W,87.0,26.6,19.8,23.2,0.0,35.0,2.5,6.7,11.4,1004.3,1001.4,80.0,95.0,24.0
2023-07-07,5000C,CEUTA,51,CEUTA,355319N,052049W,87.0,30.5,21.0,25.8,0.0,30.0,1.9,8.9,9.8,1006.8,1002.1,74.0,98.0,52.0
2023-07-08,5000C,CEUTA,51,CEUTA,355319N,052049W,87.0,33.3,19.5,26.4,0.0,12.0,1.7,5.3,12.8,1007.8,1005.3,44.0,80.0,28.0
2023-07-09,5000C,CEUTA,51,CEUTA,355319N,052049W,87.0,30.6,22.6,26.6,0.0,29.0,2.5,8.3,12.5,1008.4,1006.2,61.0,87.0,31.0
2023-07-10,5000C,CEUTA,51,CEUTA,355319N,052049W,87.0,29.1,22.4,25.8,0.0,9.0,2.5,6.9,9.2,1009.3,1006.1,84.0,96.0,73.0
2023-07-11,5000C,CEUTA,51,CEUTA,355319N,052049W,87.0,30.3,24.4,27.4,0.0,16.0,1.7,5.0,10.7,1007.4,1003.7,79.0,95.0,57.0
2023-07-12,5000C,CEUTA,51,CEUTA,355319N,052049W,87.0,37.8,26.7,32.2,0.0,28.0,3.1,10.6,11.7,1005.8,1003.6,29.0,63.0,13.0
2023-07-13,5000C,CEUTA,51,CEUTA,355319N,052049W,87.0,38.0,22.4,30.2,0.0,30.0,3.9,12.5,12.7,1007.6,1004.4,41.0,96.0,16.0
2023-07-14,5000C,CEUTA,51,CEUTA,355319N,052049W,87.0,29.8,22.7,26.2,0.0,16.0,2.2,5.8,10.8,1007.7,1003.6,72.0,98.0,63.0
2023-07-15,5000C,CEUTA,51,CEUTA,355319N,052049W,87.0,30.5,21.8,26.2,0.0,24.0,2.2,10.0,12.9,1006.3,1002.7,55.0,74.0,38.0
2023-07-16,5000C,CEUTA,51,CEUTA,355319N,052049W,87.0,32.7,24.0,28.4,0.0,21.0,1.9,7.2,12.1,1004.4,1001.9,53.0,88.0,30.0
2023-07-17,5000C,CEUTA,51,CEUTA,355319N,052049W,87.0,29.1,23.5,26.3,0.0,8.0,3.3,7.8,7.6,1007.0,1003.2,85.0,95.0,75.0
2023-07-18,5000C,CEUTA,51,CEUTA,355319N,052049W,87.0,30.4,24.2,27.3,0.0,18.0,2.5,5.8,11.7,1008.3,1005.6,70.0,95.0,58.0
2023-07-19,5000C,CEUTA,51,CEUTA,355319N,052049W,87.0,40.8,25.8,33.3,0.0,31.0,2.2,9.4,11.5,1007.1,1003.7,30.0,76.0,21.0
2023-07-20,5000C,CEUTA,51,CEUTA,355319N,052049W,87.0,31.1,24.9,28.0,0.0,20.0,2.5,10.3,9.3,1005.6,1003.2,41.0,58.0,23.0
2023-07-21,5000C,CEUTA,51,CEUTA,355319N,052049W,87.0,29.2,23.0,26.1,0.0,31.0,3.6,12.8,7.5,1005.2,1001.9,41.0,67.0,21.0
2023-07-22,5000C,CEUTA,51,CEUTA,355319N,052049W,87.0,34.5,22.7,28.6,0.0,99.0,2.2,10.3,10.0,1005.5,1003.4,49.0,70.0,25.0
2023-07-23,5000C,CEUTA,51,CEUTA,355319N,052049W,87.0,29.8,21.8,25.8,0.0,2.0,1.9,6.1,10.0,1005.6,1002.4,56.0,82.0,41.0
2023-07-24,5000C,CEUTA,51,CEUTA,355319N,052049W,87.0,28.9,22.6,25.8,0.0,24.0,2.8,12.2,10.5,1005.0,1001.9,51.0,64.0,35.0
2023-07-25,5000C,CEUTA,51,CEUTA,355319N,052049W,87.0,31.6,21.1,26.4,0.0,32.0,2.8,8.9,12.7,1006.2,1003.1,47.0,72.0,30.0
2023-07-26,5000C,CEUTA,51,CEUTA,355319N,052049W,87.0,33.3,20.9,27.1,0.0,14.0,1.7,9.2,12.8,1005.8,1003.6,43.0,77.0,25.0
2023-07-27,5000C,CEUTA,51,CEUTA,355319N,052049W,87.0,28.4,20.0,24.2,0.0,99.0,2.5,10.8,12.6,1006.6,1003.6,56.0,76.0,50.0
2023-07-28,5000C,CEUTA,51,CEUTA,355319N,052049W,87.0,32.4,19.2,25.8,0.0,99.0,1.7,5.8,12.7,1004.8,1002.3,50.0,84.0,33.0
2023-07-29,5000C,CEUTA,51,CEUTA,355319N,052049W,87.0,31.6,21.4,26.5,0.0,17.0,2.5,5.8,12.4,1005.0,1003.1,53.0,86.0,35.0
2023-07-30,5000C,CEUTA,51,CEUTA,355319N,052049W,87.0,37.7,24.6,31.2,0.0,30.0,3.1,11.1,12.4,1007.0,1004.4,37.0,65.0,20.0
2023-07-31,5000C,CEUTA,51,CEUTA,355319N,052049W,87.0,35.2,25.9,30.6,0.0,31.0,3.1,12.8,12.8,1007.6,1005.1,25.0,42.0,12.0
2023-08-01,5000C,CEUTA,51,CEUTA,355319N,052049W,87.0,34.4,23.4,28.9,0.0,29.0,3.6,13.9,12.8,1005.8,1001.7,28.0,51.0,13.0
2023-08-02,5000C,CEUTA,51,CEUTA,355319N,052049W,87.0,33.1,23.2,28.2,0.0,30.0,3.3,16.4,12.7,1003.2,1000.6,42.0,57.0,22.0
2023-08-03,5000C,CEUTA,51,CEUTA,355319N,052049W,87.0,29.5,24.3,26.9,0.0,28.0,3.6,13.1,12.7,1004.4,1001.7,47.0,73.0,12.0
2023-08-04,5000C,CEUTA,51,CEUTA,355319N,052049W,87.0,32.0,23.4,27.7,0.0,30.0,2.2,14.2,11.3,1007.8,1002.2,58.0,93.0,29.0
2023-08-05,5000C,CEUTA,51,CEUTA,355319N,052049W,87.0,28.3,23.1,25.7,0.0,99.0,4.4,10.0,10.3,1008.0,1004.8,82.0,95.0,68.0
2023-08-06,5000C,CEUTA,51,CEUTA,355319N,052049W,87.0,27.5,22.7,25.1,0.0,14.0,3.3,7.2,8.3,1006.4,1003.7,86.0,97.0,75.0
2023-08-07,5000C,CEUTA,51,CEUTA,355319N,052049W,87.0,28.5,22.7,25.6,0.0,11.0,4.7,9.7,9.0,1007.4,1004.6,85.0,98.0,74.0
2023-08-08,5000C,CEUTA,51,CEUTA,355319N,052049W,87.0,28.2,22.4,25.3,0.0,10.0,3.3,7.8,6.5,1007.2,1005.0,88.0,97.0,75.0
2023-08-09,5000C,CEUTA,51,CEUTA,355319N,052049W,87.0,28.1,22.4,25.2,0.0,18.0,2.8,6.4,9.0,1009.0,1006.4,84.0,97.0,72.0
2023-08-10,5000C,CEUTA,51,CEUTA,355319N,052049W,87.0,30.3,22.5,26.4,0.0,16.0,1.7,5.8,11.3,1009.6,1006.8,75.0,95.0,32.0
2023-08-11,5000C,CEUTA,51,CEUTA,355319N,052049W,87.0,39.9,23.9,31.9,0.0,30.0,2.8,10.6,10.7,1010.6,1006.4,63.0,98.0,13.0
2023-08-12,5000C,CEUTA,51,CEUTA,355319N,052049W,87.0,28.6,23.8,26.2,0.0,16.0,2.5,5.8,9.7,1010.3,1006.0,82.0,96.0,71.0
2023-08-13,5000C,CEUTA,51,CEUTA,355319N,052049W,87.0,28.5,22.5,25.5,0.0,99.0,2.2,6.1,9.3,1007.2,1004.2,85.0,98.0,72.0
2023-08-14,5000C,CEUTA,51,CEUTA,355319N,052049W,87.0,28.7,22.5,25.6,0.0,18.0,2.2,6.1,9.1,1005.2,1002.6,83.0,98.0,70.0
2023-08-15,5000C,CEUTA,51,CEUTA,355319N,052049W,87.0,28.3,22.3,25.3,0.0,18.0,2.2,6.4,11.5,1005.2,1002.6,82.0,92.0,69.0
2023-08-16,5000C,CEUTA,51,CEUTA,355319N,052049W,87.0,33.8,20.2,27.0,0.0,25.0,1.1,6.9,12.0,1005.1,1003.0,59.0,91.0,29.0
2023-08-17,5000C,CEUTA,51,CEUTA,355319N,052049W,87.0,34.7,21.2,28.0,0.0,99.0,1.7,6.1,12.4,1004.8,1002.5,39.0,63.0,19.0
2023-08-18,5000C,CEUTA,51,CEUTA,355319N,052049W,87.0,37.2,23.2,30.2,0.0,31.0,1.9,8.3,11.4,1005.0,1003.2,20.0,39.0,7.0
2023-08-19,5000C,CEUTA,51,CEUTA,355319N,052049W,87.0,36.3,26.2,31.2,0.0,31.0,1.4,6.7,11.2,1006.5,1003.8,32.0,59.0,25.0
2023-08-20,5000C,CEUTA,51,CEUTA,355319N,052049W,87.0,29.6,21.8,25.7,0.0,15.0,1.7,5.8,11.1,1009.1,1006.5,80.0,95.0,55.0
2023-08-21,5000C,CEUTA,51,CEUTA,355319N,052049W,87.0,28.4,22.3,25.4,0.0,8.0,2.2,6.9,4.4,1009.5,1006.6,90.0,98.0,79.0
2023-08-22,5000C,CEUTA,51,CEUTA,355319N,052049W,87.0,28.4,23.4,25.9,0.0,8.0,3.6,7.8,5.9,1007.0,1004.2,87.0,98.0,78.0
2023-08-23,5000C,CEUTA,51,CEUTA,355319N,052049W,87.0,29.3,24.0,26.6,0.0,13.0,3.3,6.9,9.3,1005.8,1003.9,82.0,94.0,71.0
2023-08-24,5000C,CEUTA,51,CEUTA,355319N,052049W,87.0,28.8,24.6,26.7,0.0,15.0,2.5,5.0,10.1,1005.8,1004.0,86.0,95.0,75.0
2023-08-25,5000C,CEUTA,51,CEUTA,355319N,052049W,87.0,28.3,24.2,26.2,0.0,16.0,3.6,7.2,11.4,1005.5,1001.9,83.0,92.0,76.0
2023-08-26,5000C,CEUTA,51,CEUTA,355319N,052049W,87.0,34.6,22.9,28.8,0.0,31.0,3.9,17.5,6.7,1003.1,1000.0,44.0,94.0,21.0
2023-08-27,5000C,CEUTA,51,CEUTA,355319N,052049W,87.0,28.1,21.2,24.6,0.0,25.0,4.2,15.3,11.8,1007.6,1001.5,42.0,61.0,28.0
2023-08-28,5000C,CEUTA,51,CEUTA,355319N,052049W,87.0,28.8,21.2,25.0,0.0,29.0,1.7,8.6,11.8,1008.7,1005.3,54.0,89.0,27.0
2023-08-29,5000C,CEUTA,51,CEUTA,355319N,052049W,87.0,30.1,20.5,25.3,0.0,29.0,1.4,11.7,11.7,1005.3,999.6,59.0,89.0,27.0
2023-08-30,5000C,CEUTA,51,CEUTA,355319N,052049W,87.0,30.7,21.7,26.2,0.0,29.0,3.3,14.7,11.7,1004.0,998.7,41.0,60.0,27.0
2023-08-31,5000C,CEUTA,51,CEUTA,355319N,052049W,87.0,27.4,20.8,24.1,0.0,10.0,2.2,6.7,9.3,1007.6,1003.7,81.0,95.0,60.0
2023-09-01,5000C,CEUTA,51,CEUTA,355319N,052049W,87.0,26.9,22.3,24.6,0.0,24.0,2.2,8.6,6.7,1007.1,1003.5,86.0,96.0,48.0
2023-09-02,5000C,CEUTA,51,CEUTA,355319N,052049W,87.0,26.0,21.0,23.5,6.4,29.0,2.2,10.8,6.9,1004.4,1000.0,63.0,82.0,50.0
2023-09-03,5000C,CEUTA,51,CEUTA,355319N,052049W,87.0,25.5,18.6,22.0,2.2,26.0,2.5,11.4,5.9,1002.1,997.7,77.0,93.0,60.0
2023-09-04,5000C,CEUTA,51,CEUTA,355319N,052049W,87.0,27.2,18.2,22.7,0.0,7.0,1.4,7.5,11.0,1005.9,1001.3,67.0,91.0,52.0
2023-09-05,5000C,CEUTA,51,CEUTA,355319N,052049W,87.0,27.8,19.6,23.7,0.0,25.0,1.7,5.8,9.7,1006.1,1004.2,65.0,81.0,51.0
2023-09-06,5000C,CEUTA,51,CEUTA,355319N,052049W,87.0,27.2,20.3,23.8,0.0,10.0,2.2,5.6,10.3,1006.8,1005.2,74.0,89.0,52.0
2023-09-07,5000C,CEUTA,51,CEUTA,355319N,052049W,87.0,27.3,22.6,25.0,0.0,99.0,2.8,7.5,7.2,1007.7,1005.5,85.0,95.0,75.0
2023-09-08,5000C,CEUTA,51,CEUTA,355319N,052049W,87.0,27.4,22.5,25.0,0.0,11.0,3.1,7.2,7.8,1007.1,1005.2,82.0,96.0,69.0
2023-09-09,5000C,CEUTA,51,CEUTA,355319N,052049W,87.0,27.1,21.9,24.5,0.0,10.0,1.9,5.6,7.0,1007.3,1004.8,87.0,97.0,64.0
2023-09-10,5000C,CEUTA,51,CEUTA,355319N,052049W,87.0,25.7,21.2,23.4,0.0,8.0,1.9,5.3,6.4,1007.5,1005.2,87.0,98.0,79.0
2023-09-11,5000C,CEUTA,51,CEUTA,355319N,052049W,87.0,29.7,20.2,25.0,0.0,26.0,1.4,8.9,10.9,1007.2,1003.6,57.0,92.0,42.0
2023-09-12,5000C,CEUTA,51,CEUTA,355319N,052049W,87.0,28.2,21.3,24.8,0.0,30.0,3.1,9.7,11.2,1005.8,1003.1,60.0,79.0,45.0
2023-09-13,5000C,CEUTA,51,CEUTA,355319N,052049W,87.0,27.5,21.4,24.4,0.0,29.0,1.7,7.2,10.8,1006.2,1003.6,54.0,77.0,47.0
2023-09-14,5000C,CEUTA,51,CEUTA,355319N,052049W,87.0,27.4,21.9,24.6,0.0,10.0,3.6,9.7,6.2,1005.8,1002.5,86.0,95.0,75.0
2023-09-15,5000C,CEUTA,51,CEUTA,355319N,052049W,87.0,28.5,21.4,25.0,0.0,31.0,3.1,11.7,8.3,1003.4,1000.2,76.0,96.0,57.0
2023-09-16,5000C,CEUTA,51,CEUTA,355319N,052049W,87.0,28.7,19.3,24.0,0.0,34.0,1.7,7.5,7.0,1003.3,1000.8,67.0,84.0,52.0
2023-09-17,5000C,CEUTA,51,CEUTA,355319N,052049W,87.0,26.5,20.7,23.6,0.0,31.0,2.2,11.9,6.3,1008.0,1001.6,70.0,80.0,52.0
2023-09-18,5000C,CEUTA,51,CEUTA,355319N,052049W,87.0,28.2,19.4,23.8,0.0,32.0,2.5,8.6,10.2,1009.4,1006.5,54.0,81.0,30.0
2023-09-19,5000C,CEUTA,51,CEUTA,355319N,052049W,87.0,28.4,18.8,23.6,0.0,16.0,3.1,10.0,10.6,1008.2,1004.9,56.0,75.0,32.0
2023-09-20,5000C,CEUTA,51,CEUTA,355319N,052049W,87.0,27.5,19.2,23.4,0.0,30.0,2.8,11.7,11.0,1006.8,1004.2,56.0,76.0,43.0
2023-09-21,5000C,CEUTA,51,CEUTA,355319N,052049W,87.0,25.8,20.1,23.0,0.4,26.0,3.1,12.2,9.7,1006.0,1003.4,61.0,77.0,48.0
2023-09-22,5000C,CEUTA,51,CEUTA,355319N,052049W,87.0,24.7,19.4,22.0,0.0,99.0,2.5,9.2,9.3,1006.7,1002.1,63.0,89.0,40.0
2023-09-23,5000C,CEUTA,51,CEUTA,355319N,052049W,87.0,24.8,18.2,21.5,0.0,11.0,2.2,8.1,10.8,1009.2,1005.0,63.0,90.0,47.0
2023-09-24,5000C,CEUTA,51,CEUTA,355319N,052049W,87.0,25.6,20.8,23.2,0.0,10.0,5.0,10.8,8.5,1010.2,1008.3,81.0,94.0,70.0
2023-09-25,5000C,CEUTA,51,CEUTA,355319N,052049W,87.0,24.4,20.7,22.6,0.0,8.0,3.9,8.6,6.9,1009.8,1008.1,86.0,93.0,78.0
2023-09-26,5000C,CEUTA,51,CEUTA,355319N,052049W,87.0,25.7,20.8,23.2,0.0,10.0,4.2,8.6,10.2,1010.5,1008.0,83.0,97.0,68.0
2023-09-27,5000C,CEUTA,51,CEUTA,355319N,052049W,87.0,24.2,20.4,22.3,0.0,7.0,4.2,9.2,7.9,1010.3,1008.1,87.0,97.0,78.0
2023-09-28,5000C,CEUTA,51,CEUTA,355319N,052049W,87.0,25.8,20.1,23.0,0.0,12.0,3.6,8.3,5.9,1009.9,1007.8,84.0,98.0,70.0
2023-09-29,5000C,CEUTA,51,CEUTA,355319N,052049W,87.0,24.6,20.4,22.5,0.0,10.0,4.2,8.3,8.4,1012.4,1008.9,84.0,97.0,75.0
2023-09-30,5000C,CEUTA,51,CEUTA,355319N,052049W,87.0,24.8,21.4,23.1,0.0,14.0,3.6,7.8,6.8,1014.1,1012.0,86.0,92.0,76.0
2023-10-01,5000C,CEUTA,51,CEUTA,355319N,052049W,87.0,24.8,21.3,23.0,0.0,10.0,3.1,7.2,9.4,1013.3,1010.1,87.0,95.0,74.0
2023-10-02,5000C,CEUTA,51,CEUTA,355319N,052049W,87.0,25.6,21.5,23.6,0.0,10.0,2.8,6.9,9.8,1012.4,1010.2,85.0,95.0,70.0
2023-10-03,5000C,CEUTA,51,CEUTA,355319N,052049W,87.0,24.9,22.1,23.5,0.0,99.0,2.8,5.8,7.5,1013.8,1011.3,84.0,91.0,75.0
2023-10-04,5000C,CEUTA,51,CEUTA,355319N,052049W,87.0,25.0,21.8,23.4,0.0,10.0,3.3,8.9,4.3,1015.9,1013.2,86.0,96.0,78.0
2023-10-05,5000C,CEUTA,51,CEUTA,355319N,052049W,87.0,25.7,21.5,23.6,0.0,99.0,4.2,10.3,7.3,1014.0,1011.1,83.0,96.0,73.0
2023-10-06,5000C,CEUTA,51,CEUTA,355319N,052049W,87.0,26.2,21.2,23.7,0.0,6.0,3.3,7.2,0.7,1012.9,1011.0,85.0,97.0,73.0
2023-10-07,5000C,CEUTA,51,CEUTA,355319N,052049W,87.0,25.5,20.6,23.0,0.0,10.0,1.9,6.1,5.2,1013.0,1010.8,83.0,98.0,71.0
2023-10-08,5000C,CEUTA,51,CEUTA,355319N,052049W,87.0,25.7,20.6,23.2,0.0,11.0,4.2,8.6,5.8,1013.9,1011.7,87.0,98.0,74.0
2023-10-09,5000C,CEUTA,51,CEUTA,355319N,052049W,87.0,24.8,20.0,22.4,0.0,16.0,2.8,10.0,10.0,1014.1,1011.6,86.0,97.0,72.0
2023-10-10,5000C,CEUTA,51,CEUTA,355319N,052049W,87.0,24.5,19.9,22.2,0.0,11.0,1.9,6.1,9.6,1012.3,1010.2,85.0,96.0,73.0
2023-10-11,5000C,CEUTA,51,CEUTA,355319N,052049W,87.0,25.0,19.9,22.4,0.0,10.0,2.5,6.7,10.1,1012.1,1009.7,84.0,97.0,73.0
2023-10-12,5000C,CEUTA,51,CEUTA,355319N,052049W,87.0,24.9,19.7,22.3,0.0,13.0,2.5,7.2,9.8,1011.7,1009.1,86.0,98.0,73.0
2023-10-13,5000C,CEUTA,51,CEUTA,355319N,052049W,87.0,23.7,20.0,21.8,0.2,7.0,1.9,5.6,4.8,1011.7,1009.0,88.0,96.0,76.0
2023-10-14,5000C,CEUTA,51,CEUTA,355319N,052049W,87.0,28.7,20.0,24.4,0.0,32.0,2.2,16.1,6.8,1011.8,1008.8,67.0,87.0,40.0
2023-10-15,5000C,CEUTA,51,CEUTA,355319N,052049W,87.0,26.6,18.9,22.8,0.0,19.0,1.4,6.1,7.0,1009.4,1005.4,74.0,87.0,51.0
2023-10-16,5000C,CEUTA,51,CEUTA,355319N,052049W,87.0,25.8,19.9,22.8,0.0,12.0,1.9,4.7,9.7,1005.4,1000.5,66.0,85.0,48.0
2023-10-17,5000C,CEUTA,51,CEUTA,355319N,052049W,87.0,24.9,19.5,22.2,0.0,21.0,1.7,8.9,8.5,1002.1,999.4,78.0,91.0,63.0
2023-10-18,5000C,CEUTA,51,CEUTA,355319N,052049W,87.0,25.5,21.1,23.3,0.8,24.0,2.5,9.7,5.6,1004.8,1001.2,72.0,82.0,61.0
2023-10-19,5000C,CEUTA,51,CEUTA,355319N,052049W,87.0,26.6,17.1,21.8,38.0,31.0,4.7,20.3,4.5,1001.2,988.8,70.0,93.0,54.0
2023-10-20,5000C,CEUTA,51,CEUTA,355319N,052049W,87.0,22.4,16.8,19.6,1.6,33.0,2.8,14.2,8.3,1001.7,992.2,64.0,86.0,52.0
2023-10-21,5000C,CEUTA,51,CEUTA,355319N,052049W,87.0,22.6,16.8,19.7,0.2,31.0,2.2,7.5,8.8,1001.5,997.4,70.0,86.0,51.0
2023-10-22,5000C,CEUTA,51,CEUTA,355319N,052049W,87.0,22.5,17.5,20.0,17.6,26.0,5.3,17.2,0.0,997.4,989.2,84.0,95.0,74.0
2023-10-23,5000C,CEUTA,51,CEUTA,355319N,052049W,87.0,22.1,16.6,19.4,3.0,24.0,2.2,11.1,2.0,1006.6,997.2,84.0,94.0,70.0
2023-10-24,5000C,CEUTA,51,CEUTA,355319N,052049W,87.0,22.6,16.2,19.4,0.0,27.0,1.9,9.7,9.3,1010.4,1006.3,69.0,85.0,49.0
2023-10-25,5000C,CEUTA,51,CEUTA,355319N,052049W,87.0,23.7,17.9,20.8,0.0,20.0,3.3,10.0,4.5,1009.8,1007.4,71.0,83.0,61.0
2023-10-26,5000C,CEUTA,51,CEUTA,355319N,052049W,87.0,24.1,19.5,21.8,3.6,26.0,2.5,14.2,5.6,1008.4,1004.1,75.0,89.0,62.0
2023-10-27,5000C,CEUTA,51,CEUTA,355319N,052049W,87.0,22.6,17.8,20.2,0.0,30.0,2.8,13.3,5.7,1005.3,1004.2,64.0,93.0,52.0
2023-10-28,5000C,CEUTA,51,CEUTA,355319N,052049W,87.0,24.2,16.4,20.3,0.0,29.0,2.2,8.3,9.1,1005.1,1001.8,69.0,86.0,49.0
2023-10-29,5000C,CEUTA,51,CEUTA,355319N,052049W,87.0,21.4,16.2,18.8,0.2,31.0,1.7,6.1,7.7,1002.6,997.9,76.0,83.0,60.0
2023-10-30,5000C,CEUTA,51,CEUTA,355319N,052049W,87.0,21.2,17.2,19.2,0.0,30.0,3.1,9.4,2.4,1006.1,996.9,74.0,84.0,55.0
2023-10-31,5000C,CEUTA,51,CEUTA,355319N,052049W,87.0,19.3,15.9,17.6,5.2,5.0,1.7,8.6,0.0,1008.2,1004.4,81.0,97.0,67.0
2023-11-01,5000C,CEUTA,51,CEUTA,355319N,052049W,87.0,23.7,14.6,19.2,0.0,31.0,1.7,8.9,8.8,1011.5,1007.9,73.0,95.0,54.0
2023-11-02,5000C,CEUTA,51,CEUTA,355319N,052049W,87.0,24.0,17.8,20.9,3.6,32.0,4.2,19.7,7.4,1009.6,1002.6,71.0,88.0,50.0
2023-11-03,5000C,CEUTA,51,CEUTA,355319N,052049W,87.0,20.0,15.5,17.8,0.2,26.0,3.1,14.2,1.9,1005.2,1000.5,71.0,84.0,63.0
2023-11-04,5000C,CEUTA,51,CEUTA,355319N,052049W,87.0,22.6,17.4,20.0,3.0,26.0,3.3,13.9,5.8,1005.8,1000.5,70.0,88.0,59.0
2023-11-05,5000C,CEUTA,51,CEUTA,355319N,052049W,87.0,20.1,15.0,17.6,0.0,30.0,1.9,13.1,7.9,,,92.0,,
2023-11-06,5000C,CEUTA,51,CEUTA,355319N,052049W,87.0,20.8,14.1,17.4,0.0,32.0,2.8,9.2,7.9,1013.5,1005.8,56.0,82.0,40.0
2023-11-07,5000C,CEUTA,51,CEUTA,355319N,052049W,87.0,19.8,13.3,16.6,0.0,99.0,2.2,8.1,8.4,1015.3,1013.5,50.0,65.0,34.0
2023-11-08,5000C,CEUTA,51,CEUTA,355319N,052049W,87.0,19.6,12.7,16.2,0.0,35.0,1.7,4.2,9.0,1016.0,1012.7,59.0,75.0,41.0
2023-11-09,5000C,CEUTA,51,CEUTA,355319N,052049W,87.0,22.3,15.0,18.6,0.4,99.0,3.3,11.1,6.6,1012.8,1010.5,66.0,91.0,38.0
2023-11-10,5000C,CEUTA,51,CEUTA,355319N,052049W,87.0,21.5,15.7,18.6,0.0,24.0,2.2,8.6,8.3,1012.8,1010.2,70.0,86.0,59.0
2023-11-11,5000C,CEUTA,51,CEUTA,355319N,052049W,87.0,22.5,17.8,20.2,0.0,28.0,1.4,9.4,5.9,1012.5,1010.6,75.0,89.0,62.0
2023-11-12,5000C,CEUTA,51,CEUTA,355319N,052049W,87.0,27.0,18.0,22.5,0.0,33.0,3.1,12.8,7.9,1013.1,1010.9,63.0,78.0,43.0
2023-11-13,5000C,CEUTA,51,CEUTA,355319N,052049W,87.0,23.2,17.4,20.3,0.0,19.0,2.2,4.4,8.2,1015.1,1012.5,66.0,85.0,53.0
2023-11-14,5000C,CEUTA,51,CEUTA,355319N,052049W,87.0,23.5,15.9,19.7,0.0,19.0,0.6,4.7,8.2,1015.3,1012.3,75.0,95.0,40.0
2023-11-15,5000C,CEUTA,51,CEUTA,355319N,052049W,87.0,24.0,15.8,19.9,0.0,6.0,0.8,3.9,8.2,1014.4,1011.6,72.0,98.0,41.0
2023-11-16,5000C,CEUTA,51,CEUTA,355319N,052049W,87.0,21.3,14.4,17.8,0.0,18.0,1.4,4.4,7.1,1015.4,1012.5,84.0,98.0,60.0
2023-11-17,5000C,CEUTA,51,CEUTA,355319N,052049W,87.0,21.8,15.8,18.8,0.0,20.0,1.7,4.7,8.0,1014.1,1011.8,78.0,93.0,59.0
2023-11-18,5000C,CEUTA,51,CEUTA,355319N,052049W,87.0,19.7,15.8,17.8,0.0,9.0,3.3,8.3,0.9,1016.4,1013.8,87.0,97.0,76.0
2023-11-19,5000C,CEUTA,51,CEUTA,355319N,052049W,87.0,19.4,15.9,17.6,0.0,13.0,2.2,6.1,0.5,1014.2,1010.3,85.0,91.0,73.0
2023-11-20,5000C,CEUTA,51,CEUTA,355319N,052049W,87.0,21.8,14.9,18.4,0.0,31.0,2.5,11.4,7.8,1012.2,1009.0,81.0,96.0,66.0
2023-11-21,5000C,CEUTA,51,CEUTA,355319N,052049W,87.0,21.4,15.4,18.4,0.0,30.0,4.2,16.1,5.8,1010.9,1007.5,74.0,81.0,64.0
2023-11-22,5000C,CEUTA,51,CEUTA,355319N,052049W,87.0,20.9,12.5,16.7,0.0,32.0,1.4,5.8,8.0,1010.0,1007.1,56.0,80.0,42.0
2023-11-23,5000C,CEUTA,51,CEUTA,355319N,052049W,87.0,19.2,13.5,16.4,0.0,10.0,3.9,11.9,6.6,1013.2,1008.7,65.0,85.0,53.0
2023-11-24,5000C,CEUTA,51,CEUTA,355319N,052049W,87.0,20.7,13.5,17.1,0.0,27.0,1.7,6.9,8.0,1011.0,1005.9,58.0,88.0,39.0
2023-11-25,5000C,CEUTA,51,CEUTA,355319N,052049W,87.0,19.4,14.7,17.0,0.0,25.0,3.3,15.0,8.0,1006.0,1003.8,62.0,74.0,46.0
2023-11-26,5000C,CEUTA,51,CEUTA,355319N,052049W,87.0,19.1,12.8,16.0,0.0,32.0,2.5,8.9,7.8,1009.5,1005.7,76.0,90.0,57.0
2023-11-27,5000C,CEUTA,51,CEUTA,355319N,052049W,87.0,19.4,15.4,17.4,0.0,26.0,2.8,10.0,6.8,1010.2,1007.8,71.0,79.0,59.0
2023-11-28,5000C,CEUTA,51,CEUTA,355319N,052049W,87.0,20.8,16.5,18.6,0.0,25.0,2.8,9.7,6.0,1008.1,1004.2,70.0,78.0,59.0
2023-11-29,5000C,CEUTA,51,CEUTA,355319N,052049W,87.0,23.4,17.0,20.2,0.0,20.0,2.5,9.2,8.3,1005.1,1001.0,61.0,80.0,54.0
2023-11-30,5000C,CEUTA,51,CEUTA,355319N,052049W,87.0,23.8,18.3,21.0,0.0,20.0,1.9,10.6,4.3,1001.6,996.9,60.0,74.0,45.0
2023-12-01,5000C,CEUTA,51,CEUTA,355319N,052049W,87.0,21.4,13.2,17.3,0.4,28.0,4.2,13.9,3.6,1005.1,993.5,60.0,85.0,31.0
2023-12-02,5000C,CEUTA,51,CEUTA,355319N,052049W,87.0,17.1,11.9,14.5,0.0,30.0,2.5,8.6,7.5,1012.3,1005.1,63.0,80.0,42.0
2023-12-03,5000C,CEUTA,51,CEUTA,355319N,052049W,87.0,16.4,11.2,13.8,0.0,99.0,1.4,5.3,7.8,1013.3,1010.2,72.0,81.0,51.0
2023-12-04,5000C,CEUTA,51,CEUTA,355319N,052049W,87.0,18.9,11.8,15.4,0.0,23.0,1.9,13.3,2.2,1011.2,1007.9,68.0,89.0,48.0
2023-12-05,5000C,CEUTA,51,CEUTA,355319N,052049W,87.0,17.0,14.6,15.8,12.4,11.0,2.5,8.3,0.0,1008.5,1002.6,76.0,94.0,63.0
2023-12-06,5000C,CEUTA,51,CEUTA,355319N,052049W,87.0,16.3,14.0,15.2,37.8,6.0,3.1,10.6,0.0,1010.9,1002.4,100.0,100.0,93.0
2023-12-07,5000C,CEUTA,51,CEUTA,355319N,052049W,87.0,18.3,15.1,16.7,0.2,27.0,1.4,6.7,3.1,1014.0,1010.1,91.0,100.0,77.0
2023-12-08,5000C,CEUTA,51,CEUTA,355319N,052049W,87.0,19.9,16.0,18.0,2.0,24.0,3.3,15.6,6.3,1016.8,1011.3,70.0,90.0,49.0
2023-12-09,5000C,CEUTA,51,CEUTA,355319N,052049W,87.0,22.2,15.9,19.0,0.0,32.0,2.8,10.8,7.4,1017.6,1015.1,56.0,78.0,43.0
2023-12-10,5000C,CEUTA,51,CEUTA,355319N,052049W,87.0,20.3,14.8,17.6,0.0,14.0,1.7,3.9,7.7,1016.0,1013.4,84.0,95.0,66.0
2023-12-11,5000C,CEUTA,51,CEUTA,355319N,052049W,87.0,22.7,15.1,18.9,0.0,4.0,1.1,3.3,7.8,1013.5,1010.5,77.0,94.0,33.0
2023-12-12,5000C,CEUTA,51,CEUTA,355319N,052049W,87.0,23.7,17.4,20.6,0.0,23.0,1.4,12.2,7.2,1011.9,1009.1,54.0,82.0,36.0
2023-12-13,5000C,CEUTA,51,CEUTA,355319N,052049W,87.0,18.7,13.5,16.1,4.6,30.0,3.9,12.5,2.0,1013.2,1008.7,74.0,91.0,57.0
2023-12-14,5000C,CEUTA,51,CEUTA,355319N,052049W,87.0,18.0,10.6,14.3,0.0,32.0,1.7,8.1,7.8,1018.2,1013.1,58.0,76.0,45.0
2023-12-15,5000C,CEUTA,51,CEUTA,355319N,052049W,87.0,17.5,11.5,14.5,0.0,8.0,5.6,13.6,6.6,1022.6,1017.9,72.0,89.0,65.0
2023-12-16,5000C,CEUTA,51,CEUTA,355319N,052049W,87.0,17.8,15.1,16.4,0.0,8.0,6.1,13.3,7.7,1023.7,1021.4,64.0,77.0,48.0
2023-12-17,5000C,CEUTA,51,CEUTA,355319N,052049W,87.0,17.5,14.4,16.0,0.0,10.0,5.8,12.2,4.1,1024.7,1022.9,71.0,80.0,60.0
2023-12-18,5000C,CEUTA,51,CEUTA,355319N,052049W,87.0,16.9,13.9,15.4,0.0,9.0,4.2,9.7,4.1,1024.5,1021.7,71.0,77.0,55.0
2023-12-19,5000C,CEUTA,51,CEUTA,355319N,052049W,87.0,17.4,12.5,15.0,0.0,8.0,1.9,7.8,4.5,1022.6,1018.5,71.0,79.0,46.0
2023-12-20,5000C,CEUTA,51,CEUTA,355319N,052049W,87.0,17.0,12.7,14.8,0.0,30.0,3.9,17.8,5.1,1018.5,1014.0,72.0,86.0,39.0
2023-12-21,5000C,CEUTA,51,CEUTA,355319N,052049W,87.0,16.6,11.2,13.9,0.0,26.0,1.4,5.6,7.7,1017.6,1014.8,64.0,85.0,49.0
2023-12-22,5000C,CEUTA,51,CEUTA,355319N,052049W,87.0,18.0,11.3,14.6,0.0,26.0,1.1,5.8,7.7,1016.5,1013.2,83.0,96.0,68.0
2023-12-23,5000C,CEUTA,51,CEUTA,355319N,052049W,87.0,18.4,13.1,15.8,0.0,99.0,1.7,5.0,6.8,1015.7,1013.7,77.0,89.0,63.0
2023-12-24,5000C,CEUTA,51,CEUTA,355319N,052049W,87.0,17.7,11.4,14.6,0.0,6.0,1.4,3.1,7.6,1016.2,1013.4,88.0,97.0,74.0
2023-12-25,5000C,CEUTA,51,CEUTA,355319N,052049W,87.0,18.9,12.1,15.5,0.0,32.0,1.4,6.7,7.6,1014.5,1011.3,77.0,92.0,58.0
2023-12-26,5000C,CEUTA,51,CEUTA,355319N,052049W,87.0,17.8,10.8,14.3,0.0,33.0,1.1,4.4,7.8,1013.8,1010.8,70.0,92.0,59.0
2023-12-27,5000C,CEUTA,51,CEUTA,355319N,052049W,87.0,17.2,11.1,14.2,0.0,14.0,1.4,6.1,6.3,1015.5,1012.0,80.0,97.0,62.0
2023-12-28,5000C,CEUTA,51,CEUTA,355319N,052049W,87.0,16.8,12.6,14.7,0.0,11.0,1.9,5.6,1.5,1016.4,1013.5,82.0,89.0,76.0
2023-12-29,5000C,CEUTA,51,CEUTA,355319N,052049W,87.0,17.7,13.1,15.4,0.0,17.0,1.7,4.7,5.7,1014.5,1010.5,85.0,95.0,67.0
2023-12-30,5000C,CEUTA,51,CEUTA,355319N,052049W,87.0,19.5,13.8,16.6,0.0,25.0,1.9,9.4,4.9,1011.8,1009.3,76.0,89.0,58.0
2023-12-31,5000C,CEUTA,51,CEUTA,355319N,052049W,87.0,20.4,12.6,16.5,0.0,30.0,2.2,8.6,6.8,1011.8,1008.5,73.0,91.0,52.0
2024-01-01,5000C,CEUTA,51,CEUTA,355319N,052049W,87.0,20.3,14.6,17.4,0.0,30.0,2.8,8.9,5.8,1013.4,1008.8,70.0,84.0,63.0
2024-01-02,5000C,CEUTA,51,CEUTA,355319N,052049W,87.0,18.8,12.4,15.6,0.0,30.0,1.7,4.7,8.1,1014.8,1011.4,83.0,92.0,63.0
2024-01-03,5000C,CEUTA,51,CEUTA,355319N,052049W,87.0,22.7,15.8,19.2,0.0,32.0,2.2,8.6,7.7,1012.7,1009.7,45.0,64.0,33.0
2024-01-04,5000C,CEUTA,51,CEUTA,355319N,052049W,87.0,20.8,16.4,18.6,3.6,30.0,2.2,13.6,2.7,1010.1,1002.9,52.0,86.0,37.0
2024-01-05,5000C,CEUTA,51,CEUTA,355319N,052049W,87.0,16.7,12.0,14.4,0.2,30.0,5.3,15.3,6.3,1010.7,1002.7,66.0,93.0,57.0
2024-01-06,5000C,CEUTA,51,CEUTA,355319N,052049W,87.0,15.2,9.8,12.5,0.0,28.0,3.1,10.0,7.0,1012.9,1010.2,64.0,76.0,48.0
2024-01-07,5000C,CEUTA,51,CEUTA,355319N,052049W,87.0,17.4,9.9,13.6,0.0,27.0,2.2,8.9,7.6,1012.1,1009.7,42.0,71.0,27.0
2024-01-08,5000C,CEUTA,51,CEUTA,355319N,052049W,87.0,18.4,11.1,14.8,0.0,29.0,1.7,11.4,7.9,1010.7,1008.1,51.0,60.0,33.0
2024-01-09,5000C,CEUTA,51,CEUTA,355319N,052049W,87.0,14.8,12.0,13.4,31.8,16.0,1.1,5.0,0.0,1010.8,1007.0,89.0,97.0,54.0
2024-01-10,5000C,CEUTA,51,CEUTA,355319N,052049W,87.0,18.8,12.6,15.7,0.0,30.0,2.2,8.9,7.6,1012.3,1008.8,70.0,98.0,50.0
2024-01-11,5000C,CEUTA,51,CEUTA,355319N,052049W,87.0,18.8,12.1,15.4,0.0,32.0,2.2,8.1,7.6,1010.4,1008.6,59.0,93.0,40.0
2024-01-12,5000C,CEUTA,51,CEUTA,355319N,052049W,87.0,17.3,12.2,14.8,0.0,12.0,4.4,9.7,5.9,1015.1,1009.9,76.0,93.0,68.0
2024-01-13,5000C,CEUTA,51,CEUTA,355319N,052049W,87.0,16.7,14.6,15.6,0.0,8.0,3.3,9.7,0.7,1016.9,1013.8,84.0,87.0,78.0
2024-01-14,5000C,CEUTA,51,CEUTA,355319N,052049W,87.0,22.0,11.5,16.8,0.0,25.0,1.7,8.9,6.3,1013.8,1009.8,65.0,100.0,15.0
2024-01-15,5000C,CEUTA,51,CEUTA,355319N,052049W,87.0,23.4,15.7,19.6,0.0,26.0,1.9,8.6,7.6,1010.0,1007.6,33.0,45.0,15.0
2024-01-16,5000C,CEUTA,51,CEUTA,355319N,052049W,87.0,19.3,14.3,16.8,3.8,24.0,2.2,18.3,0.5,1008.5,1002.6,79.0,96.0,33.0
2024-01-17,5000C,CEUTA,51,CEUTA,355319N,052049W,87.0,20.8,14.4,17.6,8.0,25.0,4.7,16.9,6.0,1005.2,998.8,71.0,96.0,48.0
2024-01-18,5000C,CEUTA,51,CEUTA,355319N,052049W,87.0,22.2,15.2,18.7,5.2,19.0,1.9,10.0,6.8,1005.5,1000.6,75.0,92.0,53.0
2024-01-19,5000C,CEUTA,51,CEUTA,355319N,052049W,87.0,17.1,14.3,15.7,11.6,24.0,5.3,21.1,1.1,1007.6,997.9,83.0,93.0,62.0
2024-01-20,5000C,CEUTA,51,CEUTA,355319N,052049W,87.0,16.7,12.7,14.7,0.0,32.0,1.9,11.9,7.8,1018.4,1007.6,60.0,76.0,44.0
2024-01-21,5000C,CEUTA,51,CEUTA,355319N,052049W,87.0,16.9,14.1,15.5,0.0,99.0,5.0,10.3,2.9,1023.9,1018.4,81.0,88.0,70.0
2024-01-22,5000C,CEUTA,51,CEUTA,355319N,052049W,87.0,17.6,12.6,15.1,0.0,9.0,4.2,10.3,5.8,1026.1,1023.5,72.0,84.0,61.0
2024-01-23,5000C,CEUTA,51,CEUTA,355319N,052049W,87.0,17.3,12.0,14.6,0.0,12.0,2.5,7.2,8.7,1026.1,1023.6,84.0,92.0,74.0
2024-01-24,5000C,CEUTA,51,CEUTA,355319N,052049W,87.0,17.8,14.8,16.3,0.0,10.0,3.3,7.5,2.1,1027.3,1024.2,86.0,91.0,80.0
2024-01-25,5000C,CEUTA,51,CEUTA,355319N,052049W,87.0,17.2,14.3,15.8,0.0,10.0,2.2,5.6,2.9,1024.2,1019.0,89.0,96.0,84.0
2024-01-26,5000C,CEUTA,51,CEUTA,355319N,052049W,87.0,19.8,13.4,16.6,0.0,21.0,1.7,6.7,8.0,1020.3,1017.9,79.0,96.0,58.0
2024-01-27,5000C,CEUTA,51,CEUTA,355319N,052049W,87.0,17.9,13.7,15.8,0.0,9.0,1.9,5.3,7.9,1019.2,1016.6,83.0,95.0,73.0
2024-01-28,5000C,CEUTA,51,CEUTA,355319N,052049W,87.0,16.0,14.5,15.2,0.0,12.0,2.8,7.8,0.0,1018.1,1016.0,78.0,84.0,75.0
2024-01-29,5000C,CEUTA,51,CEUTA,355319N,052049W,87.0,17.2,14.8,16.0,0.0,8.0,3.1,7.2,2.3,1019.8,1016.5,81.0,91.0,74.0
2024-01-30,5000C,CEUTA,51,CEUTA,355319N,052049W,87.0,17.3,15.3,16.3,0.0,8.0,4.4,9.2,0.7,1021.3,1018.7,83.0,91.0,78.0
2024-01-31,5000C,CEUTA,51,CEUTA,355319N,052049W,87.0,16.3,15.3,15.8,0.0,10.0,5.6,11.1,0.0,1022.8,1020.4,82.0,87.0,79.0
2024-02-01,5000C,CEUTA,51,CEUTA,355319N,052049W,87.0,16.7,14.7,15.7,0.0,10.0,5.0,11.1,0.0,1023.7,1020.9,78.0,86.0,73.0
2024-02-02,5000C,CEUTA,51,CEUTA,355319N,052049W,87.0,16.7,14.4,15.6,0.0,8.0,3.3,8.9,0.1,1020.9,1018.4,74.0,83.0,70.0
2024-02-03,5000C,CEUTA,51,CEUTA,355319N,052049W,87.0,17.1,14.6,15.8,0.0,12.0,5.8,10.6,1.8,1021.8,1019.5,74.0,85.0,63.0
2024-02-04,5000C,CEUTA,51,CEUTA,355319N,052049W,87.0,16.6,14.6,15.6,0.0,99.0,3.6,8.3,0.0,1021.5,1019.3,75.0,83.0,69.0
2024-02-05,5000C,CEUTA,51,CEUTA,355319N,052049W,87.0,17.8,13.2,15.5,0.0,10.0,1.9,5.3,4.7,1020.4,1017.6,74.0,85.0,67.0
2024-02-06,5000C,CEUTA,51,CEUTA,355319N,052049W,87.0,20.4,12.9,16.6,0.0,29.0,2.8,14.2,8.5,1018.1,1015.9,65.0,82.0,52.0
2024-02-07,5000C,CEUTA,51,CEUTA,355319N,052049W,87.0,20.2,12.0,16.1,0.0,34.0,1.4,6.9,8.2,1017.6,1011.9,70.0,87.0,49.0
2024-02-08,5000C,CEUTA,51,CEUTA,355319N,052049W,87.0,20.7,12.2,16.4,1.4,22.0,2.5,14.7,2.6,1011.9,998.3,48.0,77.0,24.0
2024-02-09,5000C,CEUTA,51,CEUTA,355319N,052049W,87.0,19.7,14.1,16.9,27.0,20.0,6.9,30.3,0.5,998.3,985.7,77.0,89.0,35.0
2024-02-10,5000C,CEUTA,51,CEUTA,355319N,052049W,87.0,19.1,13.8,16.4,12.8,32.0,5.0,17.8,4.3,1004.4,990.9,74.0,91.0,63.0
2024-02-11,5000C,CEUTA,51,CEUTA,355319N,052049W,87.0,19.4,13.4,16.4,1.0,32.0,4.4,18.3,2.8,1006.3,1001.9,79.0,90.0,68.0
2024-02-12,5000C,CEUTA,51,CEUTA,355319N,052049W,87.0,22.0,17.6,19.8,0.2,24.0,3.3,15.8,3.7,1012.2,1005.6,77.0,91.0,67.0
2024-02-13,5000C,CEUTA,51,CEUTA,355319N,052049W,87.0,23.0,15.9,19.4,0.0,17.0,1.9,4.7,9.2,1013.2,1011.3,81.0,95.0,66.0
2024-02-14,5000C,CEUTA,51,CEUTA,355319N,052049W,87.0,19.4,15.5,17.4,0.0,8.0,1.9,6.1,6.7,1013.0,1009.9,86.0,98.0,74.0
2024-02-15,5000C,CEUTA,51,CEUTA,355319N,052049W,87.0,21.4,15.2,18.3,2.4,30.0,2.5,14.2,2.0,1013.9,1006.8,84.0,95.0,70.0
2024-02-16,5000C,CEUTA,51,CEUTA,355319N,052049W,87.0,18.2,14.5,16.4,0.0,31.0,3.6,11.7,5.5,1017.0,1012.4,72.0,84.0,58.0
2024-02-17,5000C,CEUTA,51,CEUTA,355319N,052049W,87.0,20.1,13.3,16.7,0.0,30.0,1.7,9.4,9.5,1021.7,1015.9,70.0,91.0,54.0
2024-02-18,5000C,CEUTA,51,CEUTA,355319N,052049W,87.0,17.9,14.6,16.2,0.0,10.0,4.4,11.7,9.5,1023.9,1021.4,80.0,89.0,72.0
2024-02-19,5000C,CEUTA,51,CEUTA,355319N,052049W,87.0,17.8,14.1,16.0,0.0,12.0,2.8,7.5,6.2,1022.7,1017.3,86.0,91.0,77.0
2024-02-20,5000C,CEUTA,51,CEUTA,355319N,052049W,87.0,18.3,13.2,15.8,0.0,99.0,3.1,6.1,7.5,1019.5,1016.0,85.0,96.0,65.0
2024-02-21,5000C,CEUTA,51,CEUTA,355319N,052049W,87.0,19.1,13.4,16.2,0.0,20.0,1.7,5.8,6.8,1018.3,1013.8,86.0,95.0,60.0
2024-02-22,5000C,CEUTA,51,CEUTA,355319N,052049W,87.0,19.7,15.5,17.6,7.2,25.0,4.4,15.6,6.4,1013.8,1007.5,66.0,77.0,50.0
2024-02-23,5000C,CEUTA,51,CEUTA,355319N,052049W,87.0,16.9,11.4,14.2,7.8,30.0,3.3,16.7,7.0,1010.8,1005.5,62.0,94.0,55.0
2024-02-24,5000C,CEUTA,51,CEUTA,355319N,052049W,87.0,17.1,11.3,14.2,0.0,99.0,2.8,13.3,7.6,1013.9,1008.1,63.0,84.0,52.0
2024-02-25,5000C,CEUTA,51,CEUTA,355319N,052049W,87.0,18.0,13.9,16.0,4.0,25.0,3.1,13.1,4.7,1013.7,1006.6,71.0,92.0,63.0
2024-02-26,5000C,CEUTA,51,CEUTA,355319N,052049W,87.0,17.4,11.7,14.6,16.2,30.0,5.6,19.2,6.4,1006.6,1000.6,70.0,93.0,56.0
2024-02-27,5000C,CEUTA,51,CEUTA,355319N,052049W,87.0,16.3,9.2,12.8,0.0,29.0,4.2,12.8,10.0,1012.0,1005.2,56.0,73.0,44.0
2024-02-28,5000C,CEUTA,51,CEUTA,355319N,052049W,87.0,17.2,11.3,14.2,0.0,25.0,3.9,14.7,10.2,1012.9,1010.3,58.0,70.0,28.0
2024-02-29,5000C,CEUTA,51,CEUTA,355319N,052049W,87.0,17.5,13.1,15.3,0.0,25.0,5.0,17.8,10.1,1012.2,1008.8,69.0,76.0,55.0
2024-03-01,5000C,CEUTA,51,CEUTA,355319N,052049W,87.0,17.2,11.2,14.2,0.0,29.0,3.1,12.2,10.3,1011.2,1006.8,50.0,69.0,39.0
2024-03-02,5000C,CEUTA,51,CEUTA,355319N,052049W,87.0,18.6,11.8,15.2,13.0,25.0,2.8,20.3,6.6,1007.5,1002.3,68.0,88.0,51.0
2024-03-03,5000C,CEUTA,51,CEUTA,355319N,052049W,87.0,16.5,11.1,13.8,0.0,99.0,3.3,16.4,9.1,1011.8,1002.3,64.0,93.0,54.0
2024-03-04,5000C,CEUTA,51,CEUTA,355319N,052049W,87.0,19.0,13.9,16.4,0.4,26.0,1.9,9.7,5.2,1012.9,1010.8,71.0,88.0,60.0
2024-03-05,5000C,CEUTA,51,CEUTA,355319N,052049W,87.0,19.9,12.2,16.0,0.0,28.0,1.4,10.0,9.6,1013.9,1011.4,62.0,90.0,40.0
2024-03-06,5000C,CEUTA,51,CEUTA,355319N,052049W,87.0,17.8,11.9,14.8,0.0,10.0,2.2,6.4,8.6,1011.8,1006.5,81.0,97.0,69.0
2024-03-07,5000C,CEUTA,51,CEUTA,355319N,052049W,87.0,18.3,10.8,14.6,23.8,28.0,3.1,14.4,5.3,1006.5,1000.7,75.0,89.0,54.0
2024-03-08,5000C,CEUTA,51,CEUTA,355319N,052049W,87.0,16.3,9.8,13.0,9.2,28.0,3.1,12.5,5.9,1004.4,997.5,72.0,87.0,62.0
2024-03-09,5000C,CEUTA,51,CEUTA,355319N,052049W,87.0,15.5,11.1,13.3,72.0,27.0,5.0,18.9,0.4,997.5,991.5,87.0,94.0,68.0
2024-03-10,5000C,CEUTA,51,CEUTA,355319N,052049W,87.0,17.2,11.2,14.2,3.4,26.0,3.9,18.1,6.6,1008.2,995.5,77.0,89.0,65.0
2024-03-11,5000C,CEUTA,51,CEUTA,355319N,052049W,87.0,19.0,12.4,15.7,0.0,30.0,3.1,10.8,10.6,1012.4,1008.2,61.0,77.0,45.0
2024-03-12,5000C,CEUTA,51,CEUTA,355319N,052049W,87.0,17.7,11.6,14.6,0.0,11.0,3.6,8.3,10.1,1011.8,1008.8,81.0,88.0,64.0
2024-03-13,5000C,CEUTA,51,CEUTA,355319N,052049W,87.0,17.3,13.3,15.3,0.0,11.0,3.6,7.5,2.7,1009.3,1006.4,85.0,94.0,79.0
2024-03-14,5000C,CEUTA,51,CEUTA,355319N,052049W,87.0,19.1,13.3,16.2,0.0,17.0,1.1,4.7,10.0,1011.2,1008.0,85.0,96.0,73.0
2024-03-15,5000C,CEUTA,51,CEUTA,355319N,052049W,87.0,22.9,14.2,18.6,0.0,31.0,1.7,6.9,10.6,1013.3,1010.4,71.0,89.0,54.0
2024-03-16,5000C,CEUTA,51,CEUTA,355319N,052049W,87.0,20.2,15.1,17.6,0.0,11.0,1.4,4.4,9.1,1014.8,1012.0,85.0,98.0,71.0
2024-03-17,5000C,CEUTA,51,CEUTA,355319N,052049W,87.0,20.4,15.0,17.7,0.0,8.0,1.9,4.2,10.1,1013.0,1009.7,84.0,97.0,71.0
2024-03-18,5000C,CEUTA,51,CEUTA,355319N,052049W,87.0,19.9,14.6,17.2,0.0,17.0,2.2,6.1,5.9,1009.9,1005.5,78.0,95.0,60.0
2024-03-19,5000C,CEUTA,51,CEUTA,355319N,052049W,87.0,22.0,15.1,18.6,0.0,99.0,1.7,5.3,8.7,1006.9,1003.8,81.0,97.0,48.0
2024-03-20,5000C,CEUTA,51,CEUTA,355319N,052049W,87.0,20.1,14.8,17.4,0.0,25.0,3.3,11.1,4.9,1005.7,1002.8,70.0,86.0,62.0
2024-03-21,5000C,CEUTA,51,CEUTA,355319N,052049W,87.0,18.2,14.6,16.4,0.0,10.0,4.2,13.9,0.0,1005.8,1002.9,90.0,94.0,74.0
2024-03-22,5000C,CEUTA,51,CEUTA,355319N,052049W,87.0,17.2,16.1,16.6,0.0,11.0,3.3,11.1,0.0,1005.2,1001.8,90.0,94.0,79.0
2024-03-23,5000C,CEUTA,51,CEUTA,355319N,052049W,87.0,18.7,16.3,17.5,0.0,20.0,2.2,10.0,0.9,1003.4,1001.4,83.0,90.0,77.0
2024-03-24,5000C,CEUTA,51,CEUTA,355319N,052049W,87.0,17.9,14.4,16.2,5.6,22.0,3.3,9.4,0.0,1001.6,994.1,91.0,97.0,82.0
2024-03-25,5000C,CEUTA,51,CEUTA,355319N,052049W,87.0,20.5,14.0,17.2,18.2,22.0,3.3,13.9,6.1,997.1,989.2,77.0,98.0,55.0
2024-03-26,5000C,CEUTA,51,CEUTA,355319N,052049W,87.0,14.8,8.3,11.6,20.2,25.0,5.6,20.6,5.7,997.9,988.2,71.0,92.0,57.0
2024-03-27,5000C,CEUTA,51,CEUTA,355319N,052049W,87.0,18.1,12.4,15.2,1.2,26.0,3.9,17.8,4.0,1000.8,997.4,73.0,86.0,65.0
2024-03-28,5000C,CEUTA,51,CEUTA,355319N,052049W,87.0,19.7,14.7,17.2,0.0,21.0,3.9,13.6,2.3,999.6,995.0,69.0,88.0,59.0
2024-03-29,5000C,CEUTA,51,CEUTA,355319N,052049W,87.0,17.4,11.1,14.2,14.2,28.0,2.8,13.6,5.9,995.0,989.6,75.0,91.0,61.0
2024-03-30,5000C,CEUTA,51,CEUTA,355319N,052049W,87.0,16.0,10.9,13.4,56.4,26.0,3.1,13.3,0.8,992.8,986.9,88.0,97.0,72.0
2024-03-31,5000C,CEUTA,51,CEUTA,355319N,052049W,87.0,17.5,10.6,14.0,49.4,31.0,4.7,18.9,0.1,1001.5,986.0,94.0,96.0,73.0
2024-04-01,5000C,CEUTA,51,CEUTA,355319N,052049W,87.0,19.8,11.9,15.8,0.2,28.0,3.1,9.7,9.9,1010.4,1001.4,70.0,90.0,54.0
2024-04-02,5000C,CEUTA,51,CEUTA,355319N,052049W,87.0,19.6,12.5,16.0,0.0,99.0,1.1,5.0,10.7,1010.6,1008.5,77.0,93.0,53.0
2024-04-03,5000C,CEUTA,51,CEUTA,355319N,052049W,87.0,21.4,13.6,17.5,0.0,32.0,1.9,7.2,11.4,1011.6,1009.0,70.0,88.0,60.0
2024-04-04,5000C,CEUTA,51,CEUTA,355319N,052049W,87.0,20.7,15.5,18.1,0.0,9.0,2.2,6.9,11.4,1010.2,1007.4,81.0,95.0,63.0
2024-04-05,5000C,CEUTA,51,CEUTA,355319N,052049W,87.0,19.5,15.5,17.5,0.0,12.0,2.8,6.7,9.1,1008.3,1004.2,86.0,96.0,77.0
2024-04-06,5000C,CEUTA,51,CEUTA,355319N,052049W,87.0,19.3,15.7,17.5,0.0,99.0,1.7,6.1,0.9,1004.7,1001.5,88.0,95.0,70.0
2024-04-07,5000C,CEUTA,51,CEUTA,355319N,052049W,87.0,25.6,17.5,21.6,0.0,30.0,2.5,10.8,9.6,1005.2,1001.6,65.0,82.0,46.0
2024-04-08,5000C,CEUTA,51,CEUTA,355319N,052049W,87.0,21.0,15.1,18.0,0.0,26.0,3.1,11.4,9.6,1011.7,1004.7,67.0,82.0,50.0
2024-04-09,5000C,CEUTA,51,CEUTA,355319N,052049W,87.0,20.6,13.0,16.8,0.0,32.0,2.5,8.6,11.6,1017.3,1011.3,57.0,91.0,31.0
2024-04-10,5000C,CEUTA,51,CEUTA,355319N,052049W,87.0,19.3,14.8,17.0,0.0,9.0,5.0,10.8,11.6,1018.3,1014.9,75.0,87.0,69.0
2024-04-11,5000C,CEUTA,51,CEUTA,355319N,052049W,87.0,20.1,14.0,17.0,0.0,9.0,3.6,8.9,11.5,1018.9,,66.0,90.0,50.0
2024-04-12,5000C,CEUTA,51,CEUTA,355319N,052049W,87.0,18.9,15.1,17.0,0.0,11.0,5.6,12.8,11.6,1020.6,1017.5,74.0,84.0,61.0
2024-04-13,5000C,CEUTA,51,CEUTA,355319N,052049W,87.0,19.6,14.7,17.2,0.0,11.0,4.7,11.1,11.3,1017.6,1014.5,75.0,87.0,63.0
2024-04-14,5000C,CEUTA,51,CEUTA,355319N,052049W,87.0,20.3,15.2,17.8,0.0,99.0,4.2,10.0,11.7,1014.5,1012.1,72.0,88.0,62.0
2024-04-15,5000C,CEUTA,51,CEUTA,355319N,052049W,87.0,25.1,14.5,19.8,0.0,99.0,2.2,5.0,11.5,1012.2,1007.3,54.0,88.0,33.0
2024-04-16,5000C,CEUTA,51,CEUTA,355319N,052049W,87.0,30.0,16.3,23.2,0.0,30.0,1.7,9.2,11.8,1007.6,1002.9,49.0,85.0,29.0
2024-04-17,5000C,CEUTA,51,CEUTA,355319N,052049W,87.0,29.2,16.9,23.0,0.0,33.0,2.2,13.1,8.4,1005.0,1001.3,67.0,91.0,25.0
2024-04-18,5000C,CEUTA,51,CEUTA,355319N,052049W,87.0,20.8,16.4,18.6,0.0,7.0,2.2,6.1,5.5,1006.8,1003.9,82.0,89.0,69.0
2024-04-19,5000C,CEUTA,51,CEUTA,355319N,052049W,87.0,19.9,16.1,18.0,0.0,99.0,5.8,13.3,6.8,1009.1,1006.6,78.0,91.0,69.0
2024-04-20,5000C,CEUTA,51,CEUTA,355319N,052049W,87.0,18.4,13.6,16.0,1.8,10.0,2.8,9.7,2.7,1006.6,1003.5,79.0,88.0,66.0
2024-04-21,5000C,CEUTA,51,CEUTA,355319N,052049W,87.0,19.3,13.8,16.6,0.0,10.0,4.2,10.3,10.0,1006.2,1003.4,78.0,88.0,59.0
2024-04-22,5000C,CEUTA,51,CEUTA,355319N,052049W,87.0,21.6,13.9,17.8,0.0,18.0,1.9,5.3,11.3,1005.3,1002.0,76.0,91.0,48.0
2024-04-23,5000C,CEUTA,51,CEUTA,355319N,052049W,87.0,20.0,15.5,17.8,0.0,34.0,2.8,9.4,10.4,1006.8,1002.8,73.0,94.0,52.0
2024-04-24,5000C,CEUTA,51,CEUTA,355319N,052049W,87.0,20.1,15.1,17.6,0.0,9.0,2.8,6.9,11.3,1008.1,1003.2,77.0,91.0,68.0
2024-04-25,5000C,CEUTA,51,CEUTA,355319N,052049W,87.0,23.8,14.6,19.2,0.0,28.0,3.6,14.2,9.9,1003.2,999.0,59.0,94.0,42.0
2024-04-26,5000C,CEUTA,51,CEUTA,355319N,052049W,87.0,20.0,14.9,17.4,0.0,28.0,2.8,11.4,7.2,1000.8,997.1,63.0,77.0,41.0
2024-04-27,5000C,CEUTA,51,CEUTA,355319N,052049W,87.0,19.6,14.2,16.9,5.4,24.0,3.1,10.3,4.1,1000.7,994.5,71.0,91.0,48.0
2024-04-28,5000C,CEUTA,51,CEUTA,355319N,052049W,87.0,20.2,13.9,17.0,0.0,24.0,2.8,9.7,11.3,1005.0,999.4,53.0,73.0,37.0
2024-04-29,5000C,CEUTA,51,CEUTA,355319N,052049W,87.0,19.7,13.4,16.6,0.0,31.0,3.9,13.3,12.3,1009.3,1003.6,56.0,69.0,47.0
2024-04-30,5000C,CEUTA,51,CEUTA,355319N,052049W,87.0,19.5,13.7,16.6,4.0,23.0,3.3,13.9,9.7,1010.7,1007.1,62.0,79.0,47.0
2024-05-01,5000C,CEUTA,51,CEUTA,355319N,052049W,87.0,17.9,13.1,15.5,9.0,34.0,3.9,15.6,8.2,1009.7,1005.1,67.0,92.0,49.0
2024-05-02,5000C,CEUTA,51,CEUTA,355319N,052049W,87.0,20.0,11.5,15.8,0.0,30.0,2.5,7.8,11.8,1009.9,1008.1,51.0,71.0,35.0
2024-05-03,5000C,CEUTA,51,CEUTA,355319N,052049W,87.0,20.7,12.5,16.6,0.0,32.0,1.9,7.8,12.5,1010.7,1008.4,49.0,68.0,36.0
2024-05-04,5000C,CEUTA,51,CEUTA,355319N,052049W,87.0,22.1,14.3,18.2,0.0,2.0,1.1,5.0,12.7,1009.3,1006.6,63.0,75.0,29.0
2024-05-05,5000C,CEUTA,51,CEUTA,355319N,052049W,87.0,25.3,16.5,20.9,0.0,29.0,1.9,10.6,12.0,1007.2,1004.3,52.0,79.0,26.0
2024-05-06,5000C,CEUTA,51,CEUTA,355319N,052049W,87.0,23.5,17.7,20.6,0.0,29.0,3.1,8.9,7.9,1005.5,1003.6,64.0,81.0,42.0
2024-05-07,5000C,CEUTA,51,CEUTA,355319N,052049W,87.0,23.6,17.1,20.4,0.0,31.0,2.5,10.8,11.6,1008.7,1004.3,73.0,91.0,49.0
2024-05-08,5000C,CEUTA,51,CEUTA,355319N,052049W,87.0,20.4,16.5,18.4,0.0,10.0,5.0,10.3,3.7,1009.0,1007.2,82.0,92.0,74.0
2024-05-09,5000C,CEUTA,51,CEUTA,355319N,052049W,87.0,20.8,16.1,18.4,0.0,9.0,4.7,10.6,10.4,1008.6,1006.1,80.0,90.0,71.0
2024-05-10,5000C,CEUTA,51,CEUTA,355319N,052049W,87.0,20.1,16.3,18.2,0.0,10.0,5.3,9.7,2.7,1007.1,1004.4,84.0,92.0,76.0
2024-05-11,5000C,CEUTA,51,CEUTA,355319N,052049W,87.0,21.4,16.3,18.8,0.0,8.0,3.9,9.2,5.1,1006.9,1004.8,82.0,97.0,71.0
2024-05-12,5000C,CEUTA,51,CEUTA,355319N,052049W,87.0,21.6,15.6,18.6,0.0,13.0,1.4,5.0,11.6,1007.2,1004.3,81.0,97.0,69.0
2024-05-13,5000C,CEUTA,51,CEUTA,355319N,052049W,87.0,26.0,15.3,20.6,0.0,31.0,1.4,11.1,12.4,1005.5,1000.9,61.0,95.0,37.0
2024-05-14,5000C,CEUTA,51,CEUTA,355319N,052049W,87.0,20.1,16.4,18.2,0.0,99.0,3.9,14.2,10.9,1002.7,1000.2,62.0,86.0,48.0
2024-05-15,5000C,CEUTA,51,CEUTA,355319N,052049W,87.0,20.5,14.0,17.2,0.0,31.0,3.6,12.2,12.9,1003.2,1000.4,50.0,74.0,37.0
2024-05-16,5000C,CEUTA,51,CEUTA,355319N,052049W,87.0,22.3,14.5,18.4,0.0,33.0,2.8,11.9,12.8,1003.9,1001.4,52.0,77.0,41.0
2024-05-17,5000C,CEUTA,51,CEUTA,355319N,052049W,87.0,22.4,16.0,19.2,0.0,27.0,2.5,11.4,8.5,1003.2,1000.5,64.0,79.0,58.0
2024-05-18,5000C,CEUTA,51,CEUTA,355319N,052049W,87.0,23.3,16.2,19.8,0.0,24.0,3.3,11.4,12.3,1003.3,1001.1,49.0,73.0,36.0
2024-05-19,5000C,CEUTA,51,CEUTA,355319N,052049W,87.0,22.0,16.2,19.1,0.0,99.0,2.5,12.2,11.9,1004.6,1000.1,59.0,76.0,48.0
2024-05-20,5000C,CEUTA,51,CEUTA,355319N,052049W,87.0,21.4,16.2,18.8,0.0,30.0,2.2,13.6,10.3,1007.2,1002.6,58.0,76.0,39.0
2024-05-21,5000C,CEUTA,51,CEUTA,355319N,052049W,87.0,21.4,15.7,18.6,0.0,28.0,2.8,12.8,12.4,1009.6,1005.8,59.0,77.0,49.0
2024-05-22,5000C,CEUTA,51,CEUTA,355319N,052049W,87.0,26.4,16.9,21.6,0.0,29.0,2.5,8.6,12.9,1008.6,1004.8,46.0,73.0,27.0
2024-05-23,5000C,CEUTA,51,CEUTA,355319N,052049W,87.0,22.2,15.9,19.0,0.0,12.0,2.8,6.1,10.9,1005.9,1003.7,75.0,92.0,51.0
2024-05-24,5000C,CEUTA,51,CEUTA,355319N,052049W,87.0,22.5,17.1,19.8,0.0,9.0,3.1,6.4,10.5,1007.7,1003.9,81.0,95.0,67.0
2024-05-25,5000C,CEUTA,51,CEUTA,355319N,052049W,87.0,22.4,17.6,20.0,0.0,10.0,3.1,7.2,10.7,1008.6,1006.0,83.0,96.0,68.0
2024-05-26,5000C,CEUTA,51,CEUTA,355319N,052049W,87.0,24.5,17.7,21.1,0.0,16.0,2.5,6.4,12.1,1007.7,1005.1,78.0,93.0,67.0
2024-05-27,5000C,CEUTA,51,CEUTA,355319N,052049W,87.0,31.5,17.8,24.6,0.0,33.0,1.7,8.3,12.1,1006.5,1003.9,46.0,92.0,26.0
2024-05-28,5000C,CEUTA,51,CEUTA,355319N,052049W,87.0,23.5,16.8,20.2,0.0,11.0,4.2,8.6,6.4,1009.6,1006.5,84.0,97.0,66.0
2024-05-29,5000C,CEUTA,51,CEUTA,355319N,052049W,87.0,23.5,18.6,21.0,0.0,8.0,4.4,9.4,10.0,1008.3,1003.8,82.0,95.0,69.0
2024-05-30,5000C,CEUTA,51,CEUTA,355319N,052049W,87.0,23.9,18.4,21.2,0.0,17.0,3.1,6.4,11.4,1003.8,998.7,77.0,95.0,63.0
2024-05-31,5000C,CEUTA,51,CEUTA,355319N,052049W,87.0,23.8,18.4,21.1,0.0,11.0,3.1,8.9,9.7,1003.0,997.3,79.0,90.0,51.0
2024-06-01,5000C,CEUTA,51,CEUTA,355319N,052049W,87.0,22.7,18.4,20.6,0.0,8.0,4.2,10.0,4.2,1006.2,1002.0,82.0,95.0,73.0
2024-06-02,5000C,CEUTA,51,CEUTA,355319N,052049W,87.0,22.9,17.7,20.3,0.0,11.0,5.3,11.1,8.0,1007.1,1004.7,81.0,96.0,71.0
2024-06-03,5000C,CEUTA,51,CEUTA,355319N,052049W,87.0,22.9,18.1,20.5,0.0,10.0,4.2,9.4,5.5,1007.1,1004.6,83.0,93.0,71.0
2024-06-04,5000C,CEUTA,51,CEUTA,355319N,052049W,87.0,23.0,17.9,20.4,0.0,10.0,2.5,6.4,12.7,1006.0,1004.2,79.0,94.0,66.0
2024-06-05,5000C,CEUTA,51,CEUTA,355319N,052049W,87.0,,,,0.0,,3.1,,,1006.2,1003.5,,,
2024-06-06,5000C,CEUTA,51,CEUTA,355319N,052049W,87.0,25.4,19.2,22.3,0.0,11.0,2.2,7.5,10.9,1004.1,1000.8,73.0,91.0,61.0
2024-06-07,5000C,CEUTA,51,CEUTA,355319N,052049W,87.0,26.1,19.5,22.8,0.0,30.0,2.5,12.8,9.1,1005.4,1000.5,66.0,79.0,56.0
2024-06-08,5000C,CEUTA,51,CEUTA,355319N,052049W,87.0,26.0,18.8,22.4,0.0,25.0,3.6,14.2,10.5,1005.5,1002.0,64.0,76.0,49.0
2024-06-09,5000C,CEUTA,51,CEUTA,355319N,052049W,87.0,25.2,17.6,21.4,0.0,24.0,2.5,10.8,11.3,1004.8,1002.4,58.0,78.0,49.0
2024-06-10,5000C,CEUTA,51,CEUTA,355319N,052049W,87.0,25.8,18.7,22.2,0.0,29.0,2.5,11.4,10.3,1004.2,1002.0,62.0,83.0,49.0
2024-06-11,5000C,CEUTA,51,CEUTA,355319N,052049W,87.0,25.5,18.7,22.1,0.0,24.0,4.4,14.2,12.8,1005.8,1002.3,60.0,81.0,50.0
2024-06-12,5000C,CEUTA,51,CEUTA,355319N,052049W,87.0,27.0,18.7,22.8,0.0,28.0,2.8,10.6,12.8,1008.8,1005.0,56.0,82.0,49.0
2024-06-13,5000C,CEUTA,51,CEUTA,355319N,052049W,87.0,23.8,18.1,21.0,0.0,8.0,3.1,7.5,7.9,1010.4,1007.4,83.0,92.0,71.0
2024-06-14,5000C,CEUTA,51,CEUTA,355319N,052049W,87.0,26.8,19.6,23.2,0.0,25.0,1.9,8.9,10.3,1007.4,1003.5,64.0,93.0,38.0
2024-06-15,5000C,CEUTA,51,CEUTA,355319N,052049W,87.0,26.6,20.4,23.5,0.0,27.0,3.9,13.3,12.7,1006.0,1002.7,55.0,74.0,35.0
2024-06-16,5000C,CEUTA,51,CEUTA,355319N,052049W,87.0,30.3,19.3,24.8,0.0,31.0,2.5,10.3,13.0,1004.7,1001.8,37.0,59.0,22.0
2024-06-17,5000C,CEUTA,51,CEUTA,355319N,052049W,87.0,29.7,18.5,24.1,0.0,7.0,1.9,5.3,13.1,1003.2,1000.8,51.0,61.0,31.0
2024-06-18,5000C,CEUTA,51,CEUTA,355319N,052049W,87.0,25.9,19.2,22.6,0.0,25.0,2.2,13.1,11.1,1007.1,1001.9,62.0,77.0,50.0
2024-06-19,5000C,CEUTA,51,CEUTA,355319N,052049W,87.0,25.6,18.2,21.9,0.0,25.0,3.3,11.7,9.8,1009.0,1005.5,57.0,79.0,37.0
2024-06-20,5000C,CEUTA,51,CEUTA,355319N,052049W,87.0,25.2,18.0,21.6,0.0,32.0,2.5,10.0,12.7,1010.1,1007.9,49.0,72.0,38.0
2024-06-21,5000C,CEUTA,51,CEUTA,355319N,052049W,87.0,27.2,17.9,22.6,0.0,13.0,2.2,5.8,13.1,1010.7,1008.0,49.0,88.0,30.0
2024-06-22,5000C,CEUTA,51,CEUTA,355319N,052049W,87.0,25.8,18.6,22.2,0.0,18.0,2.5,6.9,12.8,1010.3,1005.9,62.0,93.0,45.0
2024-06-23,5000C,CEUTA,51,CEUTA,355319N,052049W,87.0,25.7,18.5,22.1,0.0,18.0,2.5,6.4,13.0,1005.9,1002.4,60.0,86.0,45.0
2024-06-24,5000C,CEUTA,51,CEUTA,355319N,052049W,87.0,24.2,19.5,21.8,0.0,11.0,3.3,6.9,9.9,1003.4,1001.0,85.0,95.0,78.0
2024-06-25,5000C,CEUTA,51,CEUTA,355319N,052049W,87.0,24.9,20.0,22.4,0.0,11.0,2.8,7.2,11.2,1002.6,998.8,81.0,94.0,66.0
2024-06-26,5000C,CEUTA,51,CEUTA,355319N,052049W,87.0,27.1,19.7,23.4,0.0,30.0,2.8,13.9,7.4,1002.0,999.1,74.0,94.0,58.0
2024-06-27,5000C,CEUTA,51,CEUTA,355319N,052049W,87.0,25.8,19.0,22.4,0.0,32.0,2.8,12.5,7.4,1004.3,1000.6,59.0,75.0,44.0
2024-06-28,5000C,CEUTA,51,CEUTA,355319N,052049W,87.0,25.0,19.8,22.4,2.8,28.0,2.5,10.3,6.9,1008.6,1003.2,70.0,88.0,56.0
2024-06-29,5000C,CEUTA,51,CEUTA,355319N,052049W,87.0,26.3,18.0,22.2,0.0,33.0,2.8,12.2,9.4,1008.3,1004.8,66.0,82.0,57.0
2024-06-30,5000C,CEUTA,51,CEUTA,355319N,052049W,87.0,27.6,17.7,22.6,0.0,30.0,2.2,11.7,12.9,1006.3,1003.8,57.0,79.0,34.0
2024-07-01,5000C,CEUTA,51,CEUTA,355319N,052049W,87.0,30.2,19.9,25.0,0.0,30.0,2.8,12.8,12.8,1008.9,1005.6,53.0,78.0,39.0
2024-07-02,5000C,CEUTA,51,CEUTA,355319N,052049W,87.0,25.2,18.2,21.7,0.0,14.0,2.2,5.3,12.6,1008.0,1004.4,77.0,95.0,66.0
2024-07-03,5000C,CEUTA,51,CEUTA,355319N,052049W,87.0,26.6,17.4,22.0,0.0,14.0,3.3,6.1,13.0,1004.9,1001.6,60.0,98.0,48.0
2024-07-04,5000C,CEUTA,51,CEUTA,355319N,052049W,87.0,26.6,19.7,23.2,0.0,18.0,3.1,6.7,12.5,1003.1,1000.7,79.0,94.0,68.0
2024-07-05,5000C,CEUTA,51,CEUTA,355319N,052049W,87.0,28.6,21.4,25.0,0.0,99.0,2.5,7.2,12.5,1003.6,1001.1,61.0,83.0,47.0
2024-07-06,5000C,CEUTA,51,CEUTA,355319N,052049W,87.0,27.5,20.4,24.0,0.0,24.0,3.6,11.7,12.9,1003.1,1001.3,59.0,76.0,48.0
2024-07-07,5000C,CEUTA,51,CEUTA,355319N,052049W,87.0,28.4,19.3,23.8,0.0,28.0,2.5,11.4,13.0,1004.5,1001.3,45.0,65.0,26.0
2024-07-08,5000C,CEUTA,51,CEUTA,355319N,052049W,87.0,28.0,18.0,23.0,0.0,4.0,1.7,5.8,12.9,1005.7,1003.5,51.0,78.0,21.0
2024-07-09,5000C,CEUTA,51,CEUTA,355319N,052049W,87.0,27.6,18.8,23.2,0.0,5.0,1.9,4.4,12.7,1007.3,1004.8,56.0,77.0,42.0
2024-07-10,5000C,CEUTA,51,CEUTA,355319N,052049W,87.0,30.9,20.0,25.4,0.0,34.0,1.1,8.1,12.8,1008.0,1005.4,44.0,68.0,27.0
2024-07-11,5000C,CEUTA,51,CEUTA,355319N,052049W,87.0,32.4,22.0,27.2,0.0,30.0,1.7,10.3,12.4,1007.3,1004.2,56.0,73.0,34.0
2024-07-12,5000C,CEUTA,51,CEUTA,355319N,052049W,87.0,35.5,24.1,29.8,0.0,29.0,2.5,11.4,12.4,1004.8,1000.6,35.0,55.0,13.0
2024-07-13,5000C,CEUTA,51,CEUTA,355319N,052049W,87.0,34.1,21.1,27.6,0.0,29.0,2.2,11.7,12.9,1002.7,1000.3,47.0,62.0,16.0
2024-07-14,5000C,CEUTA,51,CEUTA,355319N,052049W,87.0,30.1,19.9,25.0,0.0,33.0,1.7,7.2,13.0,1005.1,1001.8,40.0,58.0,13.0
2024-07-15,5000C,CEUTA,51,CEUTA,355319N,052049W,87.0,32.5,22.7,27.6,0.0,32.0,2.5,12.5,12.9,1006.2,1003.3,38.0,68.0,13.0
2024-07-16,5000C,CEUTA,51,CEUTA,355319N,052049W,87.0,35.6,22.9,29.2,0.0,28.0,2.2,11.9,12.8,1005.6,1002.3,38.0,66.0,26.0
2024-07-17,5000C,CEUTA,51,CEUTA,355319N,052049W,87.0,26.4,20.9,23.6,0.0,8.0,2.8,6.4,7.6,1007.5,1003.8,81.0,96.0,35.0
2024-07-18,5000C,CEUTA,51,CEUTA,355319N,052049W,87.0,27.4,22.4,24.9,0.0,14.0,3.6,6.7,6.7,1008.9,1005.8,89.0,99.0,75.0
2024-07-19,5000C,CEUTA,51,CEUTA,355319N,052049W,87.0,28.5,22.3,25.4,0.0,16.0,3.3,5.6,11.7,1008.7,1004.8,82.0,98.0,69.0
2024-07-20,5000C,CEUTA,51,CEUTA,355319N,052049W,87.0,36.8,20.7,28.8,0.0,30.0,2.8,14.2,11.6,1004.8,1000.2,47.0,98.0,19.0
2024-07-21,5000C,CEUTA,51,CEUTA,355319N,052049W,87.0,30.7,21.4,26.0,0.0,29.0,3.1,11.1,12.9,1004.0,1001.6,52.0,80.0,39.0
2024-07-22,5000C,CEUTA,51,CEUTA,355319N,052049W,87.0,26.8,20.9,23.8,0.0,34.0,3.9,8.9,7.6,1008.7,1003.2,85.0,92.0,60.0
2024-07-23,5000C,CEUTA,51,CEUTA,355319N,052049W,87.0,28.0,22.5,25.2,0.0,99.0,3.9,7.5,10.4,1010.5,1008.1,83.0,97.0,69.0
2024-07-24,5000C,CEUTA,51,CEUTA,355319N,052049W,87.0,27.1,21.7,24.4,0.0,99.0,3.3,5.8,11.7,1008.7,1004.0,80.0,95.0,62.0
2024-07-25,5000C,CEUTA,51,CEUTA,355319N,052049W,87.0,34.0,21.1,27.6,0.0,22.0,2.5,8.6,12.2,1004.0,998.8,56.0,91.0,22.0
2024-07-26,5000C,CEUTA,51,CEUTA,355319N,052049W,87.0,29.5,21.5,25.5,0.0,32.0,2.2,7.5,12.8,1002.6,998.4,55.0,81.0,35.0
2024-07-27,5000C,CEUTA,51,CEUTA,355319N,052049W,87.0,27.4,21.3,24.4,0.0,9.0,1.9,6.4,11.1,1003.4,1001.0,78.0,95.0,67.0
2024-07-28,5000C,CEUTA,51,CEUTA,355319N,052049W,87.0,27.9,22.2,25.0,0.0,6.0,3.6,8.6,2.1,1005.3,1002.5,88.0,98.0,76.0
2024-07-29,5000C,CEUTA,51,CEUTA,355319N,052049W,87.0,27.1,22.6,24.8,0.0,18.0,2.8,8.9,3.7,1004.6,1001.8,91.0,99.0,78.0
2024-07-30,5000C,CEUTA,51,CEUTA,355319N,052049W,87.0,29.8,23.0,26.4,0.0,17.0,2.2,7.5,12.1,1005.0,1002.6,75.0,97.0,62.0
2024-07-31,5000C,CEUTA,51,CEUTA,355319N,052049W,87.0,30.2,21.9,26.0,0.0,99.0,1.9,4.7,12.0,1004.9,1002.8,75.0,92.0,54.0
2024-08-01,5000C,CEUTA,51,CEUTA,355319N,052049W,87.0,36.4,24.7,30.6,0.0,30.0,1.4,10.6,12.0,1003.7,1001.2,32.0,61.0,20.0
2024-08-02,5000C,CEUTA,51,CEUTA,355319N,052049W,87.0,34.6,24.8,29.7,0.0,30.0,2.8,9.7,12.7,1003.4,1001.1,34.0,52.0,16.0
2024-08-03,5000C,CEUTA,51,CEUTA,355319N,052049W,87.0,31.7,20.9,26.3,0.0,31.0,2.8,11.1,12.6,1004.1,1000.2,61.0,100.0,27.0
2024-08-04,5000C,CEUTA,51,CEUTA,355319N,052049W,87.0,27.9,20.8,24.4,0.0,99.0,2.5,5.6,9.1,1005.5,1002.6,80.0,96.0,67.0
2024-08-05,5000C,CEUTA,51,CEUTA,355319N,052049W,87.0,28.0,22.0,25.0,0.0,99.0,1.7,5.6,10.2,1003.6,1000.8,78.0,91.0,65.0
2024-08-06,5000C,CEUTA,51,CEUTA,355319N,052049W,87.0,29.2,20.5,24.8,0.0,16.0,1.4,4.2,12.2,1002.1,999.2,76.0,95.0,63.0
2024-08-07,5000C,CEUTA,51,CEUTA,355319N,052049W,87.0,30.7,20.1,25.4,0.0,16.0,1.7,4.7,12.1,1002.5,999.2,69.0,90.0,43.0
2024-08-08,5000C,CEUTA,51,CEUTA,355319N,052049W,87.0,30.0,21.1,25.6,0.0,14.0,1.9,5.3,10.8,1005.9,1002.2,78.0,92.0,61.0
2024-08-09,5000C,CEUTA,51,CEUTA,355319N,052049W,87.0,28.1,22.0,25.0,0.0,18.0,2.5,6.4,10.9,1007.1,1005.4,83.0,97.0,69.0
2024-08-10,5000C,CEUTA,51,CEUTA,355319N,052049W,87.0,29.6,23.9,26.8,0.0,6.0,3.9,8.1,11.1,1006.6,1003.7,83.0,97.0,68.0
2024-08-11,5000C,CEUTA,51,CEUTA,355319N,052049W,87.0,29.3,23.6,26.4,0.0,6.0,2.8,6.7,5.9,1004.8,1002.3,86.0,97.0,75.0
2024-08-12,5000C,CEUTA,51,CEUTA,355319N,052049W,87.0,31.1,21.6,26.4,0.0,27.0,1.4,4.4,11.5,1004.1,1001.1,76.0,96.0,48.0
2024-08-13,5000C,CEUTA,51,CEUTA,355319N,052049W,87.0,31.2,21.8,26.5,0.0,30.0,2.8,13.9,12.0,1003.0,1000.9,47.0,69.0,25.0
2024-08-14,5000C,CEUTA,51,CEUTA,355319N,052049W,87.0,30.0,22.6,26.3,0.0,27.0,3.9,15.0,12.3,1004.1,1001.1,57.0,72.0,39.0
2024-08-15,5000C,CEUTA,51,CEUTA,355319N,052049W,87.0,27.6,20.8,24.2,0.0,99.0,2.5,6.4,8.1,1005.6,1003.0,82.0,98.0,56.0
2024-08-16,5000C,CEUTA,51,CEUTA,355319N,052049W,87.0,28.5,22.1,25.3,0.0,8.0,3.6,8.9,11.8,1006.7,1004.6,82.0,100.0,70.0
2024-08-17,5000C,CEUTA,51,CEUTA,355319N,052049W,87.0,28.2,22.9,25.6,0.0,12.0,3.9,8.1,7.1,1006.8,1003.4,88.0,97.0,73.0
2024-08-18,5000C,CEUTA,51,CEUTA,355319N,052049W,87.0,33.8,21.7,27.8,0.0,30.0,2.2,5.8,12.1,1004.3,999.7,54.0,97.0,27.0
2024-08-19,5000C,CEUTA,51,CEUTA,355319N,052049W,87.0,35.0,23.0,29.0,0.0,34.0,3.6,14.2,12.0,1004.2,999.2,74.0,85.0,38.0
2024-08-20,5000C,CEUTA,51,CEUTA,355319N,052049W,87.0,29.5,21.1,25.3,0.0,16.0,1.9,5.3,12.0,1004.5,1001.7,69.0,87.0,49.0
2024-08-21,5000C,CEUTA,51,CEUTA,355319N,052049W,87.0,29.5,22.5,26.0,0.0,99.0,2.2,5.3,8.8,1006.7,1003.1,80.0,95.0,63.0
2024-08-22,5000C,CEUTA,51,CEUTA,355319N,052049W,87.0,33.8,21.8,27.8,0.0,30.0,1.4,6.4,11.7,1006.4,1002.5,63.0,96.0,39.0
2024-08-23,5000C,CEUTA,51,CEUTA,355319N,052049W,87.0,31.6,21.3,26.4,0.0,35.0,1.9,6.1,11.8,1004.4,1001.7,56.0,79.0,37.0
2024-08-24,5000C,CEUTA,51,CEUTA,355319N,052049W,87.0,29.0,22.4,25.7,0.0,8.0,2.2,5.3,6.7,1004.6,1001.6,85.0,92.0,74.0
2024-08-25,5000C,CEUTA,51,CEUTA,355319N,052049W,87.0,27.9,22.6,25.2,0.0,14.0,1.7,5.0,10.1,1006.0,1003.5,83.0,95.0,73.0
2024-08-26,5000C,CEUTA,51,CEUTA,355319N,052049W,87.0,29.4,24.2,26.8,0.0,11.0,3.3,7.5,9.1,1006.9,1004.5,88.0,98.0,75.0
2024-08-27,5000C,CEUTA,51,CEUTA,355319N,052049W,87.0,29.1,23.6,26.4,0.0,12.0,3.1,7.2,10.8,1006.0,1003.1,89.0,100.0,74.0
2024-08-28,5000C,CEUTA,51,CEUTA,355319N,052049W,87.0,27.4,22.7,25.0,0.4,6.0,1.4,5.0,4.6,1004.9,1002.4,88.0,98.0,77.0
2024-08-29,5000C,CEUTA,51,CEUTA,355319N,052049W,87.0,28.7,22.4,25.6,0.0,6.0,2.5,8.3,6.5,1004.8,1002.2,84.0,96.0,69.0
2024-08-30,5000C,CEUTA,51,CEUTA,355319N,052049W,87.0,29.2,23.1,26.2,0.0,7.0,3.6,10.8,4.1,1003.3,1000.9,86.0,98.0,73.0
2024-08-31,5000C,CEUTA,51,CEUTA,355319N,052049W,87.0,27.2,24.2,25.7,0.0,19.0,2.2,6.1,1.2,1004.1,1001.8,87.0,96.0,78.0
2024-09-01,5000C,CEUTA,51,CEUTA,355319N,052049W,87.0,31.8,23.0,27.4,0.0,99.0,1.7,5.3,9.9,1004.4,1001.3,75.0,95.0,53.0
2024-09-02,5000C,CEUTA,51,CEUTA,355319N,052049W,87.0,33.5,21.9,27.7,0.0,29.0,1.7,10.8,11.5,1003.9,1000.4,40.0,81.0,28.0
2024-09-03,5000C,CEUTA,51,CEUTA,355319N,052049W,87.0,31.1,21.0,26.0,0.0,24.0,1.9,7.8,11.6,1004.2,1001.5,57.0,68.0,40.0
2024-09-04,5000C,CEUTA,51,CEUTA,355319N,052049W,87.0,31.5,18.6,25.0,0.0,99.0,1.4,7.5,11.4,1004.6,1000.9,42.0,75.0,28.0
2024-09-05,5000C,CEUTA,51,CEUTA,355319N,052049W,87.0,26.7,20.1,23.4,0.0,32.0,3.1,10.0,8.7,1001.5,997.5,81.0,89.0,45.0
2024-09-06,5000C,CEUTA,51,CEUTA,355319N,052049W,87.0,27.2,19.7,23.4,0.0,3.0,1.9,6.9,11.0,998.9,996.3,71.0,91.0,38.0
2024-09-07,5000C,CEUTA,51,CEUTA,355319N,052049W,87.0,27.6,19.1,23.4,3.6,27.0,1.9,13.6,1.6,1003.3,998.1,47.0,94.0,27.0
2024-09-08,5000C,CEUTA,51,CEUTA,355319N,052049W,87.0,30.2,19.9,25.0,0.0,28.0,2.2,11.4,10.1,1006.9,1001.6,61.0,92.0,41.0
2024-09-09,5000C,CEUTA,51,CEUTA,355319N,052049W,87.0,27.7,20.6,24.2,0.0,99.0,1.9,11.1,11.4,1009.6,1006.7,51.0,73.0,41.0
2024-09-10,5000C,CEUTA,51,CEUTA,355319N,052049W,87.0,27.4,19.6,23.5,0.0,30.0,2.8,10.6,11.4,1008.7,1004.5,58.0,75.0,43.0
2024-09-11,5000C,CEUTA,51,CEUTA,355319N,052049W,87.0,28.6,20.8,24.7,0.0,28.0,3.9,12.2,11.2,1006.4,1003.9,56.0,66.0,43.0
2024-09-12,5000C,CEUTA,51,CEUTA,355319N,052049W,87.0,31.2,18.9,25.0,0.0,9.0,1.4,5.8,11.0,1005.9,1003.3,57.0,73.0,36.0
2024-09-13,5000C,CEUTA,51,CEUTA,355319N,052049W,87.0,28.2,21.9,25.0,0.0,8.0,2.2,8.3,7.2,1008.5,1002.3,69.0,92.0,41.0
2024-09-14,5000C,CEUTA,51,CEUTA,355319N,052049W,87.0,26.1,21.9,24.0,0.0,10.0,5.8,13.6,4.6,1010.0,1007.9,80.0,93.0,70.0
2024-09-15,5000C,CEUTA,51,CEUTA,355319N,052049W,87.0,25.5,21.3,23.4,0.0,9.0,4.7,9.2,10.4,1009.1,1005.9,75.0,89.0,66.0
2024-09-16,5000C,CEUTA,51,CEUTA,355319N,052049W,87.0,25.3,20.5,22.9,0.0,11.0,3.3,7.2,8.7,1006.0,1001.8,85.0,97.0,75.0
2024-09-17,5000C,CEUTA,51,CEUTA,355319N,052049W,87.0,26.1,20.2,23.2,0.0,9.0,2.8,7.2,5.6,1002.1,1000.4,85.0,99.0,71.0
2024-09-18,5000C,CEUTA,51,CEUTA,355319N,052049W,87.0,25.2,21.2,23.2,0.0,10.0,3.9,8.6,6.4,1003.2,1000.8,84.0,94.0,72.0
2024-09-19,5000C,CEUTA,51,CEUTA,355319N,052049W,87.0,26.0,20.5,23.2,0.0,9.0,3.6,7.8,2.4,1003.9,1001.6,78.0,94.0,65.0
2024-09-20,5000C,CEUTA,51,CEUTA,355319N,052049W,87.0,24.5,19.8,22.2,0.0,8.0,2.5,6.4,1.0,1004.1,1001.9,90.0,98.0,80.0
2024-09-21,5000C,CEUTA,51,CEUTA,355319N,052049W,87.0,27.9,20.4,24.2,0.0,29.0,1.4,7.2,6.8,1005.8,1002.8,67.0,98.0,48.0
2024-09-22,5000C,CEUTA,51,CEUTA,355319N,052049W,87.0,28.2,18.5,23.4,0.0,99.0,2.5,13.1,10.6,1007.2,1004.9,63.0,83.0,41.0
2024-09-23,5000C,CEUTA,51,CEUTA,355319N,052049W,87.0,26.5,18.7,22.6,0.0,32.0,3.3,10.0,9.7,1007.2,1005.4,66.0,79.0,49.0
2024-09-24,5000C,CEUTA,51,CEUTA,355319N,052049W,87.0,26.8,17.9,22.4,0.0,27.0,2.5,9.2,10.1,1008.2,1005.2,53.0,84.0,41.0
2024-09-25,5000C,CEUTA,51,CEUTA,355319N,052049W,87.0,28.3,19.5,23.9,0.0,32.0,2.5,11.4,10.3,1009.0,1006.4,68.0,81.0,51.0
2024-09-26,5000C,CEUTA,51,CEUTA,355319N,052049W,87.0,25.3,21.2,23.2,1.2,24.0,2.8,10.8,4.7,1008.6,1005.8,76.0,84.0,67.0
2024-09-27,5000C,CEUTA,51,CEUTA,355319N,052049W,87.0,26.0,19.5,22.8,0.0,27.0,2.8,10.6,9.6,1009.3,1006.9,66.0,95.0,41.0
2024-09-28,5000C,CEUTA,51,CEUTA,355319N,052049W,87.0,25.2,17.9,21.6,0.0,12.0,1.9,7.5,10.1,1011.5,1007.0,58.0,93.0,34.0
2024-09-29,5000C,CEUTA,51,CEUTA,355319N,052049W,87.0,23.2,19.6,21.4,0.0,9.0,4.4,11.4,3.0,1012.1,1009.9,86.0,96.0,76.0
2024-09-30,5000C,CEUTA,51,CEUTA,355319N,052049W,87.0,23.5,19.5,21.5,0.0,6.0,4.2,10.0,4.7,1011.0,1007.9,90.0,98.0,80.0
2024-10-01,5000C,CEUTA,51,CEUTA,355319N,052049W,87.0,23.6,19.0,21.3,0.0,12.0,2.2,5.8,6.1,1008.7,1004.7,90.0,100.0,70.0
2024-10-02,5000C,CEUTA,51,CEUTA,355319N,052049W,87.0,29.0,21.1,25.0,0.0,28.0,3.6,13.6,10.0,1005.7,1003.5,59.0,79.0,45.0
2024-10-03,5000C,CEUTA,51,CEUTA,355319N,052049W,87.0,26.0,21.2,23.6,0.0,30.0,2.8,14.7,7.0,1006.0,1003.1,77.0,87.0,66.0
2024-10-04,5000C,CEUTA,51,CEUTA,355319N,052049W,87.0,26.4,21.3,23.8,0.0,28.0,2.5,12.5,10.0,1006.4,1004.2,71.0,85.0,60.0
2024-10-05,5000C,CEUTA,51,CEUTA,355319N,052049W,87.0,27.8,21.1,24.4,0.0,28.0,2.5,11.4,10.3,1006.3,1003.6,72.0,88.0,57.0
2024-10-06,5000C,CEUTA,51,CEUTA,355319N,052049W,87.0,31.0,21.6,26.3,0.0,14.0,1.7,4.7,10.3,1004.6,999.7,63.0,79.0,43.0
2024-10-07,5000C,CEUTA,51,CEUTA,355319N,052049W,87.0,25.7,18.4,22.0,2.6,26.0,2.2,15.0,7.6,1003.7,998.1,69.0,95.0,58.0
2024-10-08,5000C,CEUTA,51,CEUTA,355319N,052049W,87.0,25.6,19.2,22.4,0.0,23.0,2.2,8.9,9.2,1006.9,1003.1,68.0,85.0,50.0
2024-10-09,5000C,CEUTA,51,CEUTA,355319N,052049W,87.0,27.7,19.4,23.6,1.8,23.0,3.9,14.4,9.0,1004.9,1000.9,66.0,92.0,47.0
2024-10-10,5000C,CEUTA,51,CEUTA,355319N,052049W,87.0,23.9,18.7,21.3,0.4,33.0,1.9,11.9,5.0,1005.8,1003.4,69.0,92.0,48.0
2024-10-11,5000C,CEUTA,51,CEUTA,355319N,052049W,87.0,22.4,17.6,20.0,11.0,28.0,2.5,8.9,4.1,1007.9,1003.5,83.0,96.0,66.0
2024-10-12,5000C,CEUTA,51,CEUTA,355319N,052049W,87.0,22.7,18.7,20.7,8.2,99.0,1.9,5.0,5.8,1004.7,1001.9,86.0,95.0,64.0
2024-10-13,5000C,CEUTA,51,CEUTA,355319N,052049W,87.0,22.6,19.0,20.8,1.8,11.0,1.4,5.8,5.1,1006.4,1003.9,93.0,100.0,82.0
2024-10-14,5000C,CEUTA,51,CEUTA,355319N,052049W,87.0,22.1,18.2,20.2,11.4,26.0,1.9,8.1,6.7,1005.7,1000.4,94.0,99.0,80.0
2024-10-15,5000C,CEUTA,51,CEUTA,355319N,052049W,87.0,22.0,18.5,20.2,1.4,99.0,1.1,7.2,1.7,1002.2,999.8,89.0,98.0,82.0
2024-10-16,5000C,CEUTA,51,CEUTA,355319N,052049W,87.0,25.0,19.8,22.4,3.6,20.0,2.5,11.7,3.2,1007.0,999.6,80.0,92.0,69.0
2024-10-17,5000C,CEUTA,51,CEUTA,355319N,052049W,87.0,23.1,17.2,20.2,0.0,26.0,3.1,16.4,7.6,1015.6,1006.4,67.0,89.0,50.0
2024-10-18,5000C,CEUTA,51,CEUTA,355319N,052049W,87.0,23.9,15.7,19.8,0.0,31.0,1.9,9.7,9.9,1014.9,1011.4,68.0,83.0,43.0
2024-10-19,5000C,CEUTA,51,CEUTA,355319N,052049W,87.0,25.7,18.8,22.2,0.0,30.0,2.2,12.5,8.5,1012.9,1010.2,67.0,84.0,52.0
2024-10-20,5000C,CEUTA,51,CEUTA,355319N,052049W,87.0,23.7,16.7,20.2,0.0,1.0,1.7,3.9,9.6,1013.6,1010.7,83.0,97.0,59.0
2024-10-21,5000C,CEUTA,51,CEUTA,355319N,052049W,87.0,22.5,17.1,19.8,0.0,8.0,2.8,7.2,9.1,1013.8,1011.7,86.0,100.0,59.0
2024-10-22,5000C,CEUTA,51,CEUTA,355319N,052049W,87.0,22.8,18.6,20.7,0.0,10.0,4.2,8.9,5.1,1014.1,1012.3,91.0,98.0,78.0
2024-10-23,5000C,CEUTA,51,CEUTA,355319N,052049W,87.0,22.0,18.7,20.4,0.0,10.0,4.7,9.2,3.5,1013.8,1011.4,93.0,98.0,83.0
2024-10-24,5000C,CEUTA,51,CEUTA,355319N,052049W,87.0,21.6,18.7,20.2,0.0,11.0,3.6,8.1,2.5,1013.9,1011.1,94.0,100.0,86.0
2024-10-25,5000C,CEUTA,51,CEUTA,355319N,052049W,87.0,21.3,15.8,18.6,1.2,29.0,2.2,14.4,2.5,1011.1,1007.1,88.0,100.0,57.0
2024-10-26,5000C,CEUTA,51,CEUTA,355319N,052049W,87.0,19.8,13.3,16.6,16.6,26.0,3.1,11.1,9.4,1012.2,1006.6,56.0,93.0,48.0
2024-10-27,5000C,CEUTA,51,CEUTA,355319N,052049W,87.0,19.4,12.8,16.1,0.0,33.0,1.9,8.6,9.0,1006.6,1004.1,71.0,96.0,52.0
2024-10-28,5000C,CEUTA,51,CEUTA,355319N,052049W,87.0,16.5,13.2,14.8,55.0,6.0,4.7,14.7,0.1,1005.1,999.7,89.0,100.0,73.0
2024-10-29,5000C,CEUTA,51,CEUTA,355319N,052049W,87.0,20.9,13.8,17.4,36.8,6.0,1.4,8.9,4.5,1001.8,998.4,76.0,100.0,50.0
2024-10-30,5000C,CEUTA,51,CEUTA,355319N,052049W,87.0,17.8,13.7,15.8,4.4,99.0,1.1,6.4,0.6,1006.1,1000.3,95.0,100.0,86.0
2024-10-31,5000C,CEUTA,51,CEUTA,355319N,052049W,87.0,19.3,16.2,17.8,3.0,35.0,1.9,5.8,0.2,1009.6,1005.7,97.0,100.0,91.0
2024-11-01,5000C,CEUTA,51,CEUTA,355319N,052049W,87.0,20.5,16.8,18.6,3.0,10.0,1.7,5.6,8.1,1009.6,1007.3,91.0,100.0,73.0
2024-11-02,5000C,CEUTA,51,CEUTA,355319N,052049W,87.0,19.7,17.1,18.4,0.0,8.0,3.1,10.8,0.6,1008.6,1006.1,96.0,100.0,91.0
2024-11-03,5000C,CEUTA,51,CEUTA,355319N,052049W,87.0,20.1,17.7,18.9,0.0,9.0,4.2,10.3,1.7,1008.7,1006.2,95.0,100.0,86.0
2024-11-04,5000C,CEUTA,51,CEUTA,355319N,052049W,87.0,20.7,16.9,18.8,0.0,7.0,1.9,5.6,4.4,1011.8,1007.7,90.0,100.0,79.0
2024-11-05,5000C,CEUTA,51,CEUTA,355319N,052049W,87.0,19.3,16.0,17.6,0.0,17.0,2.2,5.3,2.8,1014.2,1011.6,86.0,96.0,76.0
2024-11-06,5000C,CEUTA,51,CEUTA,355319N,052049W,87.0,18.7,16.7,17.7,0.0,9.0,3.1,8.3,0.1,1014.0,1011.5,92.0,97.0,84.0
2024-11-07,5000C,CEUTA,51,CEUTA,355319N,052049W,87.0,20.4,17.6,19.0,0.0,11.0,3.9,8.3,3.3,1012.3,1010.2,97.0,100.0,88.0
2024-11-08,5000C,CEUTA,51,CEUTA,355319N,052049W,87.0,19.6,16.5,18.0,0.0,9.0,2.2,6.4,0.4,1014.5,1010.3,96.0,100.0,90.0
2024-11-09,5000C,CEUTA,51,CEUTA,355319N,052049W,87.0,23.8,16.0,19.9,0.0,29.0,1.1,8.3,5.4,1015.0,1012.3,86.0,100.0,63.0
2024-11-10,5000C,CEUTA,51,CEUTA,355319N,052049W,87.0,22.7,16.0,19.4,0.0,28.0,1.4,4.2,8.2,1015.0,1012.3,70.0,82.0,53.0
2024-11-11,5000C,CEUTA,51,CEUTA,355319N,052049W,87.0,19.5,15.7,17.6,0.0,9.0,2.8,8.9,4.0,1012.7,1010.5,92.0,98.0,74.0
2024-11-12,5000C,CEUTA,51,CEUTA,355319N,052049W,87.0,20.0,15.2,17.6,0.0,10.0,3.9,8.9,7.7,1011.4,1001.8,85.0,96.0,76.0
2024-11-13,5000C,CEUTA,51,CEUTA,355319N,052049W,87.0,19.7,13.8,16.8,5.0,21.0,1.4,8.6,1.2,1003.2,997.8,84.0,97.0,65.0
2024-11-14,5000C,CEUTA,51,CEUTA,355319N,052049W,87.0,20.8,15.5,18.2,0.4,14.0,1.9,6.4,4.3,1006.0,1002.1,90.0,100.0,80.0
2024-11-15,5000C,CEUTA,51,CEUTA,355319N,052049W,87.0,19.0,16.6,17.8,2.0,10.0,3.3,10.6,0.5,1007.5,1004.2,96.0,100.0,92.0
2024-11-16,5000C,CEUTA,51,CEUTA,355319N,052049W,87.0,18.6,17.5,18.0,0.2,9.0,2.8,9.7,0.0,1007.6,1005.6,97.0,99.0,92.0
2024-11-17,5000C,CEUTA,51,CEUTA,355319N,052049W,87.0,19.1,15.7,17.4,0.0,10.0,3.3,9.4,0.0,1009.3,1006.4,95.0,100.0,91.0
2024-11-18,5000C,CEUTA,51,CEUTA,355319N,052049W,87.0,20.5,15.8,18.2,0.8,22.0,2.2,7.2,5.6,1010.6,1006.8,93.0,100.0,81.0
2024-11-19,5000C,CEUTA,51,CEUTA,355319N,052049W,87.0,21.8,16.0,18.9,1.4,29.0,3.6,12.5,4.6,1012.8,1007.7,81.0,99.0,73.0
2024-11-20,5000C,CEUTA,51,CEUTA,355319N,052049W,87.0,20.8,15.8,18.3,0.0,28.0,2.2,8.9,6.4,1014.7,1012.0,78.0,88.0,64.0
2024-11-21,5000C,CEUTA,51,CEUTA,355319N,052049W,87.0,19.1,15.5,17.3,0.0,30.0,2.5,9.7,7.4,1013.6,1009.9,73.0,84.0,62.0
2024-11-22,5000C,CEUTA,51,CEUTA,355319N,052049W,87.0,20.8,15.2,18.0,0.0,30.0,2.5,11.4,5.3,1012.0,1009.2,73.0,86.0,59.0
2024-11-23,5000C,CEUTA,51,CEUTA,355319N,052049W,87.0,19.5,14.2,16.8,0.0,10.0,2.8,7.5,7.1,1013.0,1010.7,83.0,91.0,76.0
2024-11-24,5000C,CEUTA,51,CEUTA,355319N,052049W,87.0,17.9,16.3,17.1,0.0,12.0,2.5,7.2,0.1,1012.5,1009.3,91.0,97.0,84.0
2024-11-25,5000C,CEUTA,51,CEUTA,355319N,052049W,87.0,19.7,16.1,17.9,0.2,30.0,1.9,6.7,2.4,1012.1,1009.4,94.0,100.0,85.0
2024-11-26,5000C,CEUTA,51,CEUTA,355319N,052049W,87.0,20.6,15.6,18.1,0.0,18.0,1.4,3.6,4.4,1012.5,1010.2,86.0,96.0,74.0
2024-11-27,5000C,CEUTA,51,CEUTA,355319N,052049W,87.0,19.1,15.7,17.4,0.0,13.0,1.9,5.3,4.2,1015.1,1011.1,93.0,100.0,80.0
2024-11-28,5000C,CEUTA,51,CEUTA,355319N,052049W,87.0,19.5,16.9,18.2,0.0,14.0,2.5,5.8,6.6,1017.2,1014.2,84.0,97.0,74.0
2024-11-29,5000C,CEUTA,51,CEUTA,355319N,052049W,87.0,18.3,16.0,17.2,0.0,17.0,2.2,6.4,1.0,1018.2,1016.0,90.0,97.0,84.0
2024-11-30,5000C,CEUTA,51,CEUTA,355319N,052049W,87.0,24.1,15.2,19.6,0.0,20.0,1.4,5.0,4.3,1017.0,1014.5,71.0,98.0,49.0
2024-12-01,5000C,CEUTA,51,CEUTA,355319N,052049W,87.0,18.4,16.4,17.4,0.0,12.0,1.9,5.0,0.0,1015.6,1013.4,87.0,99.0,82.0
2024-12-02,5000C,CEUTA,51,CEUTA,355319N,052049W,87.0,20.0,15.9,18.0,0.0,14.0,2.2,5.0,4.8,1014.8,1012.2,79.0,97.0,71.0
2024-12-03,5000C,CEUTA,51,CEUTA,355319N,052049W,87.0,22.2,15.6,18.9,0.0,24.0,2.5,11.1,7.5,1014.7,1011.3,78.0,97.0,64.0
2024-12-04,5000C,CEUTA,51,CEUTA,355319N,052049W,87.0,18.4,14.3,16.4,0.0,26.0,3.3,15.0,4.6,1018.9,1011.9,80.0,90.0,69.0
2024-12-05,5000C,CEUTA,51,CEUTA,355319N,052049W,87.0,19.8,13.1,16.4,0.0,27.0,1.9,3.9,7.6,1020.5,1017.0,76.0,92.0,66.0
2024-12-06,5000C,CEUTA,51,CEUTA,355319N,052049W,87.0,20.5,13.6,17.0,0.0,17.0,1.7,3.9,7.6,1019.1,1015.2,70.0,85.0,52.0
2024-12-07,5000C,CEUTA,51,CEUTA,355319N,052049W,87.0,21.5,15.6,18.6,0.0,31.0,3.6,20.3,4.3,1015.7,1011.9,63.0,76.0,35.0
2024-12-08,5000C,CEUTA,51,CEUTA,355319N,052049W,87.0,19.4,12.1,15.8,0.0,30.0,2.5,13.1,6.7,1013.6,1009.7,55.0,68.0,33.0
2024-12-09,5000C,CEUTA,51,CEUTA,355319N,052049W,87.0,16.5,10.0,13.2,0.0,30.0,3.6,10.6,7.6,1010.7,1007.9,46.0,71.0,34.0
2024-12-10,5000C,CEUTA,51,CEUTA,355319N,052049W,87.0,16.6,8.5,12.6,0.0,28.0,1.9,7.2,7.7,1009.0,1005.9,47.0,66.0,33.0
2024-12-11,5000C,CEUTA,51,CEUTA,355319N,052049W,87.0,15.0,9.3,12.2,1.0,2.0,1.7,5.0,2.7,1006.7,1004.7,76.0,88.0,58.0
2024-12-12,5000C,CEUTA,51,CEUTA,355319N,052049W,87.0,15.5,11.3,13.4,0.4,19.0,1.4,6.4,2.0,1008.7,1005.5,79.0,95.0,66.0
2024-12-13,5000C,CEUTA,51,CEUTA,355319N,052049W,87.0,16.1,11.0,13.6,1.0,34.0,1.4,4.7,3.3,1016.1,1008.5,93.0,99.0,80.0
2024-12-14,5000C,CEUTA,51,CEUTA,355319N,052049W,87.0,17.4,12.7,15.0,0.0,99.0,2.8,6.9,3.1,1019.9,1015.2,85.0,98.0,77.0
2024-12-15,5000C,CEUTA,51,CEUTA,355319N,052049W,87.0,17.4,14.8,16.1,0.0,11.0,4.7,10.3,3.1,1023.5,1018.6,80.0,85.0,67.0
2024-12-16,5000C,CEUTA,51,CEUTA,355319N,052049W,87.0,17.2,14.8,16.0,0.0,9.0,6.9,15.3,5.2,1025.6,1023.1,68.0,78.0,60.0
2024-12-17,5000C,CEUTA,51,CEUTA,355319N,052049W,87.0,17.5,13.4,15.4,0.0,10.0,3.6,9.2,2.6,1023.9,1021.6,77.0,89.0,69.0
2024-12-18,5000C,CEUTA,51,CEUTA,355319N,052049W,87.0,17.8,13.0,15.4,0.0,16.0,2.2,4.4,7.6,1022.6,1018.6,81.0,90.0,65.0
2024-12-19,5000C,CEUTA,51,CEUTA,355319N,052049W,87.0,20.2,14.6,17.4,2.8,22.0,2.8,11.1,3.4,1018.9,1015.5,70.0,92.0,34.0
2024-12-20,5000C,CEUTA,51,CEUTA,355319N,052049W,87.0,17.6,12.5,15.0,5.0,26.0,2.2,9.4,7.8,1017.9,1014.4,74.0,90.0,66.0
2024-12-21,5000C,CEUTA,51,CEUTA,355319N,052049W,87.0,16.6,12.7,14.6,3.6,8.0,5.3,11.9,0.5,1019.1,1015.1,84.0,98.0,75.0
2024-12-22,5000C,CEUTA,51,CEUTA,355319N,052049W,87.0,16.1,11.8,14.0,0.0,9.0,3.1,10.6,3.1,1020.2,1014.5,79.0,91.0,57.0
2024-12-23,5000C,CEUTA,51,CEUTA,355319N,052049W,87.0,20.9,11.6,16.2,0.0,28.0,3.9,10.0,7.7,1014.5,1011.0,65.0,91.0,29.0
2024-12-24,5000C,CEUTA,51,CEUTA,355319N,052049W,87.0,17.2,14.2,15.7,0.0,8.0,5.0,12.5,7.6,1015.9,1013.6,67.0,88.0,60.0
2024-12-25,5000C,CEUTA,51,CEUTA,355319N,052049W,87.0,17.3,13.9,15.6,0.0,9.0,4.2,9.4,5.2,1016.2,1014.2,81.0,90.0,76.0
2024-12-26,5000C,CEUTA,51,CEUTA,355319N,052049W,87.0,18.0,14.8,16.4,0.0,11.0,5.6,11.4,2.5,1017.1,1015.0,82.0,90.0,72.0
2024-12-27,5000C,CEUTA,51,CEUTA,355319N,052049W,87.0,17.0,14.4,15.7,0.0,11.0,6.4,12.8,5.8,1018.1,1015.7,71.0,79.0,64.0
2024-12-28,5000C,CEUTA,51,CEUTA,355319N,052049W,87.0,16.0,14.2,15.1,0.0,9.0,5.3,11.7,1.6,1017.6,1015.0,75.0,85.0,63.0
2024-12-29,5000C,CEUTA,51,CEUTA,355319N,052049W,87.0,16.7,12.2,14.4,0.0,10.0,3.3,8.9,2.9,1016.9,1014.5,74.0,85.0,69.0
2024-12-30,5000C,CEUTA,51,CEUTA,355319N,052049W,87.0,15.6,12.8,14.2,0.0,9.0,2.8,7.8,3.2,1018.2,1015.6,78.0,87.0,62.0
2024-12-31,5000C,CEUTA,51,CEUTA,355319N,052049W,87.0,16.8,11.6,14.2,0.6,10.0,2.5,8.9,7.1,1017.8,1015.4,76.0,89.0,66.0
