date,station_id,station_name,province_code,province_name,latitude,longitude,altitude,tmax,tmin,tmed,precipitation,wind_direction,wind_speed,wind_gust,sunshine_hours,pressure_max,pressure_min,humidity_avg,humidity_max,humidity_min
2013-01-01,6000A,MELILLA,52,MELILLA,351635N,025723W,52.0,17.0,11.0,14.0,3.8,27.0,1.9,8.3,0.8,1016.7,1014.7,70.0,,
2013-01-02,6000A,MELILLA,52,MELILLA,351635N,025723W,52.0,16.2,12.2,14.2,5.4,25.0,5.0,10.3,2.8,1019.5,1015.5,74.0,,
2013-01-03,6000A,MELILLA,52,MELILLA,351635N,025723W,52.0,15.0,10.8,12.9,7.0,7.0,3.9,11.4,7.7,1029.4,1019.5,70.0,,
2013-01-04,6000A,MELILLA,52,MELILLA,351635N,025723W,52.0,15.6,11.2,13.4,0.0,14.0,1.4,8.3,6.1,1031.0,1029.1,75.0,,
2013-01-05,6000A,MELILLA,52,MELILLA,351635N,025723W,52.0,18.2,8.4,13.3,0.0,25.0,1.7,7.8,8.1,1029.2,1024.3,67.0,,
2013-01-06,6000A,MELILLA,52,MELILLA,351635N,025723W,52.0,18.2,14.4,16.3,0.0,26.0,5.8,15.0,9.3,1024.4,1020.8,60.0,,
2013-01-07,6000A,MELILLA,52,MELILLA,351635N,025723W,52.0,18.6,10.0,14.3,0.0,26.0,2.8,9.7,8.3,1021.8,1019.4,66.0,,
2013-01-08,6000A,MELILLA,52,MELILLA,351635N,025723W,52.0,19.0,11.4,15.2,0.0,23.0,2.2,8.9,9.5,1023.4,1020.7,59.0,,
2013-01-09,6000A,MELILLA,52,MELILLA,351635N,025723W,52.0,17.8,11.2,14.5,0.0,26.0,3.1,10.3,7.4,1021.5,1019.6,66.0,,
2013-01-10,6000A,MELILLA,52,MELILLA,351635N,025723W,52.0,20.0,11.6,15.8,0.0,24.0,1.1,6.7,8.1,1020.0,1016.6,61.0,,
2013-01-11,6000A,MELILLA,52,MELILLA,351635N,025723W,52.0,19.2,10.0,14.6,0.0,26.0,1.9,7.8,8.5,1017.2,1015.7,70.0,,
2013-01-12,6000A,MELILLA,52,MELILLA,351635N,025723W,52.0,18.4,13.6,16.0,0.0,25.0,3.6,11.4,8.1,1017.1,1014.7,68.0,,
2013-01-13,6000A,MELILLA,52,MELILLA,351635N,025723W,52.0,16.2,10.0,13.1,7.7,28.0,6.4,19.7,3.9,1014.7,1010.7,59.0,,
2013-01-14,6000A,MELILLA,52,MELILLA,351635N,025723W,52.0,15.0,11.0,13.0,0.0,30.0,6.9,19.2,8.6,1015.9,1011.4,51.0,,
2013-01-15,6000A,MELILLA,52,MELILLA,351635N,025723W,52.0,15.4,12.2,13.8,0.0,30.0,7.5,17.5,5.9,1017.0,1014.5,61.0,,
2013-01-16,6000A,MELILLA,52,MELILLA,351635N,025723W,52.0,15.2,13.2,14.2,0.1,28.0,7.5,20.0,0.1,1016.8,1012.5,64.0,,
2013-01-17,6000A,MELILLA,52,MELILLA,351635N,025723W,52.0,18.0,14.0,16.0,0.0,26.0,9.2,21.1,7.4,1012.5,1009.8,75.0,,
2013-01-18,6000A,MELILLA,52,MELILLA,351635N,025723W,52.0,19.4,15.2,17.3,0.0,27.0,6.7,16.4,7.3,1011.3,1004.2,76.0,,
2013-01-19,6000A,MELILLA,52,MELILLA,351635N,025723W,52.0,20.2,11.8,16.0,12.8,25.0,9.2,27.2,1.7,1009.5,989.7,61.0,,
2013-01-20,6000A,MELILLA,52,MELILLA,351635N,025723W,52.0,15.2,12.6,13.9,0.3,26.0,9.7,27.2,7.5,1006.6,993.4,62.0,,
2013-01-21,6000A,MELILLA,52,MELILLA,351635N,025723W,52.0,15.6,11.0,13.3,0.1,26.0,7.5,19.2,4.6,1011.1,1003.4,63.0,,
2013-01-22,6000A,MELILLA,52,MELILLA,351635N,025723W,52.0,17.2,10.6,13.9,1.8,26.0,3.3,19.2,8.1,1012.5,1008.1,55.0,,
2013-01-23,6000A,MELILLA,52,MELILLA,351635N,025723W,52.0,14.4,10.8,12.6,0.0,30.0,11.1,22.8,8.5,1015.4,1009.7,50.0,,
2013-01-24,6000A,MELILLA,52,MELILLA,351635N,025723W,52.0,19.2,12.8,16.0,0.5,26.0,7.5,20.0,2.4,1015.0,1009.4,62.0,,
2013-01-25,6000A,MELILLA,52,MELILLA,351635N,025723W,52.0,16.2,14.0,15.1,10.8,25.0,5.8,18.1,0.0,1011.9,1009.4,86.0,,
2013-01-26,6000A,MELILLA,52,MELILLA,351635N,025723W,52.0,18.0,15.0,16.5,0.0,26.0,9.4,21.1,5.2,1014.9,1010.6,83.0,,
2013-01-27,6000A,MELILLA,52,MELILLA,351635N,025723W,52.0,17.6,14.2,15.9,0.0,25.0,4.2,16.9,8.2,1016.1,1014.3,79.0,,
2013-01-28,6000A,MELILLA,52,MELILLA,351635N,025723W,52.0,18.0,11.6,14.8,0.0,25.0,4.7,18.1,7.2,1023.0,1015.9,73.0,,
2013-01-29,6000A,MELILLA,52,MELILLA,351635N,025723W,52.0,17.6,8.6,13.1,0.0,29.0,1.7,7.8,8.8,1022.0,1021.0,73.0,,
2013-01-30,6000A,MELILLA,52,MELILLA,351635N,025723W,52.0,20.4,8.6,14.5,0.0,25.0,0.8,6.7,10.3,1023.8,1021.5,60.0,,
2013-01-31,6000A,MELILLA,52,MELILLA,351635N,025723W,52.0,22.2,12.6,17.4,0.0,3.0,0.3,6.7,9.4,1025.2,1022.7,54.0,,
2013-02-01,6000A,MELILLA,52,MELILLA,351635N,025723W,52.0,22.6,11.4,17.0,0.0,25.0,2.5,16.9,10.1,1023.0,1014.7,57.0,,
2013-02-02,6000A,MELILLA,52,MELILLA,351635N,025723W,52.0,18.8,13.0,15.9,0.0,27.0,8.6,22.8,7.7,1015.4,1010.9,66.0,,
2013-02-03,6000A,MELILLA,52,MELILLA,351635N,025723W,52.0,16.2,8.6,12.4,0.0,25.0,2.8,11.4,7.2,1021.2,1015.4,44.0,,
2013-02-04,6000A,MELILLA,52,MELILLA,351635N,025723W,52.0,15.2,6.6,10.9,0.0,16.0,2.2,9.2,10.5,1024.4,1021.2,41.0,,
2013-02-05,6000A,MELILLA,52,MELILLA,351635N,025723W,52.0,17.4,6.0,11.7,0.0,20.0,0.8,11.4,10.5,1021.4,1016.2,49.0,,
2013-02-06,6000A,MELILLA,52,MELILLA,351635N,025723W,52.0,17.0,13.4,15.2,0.0,26.0,8.6,20.0,10.5,1016.2,1011.0,65.0,,
2013-02-07,6000A,MELILLA,52,MELILLA,351635N,025723W,52.0,15.0,7.8,11.4,0.0,26.0,5.6,18.1,10.5,1017.9,1013.7,50.0,,
2013-02-08,6000A,MELILLA,52,MELILLA,351635N,025723W,52.0,16.0,6.0,11.0,0.0,25.0,3.9,11.9,10.4,1016.7,1010.3,60.0,,
2013-02-09,6000A,MELILLA,52,MELILLA,351635N,025723W,52.0,14.8,7.2,11.0,0.0,27.0,1.7,13.9,7.1,1019.1,1011.4,54.0,,
2013-02-10,6000A,MELILLA,52,MELILLA,351635N,025723W,52.0,18.4,7.2,12.8,0.0,25.0,1.7,11.4,10.4,1019.2,1012.1,56.0,,
2013-02-11,6000A,MELILLA,52,MELILLA,351635N,025723W,52.0,14.8,11.6,13.2,2.8,29.0,8.1,22.8,0.0,1012.1,1008.3,58.0,,
2013-02-12,6000A,MELILLA,52,MELILLA,351635N,025723W,52.0,13.0,10.4,11.7,1.8,26.0,8.3,24.2,1.8,1014.9,1009.9,67.0,,
2013-02-13,6000A,MELILLA,52,MELILLA,351635N,025723W,52.0,16.6,11.0,13.8,0.0,25.0,6.7,15.6,10.4,1016.3,1014.1,65.0,,
2013-02-14,6000A,MELILLA,52,MELILLA,351635N,025723W,52.0,18.4,9.8,14.1,0.0,8.0,1.9,6.7,10.7,1017.0,1014.2,72.0,,
2013-02-15,6000A,MELILLA,52,MELILLA,351635N,025723W,52.0,18.4,9.8,14.1,0.0,7.0,1.7,7.8,6.4,1014.7,1013.0,79.0,,
2013-02-16,6000A,MELILLA,52,MELILLA,351635N,025723W,52.0,17.0,8.8,12.9,0.0,30.0,1.9,7.8,6.9,1014.6,1012.1,82.0,,
2013-02-17,6000A,MELILLA,52,MELILLA,351635N,025723W,52.0,17.2,9.2,13.2,0.0,26.0,2.2,9.7,6.4,1012.6,1008.3,75.0,,
2013-02-18,6000A,MELILLA,52,MELILLA,351635N,025723W,52.0,20.0,10.8,15.4,0.0,25.0,2.2,8.9,7.5,1008.6,1003.8,71.0,,
2013-02-19,6000A,MELILLA,52,MELILLA,351635N,025723W,52.0,16.2,13.4,14.8,5.2,4.0,3.1,7.2,0.4,1004.3,1001.4,84.0,,
2013-02-20,6000A,MELILLA,52,MELILLA,351635N,025723W,52.0,16.6,12.4,14.5,0.0,28.0,6.7,14.4,5.4,1011.1,1003.8,69.0,,
2013-02-21,6000A,MELILLA,52,MELILLA,351635N,025723W,52.0,21.0,10.0,15.5,0.0,29.0,2.8,7.8,9.1,1011.5,1008.3,58.0,,
2013-02-22,6000A,MELILLA,52,MELILLA,351635N,025723W,52.0,23.2,12.6,17.9,2.6,30.0,3.1,19.7,5.4,1008.5,1002.2,52.0,,
2013-02-23,6000A,MELILLA,52,MELILLA,351635N,025723W,52.0,15.6,11.0,13.3,9.5,29.0,8.9,23.3,7.4,1009.5,1000.6,64.0,,
2013-02-24,6000A,MELILLA,52,MELILLA,351635N,025723W,52.0,14.2,11.8,13.0,3.0,27.0,5.6,16.4,6.0,1013.4,1009.5,64.0,,
2013-02-25,6000A,MELILLA,52,MELILLA,351635N,025723W,52.0,14.0,6.8,10.4,0.0,30.0,4.2,13.3,8.7,1014.6,1011.9,55.0,,
2013-02-26,6000A,MELILLA,52,MELILLA,351635N,025723W,52.0,13.8,5.2,9.5,0.0,7.0,3.3,9.7,10.0,1013.9,1011.9,64.0,,
2013-02-27,6000A,MELILLA,52,MELILLA,351635N,025723W,52.0,12.6,9.8,11.2,,7.0,4.4,11.9,0.3,1012.1,1005.4,66.0,,
2013-02-28,6000A,MELILLA,52,MELILLA,351635N,025723W,52.0,14.0,9.0,11.5,0.8,26.0,3.9,21.1,5.2,1005.7,1002.9,68.0,,
2013-03-01,6000A,MELILLA,52,MELILLA,351635N,025723W,52.0,15.0,10.0,12.5,0.5,27.0,8.1,21.1,9.8,1011.1,1004.9,59.0,,
2013-03-02,6000A,MELILLA,52,MELILLA,351635N,025723W,52.0,15.2,6.8,11.0,0.0,6.0,3.6,11.4,3.8,1011.0,1007.8,71.0,,
2013-03-03,6000A,MELILLA,52,MELILLA,351635N,025723W,52.0,16.0,13.6,14.8,,7.0,4.2,10.8,5.1,1008.2,1002.5,78.0,,
2013-03-04,6000A,MELILLA,52,MELILLA,351635N,025723W,52.0,18.6,13.4,16.0,1.7,24.0,2.2,11.4,0.0,1002.5,987.9,80.0,,
2013-03-05,6000A,MELILLA,52,MELILLA,351635N,025723W,52.0,17.8,12.6,15.2,7.0,26.0,1.7,15.0,2.9,992.9,988.2,87.0,,
2013-03-06,6000A,MELILLA,52,MELILLA,351635N,025723W,52.0,21.8,14.0,17.9,0.4,26.0,3.9,16.1,8.2,1003.9,992.7,68.0,,
2013-03-07,6000A,MELILLA,52,MELILLA,351635N,025723W,52.0,25.6,14.0,19.8,0.3,29.0,3.1,10.3,7.8,1006.1,1003.1,61.0,,
2013-03-08,6000A,MELILLA,52,MELILLA,351635N,025723W,52.0,21.0,15.0,18.0,0.0,2.0,2.5,7.2,9.3,1007.9,1005.5,71.0,,
2013-03-09,6000A,MELILLA,52,MELILLA,351635N,025723W,52.0,24.2,13.4,18.8,5.7,28.0,3.1,12.8,7.5,1007.1,1005.1,56.0,,
2013-03-10,6000A,MELILLA,52,MELILLA,351635N,025723W,52.0,19.2,12.4,15.8,0.0,29.0,2.8,10.8,5.8,1008.6,1005.7,71.0,,
2013-03-11,6000A,MELILLA,52,MELILLA,351635N,025723W,52.0,18.4,13.0,15.7,0.0,28.0,3.9,12.5,9.5,1009.9,1007.5,62.0,,
2013-03-12,6000A,MELILLA,52,MELILLA,351635N,025723W,52.0,20.0,13.0,16.5,4.7,26.0,2.2,13.3,3.2,1007.8,998.9,60.0,,
2013-03-13,6000A,MELILLA,52,MELILLA,351635N,025723W,52.0,15.0,11.8,13.4,0.0,25.0,9.7,19.7,4.3,1006.7,999.3,56.0,,
2013-03-14,6000A,MELILLA,52,MELILLA,351635N,025723W,52.0,15.2,10.0,12.6,0.0,26.0,6.9,18.6,11.5,1012.7,1006.7,38.0,,
2013-03-15,6000A,MELILLA,52,MELILLA,351635N,025723W,52.0,16.0,8.0,12.0,0.0,6.0,2.5,8.3,11.1,1013.1,1010.5,61.0,,
2013-03-16,6000A,MELILLA,52,MELILLA,351635N,025723W,52.0,15.6,10.6,13.1,0.1,20.0,1.1,7.2,0.1,1011.0,1003.8,79.0,,
2013-03-17,6000A,MELILLA,52,MELILLA,351635N,025723W,52.0,22.8,11.8,17.3,0.1,26.0,3.3,21.7,3.5,1003.8,996.5,75.0,,
2013-03-18,6000A,MELILLA,52,MELILLA,351635N,025723W,52.0,20.2,15.2,17.7,0.0,26.0,5.3,12.8,9.4,1004.9,999.7,66.0,,
2013-03-19,6000A,MELILLA,52,MELILLA,351635N,025723W,52.0,19.8,12.8,16.3,0.0,2.0,1.4,12.5,5.5,1003.4,997.4,68.0,,
2013-03-20,6000A,MELILLA,52,MELILLA,351635N,025723W,52.0,17.4,12.0,14.7,0.0,25.0,9.4,21.7,9.0,1014.2,999.4,60.0,,
2013-03-21,6000A,MELILLA,52,MELILLA,351635N,025723W,52.0,17.2,9.4,13.3,0.0,25.0,0.8,7.2,10.5,1014.2,1007.7,73.0,,
2013-03-22,6000A,MELILLA,52,MELILLA,351635N,025723W,52.0,20.6,11.2,15.9,0.3,32.0,4.2,12.5,8.9,1007.8,1004.2,70.0,,
2013-03-23,6000A,MELILLA,52,MELILLA,351635N,025723W,52.0,17.4,11.8,14.6,9.7,26.0,1.7,13.9,3.2,1004.9,996.7,76.0,,
2013-03-24,6000A,MELILLA,52,MELILLA,351635N,025723W,52.0,17.2,12.2,14.7,1.5,26.0,7.8,16.4,6.6,1008.5,1000.1,68.0,,
2013-03-25,6000A,MELILLA,52,MELILLA,351635N,025723W,52.0,19.0,14.2,16.6,0.0,27.0,6.1,13.9,9.2,1011.1,1008.5,66.0,,
2013-03-26,6000A,MELILLA,52,MELILLA,351635N,025723W,52.0,20.0,13.8,16.9,0.0,25.0,5.6,13.3,10.5,1009.1,1004.1,64.0,,
2013-03-27,6000A,MELILLA,52,MELILLA,351635N,025723W,52.0,20.0,15.0,17.5,0.0,25.0,4.7,13.3,5.1,1004.1,1001.9,58.0,,
2013-03-28,6000A,MELILLA,52,MELILLA,351635N,025723W,52.0,20.6,13.8,17.2,0.0,26.0,5.6,17.5,6.8,1012.2,1001.4,71.0,,
2013-03-29,6000A,MELILLA,52,MELILLA,351635N,025723W,52.0,21.6,14.8,18.2,,27.0,4.2,11.9,8.2,1012.6,1010.1,66.0,,
2013-03-30,6000A,MELILLA,52,MELILLA,351635N,025723W,52.0,21.4,16.6,19.0,0.0,28.0,6.9,18.6,5.8,1011.4,1008.6,68.0,,
2013-03-31,6000A,MELILLA,52,MELILLA,351635N,025723W,52.0,23.0,16.6,19.8,0.1,24.0,4.4,11.9,2.3,1009.4,1003.4,75.0,,
2013-04-01,6000A,MELILLA,52,MELILLA,351635N,025723W,52.0,19.2,14.8,17.0,1.6,26.0,9.4,18.6,8.7,1005.7,1001.3,70.0,,
2013-04-02,6000A,MELILLA,52,MELILLA,351635N,025723W,52.0,19.4,14.0,16.7,0.0,25.0,3.9,15.0,9.8,1009.4,1004.9,58.0,,
2013-04-03,6000A,MELILLA,52,MELILLA,351635N,025723W,52.0,22.0,13.4,17.7,0.5,25.0,3.1,11.4,6.5,1004.9,997.3,67.0,,
2013-04-04,6000A,MELILLA,52,MELILLA,351635N,025723W,52.0,18.2,13.2,15.7,5.7,30.0,2.8,8.9,7.5,1000.2,997.1,75.0,,
2013-04-05,6000A,MELILLA,52,MELILLA,351635N,025723W,52.0,19.4,13.8,16.6,3.2,26.0,4.7,18.1,2.5,1005.9,997.9,66.0,,
2013-04-06,6000A,MELILLA,52,MELILLA,351635N,025723W,52.0,16.8,12.8,14.8,0.0,27.0,7.8,22.8,11.1,1013.7,1005.9,55.0,,
2013-04-07,6000A,MELILLA,52,MELILLA,351635N,025723W,52.0,18.2,10.2,14.2,0.0,27.0,1.9,7.8,11.4,1013.8,1010.1,62.0,,
2013-04-08,6000A,MELILLA,52,MELILLA,351635N,025723W,52.0,21.6,10.8,16.2,0.0,25.0,4.2,11.4,12.5,1010.1,1007.5,43.0,,
2013-04-09,6000A,MELILLA,52,MELILLA,351635N,025723W,52.0,20.4,14.6,17.5,0.0,26.0,4.4,15.0,10.6,1013.1,1008.2,68.0,,
2013-04-10,6000A,MELILLA,52,MELILLA,351635N,025723W,52.0,21.0,16.0,18.5,0.0,26.0,5.6,15.0,11.5,1014.9,1012.7,63.0,,
2013-04-11,6000A,MELILLA,52,MELILLA,351635N,025723W,52.0,22.0,16.0,19.0,0.0,25.0,5.0,15.0,10.2,1013.5,1009.9,64.0,,
2013-04-12,6000A,MELILLA,52,MELILLA,351635N,025723W,52.0,22.2,15.8,19.0,0.0,26.0,3.3,14.4,12.5,1012.9,1009.3,60.0,,
2013-04-13,6000A,MELILLA,52,MELILLA,351635N,025723W,52.0,20.6,14.8,17.7,0.0,1.0,2.5,7.2,7.8,1013.5,1011.1,81.0,,
2013-04-14,6000A,MELILLA,52,MELILLA,351635N,025723W,52.0,16.8,15.2,16.0,0.0,6.0,2.8,7.2,0.0,1015.8,1012.7,94.0,,
2013-04-15,6000A,MELILLA,52,MELILLA,351635N,025723W,52.0,18.4,14.8,16.6,0.0,5.0,2.2,6.7,2.3,1016.4,1014.3,84.0,,
2013-04-16,6000A,MELILLA,52,MELILLA,351635N,025723W,52.0,19.2,15.0,17.1,0.0,2.0,1.9,6.7,4.8,1015.3,1012.9,85.0,,
2013-04-17,6000A,MELILLA,52,MELILLA,351635N,025723W,52.0,18.0,15.0,16.5,0.0,3.0,1.9,6.1,0.0,1015.4,1014.1,88.0,,
2013-04-18,6000A,MELILLA,52,MELILLA,351635N,025723W,52.0,19.2,15.2,17.2,0.0,5.0,1.9,6.7,4.5,1015.3,1012.1,89.0,,
2013-04-19,6000A,MELILLA,52,MELILLA,351635N,025723W,52.0,19.4,14.8,17.1,0.0,6.0,1.4,8.3,2.7,1013.1,1010.6,88.0,,
2013-04-20,6000A,MELILLA,52,MELILLA,351635N,025723W,52.0,18.0,15.4,16.7,0.1,7.0,2.5,8.3,0.3,1014.9,1012.5,88.0,,
2013-04-21,6000A,MELILLA,52,MELILLA,351635N,025723W,52.0,19.6,13.6,16.6,0.0,7.0,2.2,7.8,6.2,1013.3,1009.9,83.0,,
2013-04-22,6000A,MELILLA,52,MELILLA,351635N,025723W,52.0,19.4,12.6,16.0,0.3,5.0,2.2,7.2,8.6,1010.5,1008.2,78.0,,
2013-04-23,6000A,MELILLA,52,MELILLA,351635N,025723W,52.0,19.4,15.8,17.6,0.0,3.0,6.4,12.8,9.9,1013.7,1009.4,69.0,,
2013-04-24,6000A,MELILLA,52,MELILLA,351635N,025723W,52.0,17.4,14.0,15.7,3.8,11.0,5.6,12.5,4.1,1013.7,1012.5,81.0,,
2013-04-25,6000A,MELILLA,52,MELILLA,351635N,025723W,52.0,21.0,12.8,16.9,,7.0,2.5,7.2,0.7,1012.6,1006.9,67.0,,
2013-04-26,6000A,MELILLA,52,MELILLA,351635N,025723W,52.0,24.0,15.0,19.5,0.0,30.0,2.5,8.9,9.8,1009.3,1007.1,62.0,,
2013-04-27,6000A,MELILLA,52,MELILLA,351635N,025723W,52.0,22.0,16.4,19.2,0.0,25.0,6.4,15.0,10.2,1007.1,1000.7,73.0,,
2013-04-28,6000A,MELILLA,52,MELILLA,351635N,025723W,52.0,22.0,11.8,16.9,,26.0,6.1,21.7,5.0,1001.9,998.5,60.0,,
2013-04-29,6000A,MELILLA,52,MELILLA,351635N,025723W,52.0,19.0,10.8,14.9,0.0,29.0,3.3,12.5,8.9,1005.4,1001.9,49.0,,
2013-04-30,6000A,MELILLA,52,MELILLA,351635N,025723W,52.0,18.2,12.2,15.2,0.0,30.0,4.2,12.8,9.3,1009.4,1003.5,65.0,,
2013-05-01,6000A,MELILLA,52,MELILLA,351635N,025723W,52.0,19.0,10.8,14.9,0.0,8.0,1.9,7.8,8.6,1010.5,1008.9,68.0,,
2013-05-02,6000A,MELILLA,52,MELILLA,351635N,025723W,52.0,19.2,12.4,15.8,0.0,4.0,1.9,7.2,6.2,1011.8,1009.7,81.0,,
2013-05-03,6000A,MELILLA,52,MELILLA,351635N,025723W,52.0,19.2,12.8,16.0,0.0,8.0,1.9,8.3,5.0,1011.9,1010.6,82.0,,
2013-05-04,6000A,MELILLA,52,MELILLA,351635N,025723W,52.0,20.2,14.6,17.4,0.0,7.0,2.8,6.7,9.0,1014.6,1011.5,73.0,,
2013-05-05,6000A,MELILLA,52,MELILLA,351635N,025723W,52.0,21.0,13.6,17.3,0.0,5.0,1.7,8.3,12.0,1015.1,1013.0,74.0,,
2013-05-06,6000A,MELILLA,52,MELILLA,351635N,025723W,52.0,22.8,13.2,18.0,0.0,7.0,1.1,6.1,13.4,1015.0,1012.9,64.0,,
2013-05-07,6000A,MELILLA,52,MELILLA,351635N,025723W,52.0,25.2,14.8,20.0,0.0,5.0,1.1,6.7,12.7,1014.3,1010.9,55.0,,
2013-05-08,6000A,MELILLA,52,MELILLA,351635N,025723W,52.0,26.4,17.0,21.7,0.0,25.0,1.1,9.7,8.5,1011.3,1008.6,56.0,,
2013-05-09,6000A,MELILLA,52,MELILLA,351635N,025723W,52.0,30.8,21.6,26.2,0.0,25.0,3.9,9.7,13.5,1010.1,1008.3,18.0,,
2013-05-10,6000A,MELILLA,52,MELILLA,351635N,025723W,52.0,30.2,23.0,26.6,0.0,25.0,5.0,11.4,13.2,1011.3,1009.1,28.0,,
2013-05-11,6000A,MELILLA,52,MELILLA,351635N,025723W,52.0,24.2,18.6,21.4,0.0,2.0,1.7,6.7,13.7,1012.2,1010.3,76.0,,
2013-05-12,6000A,MELILLA,52,MELILLA,351635N,025723W,52.0,22.4,18.8,20.6,0.0,8.0,3.9,8.9,6.5,1013.4,1011.9,78.0,,
2013-05-13,6000A,MELILLA,52,MELILLA,351635N,025723W,52.0,20.8,18.8,19.8,0.0,7.0,3.6,8.9,0.0,1013.5,1009.9,80.0,,
2013-05-14,6000A,MELILLA,52,MELILLA,351635N,025723W,52.0,22.2,17.4,19.8,0.0,2.0,2.5,8.3,6.0,1009.9,1002.3,78.0,,
2013-05-15,6000A,MELILLA,52,MELILLA,351635N,025723W,52.0,22.0,15.6,18.8,1.0,29.0,6.4,19.2,9.9,1002.5,997.3,68.0,,
2013-05-16,6000A,MELILLA,52,MELILLA,351635N,025723W,52.0,20.4,14.2,17.3,0.0,26.0,7.5,18.6,11.0,1001.9,997.4,57.0,,
2013-05-17,6000A,MELILLA,52,MELILLA,351635N,025723W,52.0,23.4,12.6,18.0,0.0,29.0,3.9,12.5,11.9,1003.4,999.5,55.0,,
2013-05-18,6000A,MELILLA,52,MELILLA,351635N,025723W,52.0,19.8,13.4,16.6,0.0,29.0,7.5,18.6,11.0,1013.8,1003.4,53.0,,
2013-05-19,6000A,MELILLA,52,MELILLA,351635N,025723W,52.0,19.8,14.8,17.3,0.0,30.0,5.6,12.8,10.9,1015.3,1012.5,57.0,,
2013-05-20,6000A,MELILLA,52,MELILLA,351635N,025723W,52.0,20.8,14.8,17.8,9.5,31.0,3.9,18.1,11.0,1013.5,1009.5,53.0,,
2013-05-21,6000A,MELILLA,52,MELILLA,351635N,025723W,52.0,15.6,12.2,13.9,4.8,27.0,3.3,9.7,0.2,1013.4,1008.5,85.0,,
2013-05-22,6000A,MELILLA,52,MELILLA,351635N,025723W,52.0,24.0,12.0,18.0,0.0,25.0,4.7,10.8,13.7,1013.3,1010.5,48.0,,
2013-05-23,6000A,MELILLA,52,MELILLA,351635N,025723W,52.0,27.0,18.2,22.6,0.0,25.0,5.0,11.4,13.6,1011.0,1008.3,38.0,,
2013-05-24,6000A,MELILLA,52,MELILLA,351635N,025723W,52.0,27.0,18.8,22.9,0.0,26.0,5.6,11.9,12.1,1010.9,1008.5,52.0,,
2013-05-25,6000A,MELILLA,52,MELILLA,351635N,025723W,52.0,22.2,16.6,19.4,0.0,28.0,5.8,11.9,13.5,1012.2,1009.5,66.0,,
2013-05-26,6000A,MELILLA,52,MELILLA,351635N,025723W,52.0,21.2,15.6,18.4,0.0,1.0,3.1,8.3,8.9,1010.6,1008.1,75.0,,
2013-05-27,6000A,MELILLA,52,MELILLA,351635N,025723W,52.0,22.2,16.6,19.4,0.0,26.0,4.2,12.8,7.6,1008.1,1006.2,70.0,,
2013-05-28,6000A,MELILLA,52,MELILLA,351635N,025723W,52.0,21.4,15.8,18.6,0.0,25.0,7.5,15.6,11.9,1008.3,1006.2,63.0,,
2013-05-29,6000A,MELILLA,52,MELILLA,351635N,025723W,52.0,22.2,17.2,19.7,0.0,25.0,6.9,16.4,12.6,1009.4,1007.5,60.0,,
2013-05-30,6000A,MELILLA,52,MELILLA,351635N,025723W,52.0,22.2,15.8,19.0,0.0,25.0,5.6,16.4,11.1,1011.4,1008.2,62.0,,
2013-05-31,6000A,MELILLA,52,MELILLA,351635N,025723W,52.0,24.0,14.0,19.0,0.0,25.0,6.7,12.8,11.8,1011.4,1008.5,50.0,,
2013-06-01,6000A,MELILLA,52,MELILLA,351635N,025723W,52.0,23.2,17.4,20.3,0.0,26.0,2.2,8.9,14.1,1011.9,1009.5,61.0,,
2013-06-02,6000A,MELILLA,52,MELILLA,351635N,025723W,52.0,22.8,15.8,19.3,0.0,6.0,1.4,13.3,14.1,1011.3,1009.1,67.0,,
2013-06-03,6000A,MELILLA,52,MELILLA,351635N,025723W,52.0,21.8,17.2,19.5,0.0,8.0,2.2,6.7,10.7,1010.9,1008.3,74.0,,
2013-06-04,6000A,MELILLA,52,MELILLA,351635N,025723W,52.0,22.0,17.8,19.9,0.0,26.0,2.2,12.8,8.3,1009.0,1004.7,77.0,,
2013-06-05,6000A,MELILLA,52,MELILLA,351635N,025723W,52.0,23.2,18.2,20.7,0.0,29.0,4.7,11.4,11.3,1009.7,1005.3,70.0,,
2013-06-06,6000A,MELILLA,52,MELILLA,351635N,025723W,52.0,23.2,17.8,20.5,0.0,26.0,5.0,10.3,12.5,1012.6,1009.0,68.0,,
2013-06-07,6000A,MELILLA,52,MELILLA,351635N,025723W,52.0,24.0,17.6,20.8,0.0,25.0,4.2,12.8,7.6,1013.0,1011.0,60.0,,
2013-06-08,6000A,MELILLA,52,MELILLA,351635N,025723W,52.0,22.2,17.0,19.6,0.0,25.0,5.3,13.9,13.7,1013.5,1010.3,56.0,,
2013-06-09,6000A,MELILLA,52,MELILLA,351635N,025723W,52.0,22.2,16.6,19.4,0.0,26.0,8.3,17.5,13.7,1012.5,1008.9,66.0,,
2013-06-10,6000A,MELILLA,52,MELILLA,351635N,025723W,52.0,24.2,16.8,20.5,0.0,29.0,3.9,11.4,14.0,1013.3,1011.4,60.0,,
2013-06-11,6000A,MELILLA,52,MELILLA,351635N,025723W,52.0,29.8,17.0,23.4,0.0,28.0,3.3,8.3,13.8,1013.7,1012.1,51.0,,
2013-06-12,6000A,MELILLA,52,MELILLA,351635N,025723W,52.0,27.2,18.8,23.0,0.0,28.0,1.1,7.8,13.8,1014.1,1012.1,49.0,,
2013-06-13,6000A,MELILLA,52,MELILLA,351635N,025723W,52.0,27.2,18.8,23.0,0.0,26.0,1.1,7.2,14.0,1012.6,1009.0,54.0,,
2013-06-14,6000A,MELILLA,52,MELILLA,351635N,025723W,52.0,26.3,18.5,22.4,0.0,34.0,1.7,7.2,7.5,1009.9,1008.2,80.0,,
2013-06-15,6000A,MELILLA,52,MELILLA,351635N,025723W,52.0,27.4,18.4,22.9,0.0,10.0,2.2,6.7,13.3,1009.4,1007.4,73.0,,
2013-06-16,6000A,MELILLA,52,MELILLA,351635N,025723W,52.0,26.6,19.4,23.0,0.0,36.0,2.2,7.2,12.7,1008.1,1004.6,79.0,,
2013-06-17,6000A,MELILLA,52,MELILLA,351635N,025723W,52.0,28.2,19.8,24.0,0.0,27.0,6.4,19.2,9.6,1006.5,1004.7,69.0,,
2013-06-18,6000A,MELILLA,52,MELILLA,351635N,025723W,52.0,22.6,18.4,20.5,0.0,29.0,7.5,18.6,13.4,1009.5,1006.3,60.0,,
2013-06-19,6000A,MELILLA,52,MELILLA,351635N,025723W,52.0,24.8,16.8,20.8,0.0,26.0,5.6,12.8,14.5,1010.9,1009.0,53.0,,
2013-06-20,6000A,MELILLA,52,MELILLA,351635N,025723W,52.0,24.6,16.4,20.5,0.0,30.0,1.7,8.3,14.5,1010.9,1009.3,63.0,,
2013-06-21,6000A,MELILLA,52,MELILLA,351635N,025723W,52.0,24.4,17.0,20.7,0.0,5.0,1.1,6.7,11.4,1012.1,1010.3,72.0,,
2013-06-22,6000A,MELILLA,52,MELILLA,351635N,025723W,52.0,23.4,19.0,21.2,0.0,8.0,3.1,9.2,14.5,1014.3,1011.7,73.0,,
2013-06-23,6000A,MELILLA,52,MELILLA,351635N,025723W,52.0,24.6,19.2,21.9,0.0,11.0,2.8,7.8,13.9,1014.2,1010.6,71.0,,
2013-06-24,6000A,MELILLA,52,MELILLA,351635N,025723W,52.0,22.6,19.8,21.2,0.0,35.0,5.0,9.7,0.8,1013.5,1011.0,80.0,,
2013-06-25,6000A,MELILLA,52,MELILLA,351635N,025723W,52.0,23.6,20.0,21.8,0.0,11.0,5.3,12.5,0.0,1014.7,1013.1,78.0,,
2013-06-26,6000A,MELILLA,52,MELILLA,351635N,025723W,52.0,24.0,19.6,21.8,0.0,10.0,4.7,9.2,0.0,1015.3,1013.7,100.0,,
2013-06-27,6000A,MELILLA,52,MELILLA,351635N,025723W,52.0,23.8,19.8,21.8,0.0,7.0,5.6,13.3,5.9,1014.3,1012.2,79.0,,
2013-06-28,6000A,MELILLA,52,MELILLA,351635N,025723W,52.0,23.4,19.4,21.4,0.0,8.0,4.4,8.9,10.5,1016.1,1013.4,71.0,,
2013-06-29,6000A,MELILLA,52,MELILLA,351635N,025723W,52.0,23.6,19.0,21.3,0.0,10.0,4.7,11.4,12.1,1016.1,1012.9,76.0,,
2013-06-30,6000A,MELILLA,52,MELILLA,351635N,025723W,52.0,23.6,19.2,21.4,0.0,6.0,2.2,7.2,7.3,1013.3,1009.4,76.0,,
2013-07-01,6000A,MELILLA,52,MELILLA,351635N,025723W,52.0,23.2,20.2,21.7,0.0,1.0,2.5,8.9,0.0,1009.7,1007.5,82.0,,
2013-07-02,6000A,MELILLA,52,MELILLA,351635N,025723W,52.0,23.3,20.0,21.6,0.0,6.0,1.9,7.2,6.2,1010.9,1009.0,81.0,,
2013-07-03,6000A,MELILLA,52,MELILLA,351635N,025723W,52.0,26.0,18.0,22.0,0.0,30.0,1.7,7.8,13.3,1011.8,1010.2,77.0,,
2013-07-04,6000A,MELILLA,52,MELILLA,351635N,025723W,52.0,24.5,20.6,22.6,0.0,7.0,3.9,8.9,5.5,1012.9,1011.1,80.0,,
2013-07-05,6000A,MELILLA,52,MELILLA,351635N,025723W,52.0,25.0,21.0,23.0,0.0,8.0,4.2,9.2,7.3,1014.7,1012.6,82.0,,
2013-07-06,6000A,MELILLA,52,MELILLA,351635N,025723W,52.0,26.6,20.8,23.7,0.0,12.0,4.2,8.9,8.9,1014.6,1012.9,80.0,,
2013-07-07,6000A,MELILLA,52,MELILLA,351635N,025723W,52.0,24.8,20.9,22.8,0.0,10.0,3.3,7.8,6.0,1014.5,1011.9,76.0,,
2013-07-08,6000A,MELILLA,52,MELILLA,351635N,025723W,52.0,25.2,19.2,22.2,0.0,10.0,1.7,7.2,13.9,1013.3,1011.1,74.0,,
2013-07-09,6000A,MELILLA,52,MELILLA,351635N,025723W,52.0,26.0,19.0,22.5,0.0,7.0,1.7,7.2,12.5,1012.7,1009.1,73.0,,
2013-07-10,6000A,MELILLA,52,MELILLA,351635N,025723W,52.0,27.4,20.8,24.1,0.0,11.0,2.2,8.3,13.9,1011.7,1005.0,61.0,,
2013-07-11,6000A,MELILLA,52,MELILLA,351635N,025723W,52.0,27.4,21.8,24.6,0.0,7.0,1.7,6.7,12.8,1007.4,1005.0,78.0,,
2013-07-12,6000A,MELILLA,52,MELILLA,351635N,025723W,52.0,28.2,22.8,25.5,0.0,27.0,1.9,11.9,4.9,1011.1,1007.4,78.0,,
2013-07-13,6000A,MELILLA,52,MELILLA,351635N,025723W,52.0,26.8,21.2,24.0,0.0,26.0,3.9,10.8,12.0,1010.9,1009.3,69.0,,
2013-07-14,6000A,MELILLA,52,MELILLA,351635N,025723W,52.0,26.8,20.4,23.6,0.0,31.0,3.6,10.3,13.6,1012.2,1010.2,68.0,,
2013-07-15,6000A,MELILLA,52,MELILLA,351635N,025723W,52.0,26.6,20.2,23.4,,7.0,2.8,7.8,13.0,1013.5,1011.4,73.0,,
2013-07-16,6000A,MELILLA,52,MELILLA,351635N,025723W,52.0,27.2,22.2,24.7,0.0,30.0,2.2,6.7,12.2,1013.5,1011.4,76.0,,
2013-07-17,6000A,MELILLA,52,MELILLA,351635N,025723W,52.0,27.0,23.4,25.2,0.0,8.0,1.9,7.2,13.2,1013.1,1011.1,74.0,,
2013-07-18,6000A,MELILLA,52,MELILLA,351635N,025723W,52.0,26.8,23.8,25.3,0.0,7.0,3.3,7.8,11.5,1012.3,1009.4,77.0,,
2013-07-19,6000A,MELILLA,52,MELILLA,351635N,025723W,52.0,27.2,22.6,24.9,0.0,2.0,2.8,7.8,5.5,1009.9,1006.6,79.0,,
2013-07-20,6000A,MELILLA,52,MELILLA,351635N,025723W,52.0,27.8,23.0,25.4,0.0,2.0,2.8,7.8,4.3,1008.5,1006.5,71.0,,
2013-07-21,6000A,MELILLA,52,MELILLA,351635N,025723W,52.0,27.8,22.8,25.3,0.0,30.0,2.2,6.7,7.3,1010.9,1008.1,75.0,,
2013-07-22,6000A,MELILLA,52,MELILLA,351635N,025723W,52.0,28.2,22.2,25.2,0.0,3.0,1.9,8.3,10.4,1010.9,1008.3,82.0,,
2013-07-23,6000A,MELILLA,52,MELILLA,351635N,025723W,52.0,28.4,23.8,26.1,0.0,4.0,2.5,8.3,10.5,1009.8,1007.1,74.0,,
2013-07-24,6000A,MELILLA,52,MELILLA,351635N,025723W,52.0,28.4,23.0,25.7,0.0,2.0,1.7,6.7,10.4,1011.1,1008.6,80.0,,
2013-07-25,6000A,MELILLA,52,MELILLA,351635N,025723W,52.0,28.4,23.2,25.8,0.0,1.0,1.9,8.3,10.8,1011.1,1007.0,79.0,,
2013-07-26,6000A,MELILLA,52,MELILLA,351635N,025723W,52.0,29.6,23.4,26.5,0.0,25.0,3.3,11.4,13.1,1007.8,1004.7,64.0,,
2013-07-27,6000A,MELILLA,52,MELILLA,351635N,025723W,52.0,26.6,21.4,24.0,0.0,26.0,5.0,12.8,8.3,1007.4,1005.1,68.0,,
2013-07-28,6000A,MELILLA,52,MELILLA,351635N,025723W,52.0,27.4,20.8,24.1,0.0,25.0,5.3,13.3,11.1,1013.3,1007.4,60.0,,
2013-07-29,6000A,MELILLA,52,MELILLA,351635N,025723W,52.0,29.2,23.4,26.3,0.0,22.0,2.5,10.3,13.4,1015.0,1012.9,61.0,,
2013-07-30,6000A,MELILLA,52,MELILLA,351635N,025723W,52.0,27.2,23.0,25.1,0.0,8.0,3.9,8.9,10.5,1015.7,1013.0,91.0,,
2013-07-31,6000A,MELILLA,52,MELILLA,351635N,025723W,52.0,27.4,23.4,25.4,0.0,7.0,4.7,8.9,6.9,1013.9,1009.9,80.0,,
2013-08-01,6000A,MELILLA,52,MELILLA,351635N,025723W,52.0,27.8,23.4,25.6,0.0,3.0,3.1,8.9,8.0,1010.9,1006.2,79.0,,
2013-08-02,6000A,MELILLA,52,MELILLA,351635N,025723W,52.0,29.6,22.8,26.2,0.0,12.0,3.9,9.2,3.0,1009.9,1007.9,85.0,,
2013-08-03,6000A,MELILLA,52,MELILLA,351635N,025723W,52.0,28.0,22.8,25.4,0.0,28.0,1.9,7.8,6.8,1011.7,1008.9,82.0,,
2013-08-04,6000A,MELILLA,52,MELILLA,351635N,025723W,52.0,27.8,22.8,25.3,0.0,4.0,1.7,7.2,9.2,1012.5,1009.8,81.0,,
2013-08-05,6000A,MELILLA,52,MELILLA,351635N,025723W,52.0,30.2,23.8,27.0,0.0,7.0,1.1,7.8,7.9,1009.9,1008.1,83.0,,
2013-08-06,6000A,MELILLA,52,MELILLA,351635N,025723W,52.0,33.4,23.6,28.5,0.0,30.0,4.2,10.8,12.2,1009.4,1006.3,73.0,,
2013-08-07,6000A,MELILLA,52,MELILLA,351635N,025723W,52.0,33.4,27.0,30.2,0.0,28.0,5.0,12.8,11.5,1007.3,1004.9,45.0,,
2013-08-08,6000A,MELILLA,52,MELILLA,351635N,025723W,52.0,32.4,23.8,28.1,0.0,26.0,3.1,12.5,13.5,1012.7,1005.5,61.0,,
2013-08-09,6000A,MELILLA,52,MELILLA,351635N,025723W,52.0,28.4,24.0,26.2,0.0,7.0,4.7,9.7,10.3,1014.7,1012.5,80.0,,
2013-08-10,6000A,MELILLA,52,MELILLA,351635N,025723W,52.0,27.6,22.8,25.2,0.0,10.0,3.6,8.3,10.7,1013.7,1011.1,77.0,,
2013-08-11,6000A,MELILLA,52,MELILLA,351635N,025723W,52.0,27.6,22.0,24.8,0.0,7.0,2.8,7.2,11.4,1011.7,1008.9,76.0,,
2013-08-12,6000A,MELILLA,52,MELILLA,351635N,025723W,52.0,27.8,21.8,24.8,0.0,6.0,2.2,7.8,10.3,1010.3,1007.7,80.0,95.0,73.0
2013-08-13,6000A,MELILLA,52,MELILLA,351635N,025723W,52.0,28.8,23.8,26.3,0.0,36.0,2.2,8.3,10.6,1009.3,1007.9,80.0,94.0,74.0
2013-08-14,6000A,MELILLA,52,MELILLA,351635N,025723W,52.0,28.6,24.4,26.5,0.0,8.0,3.3,8.9,8.9,1010.1,1009.0,81.0,92.0,69.0
2013-08-15,6000A,MELILLA,52,MELILLA,351635N,025723W,52.0,28.4,24.2,26.3,0.0,7.0,3.3,8.9,8.3,1011.1,1009.1,79.0,95.0,72.0
2013-08-16,6000A,MELILLA,52,MELILLA,351635N,025723W,52.0,28.4,23.0,25.7,0.0,3.0,2.2,8.9,10.8,1011.1,1009.1,79.0,96.0,68.0
2013-08-17,6000A,MELILLA,52,MELILLA,351635N,025723W,52.0,28.6,21.2,24.9,0.0,5.0,1.9,8.3,10.4,1011.1,1009.3,76.0,91.0,56.0
2013-08-18,6000A,MELILLA,52,MELILLA,351635N,025723W,52.0,28.4,23.2,25.8,0.0,9.0,3.3,8.9,9.7,1011.3,1008.5,81.0,92.0,73.0
2013-08-19,6000A,MELILLA,52,MELILLA,351635N,025723W,52.0,29.2,23.8,26.5,0.0,5.0,2.5,7.8,11.5,1011.9,1009.9,74.0,92.0,64.0
2013-08-20,6000A,MELILLA,52,MELILLA,351635N,025723W,52.0,28.6,24.0,26.3,0.0,11.0,3.3,8.9,9.3,1013.1,1010.9,77.0,88.0,67.0
2013-08-21,6000A,MELILLA,52,MELILLA,351635N,025723W,52.0,29.0,24.0,26.5,0.0,6.0,2.5,7.8,9.7,1012.5,1010.3,77.0,92.0,71.0
2013-08-22,6000A,MELILLA,52,MELILLA,351635N,025723W,52.0,31.4,22.4,26.9,0.0,6.0,1.7,8.3,12.1,1010.6,1006.2,71.0,93.0,54.0
2013-08-23,6000A,MELILLA,52,MELILLA,351635N,025723W,52.0,31.4,24.0,27.7,0.0,3.0,0.6,9.2,10.5,1007.5,1005.8,67.0,95.0,43.0
2013-08-24,6000A,MELILLA,52,MELILLA,351635N,025723W,52.0,29.2,23.6,26.4,0.0,2.0,1.9,9.2,12.1,1007.8,1006.3,78.0,92.0,69.0
2013-08-25,6000A,MELILLA,52,MELILLA,351635N,025723W,52.0,28.2,23.8,26.0,0.4,16.0,2.2,9.2,9.5,1007.1,1003.3,77.0,84.0,71.0
2013-08-26,6000A,MELILLA,52,MELILLA,351635N,025723W,52.0,29.4,23.2,26.3,0.0,28.0,2.8,9.2,8.0,1005.0,1002.9,74.0,89.0,62.0
2013-08-27,6000A,MELILLA,52,MELILLA,351635N,025723W,52.0,28.2,23.7,26.0,1.0,28.0,1.9,7.8,2.4,1006.9,1005.0,82.0,88.0,73.0
2013-08-28,6000A,MELILLA,52,MELILLA,351635N,025723W,52.0,27.8,23.7,25.8,0.0,6.0,1.7,10.3,2.6,1007.9,1005.3,80.0,88.0,71.0
2013-08-29,6000A,MELILLA,52,MELILLA,351635N,025723W,52.0,26.4,24.6,25.5,2.1,7.0,3.9,9.7,1.0,1010.2,1007.0,80.0,85.0,76.0
2013-08-30,6000A,MELILLA,52,MELILLA,351635N,025723W,52.0,27.8,23.0,25.4,0.7,7.0,3.6,9.7,6.6,1013.1,1009.4,76.0,93.0,64.0
2013-08-31,6000A,MELILLA,52,MELILLA,351635N,025723W,52.0,27.4,22.2,24.8,0.0,7.0,2.8,9.7,10.1,1014.1,1013.1,73.0,88.0,64.0
2013-09-01,6000A,MELILLA,52,MELILLA,351635N,025723W,52.0,27.2,22.8,25.0,0.0,5.0,4.7,10.3,11.2,1014.2,1013.0,72.0,,
2013-09-02,6000A,MELILLA,52,MELILLA,351635N,025723W,52.0,27.2,23.0,25.1,0.0,6.0,4.4,10.8,9.1,1015.3,1013.5,75.0,,
2013-09-03,6000A,MELILLA,52,MELILLA,351635N,025723W,52.0,27.0,21.8,24.4,0.0,5.0,3.3,8.9,9.0,1015.1,1013.0,80.0,,
2013-09-04,6000A,MELILLA,52,MELILLA,351635N,025723W,52.0,26.8,22.2,24.5,0.0,7.0,3.1,8.9,8.0,1013.8,1009.7,78.0,,
2013-09-05,6000A,MELILLA,52,MELILLA,351635N,025723W,52.0,27.0,22.0,24.5,0.0,7.0,2.2,7.2,8.3,1010.3,1007.3,77.0,,
2013-09-06,6000A,MELILLA,52,MELILLA,351635N,025723W,52.0,26.4,20.2,23.3,1.3,1.0,1.4,9.2,6.3,1008.9,1006.1,76.0,,
2013-09-07,6000A,MELILLA,52,MELILLA,351635N,025723W,52.0,23.6,21.2,22.4,2.1,10.0,1.4,6.1,0.0,1011.1,1007.7,90.0,,
2013-09-08,6000A,MELILLA,52,MELILLA,351635N,025723W,52.0,25.8,20.6,23.2,0.0,3.0,1.1,6.1,1.0,1015.1,1010.1,84.0,,
2013-09-09,6000A,MELILLA,52,MELILLA,351635N,025723W,52.0,26.2,21.0,23.6,0.0,2.0,1.4,10.3,6.2,1016.2,1014.2,83.0,,
2013-09-10,6000A,MELILLA,52,MELILLA,351635N,025723W,52.0,26.4,19.6,23.0,0.0,5.0,2.2,8.9,11.1,1015.0,1010.6,81.0,,
2013-09-11,6000A,MELILLA,52,MELILLA,351635N,025723W,52.0,26.6,22.4,24.5,0.0,6.0,2.8,7.2,7.1,1011.1,1008.2,81.0,,
2013-09-12,6000A,MELILLA,52,MELILLA,351635N,025723W,52.0,26.4,23.4,24.9,0.0,4.0,3.6,9.7,3.9,1012.3,1010.1,81.0,,
2013-09-13,6000A,MELILLA,52,MELILLA,351635N,025723W,52.0,26.0,23.2,24.6,0.0,7.0,4.4,9.7,1.7,1014.6,1011.8,82.0,,
2013-09-14,6000A,MELILLA,52,MELILLA,351635N,025723W,52.0,25.2,22.2,23.7,0.0,11.0,2.8,7.8,1.8,1014.1,1009.7,84.0,,
2013-09-15,6000A,MELILLA,52,MELILLA,351635N,025723W,52.0,26.4,22.0,24.2,0.0,2.0,3.1,7.2,10.5,1011.3,1007.4,75.0,,
2013-09-16,6000A,MELILLA,52,MELILLA,351635N,025723W,52.0,29.2,21.0,25.1,0.0,26.0,2.8,10.8,8.5,1009.0,1006.5,73.0,,
2013-09-17,6000A,MELILLA,52,MELILLA,351635N,025723W,52.0,28.4,22.0,25.2,0.0,25.0,4.7,12.8,9.1,1008.6,1006.6,68.0,,
2013-09-18,6000A,MELILLA,52,MELILLA,351635N,025723W,52.0,26.2,21.0,23.6,0.0,27.0,4.7,9.7,4.8,1010.3,1007.7,72.0,,
2013-09-19,6000A,MELILLA,52,MELILLA,351635N,025723W,52.0,27.6,20.4,24.0,0.0,30.0,3.1,8.3,9.1,1009.9,1007.3,66.0,,
2013-09-20,6000A,MELILLA,52,MELILLA,351635N,025723W,52.0,26.0,18.8,22.4,0.0,3.0,2.2,7.2,12.0,1012.3,1008.6,78.0,,
2013-09-21,6000A,MELILLA,52,MELILLA,351635N,025723W,52.0,26.2,21.8,24.0,0.0,6.0,2.8,7.2,8.7,1015.4,1012.1,85.0,,
2013-09-22,6000A,MELILLA,52,MELILLA,351635N,025723W,52.0,26.0,21.8,23.9,0.0,13.0,3.6,8.3,9.0,1016.4,1014.6,82.0,,
2013-09-23,6000A,MELILLA,52,MELILLA,351635N,025723W,52.0,25.6,20.6,23.1,0.0,8.0,3.1,9.2,8.8,1015.4,1011.3,84.0,,
2013-09-24,6000A,MELILLA,52,MELILLA,351635N,025723W,52.0,25.2,19.0,22.1,0.0,9.0,1.7,7.2,7.5,1012.2,1007.9,84.0,,
2013-09-25,6000A,MELILLA,52,MELILLA,351635N,025723W,52.0,25.6,19.8,22.7,0.0,4.0,2.2,7.2,8.7,1008.7,1006.5,81.0,,
2013-09-26,6000A,MELILLA,52,MELILLA,351635N,025723W,52.0,26.6,20.0,23.3,0.0,34.0,1.9,7.2,2.8,1008.9,1006.1,88.0,,
2013-09-27,6000A,MELILLA,52,MELILLA,351635N,025723W,52.0,27.0,19.8,23.4,0.0,7.0,0.6,6.7,5.9,1008.9,1006.1,88.0,,
2013-09-28,6000A,MELILLA,52,MELILLA,351635N,025723W,52.0,25.0,20.6,22.8,4.3,29.0,2.8,6.7,0.6,1008.5,1005.5,84.0,,
2013-09-29,6000A,MELILLA,52,MELILLA,351635N,025723W,52.0,27.0,20.2,23.6,0.0,25.0,4.4,11.9,4.4,1009.3,1007.1,77.0,,
2013-09-30,6000A,MELILLA,52,MELILLA,351635N,025723W,52.0,28.4,20.8,24.6,0.0,26.0,3.3,12.8,9.8,1009.3,1006.3,74.0,,
2013-10-01,6000A,MELILLA,52,MELILLA,351635N,025723W,52.0,29.2,22.2,25.7,0.0,28.0,5.0,9.7,9.5,1008.7,1005.8,74.0,,
2013-10-02,6000A,MELILLA,52,MELILLA,351635N,025723W,52.0,26.8,20.8,23.8,0.0,25.0,1.9,8.9,11.0,1006.3,1001.5,81.0,,
2013-10-03,6000A,MELILLA,52,MELILLA,351635N,025723W,52.0,27.8,21.6,24.7,0.0,32.0,2.8,9.2,8.9,1007.7,1003.7,82.0,,
2013-10-04,6000A,MELILLA,52,MELILLA,351635N,025723W,52.0,27.8,21.0,24.4,0.0,26.0,2.8,10.8,6.5,1012.5,1007.7,83.0,,
2013-10-05,6000A,MELILLA,52,MELILLA,351635N,025723W,52.0,29.2,22.0,25.6,0.0,25.0,4.2,9.2,9.1,1014.1,1012.2,65.0,,
2013-10-06,6000A,MELILLA,52,MELILLA,351635N,025723W,52.0,25.6,18.8,22.2,0.0,5.0,2.2,7.2,8.4,1013.9,1011.8,82.0,,
2013-10-07,6000A,MELILLA,52,MELILLA,351635N,025723W,52.0,25.4,22.2,23.8,0.0,8.0,3.1,7.2,7.7,1013.1,1011.4,85.0,,
2013-10-08,6000A,MELILLA,52,MELILLA,351635N,025723W,52.0,25.4,21.8,23.6,0.0,8.0,4.4,9.7,9.3,1012.7,1011.1,82.0,,
2013-10-09,6000A,MELILLA,52,MELILLA,351635N,025723W,52.0,24.8,21.8,23.3,0.0,7.0,4.7,11.9,5.3,1012.5,1008.9,83.0,,
2013-10-10,6000A,MELILLA,52,MELILLA,351635N,025723W,52.0,23.4,20.8,22.1,,7.0,3.3,8.9,0.1,1009.8,1006.7,89.0,,
2013-10-11,6000A,MELILLA,52,MELILLA,351635N,025723W,52.0,24.8,18.0,21.4,0.0,6.0,1.4,8.9,9.5,1008.1,1005.8,88.0,,
2013-10-12,6000A,MELILLA,52,MELILLA,351635N,025723W,52.0,26.4,20.2,23.3,0.0,25.0,5.0,9.2,9.0,1013.8,1007.5,70.0,,
2013-10-13,6000A,MELILLA,52,MELILLA,351635N,025723W,52.0,23.8,17.8,20.8,0.0,29.0,3.1,9.7,9.0,1014.5,1011.8,78.0,,
2013-10-14,6000A,MELILLA,52,MELILLA,351635N,025723W,52.0,24.2,15.0,19.6,0.0,29.0,1.9,7.8,7.3,1014.9,1012.6,80.0,,
2013-10-15,6000A,MELILLA,52,MELILLA,351635N,025723W,52.0,26.4,16.0,21.2,0.0,25.0,0.8,5.3,9.5,1015.3,1012.7,68.0,,
2013-10-16,6000A,MELILLA,52,MELILLA,351635N,025723W,52.0,26.8,17.4,22.1,0.0,2.0,0.6,4.7,8.9,1014.3,1011.4,70.0,,
2013-10-17,6000A,MELILLA,52,MELILLA,351635N,025723W,52.0,26.8,17.0,21.9,0.0,6.0,0.8,6.7,5.8,1012.2,1009.0,86.0,,
2013-10-18,6000A,MELILLA,52,MELILLA,351635N,025723W,52.0,25.5,16.0,20.8,0.0,30.0,2.2,9.2,9.4,1010.3,1008.1,83.0,,
2013-10-19,6000A,MELILLA,52,MELILLA,351635N,025723W,52.0,25.0,18.0,21.5,0.0,29.0,1.9,8.3,5.0,1012.3,1010.1,79.0,,
2013-10-20,6000A,MELILLA,52,MELILLA,351635N,025723W,52.0,25.0,18.0,21.5,0.0,30.0,1.9,7.8,7.8,1014.1,1011.9,73.0,,
2013-10-21,6000A,MELILLA,52,MELILLA,351635N,025723W,52.0,24.6,16.8,20.7,0.0,11.0,0.8,6.1,10.5,1012.6,1008.9,85.0,,
2013-10-22,6000A,MELILLA,52,MELILLA,351635N,025723W,52.0,24.8,17.6,21.2,0.1,26.0,2.8,12.5,4.8,1009.3,1007.1,77.0,,
2013-10-23,6000A,MELILLA,52,MELILLA,351635N,025723W,52.0,23.5,18.4,21.0,0.4,10.0,0.8,7.8,2.2,1013.0,1008.9,81.0,,
2013-10-24,6000A,MELILLA,52,MELILLA,351635N,025723W,52.0,25.6,17.6,21.6,0.0,26.0,1.1,8.3,9.1,1011.9,1008.5,76.0,,
2013-10-25,6000A,MELILLA,52,MELILLA,351635N,025723W,52.0,23.8,17.0,20.4,0.0,27.0,3.3,11.9,6.1,1009.0,1005.0,88.0,,
2013-10-26,6000A,MELILLA,52,MELILLA,351635N,025723W,52.0,24.4,17.2,20.8,0.0,25.0,3.1,10.3,3.4,1015.1,1009.0,74.0,,
2013-10-27,6000A,MELILLA,52,MELILLA,351635N,025723W,52.0,24.2,16.0,20.1,0.0,7.0,1.9,8.3,9.5,1016.6,1014.1,80.0,,
2013-10-28,6000A,MELILLA,52,MELILLA,351635N,025723W,52.0,24.0,17.4,20.7,0.0,26.0,2.5,11.4,7.6,1015.1,1009.8,82.0,,
2013-10-29,6000A,MELILLA,52,MELILLA,351635N,025723W,52.0,26.0,18.2,22.1,0.0,25.0,6.4,16.4,3.5,1011.1,1008.9,60.0,,
2013-10-30,6000A,MELILLA,52,MELILLA,351635N,025723W,52.0,22.2,16.4,19.3,0.0,24.0,2.5,11.4,7.5,1014.3,1010.7,67.0,,
2013-10-31,6000A,MELILLA,52,MELILLA,351635N,025723W,52.0,21.2,13.4,17.3,0.0,5.0,1.9,8.9,10.2,1017.0,1013.9,64.0,,
2013-11-01,6000A,MELILLA,52,MELILLA,351635N,025723W,52.0,21.6,13.8,17.7,0.0,8.0,1.7,7.2,9.4,1017.8,1015.4,74.0,,
2013-11-02,6000A,MELILLA,52,MELILLA,351635N,025723W,52.0,22.4,13.0,17.7,0.0,26.0,2.5,7.2,10.0,1016.1,1011.5,73.0,,
2013-11-03,6000A,MELILLA,52,MELILLA,351635N,025723W,52.0,26.5,11.8,19.2,0.0,26.0,0.0,11.4,8.5,1013.9,1011.5,50.0,,
2013-11-04,6000A,MELILLA,52,MELILLA,351635N,025723W,52.0,22.8,18.8,20.8,0.0,25.0,6.9,20.6,6.5,1014.5,1011.7,78.0,,
2013-11-05,6000A,MELILLA,52,MELILLA,351635N,025723W,52.0,22.4,18.8,20.6,0.0,25.0,11.4,22.8,9.3,1014.2,1010.9,76.0,,
2013-11-06,6000A,MELILLA,52,MELILLA,351635N,025723W,52.0,24.4,16.0,20.2,0.0,25.0,1.9,12.8,10.1,1015.1,1012.9,72.0,,
2013-11-07,6000A,MELILLA,52,MELILLA,351635N,025723W,52.0,23.4,14.8,19.1,0.0,29.0,3.1,9.2,7.9,1014.3,1012.7,79.0,,
2013-11-08,6000A,MELILLA,52,MELILLA,351635N,025723W,52.0,22.8,18.6,20.7,0.0,25.0,4.4,14.4,7.8,1014.3,1012.7,74.0,,
2013-11-09,6000A,MELILLA,52,MELILLA,351635N,025723W,52.0,21.8,16.2,19.0,0.0,25.0,5.0,13.3,8.7,1019.0,1013.5,78.0,,
2013-11-10,6000A,MELILLA,52,MELILLA,351635N,025723W,52.0,22.8,13.2,18.0,0.0,30.0,1.9,6.7,8.3,1019.2,1016.4,68.0,,
2013-11-11,6000A,MELILLA,52,MELILLA,351635N,025723W,52.0,24.8,13.0,18.9,0.0,35.0,0.8,5.6,9.2,1017.0,1013.0,57.0,,
2013-11-12,6000A,MELILLA,52,MELILLA,351635N,025723W,52.0,22.0,14.0,18.0,0.0,9.0,1.9,5.3,10.0,1014.9,1012.6,73.0,,
2013-11-13,6000A,MELILLA,52,MELILLA,351635N,025723W,52.0,21.8,14.6,18.2,0.0,7.0,2.2,7.2,8.2,1015.1,1011.8,75.0,,
2013-11-14,6000A,MELILLA,52,MELILLA,351635N,025723W,52.0,20.0,16.0,18.0,1.3,5.0,2.8,8.9,3.1,1016.6,1014.2,87.0,,
2013-11-15,6000A,MELILLA,52,MELILLA,351635N,025723W,52.0,20.6,12.2,16.4,8.0,5.0,3.9,13.3,7.8,1016.6,1007.9,75.0,,
2013-11-16,6000A,MELILLA,52,MELILLA,351635N,025723W,52.0,14.4,9.0,11.7,2.2,7.0,1.7,11.9,1.6,1010.1,1007.9,80.0,,
2013-11-17,6000A,MELILLA,52,MELILLA,351635N,025723W,52.0,14.4,8.6,11.5,7.1,30.0,4.7,12.8,3.5,1009.0,1007.4,78.0,,
2013-11-18,6000A,MELILLA,52,MELILLA,351635N,025723W,52.0,17.2,9.8,13.5,12.6,27.0,6.9,18.1,3.5,1008.5,1003.0,89.0,,
2013-11-19,6000A,MELILLA,52,MELILLA,351635N,025723W,52.0,17.4,9.8,13.6,0.0,26.0,5.3,16.1,4.6,1008.5,1004.3,79.0,,
2013-11-20,6000A,MELILLA,52,MELILLA,351635N,025723W,52.0,18.8,13.4,16.1,0.0,25.0,5.3,14.4,6.6,1012.3,1008.2,71.0,,
2013-11-21,6000A,MELILLA,52,MELILLA,351635N,025723W,52.0,17.6,13.0,15.3,0.0,25.0,4.4,11.9,4.2,1014.9,1006.1,71.0,,
2013-11-22,6000A,MELILLA,52,MELILLA,351635N,025723W,52.0,17.0,14.0,15.5,1.2,30.0,3.9,13.9,0.0,1006.3,1004.2,87.0,,
2013-11-23,6000A,MELILLA,52,MELILLA,351635N,025723W,52.0,15.4,13.6,14.5,3.7,35.0,1.1,10.3,0.0,1006.6,1004.1,91.0,,
2013-11-24,6000A,MELILLA,52,MELILLA,351635N,025723W,52.0,17.2,11.0,14.1,0.0,8.0,1.4,7.8,7.8,1008.6,1004.7,73.0,,
2013-11-25,6000A,MELILLA,52,MELILLA,351635N,025723W,52.0,16.4,11.2,13.8,0.0,3.0,2.5,6.7,8.7,1013.8,1008.6,59.0,,
2013-11-26,6000A,MELILLA,52,MELILLA,351635N,025723W,52.0,16.6,8.2,12.4,0.0,8.0,2.5,8.3,6.6,1013.8,1013.3,70.0,,
2013-11-27,6000A,MELILLA,52,MELILLA,351635N,025723W,52.0,16.6,10.2,13.4,6.6,6.0,1.1,7.2,9.2,1013.8,1011.1,64.0,,
2013-11-28,6000A,MELILLA,52,MELILLA,351635N,025723W,52.0,15.2,8.0,11.6,11.0,8.0,5.6,12.5,2.0,1016.8,1013.0,71.0,,
2013-11-29,6000A,MELILLA,52,MELILLA,351635N,025723W,52.0,15.6,12.0,13.8,3.8,10.0,3.3,10.8,3.6,1018.4,1016.2,69.0,,
2013-11-30,6000A,MELILLA,52,MELILLA,351635N,025723W,52.0,16.8,8.0,12.4,1.6,29.0,0.8,10.3,9.6,1018.4,1004.3,59.0,,
2013-12-01,6000A,MELILLA,52,MELILLA,351635N,025723W,52.0,14.8,10.1,12.4,4.3,2.0,5.6,13.3,0.5,1010.2,1003.7,60.0,,
2013-12-02,6000A,MELILLA,52,MELILLA,351635N,025723W,52.0,16.0,11.0,13.5,0.4,4.0,1.9,9.2,8.6,1014.6,1010.2,76.0,,
2013-12-03,6000A,MELILLA,52,MELILLA,351635N,025723W,52.0,15.8,9.2,12.5,0.0,6.0,3.1,9.2,9.5,1017.9,1014.6,69.0,,
2013-12-04,6000A,MELILLA,52,MELILLA,351635N,025723W,52.0,16.2,11.4,13.8,0.0,8.0,0.8,7.2,8.7,1019.4,1017.9,72.0,,
2013-12-05,6000A,MELILLA,52,MELILLA,351635N,025723W,52.0,17.0,11.8,14.4,0.0,8.0,0.6,7.2,8.8,1022.0,1018.7,79.0,,
2013-12-06,6000A,MELILLA,52,MELILLA,351635N,025723W,52.0,16.4,11.2,13.8,0.0,10.0,0.8,6.1,8.1,1019.2,1016.8,82.0,,
2013-12-07,6000A,MELILLA,52,MELILLA,351635N,025723W,52.0,16.0,11.0,13.5,0.0,7.0,1.1,5.3,8.5,1018.0,1016.4,80.0,,
2013-12-08,6000A,MELILLA,52,MELILLA,351635N,025723W,52.0,16.2,9.0,12.6,0.0,3.0,0.6,6.7,6.1,1019.6,1018.0,81.0,,
2013-12-09,6000A,MELILLA,52,MELILLA,351635N,025723W,52.0,15.6,11.2,13.4,0.0,6.0,2.5,7.8,3.0,1021.8,1019.6,78.0,,
2013-12-10,6000A,MELILLA,52,MELILLA,351635N,025723W,52.0,16.4,11.8,14.1,0.0,10.0,2.8,10.3,7.7,1022.6,1021.1,76.0,,
2013-12-11,6000A,MELILLA,52,MELILLA,351635N,025723W,52.0,17.6,13.0,15.3,0.0,6.0,4.2,9.7,9.5,1022.6,1019.9,72.0,,
2013-12-12,6000A,MELILLA,52,MELILLA,351635N,025723W,52.0,18.0,12.2,15.1,0.0,2.0,1.7,7.2,7.5,1021.5,1019.5,79.0,,
2013-12-13,6000A,MELILLA,52,MELILLA,351635N,025723W,52.0,17.8,10.8,14.3,0.0,4.0,1.4,7.2,6.5,1021.1,1019.1,75.0,,
2013-12-14,6000A,MELILLA,52,MELILLA,351635N,025723W,52.0,17.0,12.8,14.9,0.0,7.0,2.8,7.8,5.6,1026.6,1019.4,77.0,,
2013-12-15,6000A,MELILLA,52,MELILLA,351635N,025723W,52.0,16.0,12.4,14.2,0.0,10.0,2.5,7.2,4.9,1026.6,1022.8,81.0,,
2013-12-16,6000A,MELILLA,52,MELILLA,351635N,025723W,52.0,16.0,14.2,15.1,0.0,6.0,1.9,7.2,0.6,1022.8,1019.5,81.0,,
2013-12-17,6000A,MELILLA,52,MELILLA,351635N,025723W,52.0,17.8,13.0,15.4,0.4,6.0,1.9,6.1,1.6,1022.0,1019.6,85.0,,
2013-12-18,6000A,MELILLA,52,MELILLA,351635N,025723W,52.0,19.6,13.0,16.3,0.1,28.0,2.8,7.2,4.3,1022.2,1019.6,74.0,,
2013-12-19,6000A,MELILLA,52,MELILLA,351635N,025723W,52.0,18.8,12.8,15.8,5.6,29.0,3.6,23.3,3.4,1020.3,1009.9,76.0,,
2013-12-20,6000A,MELILLA,52,MELILLA,351635N,025723W,52.0,14.0,10.8,12.4,7.2,27.0,6.9,21.1,6.0,1021.1,1011.0,74.0,,
2013-12-21,6000A,MELILLA,52,MELILLA,351635N,025723W,52.0,15.6,10.8,13.2,0.6,36.0,4.4,12.8,2.9,1024.4,1021.0,79.0,,
2013-12-22,6000A,MELILLA,52,MELILLA,351635N,025723W,52.0,16.0,12.2,14.1,0.0,6.0,1.1,7.8,6.5,1024.4,1023.6,82.0,,
2013-12-23,6000A,MELILLA,52,MELILLA,351635N,025723W,52.0,18.4,8.8,13.6,0.0,26.0,1.4,7.2,9.5,1024.0,1018.8,81.0,,
2013-12-24,6000A,MELILLA,52,MELILLA,351635N,025723W,52.0,17.0,8.8,12.9,0.0,30.0,0.6,7.8,7.5,1019.2,1010.1,77.0,,
2013-12-25,6000A,MELILLA,52,MELILLA,351635N,025723W,52.0,20.0,12.8,16.4,28.6,22.0,6.7,20.6,1.0,1010.6,1002.6,57.0,,
2013-12-26,6000A,MELILLA,52,MELILLA,351635N,025723W,52.0,16.8,13.2,15.0,0.0,25.0,7.2,18.6,5.5,1016.1,1008.2,70.0,94.0,65.0
2013-12-27,6000A,MELILLA,52,MELILLA,351635N,025723W,52.0,18.0,13.8,15.9,0.0,27.0,1.7,10.8,8.1,1016.1,1011.5,69.0,85.0,62.0
2013-12-28,6000A,MELILLA,52,MELILLA,351635N,025723W,52.0,21.2,11.0,16.1,0.4,25.0,5.0,16.1,5.2,1015.3,1010.1,74.0,83.0,45.0
2013-12-29,6000A,MELILLA,52,MELILLA,351635N,025723W,52.0,14.6,9.2,11.9,0.5,24.0,4.4,16.4,4.4,1023.8,1015.3,68.0,88.0,57.0
2013-12-30,6000A,MELILLA,52,MELILLA,351635N,025723W,52.0,17.0,7.0,12.0,0.0,12.0,1.9,8.9,8.1,1026.6,1020.2,56.0,78.0,34.0
2013-12-31,6000A,MELILLA,52,MELILLA,351635N,025723W,52.0,16.6,7.4,12.0,0.0,28.0,0.6,7.8,7.4,1020.8,1016.4,50.0,,
2014-01-01,6000A,MELILLA,52,MELILLA,351635N,025723W,52.0,18.2,10.4,14.3,0.0,22.0,3.1,8.9,7.8,1017.4,1014.7,67.0,,
2014-01-02,6000A,MELILLA,52,MELILLA,351635N,025723W,52.0,19.6,11.8,15.7,0.0,26.0,0.6,9.7,2.5,1015.9,1014.1,46.0,,
2014-01-03,6000A,MELILLA,52,MELILLA,351635N,025723W,52.0,22.2,12.6,17.4,0.0,25.0,2.8,9.7,8.6,1017.6,1015.4,59.0,,
2014-01-04,6000A,MELILLA,52,MELILLA,351635N,025723W,52.0,21.6,13.2,17.4,0.0,26.0,1.9,16.9,6.8,1017.2,1014.9,65.0,,
2014-01-05,6000A,MELILLA,52,MELILLA,351635N,025723W,52.0,18.2,10.8,14.5,0.0,25.0,4.7,15.6,7.2,1019.8,1016.1,70.0,,
2014-01-06,6000A,MELILLA,52,MELILLA,351635N,025723W,52.0,20.0,10.4,15.2,0.0,29.0,0.8,5.6,9.1,1016.1,1013.3,55.0,,
2014-01-07,6000A,MELILLA,52,MELILLA,351635N,025723W,52.0,19.0,9.2,14.1,0.0,5.0,0.0,6.7,9.0,1015.5,1013.5,,,
2014-01-08,6000A,MELILLA,52,MELILLA,351635N,025723W,52.0,16.2,9.0,12.6,0.0,1.0,1.7,7.8,7.9,1016.2,1014.3,85.0,,
2014-01-09,6000A,MELILLA,52,MELILLA,351635N,025723W,52.0,15.6,12.8,14.2,0.0,7.0,0.0,6.1,3.1,1015.4,1010.1,80.0,,
2014-01-10,6000A,MELILLA,52,MELILLA,351635N,025723W,52.0,16.2,13.2,14.7,0.0,8.0,1.4,5.6,0.2,1010.1,1007.0,89.0,,
2014-01-11,6000A,MELILLA,52,MELILLA,351635N,025723W,52.0,16.0,12.0,14.0,0.0,25.0,1.9,7.2,0.1,1015.4,1008.1,83.0,,
2014-01-12,6000A,MELILLA,52,MELILLA,351635N,025723W,52.0,19.8,10.4,15.1,0.0,9.0,0.6,5.3,8.6,1019.1,1015.4,77.0,94.0,57.0
2014-01-13,6000A,MELILLA,52,MELILLA,351635N,025723W,52.0,18.0,11.8,14.9,3.0,25.0,3.6,16.9,0.0,1019.1,1014.9,70.0,83.0,56.0
2014-01-14,6000A,MELILLA,52,MELILLA,351635N,025723W,52.0,17.0,13.0,15.0,0.0,25.0,9.4,19.2,6.0,1016.2,1012.7,63.0,73.0,52.0
2014-01-15,6000A,MELILLA,52,MELILLA,351635N,025723W,52.0,18.0,13.6,15.8,0.5,26.0,4.2,15.0,4.4,1013.5,1010.2,79.0,87.0,71.0
2014-01-16,6000A,MELILLA,52,MELILLA,351635N,025723W,52.0,19.4,12.2,15.8,5.6,29.0,2.5,8.9,1.0,1010.3,1006.7,74.0,92.0,52.0
2014-01-17,6000A,MELILLA,52,MELILLA,351635N,025723W,52.0,16.6,12.4,14.5,0.0,20.0,1.1,13.3,6.7,1006.9,995.8,75.0,84.0,45.0
2014-01-18,6000A,MELILLA,52,MELILLA,351635N,025723W,52.0,17.6,12.0,14.8,4.3,25.0,5.0,16.4,4.0,997.4,992.7,51.0,78.0,44.0
2014-01-19,6000A,MELILLA,52,MELILLA,351635N,025723W,52.0,15.0,10.6,12.8,6.7,25.0,11.1,30.0,8.4,1006.6,987.9,61.0,88.0,49.0
2014-01-20,6000A,MELILLA,52,MELILLA,351635N,025723W,52.0,14.8,10.8,12.8,0.0,28.0,6.7,18.1,5.8,1013.5,1006.6,59.0,77.0,53.0
2014-01-21,6000A,MELILLA,52,MELILLA,351635N,025723W,52.0,15.6,10.8,13.2,1.8,24.0,4.4,12.8,9.4,1015.9,1012.6,63.0,,
2014-01-22,6000A,MELILLA,52,MELILLA,351635N,025723W,52.0,16.2,10.6,13.4,4.4,25.0,4.2,15.0,3.2,1013.1,1008.7,80.0,,
2014-01-23,6000A,MELILLA,52,MELILLA,351635N,025723W,52.0,15.8,9.6,12.7,0.0,29.0,3.3,10.8,3.3,1020.3,1010.2,71.0,,
2014-01-24,6000A,MELILLA,52,MELILLA,351635N,025723W,52.0,17.0,8.8,12.9,0.0,26.0,3.1,15.6,9.9,1022.4,1017.5,70.0,,
2014-01-25,6000A,MELILLA,52,MELILLA,351635N,025723W,52.0,18.8,13.2,16.0,0.0,25.0,7.8,18.1,10.0,1017.8,1015.1,60.0,,
2014-01-26,6000A,MELILLA,52,MELILLA,351635N,025723W,52.0,19.2,14.0,16.6,0.0,24.0,4.2,13.3,9.4,1019.6,1014.6,66.0,,
2014-01-27,6000A,MELILLA,52,MELILLA,351635N,025723W,52.0,18.0,14.2,16.1,0.0,28.0,9.7,22.2,8.5,1014.6,1008.1,73.0,,
2014-01-28,6000A,MELILLA,52,MELILLA,351635N,025723W,52.0,15.0,12.8,13.9,0.0,29.0,6.9,20.0,7.7,1010.3,1004.7,61.0,,
2014-01-29,6000A,MELILLA,52,MELILLA,351635N,025723W,52.0,15.0,10.6,12.8,5.6,24.0,2.8,16.9,0.0,1004.9,996.2,71.0,,
2014-01-30,6000A,MELILLA,52,MELILLA,351635N,025723W,52.0,14.0,12.2,13.1,0.0,28.0,7.5,16.9,7.9,1006.6,999.1,60.0,,
2014-01-31,6000A,MELILLA,52,MELILLA,351635N,025723W,52.0,15.2,12.8,14.0,0.1,26.0,9.2,19.7,2.2,1009.0,1006.3,72.0,,
2014-02-01,6000A,MELILLA,52,MELILLA,351635N,025723W,52.0,17.0,13.2,15.1,1.4,23.0,6.4,16.4,1.0,1010.6,1008.2,81.0,,
2014-02-02,6000A,MELILLA,52,MELILLA,351635N,025723W,52.0,15.0,9.0,12.0,0.0,26.0,3.9,16.1,9.5,1014.3,1010.3,58.0,,
2014-02-03,6000A,MELILLA,52,MELILLA,351635N,025723W,52.0,16.2,7.0,11.6,0.1,26.0,2.8,8.3,7.5,1012.2,1008.2,64.0,,
2014-02-04,6000A,MELILLA,52,MELILLA,351635N,025723W,52.0,16.2,11.6,13.9,0.0,25.0,1.9,8.9,6.9,1014.2,1010.2,63.0,,
2014-02-05,6000A,MELILLA,52,MELILLA,351635N,025723W,52.0,23.2,10.2,16.7,0.0,26.0,2.8,9.2,6.3,1013.8,1010.3,57.0,,
2014-02-06,6000A,MELILLA,52,MELILLA,351635N,025723W,52.0,20.0,10.2,15.1,0.9,29.0,1.7,13.9,10.0,1013.8,1007.9,79.0,,
2014-02-07,6000A,MELILLA,52,MELILLA,351635N,025723W,52.0,16.6,12.8,14.7,0.0,26.0,5.3,15.0,8.2,1018.3,1010.2,66.0,,
2014-02-08,6000A,MELILLA,52,MELILLA,351635N,025723W,52.0,21.0,10.0,15.5,0.0,20.0,1.7,8.3,8.9,1017.2,1009.5,47.0,,
2014-02-09,6000A,MELILLA,52,MELILLA,351635N,025723W,52.0,22.4,12.0,17.2,3.4,19.0,2.2,18.6,6.5,1010.9,1001.0,65.0,,
2014-02-10,6000A,MELILLA,52,MELILLA,351635N,025723W,52.0,21.0,12.4,16.7,0.0,28.0,9.7,23.3,9.0,1016.7,1001.0,56.0,,
2014-02-11,6000A,MELILLA,52,MELILLA,351635N,025723W,52.0,16.2,11.8,14.0,0.0,29.0,4.4,16.9,3.3,1018.0,1013.3,56.0,,
2014-02-12,6000A,MELILLA,52,MELILLA,351635N,025723W,52.0,18.4,15.6,17.0,0.5,26.0,3.6,10.3,2.8,1017.6,1012.5,72.0,,
2014-02-13,6000A,MELILLA,52,MELILLA,351635N,025723W,52.0,22.8,15.0,18.9,0.0,25.0,5.6,13.3,10.7,1017.9,1015.7,66.0,,
2014-02-14,6000A,MELILLA,52,MELILLA,351635N,025723W,52.0,20.6,12.6,16.6,0.0,29.0,0.8,12.5,10.0,1015.9,1008.7,77.0,,
2014-02-15,6000A,MELILLA,52,MELILLA,351635N,025723W,52.0,18.4,10.0,14.2,0.0,25.0,0.8,8.3,9.0,1009.0,1005.3,75.0,,
2014-02-16,6000A,MELILLA,52,MELILLA,351635N,025723W,52.0,17.0,11.0,14.0,0.0,25.0,4.4,10.3,5.4,1010.6,1006.1,74.0,,
2014-02-17,6000A,MELILLA,52,MELILLA,351635N,025723W,52.0,14.9,8.2,11.6,15.4,8.0,2.2,7.8,0.0,1009.3,1002.6,81.0,,
2014-02-18,6000A,MELILLA,52,MELILLA,351635N,025723W,52.0,14.6,12.2,13.4,6.0,24.0,5.0,9.7,0.0,1009.5,1003.7,82.0,,
2014-02-19,6000A,MELILLA,52,MELILLA,351635N,025723W,52.0,16.7,11.9,14.3,0.0,28.0,5.8,15.0,9.0,1017.0,1002.3,65.0,,
2014-02-20,6000A,MELILLA,52,MELILLA,351635N,025723W,52.0,17.8,12.2,15.0,0.0,26.0,6.4,14.4,10.8,1017.4,1014.1,67.0,,
2014-02-21,6000A,MELILLA,52,MELILLA,351635N,025723W,52.0,19.6,13.0,16.3,0.0,26.0,6.4,14.4,7.8,1016.2,1014.1,66.0,,
2014-02-22,6000A,MELILLA,52,MELILLA,351635N,025723W,52.0,16.2,9.2,12.7,0.0,25.0,4.7,16.1,11.0,1020.6,1015.7,55.0,,
2014-02-23,6000A,MELILLA,52,MELILLA,351635N,025723W,52.0,15.2,9.6,12.4,0.1,12.0,0.8,5.6,10.9,1018.0,1009.8,76.0,,
2014-02-24,6000A,MELILLA,52,MELILLA,351635N,025723W,52.0,14.0,8.2,11.1,3.7,30.0,4.2,12.8,3.5,1016.1,1010.5,78.0,,
2014-02-25,6000A,MELILLA,52,MELILLA,351635N,025723W,52.0,15.9,12.1,14.0,0.0,29.0,4.7,14.4,7.6,1018.0,1015.8,66.0,,
2014-02-26,6000A,MELILLA,52,MELILLA,351635N,025723W,52.0,18.0,13.8,15.9,0.0,25.0,6.7,16.4,11.0,1021.8,1016.2,68.0,,
2014-02-27,6000A,MELILLA,52,MELILLA,351635N,025723W,52.0,17.4,12.0,14.7,0.0,25.0,5.0,12.8,8.2,1024.2,1021.2,61.0,,
2014-02-28,6000A,MELILLA,52,MELILLA,351635N,025723W,52.0,19.2,13.8,16.5,0.0,28.0,8.9,20.0,8.9,1021.8,1014.5,67.0,,
2014-03-01,6000A,MELILLA,52,MELILLA,351635N,025723W,52.0,18.3,14.8,16.6,0.1,25.0,8.9,19.2,1.1,1015.1,1003.1,77.0,,
2014-03-02,6000A,MELILLA,52,MELILLA,351635N,025723W,52.0,19.0,14.9,17.0,0.0,29.0,13.1,27.2,8.2,1008.2,1001.5,69.0,,
2014-03-03,6000A,MELILLA,52,MELILLA,351635N,025723W,52.0,16.8,14.0,15.4,0.0,28.0,9.7,22.2,6.6,1009.9,1006.9,65.0,,
2014-03-04,6000A,MELILLA,52,MELILLA,351635N,025723W,52.0,15.6,13.0,14.3,0.0,27.0,10.6,22.8,10.6,1012.6,1009.8,58.0,,
2014-03-05,6000A,MELILLA,52,MELILLA,351635N,025723W,52.0,17.4,13.0,15.2,0.0,26.0,6.9,22.2,9.6,1013.5,1009.3,72.0,,
2014-03-06,6000A,MELILLA,52,MELILLA,351635N,025723W,52.0,18.2,10.6,14.4,0.0,5.0,1.1,8.3,10.2,1014.2,1011.1,72.0,,
2014-03-07,6000A,MELILLA,52,MELILLA,351635N,025723W,52.0,17.2,12.8,15.0,0.0,8.0,4.4,10.8,10.1,1017.5,1013.0,74.0,,
2014-03-08,6000A,MELILLA,52,MELILLA,351635N,025723W,52.0,16.8,12.4,14.6,0.0,8.0,1.9,7.2,11.1,1017.1,1013.4,76.0,,
2014-03-09,6000A,MELILLA,52,MELILLA,351635N,025723W,52.0,16.8,13.2,15.0,,6.0,5.6,12.5,4.8,1016.4,1013.8,73.0,,
2014-03-10,6000A,MELILLA,52,MELILLA,351635N,025723W,52.0,16.0,13.0,14.5,0.0,6.0,4.4,11.9,3.7,1015.3,1010.9,80.0,,
2014-03-11,6000A,MELILLA,52,MELILLA,351635N,025723W,52.0,17.0,12.8,14.9,0.0,7.0,5.6,10.8,7.5,1012.6,1009.4,75.0,,
2014-03-12,6000A,MELILLA,52,MELILLA,351635N,025723W,52.0,16.0,13.8,14.9,0.0,4.0,6.4,11.9,1.3,1015.8,1012.2,70.0,,
2014-03-13,6000A,MELILLA,52,MELILLA,351635N,025723W,52.0,15.0,11.8,13.4,3.4,2.0,5.0,12.8,1.3,1019.4,1013.9,80.0,,
2014-03-14,6000A,MELILLA,52,MELILLA,351635N,025723W,52.0,14.4,11.0,12.7,3.4,4.0,2.5,10.3,0.0,1019.8,1017.2,82.0,,
2014-03-15,6000A,MELILLA,52,MELILLA,351635N,025723W,52.0,17.2,7.8,12.5,0.0,30.0,1.4,6.7,7.3,1021.1,1018.4,69.0,,
2014-03-16,6000A,MELILLA,52,MELILLA,351635N,025723W,52.0,19.6,6.8,13.2,0.0,5.0,1.4,5.6,5.7,1020.0,1015.9,55.0,,
2014-03-17,6000A,MELILLA,52,MELILLA,351635N,025723W,52.0,20.0,11.0,15.5,0.0,3.0,1.4,5.6,9.1,1016.7,1014.6,77.0,,
2014-03-18,6000A,MELILLA,52,MELILLA,351635N,025723W,52.0,18.0,10.0,14.0,0.0,6.0,1.4,4.7,7.7,1015.1,1012.5,87.0,,
2014-03-19,6000A,MELILLA,52,MELILLA,351635N,025723W,52.0,17.0,11.4,14.2,0.0,6.0,1.9,6.1,7.7,1015.9,1013.0,78.0,,
2014-03-20,6000A,MELILLA,52,MELILLA,351635N,025723W,52.0,17.2,10.8,14.0,0.0,3.0,1.9,6.7,6.3,1015.7,1013.3,81.0,,
2014-03-21,6000A,MELILLA,52,MELILLA,351635N,025723W,52.0,20.6,10.2,15.4,0.0,28.0,1.9,7.8,8.1,1016.7,1013.4,68.0,,
2014-03-22,6000A,MELILLA,52,MELILLA,351635N,025723W,52.0,19.8,13.8,16.8,0.0,26.0,5.3,15.0,8.5,1013.8,1009.7,67.0,,
2014-03-23,6000A,MELILLA,52,MELILLA,351635N,025723W,52.0,18.8,11.4,15.1,0.0,26.0,5.8,14.4,9.8,1014.3,1010.9,62.0,,
2014-03-24,6000A,MELILLA,52,MELILLA,351635N,025723W,52.0,20.0,11.8,15.9,0.0,27.0,4.4,19.7,9.8,1016.6,1013.5,55.0,,
2014-03-25,6000A,MELILLA,52,MELILLA,351635N,025723W,52.0,20.0,14.2,17.1,0.0,25.0,9.2,22.2,10.3,1019.4,1011.5,51.0,,
2014-03-26,6000A,MELILLA,52,MELILLA,351635N,025723W,52.0,16.2,13.8,15.0,0.0,27.0,10.0,23.6,9.5,1011.9,1008.2,56.0,,
2014-03-27,6000A,MELILLA,52,MELILLA,351635N,025723W,52.0,18.0,11.8,14.9,0.0,25.0,3.3,10.8,11.8,1010.9,1003.4,53.0,,
2014-03-28,6000A,MELILLA,52,MELILLA,351635N,025723W,52.0,16.6,11.8,14.2,8.0,25.0,2.5,16.4,2.5,1003.4,994.7,71.0,,
2014-03-29,6000A,MELILLA,52,MELILLA,351635N,025723W,52.0,16.2,10.6,13.4,1.9,29.0,4.2,13.9,4.8,1005.3,994.6,77.0,,
2014-03-30,6000A,MELILLA,52,MELILLA,351635N,025723W,52.0,18.6,10.8,14.7,0.0,25.0,3.1,10.3,9.7,1010.3,1004.6,58.0,,
2014-03-31,6000A,MELILLA,52,MELILLA,351635N,025723W,52.0,20.4,9.0,14.7,0.0,6.0,1.9,6.1,11.1,1010.6,1005.8,68.0,,
2014-04-01,6000A,MELILLA,52,MELILLA,351635N,025723W,52.0,17.7,10.5,14.1,0.0,6.0,1.9,6.7,6.4,1005.8,1000.6,74.0,,
2014-04-02,6000A,MELILLA,52,MELILLA,351635N,025723W,52.0,18.0,12.8,15.4,3.5,26.0,3.6,10.8,3.8,1001.0,997.0,81.0,,
2014-04-03,6000A,MELILLA,52,MELILLA,351635N,025723W,52.0,18.2,12.2,15.2,0.0,28.0,6.9,19.2,6.4,1009.0,998.9,56.0,,
2014-04-04,6000A,MELILLA,52,MELILLA,351635N,025723W,52.0,18.2,13.0,15.6,0.0,25.0,9.2,19.2,11.1,1015.0,1009.0,66.0,,
2014-04-05,6000A,MELILLA,52,MELILLA,351635N,025723W,52.0,21.2,14.0,17.6,0.0,25.0,5.6,15.6,11.9,1015.7,1010.9,59.0,,
2014-04-06,6000A,MELILLA,52,MELILLA,351635N,025723W,52.0,22.0,14.6,18.3,0.0,5.0,1.4,7.8,12.0,1013.9,1011.7,66.0,,
2014-04-07,6000A,MELILLA,52,MELILLA,351635N,025723W,52.0,22.8,14.0,18.4,0.0,6.0,1.4,7.8,12.4,1013.4,1011.5,71.0,,
2014-04-08,6000A,MELILLA,52,MELILLA,351635N,025723W,52.0,22.4,14.0,18.2,0.0,29.0,1.1,8.3,12.4,1013.9,1011.7,68.0,,
2014-04-09,6000A,MELILLA,52,MELILLA,351635N,025723W,52.0,19.0,13.6,16.3,0.0,1.0,2.5,6.7,1.5,1014.7,1013.1,82.0,,
2014-04-10,6000A,MELILLA,52,MELILLA,351635N,025723W,52.0,18.6,14.0,16.3,0.0,7.0,1.9,8.3,6.6,1013.8,1009.5,83.0,,
2014-04-11,6000A,MELILLA,52,MELILLA,351635N,025723W,52.0,25.8,14.8,20.3,0.0,25.0,6.1,16.4,3.8,1011.3,1005.1,83.0,,
2014-04-12,6000A,MELILLA,52,MELILLA,351635N,025723W,52.0,21.6,16.0,18.8,0.0,29.0,5.8,11.9,11.5,1011.1,1005.4,66.0,,
2014-04-13,6000A,MELILLA,52,MELILLA,351635N,025723W,52.0,19.6,12.8,16.2,0.0,25.0,3.1,7.2,10.3,1013.5,1010.6,79.0,,
2014-04-14,6000A,MELILLA,52,MELILLA,351635N,025723W,52.0,18.0,16.0,17.0,0.0,3.0,2.5,8.9,0.2,1011.1,1008.6,83.0,,
2014-04-15,6000A,MELILLA,52,MELILLA,351635N,025723W,52.0,21.4,15.2,18.3,0.0,30.0,3.1,9.7,9.0,1010.3,1008.5,72.0,,
2014-04-16,6000A,MELILLA,52,MELILLA,351635N,025723W,52.0,20.6,12.2,16.4,0.0,6.0,1.1,7.8,12.0,1012.5,1010.1,81.0,,
2014-04-17,6000A,MELILLA,52,MELILLA,351635N,025723W,52.0,20.1,13.1,16.6,0.0,25.0,1.9,8.9,7.9,1012.3,1008.5,81.0,,
2014-04-18,6000A,MELILLA,52,MELILLA,351635N,025723W,52.0,21.4,15.2,18.3,0.0,29.0,4.2,11.4,9.7,1010.1,1006.7,69.0,,
2014-04-19,6000A,MELILLA,52,MELILLA,351635N,025723W,52.0,20.8,15.6,18.2,,25.0,6.1,14.4,3.2,1006.9,1002.1,74.0,,
2014-04-20,6000A,MELILLA,52,MELILLA,351635N,025723W,52.0,21.6,15.0,18.3,0.6,25.0,3.1,15.0,10.4,1003.7,1000.7,68.0,,
2014-04-21,6000A,MELILLA,52,MELILLA,351635N,025723W,52.0,23.4,14.0,18.7,0.0,29.0,2.5,10.8,9.6,1004.7,1001.0,55.0,,
2014-04-22,6000A,MELILLA,52,MELILLA,351635N,025723W,52.0,21.9,16.7,19.3,0.0,30.0,8.1,12.8,11.1,1013.1,1004.3,61.0,,
2014-04-23,6000A,MELILLA,52,MELILLA,351635N,025723W,52.0,22.8,16.2,19.5,0.0,24.0,2.8,10.8,10.0,1015.7,1013.0,55.0,,
2014-04-24,6000A,MELILLA,52,MELILLA,351635N,025723W,52.0,22.8,15.8,19.3,0.0,25.0,6.1,18.1,10.0,1015.0,1011.9,62.0,,
2014-04-25,6000A,MELILLA,52,MELILLA,351635N,025723W,52.0,20.8,16.0,18.4,0.0,27.0,8.9,16.9,10.6,1017.8,1013.1,53.0,,
2014-04-26,6000A,MELILLA,52,MELILLA,351635N,025723W,52.0,24.2,16.6,20.4,0.0,25.0,6.1,14.4,10.7,1015.5,1011.3,40.0,,
2014-04-27,6000A,MELILLA,52,MELILLA,351635N,025723W,52.0,23.4,18.3,20.8,0.0,27.0,7.5,18.1,10.5,1012.2,1009.0,56.0,,
2014-04-28,6000A,MELILLA,52,MELILLA,351635N,025723W,52.0,26.4,17.0,21.7,0.0,26.0,3.6,11.4,10.3,1010.2,1008.2,39.0,,
2014-04-29,6000A,MELILLA,52,MELILLA,351635N,025723W,52.0,27.2,15.0,21.1,0.0,2.0,1.1,6.1,13.0,1009.8,1006.1,56.0,,
2014-04-30,6000A,MELILLA,52,MELILLA,351635N,025723W,52.0,26.4,17.8,22.1,0.0,4.0,1.1,7.2,9.0,1007.3,1005.8,52.0,,
2014-05-01,6000A,MELILLA,52,MELILLA,351635N,025723W,52.0,22.2,16.0,19.1,0.0,5.0,1.7,6.1,7.8,1009.5,1006.6,77.0,,
2014-05-02,6000A,MELILLA,52,MELILLA,351635N,025723W,52.0,24.0,15.6,19.8,0.0,7.0,1.4,7.2,11.4,1009.4,1006.1,72.0,,
2014-05-03,6000A,MELILLA,52,MELILLA,351635N,025723W,52.0,20.6,16.6,18.6,0.0,6.0,3.3,7.8,11.0,1008.9,1006.3,74.0,,
2014-05-04,6000A,MELILLA,52,MELILLA,351635N,025723W,52.0,22.0,15.0,18.5,0.0,4.0,1.9,9.2,13.0,1008.7,1005.5,61.0,,
2014-05-05,6000A,MELILLA,52,MELILLA,351635N,025723W,52.0,21.2,16.6,18.9,0.0,6.0,3.9,8.9,13.2,1008.7,1006.3,75.0,,
2014-05-06,6000A,MELILLA,52,MELILLA,351635N,025723W,52.0,21.0,16.6,18.8,0.0,5.0,3.3,8.9,8.5,1010.6,1008.6,75.0,,
2014-05-07,6000A,MELILLA,52,MELILLA,351635N,025723W,52.0,22.3,14.9,18.6,0.0,4.0,2.2,6.7,10.0,1011.9,1009.8,76.0,,
2014-05-08,6000A,MELILLA,52,MELILLA,351635N,025723W,52.0,21.4,17.8,19.6,0.0,3.0,1.7,7.8,8.2,1013.4,1011.5,77.0,,
2014-05-09,6000A,MELILLA,52,MELILLA,351635N,025723W,52.0,21.8,17.8,19.8,0.0,30.0,1.9,7.2,10.0,1014.1,1011.9,74.0,,
2014-05-10,6000A,MELILLA,52,MELILLA,351635N,025723W,52.0,22.6,15.3,19.0,0.0,4.0,1.9,7.2,9.7,1014.6,1011.4,70.0,,
2014-05-11,6000A,MELILLA,52,MELILLA,351635N,025723W,52.0,26.2,15.6,20.9,0.0,6.0,1.4,8.3,12.9,1011.9,1007.1,71.0,,
2014-05-12,6000A,MELILLA,52,MELILLA,351635N,025723W,52.0,22.7,17.6,20.2,0.0,8.0,2.2,7.8,9.4,1009.7,1007.0,81.0,,
2014-05-13,6000A,MELILLA,52,MELILLA,351635N,025723W,52.0,22.0,18.4,20.2,0.0,8.0,2.5,7.8,7.2,1014.7,1007.9,76.0,,
2014-05-14,6000A,MELILLA,52,MELILLA,351635N,025723W,52.0,19.8,18.4,19.1,0.0,7.0,5.3,11.9,0.5,1017.6,1014.7,76.0,,
2014-05-15,6000A,MELILLA,52,MELILLA,351635N,025723W,52.0,21.4,17.6,19.5,0.0,6.0,5.3,9.7,11.5,1017.2,1011.8,58.0,,
2014-05-16,6000A,MELILLA,52,MELILLA,351635N,025723W,52.0,21.8,17.6,19.7,0.0,7.0,5.6,10.8,11.1,1011.8,1006.2,64.0,,
2014-05-17,6000A,MELILLA,52,MELILLA,351635N,025723W,52.0,18.2,16.2,17.2,6.7,6.0,4.4,14.4,0.0,1007.5,1005.3,79.0,,
2014-05-18,6000A,MELILLA,52,MELILLA,351635N,025723W,52.0,20.4,16.0,18.2,0.0,3.0,3.1,9.2,8.9,1007.7,1005.1,73.0,,
2014-05-19,6000A,MELILLA,52,MELILLA,351635N,025723W,52.0,23.8,14.8,19.3,0.0,31.0,1.1,7.8,12.6,1005.4,1002.1,72.0,,
2014-05-20,6000A,MELILLA,52,MELILLA,351635N,025723W,52.0,23.0,17.8,20.4,0.0,3.0,3.1,7.2,7.0,1005.3,1002.9,62.0,,
2014-05-21,6000A,MELILLA,52,MELILLA,351635N,025723W,52.0,24.4,16.0,20.2,0.0,29.0,3.9,14.4,10.3,1009.1,1003.7,56.0,,
2014-05-22,6000A,MELILLA,52,MELILLA,351635N,025723W,52.0,23.2,17.7,20.4,0.0,26.0,5.3,10.8,10.8,1011.7,1009.1,52.0,,
2014-05-23,6000A,MELILLA,52,MELILLA,351635N,025723W,52.0,22.2,16.0,19.1,0.0,28.0,5.8,11.9,13.6,1010.9,1006.9,48.0,,
2014-05-24,6000A,MELILLA,52,MELILLA,351635N,025723W,52.0,19.8,16.4,18.1,1.8,29.0,1.9,7.8,0.0,1009.4,1006.2,73.0,,
2014-05-25,6000A,MELILLA,52,MELILLA,351635N,025723W,52.0,22.0,15.1,18.6,0.0,29.0,4.2,8.9,11.4,1011.1,1009.4,63.0,,
2014-05-26,6000A,MELILLA,52,MELILLA,351635N,025723W,52.0,23.4,17.2,20.3,0.1,27.0,5.8,12.5,12.5,1013.3,1010.7,46.0,,
2014-05-27,6000A,MELILLA,52,MELILLA,351635N,025723W,52.0,24.2,16.4,20.3,0.0,25.0,5.8,16.1,8.0,1012.9,1011.3,56.0,,
2014-05-28,6000A,MELILLA,52,MELILLA,351635N,025723W,52.0,24.4,17.4,20.9,0.0,24.0,8.1,16.4,12.0,1012.6,1009.8,63.0,,
2014-05-29,6000A,MELILLA,52,MELILLA,351635N,025723W,52.0,25.0,18.0,21.5,0.0,26.0,5.6,15.0,13.5,1013.1,1011.3,53.0,,
2014-05-30,6000A,MELILLA,52,MELILLA,351635N,025723W,52.0,27.0,20.8,23.9,0.0,27.0,6.4,12.8,13.0,1012.5,1008.3,41.0,,
2014-05-31,6000A,MELILLA,52,MELILLA,351635N,025723W,52.0,24.2,18.2,21.2,4.6,26.0,3.3,10.8,10.0,1009.8,1007.9,73.0,,
2014-06-01,6000A,MELILLA,52,MELILLA,351635N,025723W,52.0,21.0,17.0,19.0,0.0,36.0,3.9,10.8,0.9,1012.6,1009.0,81.0,,
2014-06-02,6000A,MELILLA,52,MELILLA,351635N,025723W,52.0,27.0,16.4,21.7,0.0,24.0,4.2,9.7,13.7,1013.1,1012.2,55.0,,
2014-06-03,6000A,MELILLA,52,MELILLA,351635N,025723W,52.0,28.2,16.2,22.2,0.0,30.0,1.1,8.3,14.0,1013.0,1009.5,61.0,,
2014-06-04,6000A,MELILLA,52,MELILLA,351635N,025723W,52.0,28.5,19.8,24.2,0.0,24.0,5.6,13.3,12.1,1009.8,1006.5,43.0,,
2014-06-05,6000A,MELILLA,52,MELILLA,351635N,025723W,52.0,27.6,20.6,24.1,0.0,25.0,1.7,7.2,7.0,1007.7,1005.7,51.0,,
2014-06-06,6000A,MELILLA,52,MELILLA,351635N,025723W,52.0,28.2,19.2,23.7,0.0,24.0,6.7,17.5,10.0,1007.3,1003.4,65.0,,
2014-06-07,6000A,MELILLA,52,MELILLA,351635N,025723W,52.0,25.2,18.4,21.8,0.0,25.0,6.4,12.5,12.0,1010.2,1006.9,59.0,,
2014-06-08,6000A,MELILLA,52,MELILLA,351635N,025723W,52.0,26.0,20.0,23.0,0.0,25.0,6.1,11.9,14.0,1011.7,1010.1,58.0,,
2014-06-09,6000A,MELILLA,52,MELILLA,351635N,025723W,52.0,26.0,19.4,22.7,0.0,28.0,6.7,12.8,10.1,1010.7,1007.9,54.0,,
2014-06-10,6000A,MELILLA,52,MELILLA,351635N,025723W,52.0,27.2,20.6,23.9,0.0,29.0,3.9,10.8,11.6,1011.0,1007.4,51.0,,
2014-06-11,6000A,MELILLA,52,MELILLA,351635N,025723W,52.0,23.4,19.6,21.5,0.0,8.0,2.2,8.3,4.1,1013.9,1011.0,81.0,,
2014-06-12,6000A,MELILLA,52,MELILLA,351635N,025723W,52.0,24.2,20.8,22.5,0.0,8.0,3.9,8.3,5.7,1013.9,1011.4,80.0,,
2014-06-13,6000A,MELILLA,52,MELILLA,351635N,025723W,52.0,28.4,20.2,24.3,0.0,36.0,1.1,6.1,11.0,1013.0,1009.5,68.0,,
2014-06-14,6000A,MELILLA,52,MELILLA,351635N,025723W,52.0,27.4,19.0,23.2,0.0,7.0,1.4,5.6,10.5,1009.9,1003.8,73.0,,
2014-06-15,6000A,MELILLA,52,MELILLA,351635N,025723W,52.0,26.0,20.0,23.0,0.0,7.0,3.1,7.2,6.2,1005.9,1002.3,70.0,,
2014-06-16,6000A,MELILLA,52,MELILLA,351635N,025723W,52.0,24.8,20.6,22.7,0.0,8.0,3.9,8.3,9.8,1007.5,1005.9,76.0,,
2014-06-17,6000A,MELILLA,52,MELILLA,351635N,025723W,52.0,24.8,20.2,22.5,0.0,3.0,2.8,8.9,11.3,1008.7,1006.1,74.0,,
2014-06-18,6000A,MELILLA,52,MELILLA,351635N,025723W,52.0,25.8,19.6,22.7,0.0,7.0,1.9,7.2,9.5,1009.3,1008.2,73.0,,
2014-06-19,6000A,MELILLA,52,MELILLA,351635N,025723W,52.0,25.6,19.8,22.7,0.0,31.0,3.6,8.9,9.1,1010.1,1007.9,72.0,,
2014-06-20,6000A,MELILLA,52,MELILLA,351635N,025723W,52.0,25.6,20.6,23.1,0.0,26.0,5.0,10.3,8.3,1010.1,1008.2,67.0,,
2014-06-21,6000A,MELILLA,52,MELILLA,351635N,025723W,52.0,27.5,20.2,23.8,0.0,24.0,5.6,11.9,11.6,1010.3,1009.0,53.0,,
2014-06-22,6000A,MELILLA,52,MELILLA,351635N,025723W,52.0,25.6,20.4,23.0,0.0,29.0,5.6,12.5,5.7,1012.2,1009.8,57.0,,
2014-06-23,6000A,MELILLA,52,MELILLA,351635N,025723W,52.0,27.0,19.2,23.1,5.0,25.0,5.3,11.4,9.4,1012.5,1008.6,52.0,,
2014-06-24,6000A,MELILLA,52,MELILLA,351635N,025723W,52.0,24.2,18.4,21.3,7.0,25.0,2.2,8.3,9.1,1011.9,1010.3,81.0,,
2014-06-25,6000A,MELILLA,52,MELILLA,351635N,025723W,52.0,25.6,19.4,22.5,0.0,29.0,4.7,12.5,12.2,1011.8,1009.0,64.0,,
2014-06-26,6000A,MELILLA,52,MELILLA,351635N,025723W,52.0,27.4,20.0,23.7,0.0,25.0,4.2,9.7,12.1,1010.5,1008.7,57.0,,
2014-06-27,6000A,MELILLA,52,MELILLA,351635N,025723W,52.0,26.4,19.2,22.8,0.0,4.0,1.7,8.3,11.5,1010.5,1008.7,52.0,,
2014-06-28,6000A,MELILLA,52,MELILLA,351635N,025723W,52.0,30.0,19.8,24.9,0.0,25.0,3.3,13.3,13.4,1009.4,1007.7,52.0,,
2014-06-29,6000A,MELILLA,52,MELILLA,351635N,025723W,52.0,28.2,22.8,25.5,0.0,26.0,8.1,16.9,11.3,1011.9,1009.0,54.0,,
2014-06-30,6000A,MELILLA,52,MELILLA,351635N,025723W,52.0,31.0,23.6,27.3,0.0,25.0,2.5,8.9,13.2,1011.7,1009.0,34.0,,
2014-07-01,6000A,MELILLA,52,MELILLA,351635N,025723W,52.0,29.2,23.0,26.1,0.0,26.0,5.6,15.6,13.2,1009.9,1006.9,38.0,,
2014-07-02,6000A,MELILLA,52,MELILLA,351635N,025723W,52.0,24.8,20.8,22.8,0.0,25.0,6.4,15.0,10.0,1013.3,1008.2,64.0,,
2014-07-03,6000A,MELILLA,52,MELILLA,351635N,025723W,52.0,26.6,19.6,23.1,0.0,24.0,3.6,11.4,13.2,1011.0,1009.7,46.0,,
2014-07-04,6000A,MELILLA,52,MELILLA,351635N,025723W,52.0,30.6,21.4,26.0,0.0,26.0,3.6,8.9,14.0,1011.4,1009.4,54.0,,
2014-07-05,6000A,MELILLA,52,MELILLA,351635N,025723W,52.0,29.4,20.4,24.9,0.0,4.0,2.2,8.3,14.0,1010.9,1008.2,47.0,,
2014-07-06,6000A,MELILLA,52,MELILLA,351635N,025723W,52.0,26.8,21.6,24.2,0.0,25.0,8.3,18.1,13.0,1010.1,1007.7,65.0,,
2014-07-07,6000A,MELILLA,52,MELILLA,351635N,025723W,52.0,26.8,21.2,24.0,0.0,25.0,6.7,16.4,13.9,1011.3,1009.3,67.0,,
2014-07-08,6000A,MELILLA,52,MELILLA,351635N,025723W,52.0,26.8,20.4,23.6,0.0,6.0,1.9,6.7,14.0,1010.3,1008.7,63.0,,
2014-07-09,6000A,MELILLA,52,MELILLA,351635N,025723W,52.0,26.0,19.6,22.8,0.0,10.0,2.2,7.8,8.8,1011.1,1007.9,77.0,,
2014-07-10,6000A,MELILLA,52,MELILLA,351635N,025723W,52.0,26.2,22.0,24.1,0.0,8.0,2.8,9.7,10.9,1010.6,1007.9,76.0,,
2014-07-11,6000A,MELILLA,52,MELILLA,351635N,025723W,52.0,26.8,20.0,23.4,0.0,6.0,1.7,7.2,12.5,1010.6,1007.9,77.0,,
2014-07-12,6000A,MELILLA,52,MELILLA,351635N,025723W,52.0,31.2,22.8,27.0,0.0,25.0,2.5,9.2,9.7,1009.5,1007.7,71.0,,
2014-07-13,6000A,MELILLA,52,MELILLA,351635N,025723W,52.0,29.4,22.0,25.7,0.0,32.0,2.2,8.3,13.1,1010.3,1008.7,77.0,,
2014-07-14,6000A,MELILLA,52,MELILLA,351635N,025723W,52.0,29.0,22.4,25.7,0.0,2.0,1.7,6.1,13.8,1009.7,1007.8,64.0,,
2014-07-15,6000A,MELILLA,52,MELILLA,351635N,025723W,52.0,26.4,23.2,24.8,0.0,5.0,2.8,8.3,9.5,1010.9,1009.1,81.0,,
2014-07-16,6000A,MELILLA,52,MELILLA,351635N,025723W,52.0,25.6,23.2,24.4,0.0,6.0,2.8,6.1,2.2,1010.9,1010.1,80.0,,
2014-07-17,6000A,MELILLA,52,MELILLA,351635N,025723W,52.0,27.0,23.0,25.0,0.0,28.0,3.3,9.7,8.5,1010.7,1007.7,80.0,,
2014-07-18,6000A,MELILLA,52,MELILLA,351635N,025723W,52.0,27.8,23.4,25.6,0.0,24.0,5.3,13.3,5.6,1009.0,1005.9,72.0,,
2014-07-19,6000A,MELILLA,52,MELILLA,351635N,025723W,52.0,28.0,22.8,25.4,0.0,28.0,6.9,14.4,10.0,1008.7,1006.9,64.0,,
2014-07-20,6000A,MELILLA,52,MELILLA,351635N,025723W,52.0,27.6,21.2,24.4,0.0,25.0,6.4,15.6,13.5,1011.8,1008.5,61.0,,
2014-07-21,6000A,MELILLA,52,MELILLA,351635N,025723W,52.0,27.4,20.8,24.1,0.0,34.0,2.5,7.2,11.8,1012.5,1010.1,61.0,,
2014-07-22,6000A,MELILLA,52,MELILLA,351635N,025723W,52.0,27.8,19.6,23.7,0.0,6.0,1.4,5.6,13.7,1010.9,1006.9,65.0,,
2014-07-23,6000A,MELILLA,52,MELILLA,351635N,025723W,52.0,29.2,21.4,25.3,0.0,2.0,1.9,6.7,11.2,1007.4,1004.1,62.0,,
2014-07-24,6000A,MELILLA,52,MELILLA,351635N,025723W,52.0,32.4,24.0,28.2,0.0,26.0,4.4,12.5,13.0,1005.0,1003.1,47.0,,
2014-07-25,6000A,MELILLA,52,MELILLA,351635N,025723W,52.0,29.8,24.6,27.2,0.0,25.0,5.3,11.9,8.9,1005.8,1003.3,53.0,,
2014-07-26,6000A,MELILLA,52,MELILLA,351635N,025723W,52.0,28.4,22.2,25.3,0.0,27.0,1.9,6.7,12.7,1009.7,1005.7,70.0,,
2014-07-27,6000A,MELILLA,52,MELILLA,351635N,025723W,52.0,28.2,21.8,25.0,0.0,1.0,2.5,7.8,8.4,1011.7,1008.7,81.0,,
2014-07-28,6000A,MELILLA,52,MELILLA,351635N,025723W,52.0,29.8,22.0,25.9,0.0,26.0,3.1,10.3,11.5,1010.1,1005.7,76.0,,
2014-07-29,6000A,MELILLA,52,MELILLA,351635N,025723W,52.0,29.0,22.2,25.6,0.0,26.0,5.0,11.4,12.8,1007.8,1005.3,69.0,,
2014-07-30,6000A,MELILLA,52,MELILLA,351635N,025723W,52.0,27.2,20.4,23.8,0.0,3.0,1.4,7.8,9.8,1008.1,1006.6,80.0,,
2014-07-31,6000A,MELILLA,52,MELILLA,351635N,025723W,52.0,27.4,22.0,24.7,0.0,29.0,4.2,11.4,9.8,1009.8,1007.7,77.0,,
2014-08-01,6000A,MELILLA,52,MELILLA,351635N,025723W,52.0,26.2,21.2,23.7,0.0,26.0,7.2,19.2,11.5,1009.0,1005.1,73.0,,
2014-08-02,6000A,MELILLA,52,MELILLA,351635N,025723W,52.0,26.8,20.8,23.8,0.0,25.0,7.5,14.4,11.1,1007.7,1004.7,70.0,,
2014-08-03,6000A,MELILLA,52,MELILLA,351635N,025723W,52.0,27.6,20.6,24.1,0.0,23.0,2.8,10.3,11.3,1006.9,1004.9,63.0,,
2014-08-04,6000A,MELILLA,52,MELILLA,351635N,025723W,52.0,30.6,21.2,25.9,0.0,31.0,2.2,8.3,10.3,1010.5,1006.6,52.0,,
2014-08-05,6000A,MELILLA,52,MELILLA,351635N,025723W,52.0,34.0,23.8,28.9,0.0,29.0,4.4,9.7,11.3,1011.1,1008.7,45.0,,
2014-08-06,6000A,MELILLA,52,MELILLA,351635N,025723W,52.0,28.2,21.8,25.0,0.0,8.0,1.9,7.8,11.2,1011.1,1009.1,71.0,,
2014-08-07,6000A,MELILLA,52,MELILLA,351635N,025723W,52.0,29.0,21.8,25.4,0.0,1.0,1.4,6.7,11.7,1010.3,1007.1,66.0,,
2014-08-08,6000A,MELILLA,52,MELILLA,351635N,025723W,52.0,30.0,22.2,26.1,0.0,26.0,3.1,9.2,8.5,1008.5,1004.3,75.0,,
2014-08-09,6000A,MELILLA,52,MELILLA,351635N,025723W,52.0,30.6,22.8,26.7,0.0,29.0,1.9,7.8,10.2,1006.1,1003.9,69.0,,
2014-08-10,6000A,MELILLA,52,MELILLA,351635N,025723W,52.0,32.6,25.8,29.2,0.0,25.0,5.0,11.9,10.0,1007.7,1005.4,41.0,,
2014-08-11,6000A,MELILLA,52,MELILLA,351635N,025723W,52.0,32.6,26.2,29.4,0.0,25.0,5.0,12.5,11.1,1009.1,1006.9,32.0,,
2014-08-12,6000A,MELILLA,52,MELILLA,351635N,025723W,52.0,31.4,23.2,27.3,0.0,25.0,5.0,8.9,11.2,1009.0,1006.2,49.0,,
2014-08-13,6000A,MELILLA,52,MELILLA,351635N,025723W,52.0,31.6,25.0,28.3,0.0,26.0,7.5,16.4,13.0,1007.3,1004.3,57.0,,
2014-08-14,6000A,MELILLA,52,MELILLA,351635N,025723W,52.0,32.0,23.6,27.8,0.0,25.0,2.5,14.4,11.0,1009.5,1005.7,52.0,,
2014-08-15,6000A,MELILLA,52,MELILLA,351635N,025723W,52.0,28.5,23.1,25.8,0.0,3.0,1.7,8.3,10.8,1010.9,1008.7,85.0,,
2014-08-16,6000A,MELILLA,52,MELILLA,351635N,025723W,52.0,28.0,23.6,25.8,0.0,7.0,3.6,9.2,8.7,1011.3,1009.7,79.0,,
2014-08-17,6000A,MELILLA,52,MELILLA,351635N,025723W,52.0,26.6,24.0,25.3,0.0,7.0,5.6,12.5,3.8,1011.3,1006.9,85.0,,
2014-08-18,6000A,MELILLA,52,MELILLA,351635N,025723W,52.0,27.4,22.2,24.8,0.0,35.0,3.1,8.3,7.5,1006.9,1004.9,83.0,,
2014-08-19,6000A,MELILLA,52,MELILLA,351635N,025723W,52.0,29.8,21.4,25.6,0.0,25.0,4.7,14.4,10.3,1008.5,1005.5,70.0,,
2014-08-20,6000A,MELILLA,52,MELILLA,351635N,025723W,52.0,32.0,21.0,26.5,0.0,28.0,4.4,10.3,11.0,1010.3,1007.4,55.0,,
2014-08-21,6000A,MELILLA,52,MELILLA,351635N,025723W,52.0,33.0,25.0,29.0,0.0,29.0,3.9,9.7,12.5,1009.1,1007.1,44.0,,
2014-08-22,6000A,MELILLA,52,MELILLA,351635N,025723W,52.0,29.6,24.2,26.9,0.0,25.0,4.4,11.4,12.0,1009.9,1006.9,61.0,,
2014-08-23,6000A,MELILLA,52,MELILLA,351635N,025723W,52.0,31.9,23.2,27.6,0.0,24.0,3.1,12.5,10.6,1011.9,1007.7,67.0,,
2014-08-24,6000A,MELILLA,52,MELILLA,351635N,025723W,52.0,27.4,22.8,25.1,0.0,7.0,1.7,8.3,8.7,1012.6,1009.9,83.0,,
2014-08-25,6000A,MELILLA,52,MELILLA,351635N,025723W,52.0,27.3,22.9,25.1,0.0,9.0,2.8,8.3,10.2,1011.3,1008.7,80.0,,
2014-08-26,6000A,MELILLA,52,MELILLA,351635N,025723W,52.0,30.2,23.0,26.6,0.0,29.0,3.3,8.9,11.5,1009.8,1006.9,77.0,,
2014-08-27,6000A,MELILLA,52,MELILLA,351635N,025723W,52.0,36.0,24.2,30.1,0.0,28.0,1.1,6.7,10.4,1008.3,1006.9,53.0,,
2014-08-28,6000A,MELILLA,52,MELILLA,351635N,025723W,52.0,29.4,23.2,26.3,0.0,3.0,1.1,7.8,11.0,1008.7,1007.9,64.0,,
2014-08-29,6000A,MELILLA,52,MELILLA,351635N,025723W,52.0,30.8,23.2,27.0,0.0,4.0,1.7,7.8,10.0,1008.6,1006.9,82.0,,
2014-08-30,6000A,MELILLA,52,MELILLA,351635N,025723W,52.0,27.8,24.6,26.2,0.0,7.0,1.9,7.8,10.4,1009.4,1007.4,82.0,,
2014-08-31,6000A,MELILLA,52,MELILLA,351635N,025723W,52.0,27.2,24.0,25.6,,6.0,1.7,9.2,3.2,1009.5,1007.9,90.0,,
2014-09-01,6000A,MELILLA,52,MELILLA,351635N,025723W,52.0,28.0,23.2,25.6,0.0,6.0,1.9,9.2,3.2,1009.0,1006.3,84.0,,
2014-09-02,6000A,MELILLA,52,MELILLA,351635N,025723W,52.0,30.0,23.0,26.5,0.0,31.0,3.1,9.7,7.7,1008.9,1004.7,81.0,,
2014-09-03,6000A,MELILLA,52,MELILLA,351635N,025723W,52.0,31.4,25.0,28.2,0.0,24.0,4.7,11.9,9.2,1007.3,1004.1,59.0,,
2014-09-04,6000A,MELILLA,52,MELILLA,351635N,025723W,52.0,32.8,26.0,29.4,0.0,24.0,5.8,13.3,11.0,1007.0,1005.3,59.0,,
2014-09-05,6000A,MELILLA,52,MELILLA,351635N,025723W,52.0,31.8,24.8,28.3,0.0,28.0,5.6,10.3,11.3,1008.5,1006.3,60.0,,
2014-09-06,6000A,MELILLA,52,MELILLA,351635N,025723W,52.0,28.2,23.0,25.6,0.0,29.0,5.6,11.4,10.7,1009.0,1005.9,72.0,,
2014-09-07,6000A,MELILLA,52,MELILLA,351635N,025723W,52.0,27.4,22.8,25.1,0.0,29.0,5.0,11.9,10.4,1007.7,1006.1,66.0,,
2014-09-08,6000A,MELILLA,52,MELILLA,351635N,025723W,52.0,29.6,23.4,26.5,0.0,27.0,4.4,9.7,11.5,1008.6,1006.6,69.0,,
2014-09-09,6000A,MELILLA,52,MELILLA,351635N,025723W,52.0,28.8,21.8,25.3,0.0,6.0,2.5,7.2,12.0,1009.3,1007.9,67.0,,
2014-09-10,6000A,MELILLA,52,MELILLA,351635N,025723W,52.0,28.8,20.0,24.4,0.0,32.0,2.8,8.3,10.5,1009.0,1006.5,73.0,,
2014-09-11,6000A,MELILLA,52,MELILLA,351635N,025723W,52.0,27.8,22.8,25.3,0.0,26.0,5.8,12.5,11.2,1009.9,1008.2,60.0,,
2014-09-12,6000A,MELILLA,52,MELILLA,351635N,025723W,52.0,29.2,23.6,26.4,0.0,25.0,4.7,11.9,11.3,1010.1,1008.6,56.0,,
2014-09-13,6000A,MELILLA,52,MELILLA,351635N,025723W,52.0,29.4,23.0,26.2,0.0,25.0,2.5,8.3,10.0,1011.0,1008.7,60.0,,
2014-09-14,6000A,MELILLA,52,MELILLA,351635N,025723W,52.0,28.9,24.2,26.6,0.0,25.0,5.0,11.4,10.0,1010.1,1007.5,65.0,,
2014-09-15,6000A,MELILLA,52,MELILLA,351635N,025723W,52.0,28.0,22.8,25.4,0.0,25.0,1.9,9.7,7.4,1009.0,1005.5,54.0,,
2014-09-16,6000A,MELILLA,52,MELILLA,351635N,025723W,52.0,28.6,22.0,25.3,0.0,31.0,1.1,7.2,2.5,1005.5,1002.9,83.0,,
2014-09-17,6000A,MELILLA,52,MELILLA,351635N,025723W,52.0,26.2,20.4,23.3,0.0,4.0,1.9,7.2,6.7,1005.7,1003.4,76.0,,
2014-09-18,6000A,MELILLA,52,MELILLA,351635N,025723W,52.0,27.2,19.4,23.3,0.0,34.0,1.7,8.9,6.0,1006.7,1003.8,72.0,,
2014-09-19,6000A,MELILLA,52,MELILLA,351635N,025723W,52.0,26.0,22.4,24.2,0.0,1.0,1.9,8.3,7.8,1009.1,1005.9,66.0,,
2014-09-20,6000A,MELILLA,52,MELILLA,351635N,025723W,52.0,26.4,21.0,23.7,,11.0,0.8,6.1,0.3,1011.3,1007.9,66.0,,
2014-09-21,6000A,MELILLA,52,MELILLA,351635N,025723W,52.0,27.4,22.4,24.9,0.0,25.0,1.7,14.4,0.0,1011.9,1007.9,69.0,,
2014-09-22,6000A,MELILLA,52,MELILLA,351635N,025723W,52.0,27.4,21.8,24.6,0.0,26.0,3.3,9.2,6.0,1009.7,1007.9,60.0,,
2014-09-23,6000A,MELILLA,52,MELILLA,351635N,025723W,52.0,26.4,20.2,23.3,0.0,1.0,3.1,7.8,8.3,1009.9,1007.7,68.0,,
2014-09-24,6000A,MELILLA,52,MELILLA,351635N,025723W,52.0,26.3,18.4,22.4,0.0,26.0,2.5,7.8,7.6,1010.6,1008.5,59.0,,
2014-09-25,6000A,MELILLA,52,MELILLA,351635N,025723W,52.0,25.2,20.2,22.7,0.0,3.0,2.5,8.9,11.5,1011.9,1010.3,62.0,,
2014-09-26,6000A,MELILLA,52,MELILLA,351635N,025723W,52.0,25.2,20.7,23.0,13.3,4.0,1.1,9.2,2.4,1013.8,1011.5,72.0,,
2014-09-27,6000A,MELILLA,52,MELILLA,351635N,025723W,52.0,24.4,21.0,22.7,24.2,8.0,2.2,8.3,0.9,1013.5,1011.0,86.0,,
2014-09-28,6000A,MELILLA,52,MELILLA,351635N,025723W,52.0,25.2,20.8,23.0,14.5,26.0,3.6,8.3,6.0,1014.6,1013.0,84.0,,
2014-09-29,6000A,MELILLA,52,MELILLA,351635N,025723W,52.0,23.2,20.4,21.8,8.2,3.0,1.1,6.1,0.2,1014.9,1013.3,92.0,,
2014-09-30,6000A,MELILLA,52,MELILLA,351635N,025723W,52.0,24.2,20.2,22.2,1.0,4.0,1.9,9.2,1.0,1014.9,1012.2,91.0,,
2014-10-01,6000A,MELILLA,52,MELILLA,351635N,025723W,52.0,25.8,22.0,23.9,0.0,35.0,3.3,13.3,3.7,1014.9,1012.2,85.0,,
2014-10-02,6000A,MELILLA,52,MELILLA,351635N,025723W,52.0,23.6,22.2,22.9,0.3,12.0,3.1,9.7,0.0,1014.5,1012.9,92.0,,
2014-10-03,6000A,MELILLA,52,MELILLA,351635N,025723W,52.0,24.8,20.0,22.4,0.0,4.0,2.8,9.7,5.0,1015.1,1012.9,83.0,,
2014-10-04,6000A,MELILLA,52,MELILLA,351635N,025723W,52.0,24.8,18.8,21.8,0.0,4.0,1.7,7.2,8.0,1013.4,1010.7,82.0,,
2014-10-05,6000A,MELILLA,52,MELILLA,351635N,025723W,52.0,26.0,17.4,21.7,0.0,5.0,1.1,8.3,10.5,1011.0,1006.7,69.0,,
2014-10-06,6000A,MELILLA,52,MELILLA,351635N,025723W,52.0,24.8,19.4,22.1,0.0,30.0,3.6,9.2,5.9,1009.5,1007.9,69.0,,
2014-10-07,6000A,MELILLA,52,MELILLA,351635N,025723W,52.0,27.4,17.6,22.5,0.0,28.0,1.9,7.8,11.0,1009.3,1006.7,59.0,,
2014-10-08,6000A,MELILLA,52,MELILLA,351635N,025723W,52.0,27.0,17.6,22.3,0.0,29.0,2.2,8.9,9.7,1008.6,1006.9,62.0,,
2014-10-09,6000A,MELILLA,52,MELILLA,351635N,025723W,52.0,26.6,18.0,22.3,0.0,26.0,3.3,8.9,9.0,1011.0,1007.3,65.0,,
2014-10-10,6000A,MELILLA,52,MELILLA,351635N,025723W,52.0,25.2,19.4,22.3,0.0,4.0,1.9,6.1,4.8,1009.7,1008.3,70.0,,
2014-10-11,6000A,MELILLA,52,MELILLA,351635N,025723W,52.0,25.0,18.0,21.5,1.6,26.0,1.7,16.1,0.1,1009.4,1000.2,80.0,,
2014-10-12,6000A,MELILLA,52,MELILLA,351635N,025723W,52.0,24.8,18.5,21.6,0.0,29.0,3.9,14.4,5.5,1009.3,1004.7,76.0,,
2014-10-13,6000A,MELILLA,52,MELILLA,351635N,025723W,52.0,24.0,15.8,19.9,0.1,31.0,2.5,7.2,7.2,1010.1,1006.6,63.0,,
2014-10-14,6000A,MELILLA,52,MELILLA,351635N,025723W,52.0,22.0,15.2,18.6,3.3,28.0,7.2,19.7,4.3,1008.7,1002.6,71.0,,
2014-10-15,6000A,MELILLA,52,MELILLA,351635N,025723W,52.0,25.0,18.4,21.7,0.0,26.0,3.9,11.4,9.2,1011.9,1008.6,63.0,,
2014-10-16,6000A,MELILLA,52,MELILLA,351635N,025723W,52.0,26.0,16.9,21.4,0.0,1.0,1.4,8.3,9.6,1011.7,1009.5,72.0,,
2014-10-17,6000A,MELILLA,52,MELILLA,351635N,025723W,52.0,24.0,18.0,21.0,0.0,8.0,0.8,6.7,8.2,1012.7,1010.3,79.0,,
2014-10-18,6000A,MELILLA,52,MELILLA,351635N,025723W,52.0,25.3,18.4,21.8,0.0,29.0,1.4,7.2,6.9,1013.3,1011.1,81.0,,
2014-10-19,6000A,MELILLA,52,MELILLA,351635N,025723W,52.0,26.8,17.8,22.3,0.0,10.0,1.4,7.8,6.7,1012.7,1009.9,71.0,,
2014-10-20,6000A,MELILLA,52,MELILLA,351635N,025723W,52.0,25.4,20.4,22.9,0.0,9.0,1.9,7.8,7.2,1013.5,1011.4,78.0,,
2014-10-21,6000A,MELILLA,52,MELILLA,351635N,025723W,52.0,24.4,18.0,21.2,0.0,26.0,1.7,6.1,8.7,1017.8,1013.5,84.0,,
2014-10-22,6000A,MELILLA,52,MELILLA,351635N,025723W,52.0,28.2,17.2,22.7,0.0,32.0,0.8,6.1,10.0,1017.5,1014.1,50.0,,
2014-10-23,6000A,MELILLA,52,MELILLA,351635N,025723W,52.0,23.6,17.0,20.3,0.0,11.0,1.9,6.7,8.0,1015.8,1006.6,82.0,,
2014-10-24,6000A,MELILLA,52,MELILLA,351635N,025723W,52.0,24.0,14.8,19.4,0.0,4.0,1.9,6.1,9.7,1011.9,1009.3,74.0,,
2014-10-25,6000A,MELILLA,52,MELILLA,351635N,025723W,52.0,23.2,17.0,20.1,0.0,4.0,1.4,6.1,8.5,1012.7,1010.3,83.0,,
2014-10-26,6000A,MELILLA,52,MELILLA,351635N,025723W,52.0,24.4,17.0,20.7,0.0,28.0,2.5,6.7,8.5,1014.3,1012.2,82.0,,
2014-10-27,6000A,MELILLA,52,MELILLA,351635N,025723W,52.0,23.7,15.8,19.8,0.0,6.0,1.1,5.3,7.4,1013.3,1011.0,83.0,,
2014-10-28,6000A,MELILLA,52,MELILLA,351635N,025723W,52.0,24.0,18.4,21.2,0.0,7.0,1.1,5.6,6.8,1011.1,1007.9,78.0,,
2014-10-29,6000A,MELILLA,52,MELILLA,351635N,025723W,52.0,23.8,19.2,21.5,0.0,6.0,2.5,8.3,3.4,1011.8,1009.0,80.0,,
2014-10-30,6000A,MELILLA,52,MELILLA,351635N,025723W,52.0,23.4,19.2,21.3,0.0,6.0,2.2,7.2,7.4,1013.9,1011.4,80.0,,
2014-10-31,6000A,MELILLA,52,MELILLA,351635N,025723W,52.0,23.2,19.6,21.4,0.0,6.0,3.6,9.2,8.3,1015.7,1013.5,71.0,,
2014-11-01,6000A,MELILLA,52,MELILLA,351635N,025723W,52.0,22.6,17.0,19.8,0.0,3.0,1.4,6.1,7.3,1016.4,1014.9,79.0,,
2014-11-02,6000A,MELILLA,52,MELILLA,351635N,025723W,52.0,22.0,16.8,19.4,0.0,5.0,1.7,7.8,7.7,1015.5,1011.8,76.0,,
2014-11-03,6000A,MELILLA,52,MELILLA,351635N,025723W,52.0,28.2,15.8,22.0,0.0,25.0,3.6,11.4,8.3,1012.2,1006.5,74.0,,
2014-11-04,6000A,MELILLA,52,MELILLA,351635N,025723W,52.0,22.8,14.0,18.4,19.2,25.0,6.1,18.1,0.0,1006.5,998.1,65.0,,
2014-11-05,6000A,MELILLA,52,MELILLA,351635N,025723W,52.0,18.0,13.6,15.8,0.0,28.0,7.8,17.5,9.5,1007.4,1001.5,54.0,,
2014-11-06,6000A,MELILLA,52,MELILLA,351635N,025723W,52.0,19.4,15.4,17.4,0.0,25.0,6.1,15.6,9.2,1012.7,1007.4,60.0,,
2014-11-07,6000A,MELILLA,52,MELILLA,351635N,025723W,52.0,23.0,16.6,19.8,0.0,26.0,4.2,13.9,7.2,1013.4,1010.9,63.0,,
2014-11-08,6000A,MELILLA,52,MELILLA,351635N,025723W,52.0,21.2,15.2,18.2,5.0,25.0,3.1,11.4,4.0,1012.2,1008.2,69.0,,
2014-11-09,6000A,MELILLA,52,MELILLA,351635N,025723W,52.0,18.2,13.8,16.0,2.8,25.0,7.2,16.1,4.8,1008.2,1004.5,68.0,,
2014-11-10,6000A,MELILLA,52,MELILLA,351635N,025723W,52.0,18.4,13.0,15.7,0.0,28.0,3.6,11.9,9.6,1008.5,1007.3,64.0,,
2014-11-11,6000A,MELILLA,52,MELILLA,351635N,025723W,52.0,20.2,11.7,16.0,0.8,23.0,2.8,11.4,0.7,1007.8,1001.8,71.0,,
2014-11-12,6000A,MELILLA,52,MELILLA,351635N,025723W,52.0,21.4,16.2,18.8,0.0,23.0,1.9,7.8,1.6,1010.3,1004.6,69.0,,
2014-11-13,6000A,MELILLA,52,MELILLA,351635N,025723W,52.0,22.6,14.0,18.3,0.0,5.0,0.8,5.3,8.7,1010.6,1008.5,78.0,,
2014-11-14,6000A,MELILLA,52,MELILLA,351635N,025723W,52.0,24.4,14.8,19.6,0.2,27.0,2.2,10.3,5.9,1008.5,1004.7,70.0,,
2014-11-15,6000A,MELILLA,52,MELILLA,351635N,025723W,52.0,19.9,15.8,17.8,0.0,29.0,5.3,19.7,6.5,1011.1,1006.2,70.0,,
2014-11-16,6000A,MELILLA,52,MELILLA,351635N,025723W,52.0,20.2,14.4,17.3,0.0,28.0,2.5,7.8,3.0,1011.5,1008.3,65.0,,
2014-11-17,6000A,MELILLA,52,MELILLA,351635N,025723W,52.0,19.8,11.8,15.8,0.0,25.0,3.1,11.9,9.0,1010.2,1005.1,63.0,,
2014-11-18,6000A,MELILLA,52,MELILLA,351635N,025723W,52.0,18.8,10.8,14.8,0.0,15.0,0.6,7.2,7.6,1008.1,1006.5,79.0,,
2014-11-19,6000A,MELILLA,52,MELILLA,351635N,025723W,52.0,19.2,11.8,15.5,0.0,12.0,1.7,6.7,7.5,1009.1,1006.9,86.0,,
2014-11-20,6000A,MELILLA,52,MELILLA,351635N,025723W,52.0,20.2,17.4,18.8,0.0,9.0,2.5,7.8,4.0,1009.1,1006.7,88.0,,
2014-11-21,6000A,MELILLA,52,MELILLA,351635N,025723W,52.0,19.8,17.8,18.8,0.0,11.0,1.1,7.2,0.0,1009.3,1006.5,86.0,,
2014-11-22,6000A,MELILLA,52,MELILLA,351635N,025723W,52.0,26.8,17.4,22.1,0.0,16.0,2.5,20.6,0.0,1008.2,1002.6,38.0,,
2014-11-23,6000A,MELILLA,52,MELILLA,351635N,025723W,52.0,28.0,18.6,23.3,,16.0,6.1,22.8,6.5,1005.0,1000.7,61.0,,
2014-11-24,6000A,MELILLA,52,MELILLA,351635N,025723W,52.0,23.0,17.2,20.1,0.0,26.0,2.5,10.8,2.0,1010.6,1004.7,75.0,,
2014-11-25,6000A,MELILLA,52,MELILLA,351635N,025723W,52.0,21.0,16.8,18.9,0.0,27.0,3.9,10.3,3.1,1012.5,1010.3,73.0,,
2014-11-26,6000A,MELILLA,52,MELILLA,351635N,025723W,52.0,20.2,13.4,16.8,0.0,1.0,0.6,6.7,8.4,1011.3,1003.8,77.0,,
2014-11-27,6000A,MELILLA,52,MELILLA,351635N,025723W,52.0,21.0,14.0,17.5,2.2,15.0,2.2,13.9,1.8,1003.8,990.5,60.0,,
2014-11-28,6000A,MELILLA,52,MELILLA,351635N,025723W,52.0,20.2,13.2,16.7,0.0,19.0,5.6,20.6,0.8,990.5,981.1,51.0,,
2014-11-29,6000A,MELILLA,52,MELILLA,351635N,025723W,52.0,19.4,10.8,15.1,0.0,27.0,1.1,7.2,2.3,991.1,982.9,62.0,,
2014-11-30,6000A,MELILLA,52,MELILLA,351635N,025723W,52.0,20.0,10.8,15.4,0.0,25.0,2.8,9.7,7.4,996.2,991.1,55.0,,
2014-12-01,6000A,MELILLA,52,MELILLA,351635N,025723W,52.0,20.2,12.5,16.4,0.8,24.0,5.0,16.9,8.7,1004.7,996.2,68.0,,
2014-12-02,6000A,MELILLA,52,MELILLA,351635N,025723W,52.0,18.4,14.0,16.2,0.4,29.0,5.0,18.6,7.2,1005.7,997.3,61.0,,
2014-12-03,6000A,MELILLA,52,MELILLA,351635N,025723W,52.0,19.2,13.0,16.1,4.1,30.0,1.7,9.2,2.8,1005.7,1001.8,76.0,,
2014-12-04,6000A,MELILLA,52,MELILLA,351635N,025723W,52.0,19.4,12.0,15.7,3.7,26.0,3.6,12.8,6.2,1011.3,1004.1,59.0,,
2014-12-05,6000A,MELILLA,52,MELILLA,351635N,025723W,52.0,17.8,12.2,15.0,0.0,26.0,3.1,9.7,6.2,1016.8,1011.3,62.0,,
2014-12-06,6000A,MELILLA,52,MELILLA,351635N,025723W,52.0,17.0,11.6,14.3,0.0,29.0,2.8,9.2,8.8,1018.3,1014.9,67.0,,
2014-12-07,6000A,MELILLA,52,MELILLA,351635N,025723W,52.0,17.0,10.0,13.5,0.0,28.0,4.4,12.8,8.6,1019.6,1014.9,55.0,,
2014-12-08,6000A,MELILLA,52,MELILLA,351635N,025723W,52.0,16.6,7.8,12.2,0.0,11.0,0.8,4.2,9.1,1021.6,1019.6,63.0,,
2014-12-09,6000A,MELILLA,52,MELILLA,351635N,025723W,52.0,18.2,8.5,13.4,0.0,25.0,6.7,15.0,8.6,1021.2,1018.6,60.0,,
2014-12-10,6000A,MELILLA,52,MELILLA,351635N,025723W,52.0,16.6,7.6,12.1,0.0,5.0,1.9,7.8,8.5,1025.2,1020.2,47.0,,
2014-12-11,6000A,MELILLA,52,MELILLA,351635N,025723W,52.0,18.0,7.0,12.5,0.0,14.0,0.3,7.2,8.6,1023.8,1019.4,54.0,,
2014-12-12,6000A,MELILLA,52,MELILLA,351635N,025723W,52.0,17.6,7.4,12.5,0.0,2.0,1.9,7.8,7.8,1020.2,1013.3,70.0,,
2014-12-13,6000A,MELILLA,52,MELILLA,351635N,025723W,52.0,21.4,9.8,15.6,0.0,11.0,1.9,7.2,3.0,1013.8,1005.8,56.0,,
2014-12-14,6000A,MELILLA,52,MELILLA,351635N,025723W,52.0,18.0,10.6,14.3,2.6,23.0,3.1,10.8,4.7,1007.7,1005.8,53.0,,
2014-12-15,6000A,MELILLA,52,MELILLA,351635N,025723W,52.0,17.0,10.3,13.6,1.5,25.0,5.3,15.6,2.8,1012.9,1007.7,73.0,,
2014-12-16,6000A,MELILLA,52,MELILLA,351635N,025723W,52.0,17.8,14.8,16.3,2.0,25.0,8.6,18.6,3.0,1013.8,1011.8,72.0,,
2014-12-17,6000A,MELILLA,52,MELILLA,351635N,025723W,52.0,18.4,11.2,14.8,0.0,27.0,3.6,10.8,8.6,1020.8,1013.8,75.0,,
2014-12-18,6000A,MELILLA,52,MELILLA,351635N,025723W,52.0,20.4,10.0,15.2,0.0,7.0,0.3,5.6,8.7,1021.4,1018.0,66.0,,
2014-12-19,6000A,MELILLA,52,MELILLA,351635N,025723W,52.0,19.0,10.0,14.5,0.0,1.0,1.1,7.2,8.5,1023.6,1021.2,77.0,,
2014-12-20,6000A,MELILLA,52,MELILLA,351635N,025723W,52.0,17.6,10.8,14.2,0.0,6.0,1.7,7.8,7.9,1024.2,1022.3,80.0,,
2014-12-21,6000A,MELILLA,52,MELILLA,351635N,025723W,52.0,16.8,15.4,16.1,0.0,7.0,2.8,9.2,0.0,1025.0,1022.8,77.0,,
2014-12-22,6000A,MELILLA,52,MELILLA,351635N,025723W,52.0,16.6,12.6,14.6,0.0,7.0,3.3,8.9,4.0,1023.9,1021.8,78.0,,
2014-12-23,6000A,MELILLA,52,MELILLA,351635N,025723W,52.0,18.0,10.2,14.1,0.0,4.0,0.8,4.7,4.1,1022.6,1020.2,81.0,,
2014-12-24,6000A,MELILLA,52,MELILLA,351635N,025723W,52.0,18.0,9.6,13.8,0.0,35.0,1.1,5.3,4.1,1024.0,1020.7,79.0,,
2014-12-25,6000A,MELILLA,52,MELILLA,351635N,025723W,52.0,17.8,9.8,13.8,0.0,4.0,1.7,5.3,7.5,1024.7,1022.4,73.0,,
2014-12-26,6000A,MELILLA,52,MELILLA,351635N,025723W,52.0,17.4,8.8,13.1,0.0,5.0,1.4,7.8,6.5,1024.7,1022.8,73.0,,
2014-12-27,6000A,MELILLA,52,MELILLA,351635N,025723W,52.0,17.5,7.2,12.4,0.0,26.0,3.1,17.5,7.8,1023.1,1015.9,71.0,,
2014-12-28,6000A,MELILLA,52,MELILLA,351635N,025723W,52.0,18.0,13.2,15.6,0.0,28.0,9.7,23.6,8.0,1015.9,1012.2,68.0,,
2014-12-29,6000A,MELILLA,52,MELILLA,351635N,025723W,52.0,16.3,9.8,13.0,2.8,29.0,5.6,15.0,0.0,1025.2,1014.2,61.0,,
2014-12-30,6000A,MELILLA,52,MELILLA,351635N,025723W,52.0,14.0,7.6,10.8,0.0,8.0,2.5,7.8,8.4,1025.8,1023.9,77.0,,
2014-12-31,6000A,MELILLA,52,MELILLA,351635N,025723W,52.0,15.5,3.9,9.7,0.0,12.0,1.4,7.8,8.6,1025.4,1023.0,51.0,,
2015-01-01,6000A,MELILLA,52,MELILLA,351635N,025723W,52.0,16.1,3.4,9.8,0.0,6.0,2.2,6.7,9.2,1029.5,1023.0,62.0,,
2015-01-02,6000A,MELILLA,52,MELILLA,351635N,025723W,52.0,16.0,7.2,11.6,0.0,10.0,1.1,6.1,8.5,1031.6,1029.0,71.0,,
2015-01-03,6000A,MELILLA,52,MELILLA,351635N,025723W,52.0,17.0,8.0,12.5,0.0,4.0,0.6,6.1,9.5,1031.8,1029.0,66.0,,
2015-01-04,6000A,MELILLA,52,MELILLA,351635N,025723W,52.0,18.0,5.1,11.6,0.0,3.0,0.8,6.7,9.1,1029.1,1023.6,59.0,,
2015-01-05,6000A,MELILLA,52,MELILLA,351635N,025723W,52.0,17.8,5.1,11.4,0.0,3.0,1.4,6.7,9.0,1024.7,1021.0,71.0,,
2015-01-06,6000A,MELILLA,52,MELILLA,351635N,025723W,52.0,16.6,7.6,12.1,0.0,30.0,0.3,5.3,6.0,1021.0,1019.4,74.0,,
2015-01-07,6000A,MELILLA,52,MELILLA,351635N,025723W,52.0,16.4,9.0,12.7,0.0,10.0,1.9,5.3,8.0,1025.5,1020.3,71.0,,
2015-01-08,6000A,MELILLA,52,MELILLA,351635N,025723W,52.0,16.5,9.0,12.8,0.0,6.0,3.1,7.8,7.0,1032.2,1025.5,79.0,,
2015-01-09,6000A,MELILLA,52,MELILLA,351635N,025723W,52.0,16.2,12.4,14.3,0.0,7.0,3.6,8.9,6.0,1035.4,1032.2,74.0,,
2015-01-10,6000A,MELILLA,52,MELILLA,351635N,025723W,52.0,17.9,9.0,13.4,0.0,27.0,1.1,8.3,8.9,1034.3,1025.0,72.0,,
2015-01-11,6000A,MELILLA,52,MELILLA,351635N,025723W,52.0,22.8,9.0,15.9,0.0,26.0,2.2,8.3,5.8,1025.0,1021.5,45.0,,
2015-01-12,6000A,MELILLA,52,MELILLA,351635N,025723W,52.0,17.8,11.4,14.6,0.1,7.0,3.1,8.3,2.9,1026.8,1022.8,79.0,,
2015-01-13,6000A,MELILLA,52,MELILLA,351635N,025723W,52.0,17.8,12.6,15.2,0.0,25.0,1.1,5.6,6.0,1022.8,1018.6,84.0,,
2015-01-14,6000A,MELILLA,52,MELILLA,351635N,025723W,52.0,20.2,13.7,17.0,0.0,29.0,0.6,5.6,5.4,1021.2,1018.3,80.0,,
2015-01-15,6000A,MELILLA,52,MELILLA,351635N,025723W,52.0,19.0,12.4,15.7,0.0,24.0,3.9,10.3,7.3,1018.8,1013.3,72.0,,
2015-01-16,6000A,MELILLA,52,MELILLA,351635N,025723W,52.0,17.0,10.8,13.9,0.6,26.0,5.6,15.6,0.0,1016.8,1009.9,51.0,,
2015-01-17,6000A,MELILLA,52,MELILLA,351635N,025723W,52.0,15.0,9.2,12.1,1.9,25.0,6.4,13.3,6.8,1018.8,1016.8,60.0,,
2015-01-18,6000A,MELILLA,52,MELILLA,351635N,025723W,52.0,16.8,7.0,11.9,5.7,20.0,1.1,11.4,2.2,1018.6,1002.6,59.0,,
2015-01-19,6000A,MELILLA,52,MELILLA,351635N,025723W,52.0,14.6,9.6,12.1,62.7,26.0,3.6,16.4,0.6,1007.3,995.9,88.0,,
2015-01-20,6000A,MELILLA,52,MELILLA,351635N,025723W,52.0,15.2,9.6,12.4,17.6,26.0,3.6,16.9,5.0,1007.9,1003.1,65.0,,
2015-01-21,6000A,MELILLA,52,MELILLA,351635N,025723W,52.0,14.0,8.8,11.4,3.3,29.0,8.6,22.2,6.5,1008.7,1003.8,64.0,,
2015-01-22,6000A,MELILLA,52,MELILLA,351635N,025723W,52.0,14.2,11.2,12.7,0.0,28.0,9.4,22.8,6.6,1014.1,1007.1,55.0,,
2015-01-23,6000A,MELILLA,52,MELILLA,351635N,025723W,52.0,15.0,12.2,13.6,0.0,29.0,6.4,16.4,8.8,1017.2,1014.1,57.0,,
2015-01-24,6000A,MELILLA,52,MELILLA,351635N,025723W,52.0,16.0,8.2,12.1,0.0,28.0,2.8,11.4,9.1,1018.6,1016.4,59.0,,
2015-01-25,6000A,MELILLA,52,MELILLA,351635N,025723W,52.0,18.0,8.2,13.1,0.0,24.0,1.9,7.2,10.0,1018.6,1016.4,49.0,,
2015-01-26,6000A,MELILLA,52,MELILLA,351635N,025723W,52.0,18.6,7.8,13.2,0.0,25.0,1.1,6.7,8.8,1021.0,1017.9,50.0,,
2015-01-27,6000A,MELILLA,52,MELILLA,351635N,025723W,52.0,17.2,9.8,13.5,0.0,26.0,2.8,11.4,8.6,1021.2,1017.2,72.0,,
2015-01-28,6000A,MELILLA,52,MELILLA,351635N,025723W,52.0,18.0,13.6,15.8,0.0,25.0,7.2,13.9,8.0,1018.3,1016.2,73.0,,
2015-01-29,6000A,MELILLA,52,MELILLA,351635N,025723W,52.0,18.2,13.2,15.7,0.0,26.0,8.1,20.6,8.4,1016.2,1008.6,66.0,,
2015-01-30,6000A,MELILLA,52,MELILLA,351635N,025723W,52.0,19.2,14.8,17.0,0.0,25.0,8.3,19.2,4.5,1010.7,1002.5,72.0,,
2015-01-31,6000A,MELILLA,52,MELILLA,351635N,025723W,52.0,18.6,13.6,16.1,0.0,28.0,8.9,24.7,3.3,1006.1,998.1,66.0,,
2015-02-01,6000A,MELILLA,52,MELILLA,351635N,025723W,52.0,14.0,11.4,12.7,0.0,27.0,7.8,19.7,9.5,1013.7,1006.1,54.0,,
2015-02-02,6000A,MELILLA,52,MELILLA,351635N,025723W,52.0,14.8,10.8,12.8,0.0,26.0,6.4,17.5,7.5,1013.7,1007.1,58.0,,
2015-02-03,6000A,MELILLA,52,MELILLA,351635N,025723W,52.0,17.0,13.4,15.2,5.2,28.0,7.5,18.6,2.2,1007.1,1001.1,59.0,,
2015-02-04,6000A,MELILLA,52,MELILLA,351635N,025723W,52.0,13.4,8.4,10.9,15.8,29.0,9.2,21.1,3.1,1005.0,997.4,65.0,,
2015-02-05,6000A,MELILLA,52,MELILLA,351635N,025723W,52.0,12.2,8.6,10.4,0.2,27.0,10.6,24.2,9.6,1010.1,1003.9,45.0,,
2015-02-06,6000A,MELILLA,52,MELILLA,351635N,025723W,52.0,11.8,6.8,9.3,2.8,27.0,3.9,13.3,2.0,1010.1,1007.4,67.0,,
2015-02-07,6000A,MELILLA,52,MELILLA,351635N,025723W,52.0,14.4,7.2,10.8,4.2,5.0,1.4,7.2,8.9,1012.1,1008.6,53.0,,
2015-02-08,6000A,MELILLA,52,MELILLA,351635N,025723W,52.0,13.8,7.4,10.6,4.0,16.0,3.3,9.7,6.9,1014.2,1011.9,72.0,,
2015-02-09,6000A,MELILLA,52,MELILLA,351635N,025723W,52.0,14.8,9.0,11.9,0.0,7.0,5.3,13.9,8.5,1014.5,1010.3,68.0,,
2015-02-10,6000A,MELILLA,52,MELILLA,351635N,025723W,52.0,14.0,11.6,12.8,0.0,9.0,3.9,11.4,1.5,1014.6,1012.6,74.0,,
2015-02-11,6000A,MELILLA,52,MELILLA,351635N,025723W,52.0,16.2,10.6,13.4,0.0,4.0,1.1,6.1,6.1,1014.1,1010.7,80.0,,
2015-02-12,6000A,MELILLA,52,MELILLA,351635N,025723W,52.0,16.0,10.0,13.0,0.1,26.0,1.1,9.7,4.1,1016.6,1010.1,81.0,,
2015-02-13,6000A,MELILLA,52,MELILLA,351635N,025723W,52.0,17.0,10.4,13.7,0.0,26.0,1.7,8.3,6.8,1018.6,1016.2,77.0,,
2015-02-14,6000A,MELILLA,52,MELILLA,351635N,025723W,52.0,17.8,12.2,15.0,0.0,24.0,6.7,16.1,8.5,1018.4,1014.3,65.0,,
2015-02-15,6000A,MELILLA,52,MELILLA,351635N,025723W,52.0,18.0,13.2,15.6,0.0,29.0,7.2,19.7,4.3,1015.8,1009.0,65.0,,
2015-02-16,6000A,MELILLA,52,MELILLA,351635N,025723W,52.0,16.2,13.3,14.8,0.0,28.0,5.6,20.0,4.0,1015.4,1013.0,76.0,,
2015-02-17,6000A,MELILLA,52,MELILLA,351635N,025723W,52.0,14.6,10.0,12.3,38.2,25.0,3.6,16.9,0.1,1015.8,1009.3,73.0,,
2015-02-18,6000A,MELILLA,52,MELILLA,351635N,025723W,52.0,14.0,11.0,12.5,12.2,5.0,8.1,18.6,0.0,1018.7,1015.4,84.0,,
2015-02-19,6000A,MELILLA,52,MELILLA,351635N,025723W,52.0,14.0,13.0,13.5,7.6,5.0,8.6,18.1,0.0,1019.1,1016.6,77.0,,
2015-02-20,6000A,MELILLA,52,MELILLA,351635N,025723W,52.0,13.4,10.2,11.8,14.2,4.0,3.6,13.9,0.3,1016.8,1011.3,91.0,,
2015-02-21,6000A,MELILLA,52,MELILLA,351635N,025723W,52.0,16.0,10.4,13.2,0.0,29.0,4.2,16.9,6.8,1011.4,1002.6,72.0,,
2015-02-22,6000A,MELILLA,52,MELILLA,351635N,025723W,52.0,17.0,13.2,15.1,0.0,26.0,8.9,21.1,11.0,1012.2,1005.5,71.0,,
2015-02-23,6000A,MELILLA,52,MELILLA,351635N,025723W,52.0,17.8,13.2,15.5,0.0,26.0,9.2,19.2,9.8,1014.5,1012.2,82.0,,
2015-02-24,6000A,MELILLA,52,MELILLA,351635N,025723W,52.0,15.0,13.4,14.2,0.0,26.0,7.5,22.8,10.4,1021.1,1013.0,70.0,,
2015-02-25,6000A,MELILLA,52,MELILLA,351635N,025723W,52.0,16.2,12.0,14.1,0.0,25.0,9.7,18.6,6.9,1022.6,1019.0,59.0,,
2015-02-26,6000A,MELILLA,52,MELILLA,351635N,025723W,52.0,18.2,12.6,15.4,0.0,27.0,9.7,17.5,11.0,1019.0,1014.6,63.0,,
2015-02-27,6000A,MELILLA,52,MELILLA,351635N,025723W,52.0,17.6,13.4,15.5,0.0,26.0,8.1,23.6,9.0,1016.6,1013.0,76.0,,
2015-02-28,6000A,MELILLA,52,MELILLA,351635N,025723W,52.0,17.4,13.8,15.6,0.0,25.0,6.9,14.4,9.0,1019.1,1015.9,74.0,,
2015-03-01,6000A,MELILLA,52,MELILLA,351635N,025723W,52.0,20.0,13.8,16.9,0.0,26.0,2.5,10.8,10.0,1020.7,1018.3,69.0,,
2015-03-02,6000A,MELILLA,52,MELILLA,351635N,025723W,52.0,21.0,12.0,16.5,0.0,28.0,1.7,8.9,11.0,1020.2,1017.0,76.0,,
2015-03-03,6000A,MELILLA,52,MELILLA,351635N,025723W,52.0,22.0,11.2,16.6,0.0,26.0,1.9,7.8,10.2,1019.1,1017.0,77.0,,
2015-03-04,6000A,MELILLA,52,MELILLA,351635N,025723W,52.0,23.0,13.6,18.3,0.0,25.0,2.2,8.3,9.3,1021.8,1017.8,78.0,,
2015-03-05,6000A,MELILLA,52,MELILLA,351635N,025723W,52.0,16.0,12.0,14.0,0.0,8.0,6.9,12.5,9.7,1024.2,1021.8,65.0,,
2015-03-06,6000A,MELILLA,52,MELILLA,351635N,025723W,52.0,16.0,9.0,12.5,0.0,7.0,5.0,11.9,11.0,1024.6,1021.5,67.0,,
2015-03-07,6000A,MELILLA,52,MELILLA,351635N,025723W,52.0,15.2,8.8,12.0,0.0,11.0,1.9,8.3,10.5,1024.4,1018.7,78.0,,
2015-03-08,6000A,MELILLA,52,MELILLA,351635N,025723W,52.0,17.0,6.8,11.9,0.0,5.0,1.9,7.2,9.2,1018.7,1016.1,78.0,,
2015-03-09,6000A,MELILLA,52,MELILLA,351635N,025723W,52.0,15.6,10.0,12.8,0.0,3.0,1.7,7.2,9.2,1020.4,1018.2,87.0,,
2015-03-10,6000A,MELILLA,52,MELILLA,351635N,025723W,52.0,16.6,7.8,12.2,0.0,5.0,1.7,5.6,11.0,1020.6,1018.7,76.0,,
2015-03-11,6000A,MELILLA,52,MELILLA,351635N,025723W,52.0,20.2,8.2,14.2,0.0,28.0,1.9,5.6,9.7,1019.9,1017.2,84.0,,
2015-03-12,6000A,MELILLA,52,MELILLA,351635N,025723W,52.0,24.0,10.8,17.4,0.0,25.0,3.9,13.3,11.0,1017.5,1013.0,48.0,,
2015-03-13,6000A,MELILLA,52,MELILLA,351635N,025723W,52.0,19.8,13.8,16.8,0.0,25.0,4.7,12.5,9.2,1015.1,1013.3,73.0,,
2015-03-14,6000A,MELILLA,52,MELILLA,351635N,025723W,52.0,17.0,10.0,13.5,0.0,5.0,1.4,5.6,4.0,1015.1,1012.1,83.0,,
2015-03-15,6000A,MELILLA,52,MELILLA,351635N,025723W,52.0,16.2,11.2,13.7,0.0,2.0,1.9,7.2,6.9,1013.1,1009.1,76.0,,
2015-03-16,6000A,MELILLA,52,MELILLA,351635N,025723W,52.0,18.0,9.8,13.9,0.0,2.0,2.2,7.2,10.7,1013.0,1010.5,77.0,,
2015-03-17,6000A,MELILLA,52,MELILLA,351635N,025723W,52.0,17.0,12.1,14.6,35.7,8.0,3.3,9.2,8.7,1013.0,1007.7,78.0,,
2015-03-18,6000A,MELILLA,52,MELILLA,351635N,025723W,52.0,17.0,12.0,14.5,0.0,12.0,3.3,10.8,5.8,1010.3,1005.8,79.0,,
2015-03-19,6000A,MELILLA,52,MELILLA,351635N,025723W,52.0,16.8,13.0,14.9,16.6,3.0,2.8,9.7,3.0,1007.1,999.3,85.0,,
2015-03-20,6000A,MELILLA,52,MELILLA,351635N,025723W,52.0,17.0,9.7,13.4,0.0,24.0,3.9,18.1,7.1,1002.5,997.0,73.0,,
2015-03-21,6000A,MELILLA,52,MELILLA,351635N,025723W,52.0,19.0,11.0,15.0,0.0,11.0,2.5,8.3,5.0,1002.6,1000.3,73.0,,
2015-03-22,6000A,MELILLA,52,MELILLA,351635N,025723W,52.0,21.2,10.2,15.7,0.0,4.0,1.4,8.3,7.6,1002.9,1001.0,66.0,,
2015-03-23,6000A,MELILLA,52,MELILLA,351635N,025723W,52.0,16.2,11.8,14.0,4.1,3.0,0.8,6.1,1.4,1002.9,999.1,86.0,,
2015-03-24,6000A,MELILLA,52,MELILLA,351635N,025723W,52.0,16.8,10.6,13.7,0.2,29.0,3.3,14.4,8.7,999.3,996.2,68.0,,
2015-03-25,6000A,MELILLA,52,MELILLA,351635N,025723W,52.0,15.8,8.2,12.0,4.0,30.0,5.6,18.1,4.3,1006.9,998.1,72.0,,
2015-03-26,6000A,MELILLA,52,MELILLA,351635N,025723W,52.0,16.4,9.8,13.1,0.0,24.0,6.9,16.1,6.3,1016.3,1006.9,63.0,,
2015-03-27,6000A,MELILLA,52,MELILLA,351635N,025723W,52.0,19.8,14.2,17.0,0.0,24.0,7.5,16.1,10.5,1019.1,1015.9,69.0,,
2015-03-28,6000A,MELILLA,52,MELILLA,351635N,025723W,52.0,24.2,17.0,20.6,0.0,26.0,4.2,9.7,12.0,1019.6,1017.8,61.0,,
2015-03-29,6000A,MELILLA,52,MELILLA,351635N,025723W,52.0,25.8,16.4,21.1,0.0,25.0,3.6,9.7,10.2,1019.1,1016.3,55.0,,
2015-03-30,6000A,MELILLA,52,MELILLA,351635N,025723W,52.0,25.8,17.8,21.8,0.0,25.0,5.0,11.9,10.6,1019.9,1018.2,47.0,,
2015-03-31,6000A,MELILLA,52,MELILLA,351635N,025723W,52.0,25.8,15.0,20.4,0.0,3.0,0.6,5.6,11.2,1019.9,1016.4,66.0,,
2015-04-01,6000A,MELILLA,52,MELILLA,351635N,025723W,52.0,24.8,15.0,19.9,0.0,3.0,1.4,8.3,9.9,1018.2,1015.9,77.0,,
2015-04-02,6000A,MELILLA,52,MELILLA,351635N,025723W,52.0,16.6,15.0,15.8,0.0,5.0,3.3,7.8,0.0,1020.4,1016.1,89.0,,
2015-04-03,6000A,MELILLA,52,MELILLA,351635N,025723W,52.0,17.4,14.0,15.7,0.0,8.0,1.4,5.6,1.6,1017.2,1009.8,90.0,,
2015-04-04,6000A,MELILLA,52,MELILLA,351635N,025723W,52.0,16.7,13.0,14.8,0.0,8.0,1.9,7.2,0.0,1010.1,1004.9,90.0,,
2015-04-05,6000A,MELILLA,52,MELILLA,351635N,025723W,52.0,19.2,14.4,16.8,1.8,29.0,1.9,9.2,3.6,1007.9,1003.7,84.0,,
2015-04-06,6000A,MELILLA,52,MELILLA,351635N,025723W,52.0,16.2,14.2,15.2,0.9,5.0,5.6,13.9,0.2,1011.3,1005.7,86.0,,
2015-04-07,6000A,MELILLA,52,MELILLA,351635N,025723W,52.0,15.0,13.0,14.0,0.1,7.0,7.5,16.9,0.0,1016.7,1010.6,85.0,,
2015-04-08,6000A,MELILLA,52,MELILLA,351635N,025723W,52.0,16.0,14.0,15.0,0.0,3.0,6.4,14.4,0.0,1016.7,1014.9,91.0,,
2015-04-09,6000A,MELILLA,52,MELILLA,351635N,025723W,52.0,15.8,14.0,14.9,0.0,1.0,4.7,9.7,0.0,1017.2,1015.1,92.0,,
2015-04-10,6000A,MELILLA,52,MELILLA,351635N,025723W,52.0,16.8,14.4,15.6,1.0,6.0,2.2,7.8,0.1,1017.2,1014.9,90.0,,
2015-04-11,6000A,MELILLA,52,MELILLA,351635N,025723W,52.0,16.8,13.8,15.3,0.8,9.0,2.2,7.2,1.1,1017.8,1015.1,96.0,,
2015-04-12,6000A,MELILLA,52,MELILLA,351635N,025723W,52.0,16.6,13.4,15.0,0.0,7.0,4.2,10.8,0.0,1016.8,1013.0,92.0,,
2015-04-13,6000A,MELILLA,52,MELILLA,351635N,025723W,52.0,18.6,13.8,16.2,0.0,6.0,1.9,8.3,5.8,1015.7,1013.8,94.0,,
2015-04-14,6000A,MELILLA,52,MELILLA,351635N,025723W,52.0,18.4,14.0,16.2,0.5,21.0,2.5,9.2,3.6,1015.4,1008.9,88.0,,
2015-04-15,6000A,MELILLA,52,MELILLA,351635N,025723W,52.0,18.6,15.0,16.8,2.6,2.0,1.4,7.8,1.2,1011.9,1009.0,90.0,,
2015-04-16,6000A,MELILLA,52,MELILLA,351635N,025723W,52.0,21.4,14.0,17.7,0.0,29.0,2.8,9.2,8.1,1019.8,1010.1,67.0,,
2015-04-17,6000A,MELILLA,52,MELILLA,351635N,025723W,52.0,22.8,13.6,18.2,0.0,20.0,1.1,8.3,9.5,1013.5,1009.5,69.0,,
2015-04-18,6000A,MELILLA,52,MELILLA,351635N,025723W,52.0,23.2,13.4,18.3,0.0,25.0,4.2,11.4,10.8,1011.0,1008.3,74.0,,
2015-04-19,6000A,MELILLA,52,MELILLA,351635N,025723W,52.0,22.0,14.4,18.2,0.0,26.0,3.6,10.3,10.8,1010.9,1009.0,52.0,,
2015-04-20,6000A,MELILLA,52,MELILLA,351635N,025723W,52.0,19.8,13.2,16.5,0.0,4.0,2.5,8.3,11.3,1013.0,1010.9,79.0,,
2015-04-21,6000A,MELILLA,52,MELILLA,351635N,025723W,52.0,17.2,15.8,16.5,,7.0,5.0,11.4,0.0,1014.2,1010.9,92.0,,
2015-04-22,6000A,MELILLA,52,MELILLA,351635N,025723W,52.0,21.0,15.0,18.0,0.0,29.0,2.2,8.9,3.5,1015.1,1011.7,86.0,,
2015-04-23,6000A,MELILLA,52,MELILLA,351635N,025723W,52.0,20.2,13.8,17.0,0.0,5.0,2.2,6.1,6.7,1014.9,1010.5,82.0,,
2015-04-24,6000A,MELILLA,52,MELILLA,351635N,025723W,52.0,20.4,15.0,17.7,0.0,29.0,1.7,9.2,8.0,1011.9,1009.3,83.0,,
2015-04-25,6000A,MELILLA,52,MELILLA,351635N,025723W,52.0,22.4,16.0,19.2,0.0,22.0,5.0,10.8,6.7,1011.7,1008.7,71.0,,
2015-04-26,6000A,MELILLA,52,MELILLA,351635N,025723W,52.0,23.8,16.8,20.3,0.0,30.0,5.3,11.9,9.7,1009.3,1005.1,97.0,,
2015-04-27,6000A,MELILLA,52,MELILLA,351635N,025723W,52.0,21.4,15.6,18.5,0.0,28.0,6.4,14.4,11.0,1011.8,1008.5,68.0,,
2015-04-28,6000A,MELILLA,52,MELILLA,351635N,025723W,52.0,22.8,15.2,19.0,0.0,35.0,3.1,10.3,11.2,1013.3,1005.8,61.0,,
2015-04-29,6000A,MELILLA,52,MELILLA,351635N,025723W,52.0,23.8,13.6,18.7,0.0,26.0,5.0,12.8,11.6,1013.9,1012.2,54.0,,
2015-04-30,6000A,MELILLA,52,MELILLA,351635N,025723W,52.0,24.0,16.8,20.4,0.0,7.0,1.4,5.3,11.5,1013.9,1012.1,65.0,,
2015-05-01,6000A,MELILLA,52,MELILLA,351635N,025723W,52.0,24.2,15.4,19.8,0.0,7.0,1.4,5.3,11.0,1013.5,1009.0,78.0,,
2015-05-02,6000A,MELILLA,52,MELILLA,351635N,025723W,52.0,26.0,16.0,21.0,0.0,4.0,1.1,5.6,10.0,1010.2,1006.1,57.0,,
2015-05-03,6000A,MELILLA,52,MELILLA,351635N,025723W,52.0,29.0,17.0,23.0,0.0,29.0,3.3,8.3,9.5,1007.0,1003.4,56.0,,
2015-05-04,6000A,MELILLA,52,MELILLA,351635N,025723W,52.0,29.0,20.0,24.5,0.0,26.0,6.4,14.4,6.7,1007.0,1002.6,49.0,,
2015-05-05,6000A,MELILLA,52,MELILLA,351635N,025723W,52.0,24.0,19.0,21.5,0.0,25.0,5.6,13.9,5.9,1009.5,1007.0,72.0,,
2015-05-06,6000A,MELILLA,52,MELILLA,351635N,025723W,52.0,25.6,17.0,21.3,0.0,26.0,3.1,12.5,10.5,1012.5,1009.5,53.0,,
2015-05-07,6000A,MELILLA,52,MELILLA,351635N,025723W,52.0,23.0,16.8,19.9,0.0,5.0,1.9,7.8,10.5,1012.5,1009.9,79.0,,
2015-05-08,6000A,MELILLA,52,MELILLA,351635N,025723W,52.0,24.8,17.4,21.1,0.0,26.0,6.7,13.3,10.5,1016.2,1012.2,67.0,,
2015-05-09,6000A,MELILLA,52,MELILLA,351635N,025723W,52.0,24.8,17.2,21.0,0.0,12.0,1.7,7.2,12.0,1015.9,1014.2,67.0,,
2015-05-10,6000A,MELILLA,52,MELILLA,351635N,025723W,52.0,23.0,17.2,20.1,0.0,10.0,3.1,7.8,7.5,1015.3,1013.0,82.0,,
2015-05-11,6000A,MELILLA,52,MELILLA,351635N,025723W,52.0,21.6,18.0,19.8,0.0,5.0,2.5,7.8,11.3,1015.1,1013.3,85.0,,
2015-05-12,6000A,MELILLA,52,MELILLA,351635N,025723W,52.0,23.2,17.8,20.5,0.0,6.0,1.9,6.1,10.5,1017.2,1014.2,100.0,,
2015-05-13,6000A,MELILLA,52,MELILLA,351635N,025723W,52.0,22.9,18.4,20.6,0.0,6.0,1.9,6.1,10.8,1017.8,1014.3,84.0,,
2015-05-14,6000A,MELILLA,52,MELILLA,351635N,025723W,52.0,29.8,16.0,22.9,0.0,25.0,2.5,13.9,10.9,1014.3,1006.9,63.0,,
2015-05-15,6000A,MELILLA,52,MELILLA,351635N,025723W,52.0,28.8,18.0,23.4,0.0,26.0,9.2,18.1,13.5,1013.8,1006.9,54.0,,
2015-05-16,6000A,MELILLA,52,MELILLA,351635N,025723W,52.0,22.2,17.8,20.0,0.0,12.0,2.5,8.3,11.4,1016.7,1013.5,74.0,,
2015-05-17,6000A,MELILLA,52,MELILLA,351635N,025723W,52.0,23.0,17.6,20.3,0.0,6.0,3.9,9.2,10.7,1016.7,1010.3,71.0,,
2015-05-18,6000A,MELILLA,52,MELILLA,351635N,025723W,52.0,22.0,18.8,20.4,0.0,6.0,2.2,7.2,6.7,1011.0,1004.9,80.0,,
2015-05-19,6000A,MELILLA,52,MELILLA,351635N,025723W,52.0,25.2,17.8,21.5,0.0,25.0,5.0,14.4,8.9,1005.5,1001.8,71.0,,
2015-05-20,6000A,MELILLA,52,MELILLA,351635N,025723W,52.0,23.0,18.0,20.5,0.0,25.0,3.9,13.3,3.3,1013.8,1004.7,,,
2015-05-21,6000A,MELILLA,52,MELILLA,351635N,025723W,52.0,21.8,17.8,19.8,0.0,8.0,4.4,9.2,9.3,1016.2,1013.3,75.0,,
2015-05-22,6000A,MELILLA,52,MELILLA,351635N,025723W,52.0,21.8,17.6,19.7,0.0,11.0,4.4,9.7,11.0,1015.9,1010.9,70.0,,
2015-05-23,6000A,MELILLA,52,MELILLA,351635N,025723W,52.0,21.6,16.8,19.2,8.4,8.0,3.6,8.3,5.8,1010.9,1008.3,75.0,,
2015-05-24,6000A,MELILLA,52,MELILLA,351635N,025723W,52.0,19.6,15.6,17.6,10.5,34.0,1.9,8.3,1.1,1009.1,1006.9,88.0,,
2015-05-25,6000A,MELILLA,52,MELILLA,351635N,025723W,52.0,18.4,14.6,16.5,26.9,3.0,2.8,9.2,0.0,1012.1,1007.7,92.0,,
2015-05-26,6000A,MELILLA,52,MELILLA,351635N,025723W,52.0,22.2,13.4,17.8,0.0,5.0,1.9,7.8,11.7,1012.1,1009.9,75.0,,
2015-05-27,6000A,MELILLA,52,MELILLA,351635N,025723W,52.0,23.8,15.6,19.7,0.0,35.0,1.9,6.7,11.2,1011.3,1009.3,75.0,,
2015-05-28,6000A,MELILLA,52,MELILLA,351635N,025723W,52.0,22.0,17.8,19.9,0.6,27.0,3.3,12.8,9.3,1011.5,1007.0,85.0,,
2015-05-29,6000A,MELILLA,52,MELILLA,351635N,025723W,52.0,24.2,18.6,21.4,0.0,29.0,4.2,9.7,10.2,1009.5,1005.5,68.0,,
2015-05-30,6000A,MELILLA,52,MELILLA,351635N,025723W,52.0,28.4,17.8,23.1,0.0,35.0,1.9,3.6,13.1,1011.8,1009.3,63.0,,
2015-05-31,6000A,MELILLA,52,MELILLA,351635N,025723W,52.0,25.0,18.8,21.9,,25.0,1.9,6.7,8.7,1011.4,1009.9,79.0,,
2015-06-01,6000A,MELILLA,52,MELILLA,351635N,025723W,52.0,25.8,20.8,23.3,,4.0,2.5,8.3,6.4,1011.7,1010.6,73.0,,
2015-06-02,6000A,MELILLA,52,MELILLA,351635N,025723W,52.0,23.2,18.0,20.6,0.0,6.0,2.8,6.7,11.7,1012.3,1010.7,83.0,,
2015-06-03,6000A,MELILLA,52,MELILLA,351635N,025723W,52.0,23.2,18.8,21.0,0.0,9.0,4.4,7.8,5.1,1013.7,1011.7,80.0,,
2015-06-04,6000A,MELILLA,52,MELILLA,351635N,025723W,52.0,23.2,19.6,21.4,0.0,2.0,3.6,7.2,2.0,1014.1,1011.9,83.0,,
2015-06-05,6000A,MELILLA,52,MELILLA,351635N,025723W,52.0,23.6,19.6,21.6,0.0,7.0,2.2,7.8,5.5,1012.9,1010.9,84.0,,
2015-06-06,6000A,MELILLA,52,MELILLA,351635N,025723W,52.0,23.2,19.8,21.5,0.0,12.0,2.8,7.8,2.0,1014.1,1011.7,83.0,,
2015-06-07,6000A,MELILLA,52,MELILLA,351635N,025723W,52.0,24.2,20.2,22.2,0.0,12.0,3.1,8.9,7.5,1013.9,1011.1,80.0,,
2015-06-08,6000A,MELILLA,52,MELILLA,351635N,025723W,52.0,24.0,20.0,22.0,0.0,12.0,2.5,9.2,9.1,1012.2,1007.3,79.0,,
2015-06-09,6000A,MELILLA,52,MELILLA,351635N,025723W,52.0,25.4,19.6,22.5,0.0,30.0,3.1,7.2,11.3,1008.6,1005.8,75.0,,
2015-06-10,6000A,MELILLA,52,MELILLA,351635N,025723W,52.0,26.8,17.2,22.0,0.0,2.0,1.9,6.7,11.9,1008.2,1005.0,62.0,,
2015-06-11,6000A,MELILLA,52,MELILLA,351635N,025723W,52.0,24.8,19.8,22.3,0.0,25.0,3.9,12.5,2.0,1007.9,1006.5,75.0,,
2015-06-12,6000A,MELILLA,52,MELILLA,351635N,025723W,52.0,25.8,19.0,22.4,0.0,25.0,5.6,14.4,11.4,1009.0,1006.7,74.0,,
2015-06-13,6000A,MELILLA,52,MELILLA,351635N,025723W,52.0,24.0,19.0,21.5,0.0,24.0,6.1,12.5,9.9,1009.8,1006.9,65.0,,
2015-06-14,6000A,MELILLA,52,MELILLA,351635N,025723W,52.0,23.8,18.4,21.1,0.0,26.0,4.7,11.9,8.2,1010.5,1009.0,66.0,,
2015-06-15,6000A,MELILLA,52,MELILLA,351635N,025723W,52.0,25.4,18.2,21.8,0.0,26.0,5.0,12.8,11.0,1013.7,1010.5,63.0,,
2015-06-16,6000A,MELILLA,52,MELILLA,351635N,025723W,52.0,26.2,18.2,22.2,0.0,25.0,2.8,9.2,11.7,1014.5,1012.6,61.0,,
2015-06-17,6000A,MELILLA,52,MELILLA,351635N,025723W,52.0,25.0,16.2,20.6,0.0,5.0,1.9,8.3,12.7,1014.3,1011.1,72.0,,
2015-06-18,6000A,MELILLA,52,MELILLA,351635N,025723W,52.0,24.8,20.2,22.5,0.0,7.0,3.9,9.7,11.6,1013.3,1011.3,76.0,,
2015-06-19,6000A,MELILLA,52,MELILLA,351635N,025723W,52.0,24.8,19.6,22.2,0.0,5.0,2.2,6.7,11.4,1012.2,1009.1,79.0,,
2015-06-20,6000A,MELILLA,52,MELILLA,351635N,025723W,52.0,25.0,18.6,21.8,0.0,14.0,2.2,7.8,11.6,1011.1,1009.9,78.0,,
2015-06-21,6000A,MELILLA,52,MELILLA,351635N,025723W,52.0,26.8,19.8,23.3,0.0,25.0,2.8,7.8,9.4,1013.0,1009.9,77.0,,
2015-06-22,6000A,MELILLA,52,MELILLA,351635N,025723W,52.0,28.2,20.2,24.2,0.0,29.0,3.3,9.2,11.9,1011.8,1008.5,69.0,,
2015-06-23,6000A,MELILLA,52,MELILLA,351635N,025723W,52.0,29.4,21.4,25.4,0.0,29.0,7.5,18.1,11.8,1009.0,1007.5,50.0,,
2015-06-24,6000A,MELILLA,52,MELILLA,351635N,025723W,52.0,28.8,21.4,25.1,0.0,24.0,5.6,12.5,12.0,1013.0,1008.2,53.0,,
2015-06-25,6000A,MELILLA,52,MELILLA,351635N,025723W,52.0,25.2,19.8,22.5,0.0,6.0,2.5,7.2,10.1,1014.9,1013.0,74.0,,
2015-06-26,6000A,MELILLA,52,MELILLA,351635N,025723W,52.0,26.6,20.0,23.3,0.0,7.0,1.9,7.8,11.2,1015.4,1013.1,69.0,,
2015-06-27,6000A,MELILLA,52,MELILLA,351635N,025723W,52.0,28.0,20.2,24.1,0.0,8.0,1.9,6.7,12.0,1013.7,1011.1,70.0,,
2015-06-28,6000A,MELILLA,52,MELILLA,351635N,025723W,52.0,30.8,20.0,25.4,0.0,6.0,1.4,6.1,12.1,1012.3,1010.2,52.0,,
2015-06-29,6000A,MELILLA,52,MELILLA,351635N,025723W,52.0,30.0,21.4,25.7,0.0,29.0,1.1,9.7,11.5,1011.4,1009.1,70.0,,
2015-06-30,6000A,MELILLA,52,MELILLA,351635N,025723W,52.0,28.8,23.0,25.9,0.0,29.0,3.3,9.7,10.9,1009.9,1007.5,77.0,,
2015-07-01,6000A,MELILLA,52,MELILLA,351635N,025723W,52.0,28.8,22.8,25.8,0.0,28.0,3.6,9.7,10.2,1009.8,1007.5,72.0,,
2015-07-02,6000A,MELILLA,52,MELILLA,351635N,025723W,52.0,30.6,22.0,26.3,0.0,5.0,2.5,7.8,11.2,1011.8,1009.5,68.0,,
2015-07-03,6000A,MELILLA,52,MELILLA,351635N,025723W,52.0,28.0,22.4,25.2,0.0,3.0,2.5,7.2,11.4,1012.6,1010.3,75.0,,
2015-07-04,6000A,MELILLA,52,MELILLA,351635N,025723W,52.0,28.2,24.0,26.1,0.0,1.0,1.7,8.3,10.9,1012.6,1010.5,74.0,,
2015-07-05,6000A,MELILLA,52,MELILLA,351635N,025723W,52.0,28.6,23.8,26.2,0.0,36.0,2.5,7.8,11.2,1011.3,1008.3,74.0,,
2015-07-06,6000A,MELILLA,52,MELILLA,351635N,025723W,52.0,29.0,23.2,26.1,0.0,5.0,1.1,6.1,11.8,1010.6,1009.0,75.0,,
2015-07-07,6000A,MELILLA,52,MELILLA,351635N,025723W,52.0,31.4,22.4,26.9,0.0,7.0,1.1,5.3,11.8,1009.8,1007.4,67.0,,
2015-07-08,6000A,MELILLA,52,MELILLA,351635N,025723W,52.0,33.2,22.2,27.7,0.0,7.0,1.9,6.7,12.8,1007.8,1006.1,56.0,,
2015-07-09,6000A,MELILLA,52,MELILLA,351635N,025723W,52.0,31.4,23.6,27.5,0.0,5.0,1.7,7.2,11.7,1009.9,1007.0,60.0,,
2015-07-10,6000A,MELILLA,52,MELILLA,351635N,025723W,52.0,30.0,22.8,26.4,0.0,28.0,5.0,10.3,11.4,1011.4,1008.6,66.0,,
2015-07-11,6000A,MELILLA,52,MELILLA,351635N,025723W,52.0,35.6,23.0,29.3,0.0,29.0,2.8,8.9,12.3,1011.4,1010.2,46.0,,
2015-07-12,6000A,MELILLA,52,MELILLA,351635N,025723W,52.0,29.2,22.0,25.6,0.0,7.0,1.4,6.1,11.9,1013.0,1010.6,77.0,,
2015-07-13,6000A,MELILLA,52,MELILLA,351635N,025723W,52.0,28.2,24.0,26.1,0.0,27.0,3.1,7.2,12.0,1012.3,1010.3,74.0,,
2015-07-14,6000A,MELILLA,52,MELILLA,351635N,025723W,52.0,29.2,24.0,26.6,0.0,7.0,1.7,6.1,11.3,1011.4,1009.5,80.0,,
2015-07-15,6000A,MELILLA,52,MELILLA,351635N,025723W,52.0,28.8,22.8,25.8,0.0,4.0,1.7,6.1,11.3,1009.9,1006.9,76.0,,
2015-07-16,6000A,MELILLA,52,MELILLA,351635N,025723W,52.0,29.0,23.0,26.0,0.0,27.0,2.5,8.3,10.2,1009.7,1006.3,77.0,,
2015-07-17,6000A,MELILLA,52,MELILLA,351635N,025723W,52.0,28.6,25.0,26.8,0.0,9.0,3.6,7.8,9.9,1010.3,1007.4,79.0,,
2015-07-18,6000A,MELILLA,52,MELILLA,351635N,025723W,52.0,31.8,24.0,27.9,0.0,29.0,4.2,10.3,11.1,1010.6,1007.9,64.0,,
2015-07-19,6000A,MELILLA,52,MELILLA,351635N,025723W,52.0,35.8,23.8,29.8,0.0,31.0,1.7,7.8,12.6,1010.1,1007.5,37.0,,
2015-07-20,6000A,MELILLA,52,MELILLA,351635N,025723W,52.0,32.4,23.2,27.8,0.0,2.0,1.1,6.1,12.6,1008.5,1006.6,59.0,,
2015-07-21,6000A,MELILLA,52,MELILLA,351635N,025723W,52.0,31.4,23.2,27.3,0.0,28.0,1.1,5.6,11.0,1008.9,1006.6,70.0,,
2015-07-22,6000A,MELILLA,52,MELILLA,351635N,025723W,52.0,37.6,24.0,30.8,0.0,26.0,2.2,10.3,11.4,1008.3,1006.6,46.0,,
2015-07-23,6000A,MELILLA,52,MELILLA,351635N,025723W,52.0,35.0,26.0,30.5,0.0,26.0,2.5,8.3,12.4,1008.2,1006.5,51.0,,
2015-07-24,6000A,MELILLA,52,MELILLA,351635N,025723W,52.0,34.2,24.5,29.4,0.0,26.0,6.7,16.1,12.7,1007.1,1004.5,53.0,,
2015-07-25,6000A,MELILLA,52,MELILLA,351635N,025723W,52.0,32.4,24.2,28.3,0.0,25.0,5.3,12.5,11.8,1007.9,1004.9,42.0,,
2015-07-26,6000A,MELILLA,52,MELILLA,351635N,025723W,52.0,30.0,22.2,26.1,0.0,6.0,1.1,8.3,12.4,1009.1,1006.9,73.0,,
2015-07-27,6000A,MELILLA,52,MELILLA,351635N,025723W,52.0,35.8,23.0,29.4,0.0,7.0,1.1,5.6,12.4,1007.4,1004.9,54.0,,
2015-07-28,6000A,MELILLA,52,MELILLA,351635N,025723W,52.0,33.8,25.0,29.4,,30.0,2.5,8.9,12.3,1006.3,1004.5,50.0,,
2015-07-29,6000A,MELILLA,52,MELILLA,351635N,025723W,52.0,33.4,26.6,30.0,0.0,26.0,3.9,11.9,7.2,1005.3,1003.1,46.0,,
2015-07-30,6000A,MELILLA,52,MELILLA,351635N,025723W,52.0,33.9,25.6,29.8,0.0,26.0,4.2,11.4,12.1,1004.5,1002.2,37.0,,
2015-07-31,6000A,MELILLA,52,MELILLA,351635N,025723W,52.0,31.4,24.0,27.7,0.0,26.0,4.4,12.8,8.8,1004.5,1001.8,59.0,,
2015-08-01,6000A,MELILLA,52,MELILLA,351635N,025723W,52.0,29.0,22.8,25.9,0.0,29.0,1.9,8.9,12.2,1007.0,1003.9,68.0,,
2015-08-02,6000A,MELILLA,52,MELILLA,351635N,025723W,52.0,30.0,25.0,27.5,0.0,10.0,2.5,4.7,5.4,1008.9,1006.5,81.0,,
2015-08-03,6000A,MELILLA,52,MELILLA,351635N,025723W,52.0,30.2,25.4,27.8,0.0,27.0,2.8,8.9,5.0,1009.3,1007.1,80.0,,
2015-08-04,6000A,MELILLA,52,MELILLA,351635N,025723W,52.0,30.2,24.6,27.4,0.0,26.0,2.2,6.7,9.2,1009.3,1006.9,65.0,,
2015-08-05,6000A,MELILLA,52,MELILLA,351635N,025723W,52.0,29.8,25.6,27.7,0.0,6.0,2.5,8.3,10.0,1007.9,1006.1,72.0,,
2015-08-06,6000A,MELILLA,52,MELILLA,351635N,025723W,52.0,35.7,26.0,30.8,,24.0,0.8,14.4,2.0,1008.5,1005.8,81.0,,
2015-08-07,6000A,MELILLA,52,MELILLA,351635N,025723W,52.0,37.0,27.0,32.0,0.0,2.0,1.7,10.3,8.5,1010.5,1005.3,76.0,,
2015-08-08,6000A,MELILLA,52,MELILLA,351635N,025723W,52.0,32.0,26.2,29.1,0.0,3.0,1.9,8.3,6.3,1010.5,1007.7,67.0,,
2015-08-09,6000A,MELILLA,52,MELILLA,351635N,025723W,52.0,30.2,26.4,28.3,0.0,10.0,2.2,8.3,5.2,1011.7,1009.3,76.0,,
2015-08-10,6000A,MELILLA,52,MELILLA,351635N,025723W,52.0,32.2,26.0,29.1,0.0,6.0,2.5,7.8,2.9,1011.7,1007.3,81.0,,
2015-08-11,6000A,MELILLA,52,MELILLA,351635N,025723W,52.0,35.0,27.2,31.1,0.0,35.0,2.8,5.6,8.5,1008.3,1006.6,42.0,,
2015-08-12,6000A,MELILLA,52,MELILLA,351635N,025723W,52.0,34.0,26.5,30.2,0.0,1.0,2.2,9.7,11.5,1010.5,1007.7,35.0,,
2015-08-13,6000A,MELILLA,52,MELILLA,351635N,025723W,52.0,33.4,27.6,30.5,0.0,26.0,6.1,15.0,7.6,1011.7,1009.0,36.0,,
2015-08-14,6000A,MELILLA,52,MELILLA,351635N,025723W,52.0,29.2,24.8,27.0,0.0,25.0,6.7,15.0,13.0,1011.3,1007.9,50.0,,
2015-08-15,6000A,MELILLA,52,MELILLA,351635N,025723W,52.0,29.6,23.6,26.6,0.0,25.0,5.8,14.4,11.2,1008.9,1006.2,50.0,,
2015-08-16,6000A,MELILLA,52,MELILLA,351635N,025723W,52.0,29.0,24.0,26.5,0.0,26.0,5.8,13.9,11.6,1007.9,1005.8,,,
2015-08-17,6000A,MELILLA,52,MELILLA,351635N,025723W,52.0,30.2,23.8,27.0,0.0,26.0,4.2,10.8,11.8,1007.4,1003.7,54.0,,
2015-08-18,6000A,MELILLA,52,MELILLA,351635N,025723W,52.0,29.0,22.6,25.8,0.0,25.0,3.9,11.9,11.8,1007.7,1004.6,60.0,,
2015-08-19,6000A,MELILLA,52,MELILLA,351635N,025723W,52.0,28.2,21.0,24.6,0.0,2.0,2.2,8.9,9.8,1012.1,1007.7,69.0,,
2015-08-20,6000A,MELILLA,52,MELILLA,351635N,025723W,52.0,28.7,24.8,26.8,0.0,7.0,2.8,7.2,8.0,1013.3,1011.3,83.0,,
2015-08-21,6000A,MELILLA,52,MELILLA,351635N,025723W,52.0,29.0,24.8,26.9,,2.0,1.1,8.9,4.2,1013.3,1009.9,81.0,,
2015-08-22,6000A,MELILLA,52,MELILLA,351635N,025723W,52.0,30.2,23.4,26.8,0.0,26.0,2.2,10.3,9.6,1010.5,1006.9,75.0,,
2015-08-23,6000A,MELILLA,52,MELILLA,351635N,025723W,52.0,28.0,21.8,24.9,0.0,29.0,5.6,13.9,9.6,1008.7,1006.9,67.0,,
2015-08-24,6000A,MELILLA,52,MELILLA,351635N,025723W,52.0,26.5,21.0,23.8,0.0,28.0,7.8,16.1,12.2,1010.2,1007.0,61.0,,
2015-08-25,6000A,MELILLA,52,MELILLA,351635N,025723W,52.0,28.0,21.6,24.8,0.0,25.0,1.9,8.3,11.3,1011.5,1009.0,58.0,,
2015-08-26,6000A,MELILLA,52,MELILLA,351635N,025723W,52.0,27.6,21.8,24.7,0.0,10.0,2.5,7.8,6.0,1010.9,1008.3,81.0,,
2015-08-27,6000A,MELILLA,52,MELILLA,351635N,025723W,52.0,27.8,24.0,25.9,0.0,6.0,2.2,8.3,5.0,1010.6,1007.8,81.0,,
2015-08-28,6000A,MELILLA,52,MELILLA,351635N,025723W,52.0,29.0,24.0,26.5,0.0,99.0,2.8,9.2,5.7,1010.2,1007.9,81.0,,
2015-08-29,6000A,MELILLA,52,MELILLA,351635N,025723W,52.0,28.8,25.0,26.9,0.0,7.0,3.3,10.3,1.2,1011.4,1008.7,88.0,,
2015-08-30,6000A,MELILLA,52,MELILLA,351635N,025723W,52.0,28.2,24.8,26.5,0.0,6.0,2.2,8.3,2.6,1010.6,1008.3,85.0,,
2015-08-31,6000A,MELILLA,52,MELILLA,351635N,025723W,52.0,29.0,25.0,27.0,0.0,29.0,3.3,10.3,2.6,1009.8,1007.7,83.0,,
2015-09-01,6000A,MELILLA,52,MELILLA,351635N,025723W,52.0,30.0,23.2,26.6,0.0,28.0,4.4,11.4,9.7,1010.3,1008.2,58.0,,
2015-09-02,6000A,MELILLA,52,MELILLA,351635N,025723W,52.0,27.0,21.8,24.4,0.0,29.0,4.7,10.3,10.8,1009.1,1007.3,74.0,,
2015-09-03,6000A,MELILLA,52,MELILLA,351635N,025723W,52.0,26.2,20.6,23.4,0.0,25.0,4.4,12.8,8.9,1009.4,1006.6,66.0,,
2015-09-04,6000A,MELILLA,52,MELILLA,351635N,025723W,52.0,25.2,19.8,22.5,0.0,26.0,4.7,12.5,8.8,1009.3,1007.1,65.0,,
2015-09-05,6000A,MELILLA,52,MELILLA,351635N,025723W,52.0,28.0,20.0,24.0,0.0,29.0,2.5,8.3,11.2,1011.3,1009.3,63.0,,
2015-09-06,6000A,MELILLA,52,MELILLA,351635N,025723W,52.0,26.4,19.0,22.7,0.0,7.0,2.5,9.2,6.5,1012.9,1009.8,79.0,,
2015-09-07,6000A,MELILLA,52,MELILLA,351635N,025723W,52.0,28.0,23.4,25.7,0.0,9.0,2.5,7.8,7.8,1012.9,1010.3,84.0,,
2015-09-08,6000A,MELILLA,52,MELILLA,351635N,025723W,52.0,27.6,23.0,25.3,0.0,3.0,2.2,7.2,8.8,1011.9,1008.2,74.0,,
2015-09-09,6000A,MELILLA,52,MELILLA,351635N,025723W,52.0,27.0,20.8,23.9,0.0,11.0,1.9,7.2,10.2,1010.7,1008.6,73.0,,
2015-09-10,6000A,MELILLA,52,MELILLA,351635N,025723W,52.0,27.8,20.2,24.0,0.0,8.0,1.7,8.3,10.8,1010.1,1006.7,66.0,,
2015-09-11,6000A,MELILLA,52,MELILLA,351635N,025723W,52.0,27.6,20.0,23.8,0.0,3.0,1.4,6.7,7.2,1009.0,1006.6,75.0,,
2015-09-12,6000A,MELILLA,52,MELILLA,351635N,025723W,52.0,26.8,23.0,24.9,,26.0,5.8,12.8,2.0,1008.5,1005.5,75.0,,
2015-09-13,6000A,MELILLA,52,MELILLA,351635N,025723W,52.0,28.6,22.0,25.3,0.0,25.0,4.7,12.8,8.2,1008.6,1006.5,55.0,,
2015-09-14,6000A,MELILLA,52,MELILLA,351635N,025723W,52.0,26.2,20.8,23.5,0.0,26.0,5.6,8.3,8.7,1009.5,1007.8,69.0,,
2015-09-15,6000A,MELILLA,52,MELILLA,351635N,025723W,52.0,26.0,20.8,23.4,0.0,29.0,5.6,11.9,5.3,1008.2,1005.5,69.0,,
2015-09-16,6000A,MELILLA,52,MELILLA,351635N,025723W,52.0,25.8,19.8,22.8,0.0,30.0,4.2,10.3,11.2,1006.1,1003.5,65.0,,
2015-09-17,6000A,MELILLA,52,MELILLA,351635N,025723W,52.0,26.0,19.4,22.7,0.0,26.0,5.0,11.4,10.0,1008.2,1005.3,63.0,,
2015-09-18,6000A,MELILLA,52,MELILLA,351635N,025723W,52.0,25.8,20.2,23.0,0.0,4.0,2.5,8.9,9.5,1010.5,1008.2,64.0,,
2015-09-19,6000A,MELILLA,52,MELILLA,351635N,025723W,52.0,24.0,23.0,23.5,,5.0,4.4,11.9,0.0,1015.5,1010.5,63.0,,
2015-09-20,6000A,MELILLA,52,MELILLA,351635N,025723W,52.0,25.0,22.2,23.6,0.0,10.0,3.1,8.3,1.0,1015.7,1014.1,84.0,,
2015-09-21,6000A,MELILLA,52,MELILLA,351635N,025723W,52.0,27.2,22.0,24.6,0.0,29.0,1.1,7.2,5.5,1014.6,1009.5,76.0,,
2015-09-22,6000A,MELILLA,52,MELILLA,351635N,025723W,52.0,33.0,25.4,29.2,0.0,26.0,5.3,13.3,9.7,1009.9,1006.1,39.0,,
2015-09-23,6000A,MELILLA,52,MELILLA,351635N,025723W,52.0,31.0,24.0,27.5,0.0,28.0,3.6,11.4,8.3,1009.1,1005.8,36.0,,
2015-09-24,6000A,MELILLA,52,MELILLA,351635N,025723W,52.0,27.8,21.0,24.4,0.0,3.0,1.9,8.3,9.4,1011.8,1008.1,67.0,,
2015-09-25,6000A,MELILLA,52,MELILLA,351635N,025723W,52.0,25.4,19.8,22.6,0.0,2.0,1.7,7.2,8.5,1011.8,1009.5,75.0,,
2015-09-26,6000A,MELILLA,52,MELILLA,351635N,025723W,52.0,25.0,18.0,21.5,0.0,3.0,1.4,6.7,9.8,1011.1,1009.0,,,
2015-09-27,6000A,MELILLA,52,MELILLA,351635N,025723W,52.0,24.8,18.0,21.4,0.0,8.0,2.5,7.8,8.8,1013.1,1010.3,75.0,,
2015-09-28,6000A,MELILLA,52,MELILLA,351635N,025723W,52.0,25.8,19.6,22.7,4.5,10.0,4.4,10.8,3.7,1012.5,1010.3,78.0,,
2015-09-29,6000A,MELILLA,52,MELILLA,351635N,025723W,52.0,23.6,19.0,21.3,0.0,8.0,1.7,8.9,2.9,1011.1,1007.0,76.0,,
2015-09-30,6000A,MELILLA,52,MELILLA,351635N,025723W,52.0,24.2,18.0,21.1,0.0,35.0,1.9,7.2,10.0,1015.3,1008.6,75.0,,
2015-10-01,6000A,MELILLA,52,MELILLA,351635N,025723W,52.0,24.2,17.2,20.7,0.0,7.0,1.1,8.9,9.0,1015.9,1013.5,80.0,,
2015-10-02,6000A,MELILLA,52,MELILLA,351635N,025723W,52.0,25.2,17.0,21.1,0.0,3.0,1.1,8.3,10.1,1015.3,1009.7,72.0,,
2015-10-03,6000A,MELILLA,52,MELILLA,351635N,025723W,52.0,26.0,19.6,22.8,0.0,26.0,3.9,12.5,3.5,1012.9,1008.6,61.0,,
2015-10-04,6000A,MELILLA,52,MELILLA,351635N,025723W,52.0,29.8,20.0,24.9,0.0,8.0,0.6,5.6,9.5,1015.1,1012.9,56.0,,
2015-10-05,6000A,MELILLA,52,MELILLA,351635N,025723W,52.0,32.6,23.0,27.8,0.0,25.0,3.1,13.9,6.7,1014.9,1011.3,47.0,,
2015-10-06,6000A,MELILLA,52,MELILLA,351635N,025723W,52.0,28.0,23.2,25.6,0.0,30.0,4.2,11.4,9.3,1013.0,1010.6,61.0,,
2015-10-07,6000A,MELILLA,52,MELILLA,351635N,025723W,52.0,26.6,21.2,23.9,0.0,30.0,3.9,8.9,7.6,1011.3,1008.6,67.0,,
2015-10-08,6000A,MELILLA,52,MELILLA,351635N,025723W,52.0,23.6,18.6,21.1,0.0,25.0,4.4,12.8,8.1,1010.2,1007.0,72.0,,
2015-10-09,6000A,MELILLA,52,MELILLA,351635N,025723W,52.0,24.8,17.0,20.9,0.0,26.0,1.1,7.8,6.3,1008.6,1005.9,77.0,,
2015-10-10,6000A,MELILLA,52,MELILLA,351635N,025723W,52.0,24.2,16.8,20.5,0.0,11.0,1.7,6.1,8.2,1007.1,1003.7,82.0,,
2015-10-11,6000A,MELILLA,52,MELILLA,351635N,025723W,52.0,25.2,17.0,21.1,0.0,30.0,2.5,8.9,9.8,1004.9,1002.9,80.0,,
2015-10-12,6000A,MELILLA,52,MELILLA,351635N,025723W,52.0,27.8,17.6,22.7,4.8,15.0,3.3,10.3,9.2,1007.4,1003.9,71.0,,
2015-10-13,6000A,MELILLA,52,MELILLA,351635N,025723W,52.0,22.4,18.6,20.5,5.2,8.0,1.4,6.7,2.4,1007.7,1005.5,91.0,,
2015-10-14,6000A,MELILLA,52,MELILLA,351635N,025723W,52.0,25.0,17.4,21.2,0.0,29.0,0.8,7.2,9.4,1007.3,1005.7,77.0,,
2015-10-15,6000A,MELILLA,52,MELILLA,351635N,025723W,52.0,26.4,17.6,22.0,0.0,4.0,1.1,7.2,9.8,1008.2,1006.6,72.0,,
2015-10-16,6000A,MELILLA,52,MELILLA,351635N,025723W,52.0,24.2,17.6,20.9,0.0,7.0,2.8,7.8,8.5,1008.5,1006.3,84.0,,
2015-10-17,6000A,MELILLA,52,MELILLA,351635N,025723W,52.0,24.8,20.2,22.5,0.0,30.0,1.9,8.3,6.3,1007.7,1004.1,83.0,,
2015-10-18,6000A,MELILLA,52,MELILLA,351635N,025723W,52.0,24.2,18.4,21.3,3.5,26.0,2.5,17.5,8.3,1007.7,1002.5,90.0,,
2015-10-19,6000A,MELILLA,52,MELILLA,351635N,025723W,52.0,24.2,19.0,21.6,1.9,11.0,1.4,7.8,8.0,1004.6,1000.5,80.0,,
2015-10-20,6000A,MELILLA,52,MELILLA,351635N,025723W,52.0,24.0,18.0,21.0,0.8,26.0,2.2,9.7,6.9,1008.5,1003.3,83.0,,
2015-10-21,6000A,MELILLA,52,MELILLA,351635N,025723W,52.0,24.4,17.8,21.1,0.0,29.0,3.1,9.7,8.9,1011.9,1008.5,77.0,,
2015-10-22,6000A,MELILLA,52,MELILLA,351635N,025723W,52.0,25.0,18.0,21.5,0.0,25.0,1.1,8.9,8.7,1014.3,1011.9,73.0,,
2015-10-23,6000A,MELILLA,52,MELILLA,351635N,025723W,52.0,23.0,16.2,19.6,0.0,6.0,1.4,7.8,8.4,1014.5,1011.9,77.0,,
2015-10-24,6000A,MELILLA,52,MELILLA,351635N,025723W,52.0,21.8,17.0,19.4,1.2,8.0,1.4,5.3,0.1,1013.0,1009.5,86.0,,
2015-10-25,6000A,MELILLA,52,MELILLA,351635N,025723W,52.0,22.0,15.2,18.6,0.2,4.0,1.1,8.3,9.0,1013.0,1010.9,84.0,,
2015-10-26,6000A,MELILLA,52,MELILLA,351635N,025723W,52.0,25.8,18.0,21.9,0.0,15.0,1.1,10.8,6.4,1011.0,1006.6,75.0,,
2015-10-27,6000A,MELILLA,52,MELILLA,351635N,025723W,52.0,26.6,17.8,22.2,0.0,30.0,2.2,11.4,9.6,1012.5,1007.9,81.0,,
2015-10-28,6000A,MELILLA,52,MELILLA,351635N,025723W,52.0,22.8,17.8,20.3,0.0,29.0,2.5,9.2,6.8,1015.0,1012.5,73.0,,
2015-10-29,6000A,MELILLA,52,MELILLA,351635N,025723W,52.0,22.2,15.2,18.7,0.0,6.0,1.7,8.3,10.5,1015.1,1011.9,86.0,,
2015-10-30,6000A,MELILLA,52,MELILLA,351635N,025723W,52.0,22.4,15.6,19.0,0.0,6.0,1.7,7.8,9.3,1012.6,1010.7,84.0,,
2015-10-31,6000A,MELILLA,52,MELILLA,351635N,025723W,52.0,21.6,18.6,20.1,0.1,6.0,3.1,10.3,0.4,1012.7,1010.6,88.0,,
2015-11-01,6000A,MELILLA,52,MELILLA,351635N,025723W,52.0,22.2,16.6,19.4,4.9,8.0,4.4,13.3,2.8,1012.3,1004.3,86.0,,
2015-11-02,6000A,MELILLA,52,MELILLA,351635N,025723W,52.0,18.8,13.0,15.9,0.0,24.0,1.1,10.8,0.2,1011.9,1005.9,82.0,,
2015-11-03,6000A,MELILLA,52,MELILLA,351635N,025723W,52.0,24.0,13.2,18.6,0.0,12.0,1.1,5.3,9.6,1017.1,1011.9,66.0,,
2015-11-04,6000A,MELILLA,52,MELILLA,351635N,025723W,52.0,22.2,16.0,19.1,0.0,2.0,1.7,7.2,4.8,1017.4,1015.3,83.0,,
2015-11-05,6000A,MELILLA,52,MELILLA,351635N,025723W,52.0,22.8,14.6,18.7,0.0,7.0,1.4,7.2,10.0,1018.0,1016.2,81.0,,
2015-11-06,6000A,MELILLA,52,MELILLA,351635N,025723W,52.0,22.2,15.2,18.7,0.0,7.0,1.4,8.3,9.9,1019.1,1017.6,88.0,,
2015-11-07,6000A,MELILLA,52,MELILLA,351635N,025723W,52.0,21.0,17.0,19.0,0.0,8.0,2.8,7.8,8.3,1020.0,1018.0,94.0,,
2015-11-08,6000A,MELILLA,52,MELILLA,351635N,025723W,52.0,21.2,18.2,19.7,0.0,9.0,2.8,7.2,5.7,1022.8,1019.2,88.0,,
2015-11-09,6000A,MELILLA,52,MELILLA,351635N,025723W,52.0,22.0,16.4,19.2,0.0,6.0,1.9,7.2,8.5,1024.6,1022.8,90.0,,
2015-11-10,6000A,MELILLA,52,MELILLA,351635N,025723W,52.0,21.4,15.0,18.2,0.0,9.0,1.1,5.6,8.7,1023.1,1019.2,91.0,,
2015-11-11,6000A,MELILLA,52,MELILLA,351635N,025723W,52.0,21.0,14.2,17.6,0.0,7.0,1.7,6.7,6.5,1019.9,1017.1,91.0,,
2015-11-12,6000A,MELILLA,52,MELILLA,351635N,025723W,52.0,20.4,14.6,17.5,0.0,3.0,1.7,6.1,4.3,1019.5,1017.0,83.0,,
2015-11-13,6000A,MELILLA,52,MELILLA,351635N,025723W,52.0,20.8,15.0,17.9,0.0,3.0,1.9,7.2,0.1,1023.2,1019.5,78.0,,
2015-11-14,6000A,MELILLA,52,MELILLA,351635N,025723W,52.0,21.2,15.2,18.2,0.0,12.0,2.5,7.2,8.3,1024.2,1021.2,86.0,,
2015-11-15,6000A,MELILLA,52,MELILLA,351635N,025723W,52.0,20.2,15.0,17.6,0.0,5.0,1.1,6.1,8.9,1022.0,1016.8,89.0,,
2015-11-16,6000A,MELILLA,52,MELILLA,351635N,025723W,52.0,21.8,13.8,17.8,0.0,30.0,1.4,8.3,6.4,1017.8,1015.7,85.0,,
2015-11-17,6000A,MELILLA,52,MELILLA,351635N,025723W,52.0,21.8,13.8,17.8,0.0,3.0,0.8,5.3,8.6,1019.1,1016.4,89.0,,
2015-11-18,6000A,MELILLA,52,MELILLA,351635N,025723W,52.0,20.2,12.2,16.2,0.0,10.0,1.7,6.1,8.2,1021.2,1019.1,92.0,,
2015-11-19,6000A,MELILLA,52,MELILLA,351635N,025723W,52.0,20.6,12.6,16.6,0.0,7.0,1.1,5.6,8.6,1023.9,1013.3,85.0,,
2015-11-20,6000A,MELILLA,52,MELILLA,351635N,025723W,52.0,21.8,11.0,16.4,0.0,7.0,0.6,8.3,8.7,1024.2,1017.8,71.0,,
2015-11-21,6000A,MELILLA,52,MELILLA,351635N,025723W,52.0,23.2,15.6,19.4,0.2,26.0,8.1,22.8,7.8,1017.8,1007.3,59.0,,
2015-11-22,6000A,MELILLA,52,MELILLA,351635N,025723W,52.0,18.2,14.8,16.5,0.0,27.0,6.4,16.4,7.4,1008.7,1006.9,60.0,,
2015-11-23,6000A,MELILLA,52,MELILLA,351635N,025723W,52.0,16.2,9.8,13.0,3.3,30.0,0.8,9.7,4.9,1015.5,1007.9,74.0,,
2015-11-24,6000A,MELILLA,52,MELILLA,351635N,025723W,52.0,15.8,8.8,12.3,0.0,6.0,1.1,8.3,3.4,1021.6,1015.5,80.0,,
2015-11-25,6000A,MELILLA,52,MELILLA,351635N,025723W,52.0,18.2,8.4,13.3,0.0,26.0,5.0,16.1,8.5,1021.6,1015.9,70.0,,
2015-11-26,6000A,MELILLA,52,MELILLA,351635N,025723W,52.0,21.0,11.6,16.3,0.0,26.0,8.3,16.9,8.8,1016.4,1009.0,77.0,,
2015-11-27,6000A,MELILLA,52,MELILLA,351635N,025723W,52.0,20.8,12.8,16.8,0.0,25.0,1.7,12.8,8.7,1011.9,1007.7,76.0,,
2015-11-28,6000A,MELILLA,52,MELILLA,351635N,025723W,52.0,19.0,10.8,14.9,0.0,3.0,1.7,6.1,8.5,1018.7,1011.9,89.0,,
2015-11-29,6000A,MELILLA,52,MELILLA,351635N,025723W,52.0,19.2,12.8,16.0,0.0,7.0,2.5,8.9,8.5,1027.1,1018.7,85.0,,
2015-11-30,6000A,MELILLA,52,MELILLA,351635N,025723W,52.0,19.0,12.0,15.5,0.0,7.0,0.6,6.1,7.4,1027.1,1026.0,78.0,,
2015-12-01,6000A,MELILLA,52,MELILLA,351635N,025723W,52.0,18.8,10.0,14.4,0.0,3.0,1.1,5.3,7.0,1026.0,1023.2,79.0,,
2015-12-02,6000A,MELILLA,52,MELILLA,351635N,025723W,52.0,18.6,11.2,14.9,0.0,6.0,0.6,7.2,6.3,1024.7,1022.3,78.0,,
2015-12-03,6000A,MELILLA,52,MELILLA,351635N,025723W,52.0,19.6,12.0,15.8,0.0,13.0,1.1,6.1,5.6,1024.6,1021.5,79.0,,
2015-12-04,6000A,MELILLA,52,MELILLA,351635N,025723W,52.0,19.0,12.9,16.0,0.0,7.0,1.7,8.3,8.4,1027.9,1024.6,80.0,,
2015-12-05,6000A,MELILLA,52,MELILLA,351635N,025723W,52.0,18.0,12.4,15.2,0.0,11.0,1.9,7.2,7.7,1027.9,1023.4,81.0,,
2015-12-06,6000A,MELILLA,52,MELILLA,351635N,025723W,52.0,18.0,11.8,14.9,0.0,12.0,1.4,5.6,7.2,1026.6,1021.9,80.0,,
2015-12-07,6000A,MELILLA,52,MELILLA,351635N,025723W,52.0,17.8,12.0,14.9,0.0,9.0,0.6,5.3,5.4,1024.0,1022.6,77.0,,
2015-12-08,6000A,MELILLA,52,MELILLA,351635N,025723W,52.0,18.2,11.4,14.8,0.0,7.0,1.4,5.3,6.6,1025.8,1023.5,81.0,,
2015-12-09,6000A,MELILLA,52,MELILLA,351635N,025723W,52.0,18.2,13.6,15.9,0.0,6.0,3.3,9.7,0.8,1027.1,1024.7,79.0,,
2015-12-10,6000A,MELILLA,52,MELILLA,351635N,025723W,52.0,19.0,16.0,17.5,0.0,7.0,2.2,9.7,6.0,1025.8,1023.1,76.0,,
2015-12-11,6000A,MELILLA,52,MELILLA,351635N,025723W,52.0,18.2,15.0,16.6,0.0,5.0,1.7,8.3,3.0,1023.6,1021.0,76.0,,
2015-12-12,6000A,MELILLA,52,MELILLA,351635N,025723W,52.0,19.0,12.2,15.6,0.0,4.0,0.8,6.1,3.8,1021.1,1018.0,76.0,,
2015-12-13,6000A,MELILLA,52,MELILLA,351635N,025723W,52.0,18.0,9.8,13.9,0.0,33.0,0.6,3.6,8.2,1018.2,1015.9,74.0,,
2015-12-14,6000A,MELILLA,52,MELILLA,351635N,025723W,52.0,19.0,10.2,14.6,0.0,11.0,0.8,4.2,5.7,1020.2,1016.2,58.0,,
2015-12-15,6000A,MELILLA,52,MELILLA,351635N,025723W,52.0,19.2,10.2,14.7,0.0,5.0,0.6,5.6,8.5,1023.9,1020.2,66.0,,
2015-12-16,6000A,MELILLA,52,MELILLA,351635N,025723W,52.0,18.6,10.2,14.4,0.0,4.0,0.8,5.6,8.0,1024.8,1022.8,80.0,,
2015-12-17,6000A,MELILLA,52,MELILLA,351635N,025723W,52.0,20.4,11.4,15.9,0.0,25.0,0.8,7.8,7.1,1023.6,1021.5,77.0,,
2015-12-18,6000A,MELILLA,52,MELILLA,351635N,025723W,52.0,20.0,10.0,15.0,0.0,5.0,0.6,7.2,6.0,1022.8,1021.5,68.0,,
2015-12-19,6000A,MELILLA,52,MELILLA,351635N,025723W,52.0,20.0,11.0,15.5,0.0,1.0,0.6,6.1,8.5,1021.5,1017.6,58.0,,
2015-12-20,6000A,MELILLA,52,MELILLA,351635N,025723W,52.0,21.0,9.0,15.0,0.0,26.0,3.3,10.3,8.6,1020.6,1016.7,71.0,,
2015-12-21,6000A,MELILLA,52,MELILLA,351635N,025723W,52.0,18.0,12.0,15.0,0.0,9.0,1.7,7.8,7.8,1026.8,1020.6,75.0,,
2015-12-22,6000A,MELILLA,52,MELILLA,351635N,025723W,52.0,18.0,14.2,16.1,0.0,4.0,1.7,8.9,4.4,1027.1,1024.7,80.0,,
2015-12-23,6000A,MELILLA,52,MELILLA,351635N,025723W,52.0,18.0,12.4,15.2,0.0,5.0,0.8,5.3,4.3,1024.7,1021.8,78.0,,
2015-12-24,6000A,MELILLA,52,MELILLA,351635N,025723W,52.0,18.8,11.4,15.1,0.0,9.0,0.3,4.7,5.2,1023.6,1021.9,80.0,,
2015-12-25,6000A,MELILLA,52,MELILLA,351635N,025723W,52.0,18.0,9.0,13.5,0.0,33.0,1.1,4.7,7.3,1025.5,1023.4,81.0,,
2015-12-26,6000A,MELILLA,52,MELILLA,351635N,025723W,52.0,17.2,12.0,14.6,0.0,8.0,1.9,7.2,6.4,1026.3,1023.8,82.0,,
2015-12-27,6000A,MELILLA,52,MELILLA,351635N,025723W,52.0,17.2,13.8,15.5,0.0,10.0,2.5,7.8,2.2,1023.8,1019.6,75.0,,
2015-12-28,6000A,MELILLA,52,MELILLA,351635N,025723W,52.0,16.6,11.8,14.2,0.0,10.0,2.2,8.9,0.3,1023.1,1020.6,85.0,,
2015-12-29,6000A,MELILLA,52,MELILLA,351635N,025723W,52.0,20.8,10.4,15.6,0.0,2.0,1.1,6.7,6.6,1025.6,1023.1,60.0,,
2015-12-30,6000A,MELILLA,52,MELILLA,351635N,025723W,52.0,19.8,11.8,15.8,0.0,26.0,1.7,11.4,7.7,1024.8,1021.6,71.0,,
2015-12-31,6000A,MELILLA,52,MELILLA,351635N,025723W,52.0,20.8,13.2,17.0,0.0,25.0,1.9,7.2,8.6,1021.8,1019.2,60.0,,
2016-01-01,6000A,MELILLA,52,MELILLA,351635N,025723W,52.0,20.4,10.6,15.5,0.0,26.0,1.7,5.6,9.1,1019.9,1016.6,65.0,,
2016-01-02,6000A,MELILLA,52,MELILLA,351635N,025723W,52.0,22.4,11.6,17.0,0.0,29.0,2.5,9.7,7.9,1018.0,1016.4,60.0,,
2016-01-03,6000A,MELILLA,52,MELILLA,351635N,025723W,52.0,20.8,12.0,16.4,0.0,26.0,1.9,8.9,8.2,1017.6,1013.1,70.0,,
2016-01-04,6000A,MELILLA,52,MELILLA,351635N,025723W,52.0,21.2,16.2,18.7,0.0,26.0,3.9,10.3,6.8,1013.1,1007.1,77.0,,
2016-01-05,6000A,MELILLA,52,MELILLA,351635N,025723W,52.0,18.4,13.0,15.7,2.7,25.0,7.5,21.1,0.0,1011.8,1003.4,59.0,,
2016-01-06,6000A,MELILLA,52,MELILLA,351635N,025723W,52.0,17.0,12.8,14.9,0.0,29.0,8.1,19.7,7.9,1017.5,1011.8,60.0,,
2016-01-07,6000A,MELILLA,52,MELILLA,351635N,025723W,52.0,19.6,12.0,15.8,0.0,25.0,5.0,11.4,9.1,1017.5,1013.7,62.0,,
2016-01-08,6000A,MELILLA,52,MELILLA,351635N,025723W,52.0,21.2,10.2,15.7,0.3,23.0,1.1,5.6,7.0,1013.7,1008.3,73.0,,
2016-01-09,6000A,MELILLA,52,MELILLA,351635N,025723W,52.0,22.8,15.0,18.9,0.0,21.0,5.0,12.8,6.2,1014.2,1006.5,66.0,,
2016-01-10,6000A,MELILLA,52,MELILLA,351635N,025723W,52.0,20.2,12.0,16.1,0.0,31.0,1.7,7.8,7.5,1014.2,1010.3,78.0,,
2016-01-11,6000A,MELILLA,52,MELILLA,351635N,025723W,52.0,21.4,10.6,16.0,0.0,29.0,1.9,7.8,8.8,1013.9,1011.5,61.0,,
2016-01-12,6000A,MELILLA,52,MELILLA,351635N,025723W,52.0,19.0,12.8,15.9,0.0,20.0,3.6,8.3,4.0,1017.9,1013.9,72.0,,
2016-01-13,6000A,MELILLA,52,MELILLA,351635N,025723W,52.0,18.0,11.4,14.7,0.0,7.0,1.4,6.1,5.8,1019.1,1017.5,81.0,,
2016-01-14,6000A,MELILLA,52,MELILLA,351635N,025723W,52.0,19.6,10.8,15.2,0.0,24.0,1.7,10.8,8.9,1017.9,1013.3,69.0,,
2016-01-15,6000A,MELILLA,52,MELILLA,351635N,025723W,52.0,19.6,14.8,17.2,6.0,28.0,6.9,16.9,2.1,1017.8,1012.7,71.0,,
2016-01-16,6000A,MELILLA,52,MELILLA,351635N,025723W,52.0,15.2,10.6,12.9,0.0,8.0,2.8,8.3,5.5,1022.6,1017.8,60.0,,
2016-01-17,6000A,MELILLA,52,MELILLA,351635N,025723W,52.0,14.2,8.8,11.5,0.0,11.0,1.7,5.6,7.8,1022.6,1016.8,58.0,,
2016-01-18,6000A,MELILLA,52,MELILLA,351635N,025723W,52.0,18.8,10.4,14.6,0.0,26.0,5.6,16.1,6.6,1016.8,1011.9,54.0,,
2016-01-19,6000A,MELILLA,52,MELILLA,351635N,025723W,52.0,17.6,11.6,14.6,0.0,26.0,3.6,12.8,6.5,1014.3,1012.2,71.0,,
2016-01-20,6000A,MELILLA,52,MELILLA,351635N,025723W,52.0,19.0,11.2,15.1,2.6,29.0,1.9,7.8,1.2,1014.3,1011.4,79.0,,
2016-01-21,6000A,MELILLA,52,MELILLA,351635N,025723W,52.0,19.0,14.6,16.8,0.0,26.0,2.2,8.3,2.2,1019.8,1013.8,75.0,,
2016-01-22,6000A,MELILLA,52,MELILLA,351635N,025723W,52.0,19.0,12.4,15.7,0.0,2.0,1.4,6.1,6.8,1024.7,1019.8,80.0,,
2016-01-23,6000A,MELILLA,52,MELILLA,351635N,025723W,52.0,18.0,12.8,15.4,0.0,3.0,1.1,5.3,7.9,1026.3,1024.2,86.0,,
2016-01-24,6000A,MELILLA,52,MELILLA,351635N,025723W,52.0,16.2,12.4,14.3,0.0,6.0,1.1,5.3,1.0,1026.4,1024.2,84.0,,
2016-01-25,6000A,MELILLA,52,MELILLA,351635N,025723W,52.0,17.2,12.0,14.6,0.0,5.0,1.7,6.7,3.2,1026.3,1024.2,77.0,,
2016-01-26,6000A,MELILLA,52,MELILLA,351635N,025723W,52.0,19.0,11.8,15.4,16.1,8.0,1.9,4.7,3.6,1025.0,1023.9,79.0,,
2016-01-27,6000A,MELILLA,52,MELILLA,351635N,025723W,52.0,16.4,10.2,13.3,2.4,32.0,0.6,5.6,5.2,1024.4,1021.8,79.0,,
2016-01-28,6000A,MELILLA,52,MELILLA,351635N,025723W,52.0,16.2,9.0,12.6,0.0,6.0,0.8,7.8,7.4,1024.4,1021.8,76.0,,
2016-01-29,6000A,MELILLA,52,MELILLA,351635N,025723W,52.0,16.2,10.2,13.2,0.0,3.0,1.7,7.2,2.1,1024.4,1022.6,83.0,,
2016-01-30,6000A,MELILLA,52,MELILLA,351635N,025723W,52.0,16.0,11.0,13.5,3.4,30.0,3.3,9.2,3.2,1028.6,1023.6,82.0,,
2016-01-31,6000A,MELILLA,52,MELILLA,351635N,025723W,52.0,20.6,10.2,15.4,0.0,26.0,1.9,6.7,8.7,1028.6,1024.4,56.0,,
2016-02-01,6000A,MELILLA,52,MELILLA,351635N,025723W,52.0,18.8,10.6,14.7,0.0,6.0,1.1,4.7,9.5,1025.8,1022.8,64.0,,
2016-02-02,6000A,MELILLA,52,MELILLA,351635N,025723W,52.0,19.0,10.2,14.6,0.0,29.0,1.9,7.8,9.6,1023.5,1019.9,73.0,,
2016-02-03,6000A,MELILLA,52,MELILLA,351635N,025723W,52.0,19.2,10.2,14.7,0.0,5.0,1.9,7.2,6.3,1023.6,1019.1,81.0,,
2016-02-04,6000A,MELILLA,52,MELILLA,351635N,025723W,52.0,16.6,13.8,15.2,0.0,8.0,4.4,11.4,5.9,1027.2,1022.4,83.0,,
2016-02-05,6000A,MELILLA,52,MELILLA,351635N,025723W,52.0,16.6,13.0,14.8,0.0,8.0,1.1,8.3,2.8,1022.4,1018.3,74.0,,
2016-02-06,6000A,MELILLA,52,MELILLA,351635N,025723W,52.0,19.8,12.4,16.1,0.0,26.0,1.7,8.3,4.6,1019.8,1015.7,78.0,,
2016-02-07,6000A,MELILLA,52,MELILLA,351635N,025723W,52.0,20.4,15.0,17.7,0.0,30.0,6.9,18.1,4.4,1021.4,1014.9,72.0,,
2016-02-08,6000A,MELILLA,52,MELILLA,351635N,025723W,52.0,18.2,13.8,16.0,0.0,26.0,5.0,13.3,7.5,1024.4,1021.4,72.0,,
2016-02-09,6000A,MELILLA,52,MELILLA,351635N,025723W,52.0,18.6,13.4,16.0,0.0,26.0,7.8,17.5,8.6,1022.8,1019.4,68.0,,
2016-02-10,6000A,MELILLA,52,MELILLA,351635N,025723W,52.0,19.8,15.0,17.4,0.0,26.0,6.9,16.9,9.6,1020.7,1014.3,73.0,,
2016-02-11,6000A,MELILLA,52,MELILLA,351635N,025723W,52.0,22.4,15.8,19.1,0.0,26.0,5.0,15.0,3.2,1015.1,1012.9,73.0,,
2016-02-12,6000A,MELILLA,52,MELILLA,351635N,025723W,52.0,20.2,16.4,18.3,0.0,26.0,6.9,15.6,7.1,1015.7,1012.2,73.0,,
2016-02-13,6000A,MELILLA,52,MELILLA,351635N,025723W,52.0,19.2,16.0,17.6,0.0,28.0,7.2,18.6,4.8,1012.7,1009.8,75.0,,
2016-02-14,6000A,MELILLA,52,MELILLA,351635N,025723W,52.0,18.4,11.0,14.7,7.8,29.0,7.5,31.4,3.0,1009.8,1002.3,57.0,,
2016-02-15,6000A,MELILLA,52,MELILLA,351635N,025723W,52.0,14.2,10.6,12.4,2.0,26.0,10.6,22.8,9.2,1010.9,1005.3,55.0,,
2016-02-16,6000A,MELILLA,52,MELILLA,351635N,025723W,52.0,14.0,8.4,11.2,0.0,,2.5,,9.5,1019.5,1010.9,58.0,,
2016-02-17,6000A,MELILLA,52,MELILLA,351635N,025723W,52.0,15.0,7.8,11.4,0.0,28.0,2.5,10.3,9.6,1019.6,1017.0,52.0,,
2016-02-18,6000A,MELILLA,52,MELILLA,351635N,025723W,52.0,16.8,8.2,12.5,0.2,11.0,0.8,7.8,1.8,1017.0,1010.9,52.0,,
2016-02-19,6000A,MELILLA,52,MELILLA,351635N,025723W,52.0,16.8,11.8,14.3,0.0,5.0,6.7,15.6,6.4,1016.2,1011.4,72.0,,
2016-02-20,6000A,MELILLA,52,MELILLA,351635N,025723W,52.0,17.2,14.6,15.9,0.1,6.0,7.8,16.9,6.4,1017.5,1015.7,68.0,,
2016-02-21,6000A,MELILLA,52,MELILLA,351635N,025723W,52.0,18.0,13.0,15.5,0.0,3.0,1.9,11.9,4.6,1017.5,1013.7,83.0,,
2016-02-22,6000A,MELILLA,52,MELILLA,351635N,025723W,52.0,18.8,13.0,15.9,0.0,25.0,4.2,15.6,8.7,1018.7,1012.7,66.0,,
2016-02-23,6000A,MELILLA,52,MELILLA,351635N,025723W,52.0,19.4,13.4,16.4,0.0,23.0,5.3,15.0,9.8,1022.0,1018.7,58.0,,
2016-02-24,6000A,MELILLA,52,MELILLA,351635N,025723W,52.0,18.2,11.2,14.7,,28.0,5.0,14.4,8.8,1019.4,1013.3,64.0,,
2016-02-25,6000A,MELILLA,52,MELILLA,351635N,025723W,52.0,17.4,13.4,15.4,0.0,29.0,7.8,18.1,7.5,1016.6,1014.1,65.0,,
2016-02-26,6000A,MELILLA,52,MELILLA,351635N,025723W,52.0,17.6,10.2,13.9,18.7,29.0,3.3,17.5,6.2,1015.9,1001.3,60.0,,
2016-02-27,6000A,MELILLA,52,MELILLA,351635N,025723W,52.0,12.0,8.0,10.0,17.6,28.0,7.2,20.0,0.9,1001.3,997.4,67.0,,
2016-02-28,6000A,MELILLA,52,MELILLA,351635N,025723W,52.0,14.6,8.5,11.6,0.0,28.0,11.7,26.4,7.7,1006.9,997.8,59.0,,
2016-02-29,6000A,MELILLA,52,MELILLA,351635N,025723W,52.0,17.4,12.6,15.0,0.0,28.0,6.7,18.1,11.2,1016.4,1006.9,54.0,,
2016-03-01,6000A,MELILLA,52,MELILLA,351635N,025723W,52.0,18.6,13.4,16.0,0.0,27.0,5.6,12.5,10.6,1019.9,1016.4,50.0,,
2016-03-02,6000A,MELILLA,52,MELILLA,351635N,025723W,52.0,22.6,15.0,18.8,0.0,28.0,6.1,16.9,10.8,1019.5,1014.7,26.0,,
2016-03-03,6000A,MELILLA,52,MELILLA,351635N,025723W,52.0,19.2,14.6,16.9,0.0,25.0,5.6,16.1,10.7,1014.7,1009.7,66.0,,
2016-03-04,6000A,MELILLA,52,MELILLA,351635N,025723W,52.0,18.8,10.6,14.7,0.0,26.0,3.3,15.0,10.7,1011.3,1003.7,62.0,,
2016-03-05,6000A,MELILLA,52,MELILLA,351635N,025723W,52.0,15.2,13.4,14.3,2.8,28.0,8.3,19.7,7.2,1009.5,1004.9,62.0,,
2016-03-06,6000A,MELILLA,52,MELILLA,351635N,025723W,52.0,15.0,10.6,12.8,0.0,29.0,7.5,16.9,10.5,1010.3,1008.2,56.0,,
2016-03-07,6000A,MELILLA,52,MELILLA,351635N,025723W,52.0,17.0,10.6,13.8,3.2,30.0,7.5,22.2,4.5,1010.3,1001.3,60.0,,
2016-03-08,6000A,MELILLA,52,MELILLA,351635N,025723W,52.0,16.0,12.4,14.2,0.0,29.0,6.7,17.5,11.6,1014.7,1006.3,50.0,,
2016-03-09,6000A,MELILLA,52,MELILLA,351635N,025723W,52.0,17.0,8.6,12.8,0.2,28.0,5.6,22.8,9.2,1014.9,1005.9,52.0,,
2016-03-10,6000A,MELILLA,52,MELILLA,351635N,025723W,52.0,15.2,13.2,14.2,0.0,26.0,10.3,22.8,9.8,1012.1,1005.5,60.0,,
2016-03-11,6000A,MELILLA,52,MELILLA,351635N,025723W,52.0,16.2,10.0,13.1,0.0,33.0,1.9,8.9,5.1,1014.1,1010.5,57.0,,
2016-03-12,6000A,MELILLA,52,MELILLA,351635N,025723W,52.0,16.4,8.4,12.4,0.0,3.0,1.9,6.7,11.8,1015.1,1013.3,56.0,,
2016-03-13,6000A,MELILLA,52,MELILLA,351635N,025723W,52.0,16.2,9.0,12.6,0.0,2.0,1.7,6.7,9.3,1014.6,1010.5,68.0,,
2016-03-14,6000A,MELILLA,52,MELILLA,351635N,025723W,52.0,17.2,8.8,13.0,0.0,2.0,1.1,6.7,10.7,1011.7,1009.3,64.0,,
2016-03-15,6000A,MELILLA,52,MELILLA,351635N,025723W,52.0,18.0,9.8,13.9,0.0,25.0,4.2,12.5,4.2,1014.9,1011.7,64.0,,
2016-03-16,6000A,MELILLA,52,MELILLA,351635N,025723W,52.0,19.0,13.8,16.4,,26.0,4.7,13.9,6.7,1013.3,1010.7,65.0,,
2016-03-17,6000A,MELILLA,52,MELILLA,351635N,025723W,52.0,19.4,13.0,16.2,0.0,25.0,3.1,11.4,9.3,1013.8,1011.7,57.0,,
2016-03-18,6000A,MELILLA,52,MELILLA,351635N,025723W,52.0,17.0,10.8,13.9,0.0,2.0,1.7,6.7,8.0,1012.2,1009.5,72.0,,
2016-03-19,6000A,MELILLA,52,MELILLA,351635N,025723W,52.0,19.2,9.8,14.5,0.0,33.0,2.2,10.3,9.0,1010.5,1008.1,66.0,,
2016-03-20,6000A,MELILLA,52,MELILLA,351635N,025723W,52.0,18.4,13.8,16.1,4.0,2.0,1.1,7.2,9.1,1008.7,1006.6,68.0,,
2016-03-21,6000A,MELILLA,52,MELILLA,351635N,025723W,52.0,15.2,11.0,13.1,4.6,15.0,1.7,8.9,0.0,1006.6,1003.3,84.0,,
2016-03-22,6000A,MELILLA,52,MELILLA,351635N,025723W,52.0,17.2,9.4,13.3,4.8,28.0,4.7,16.9,6.4,1004.3,1001.9,67.0,,
2016-03-23,6000A,MELILLA,52,MELILLA,351635N,025723W,52.0,17.8,13.0,15.4,0.0,25.0,4.7,12.8,7.5,1004.3,1002.7,58.0,,
2016-03-24,6000A,MELILLA,52,MELILLA,351635N,025723W,52.0,18.8,12.4,15.6,0.0,26.0,5.6,11.4,11.2,1015.3,1004.1,61.0,,
2016-03-25,6000A,MELILLA,52,MELILLA,351635N,025723W,52.0,21.4,12.4,16.9,0.0,24.0,3.9,11.4,10.5,1019.0,1015.3,57.0,,
2016-03-26,6000A,MELILLA,52,MELILLA,351635N,025723W,52.0,20.0,14.4,17.2,0.0,25.0,4.4,13.3,9.5,1018.2,1015.5,65.0,,
2016-03-27,6000A,MELILLA,52,MELILLA,351635N,025723W,52.0,21.2,14.0,17.6,0.0,25.0,5.3,12.5,8.0,1016.4,1013.9,63.0,,
2016-03-28,6000A,MELILLA,52,MELILLA,351635N,025723W,52.0,20.2,14.8,17.5,0.0,26.0,5.3,11.9,11.4,1015.4,1013.0,62.0,,
2016-03-29,6000A,MELILLA,52,MELILLA,351635N,025723W,52.0,20.0,12.8,16.4,0.0,3.0,1.4,6.1,10.7,1013.5,1009.4,44.0,,
2016-03-30,6000A,MELILLA,52,MELILLA,351635N,025723W,52.0,19.8,12.6,16.2,0.0,25.0,0.6,10.3,8.8,1009.4,1003.8,59.0,,
2016-03-31,6000A,MELILLA,52,MELILLA,351635N,025723W,52.0,17.4,14.6,16.0,0.0,28.0,7.8,16.9,5.4,1009.7,1003.9,58.0,,
2016-04-01,6000A,MELILLA,52,MELILLA,351635N,025723W,52.0,18.2,12.6,15.4,0.0,30.0,5.6,14.4,10.7,1009.7,1006.6,50.0,,
2016-04-02,6000A,MELILLA,52,MELILLA,351635N,025723W,52.0,18.6,9.0,13.8,0.0,3.0,1.9,7.8,9.7,1007.5,1005.5,47.0,,
2016-04-03,6000A,MELILLA,52,MELILLA,351635N,025723W,52.0,19.4,11.0,15.2,0.0,24.0,3.3,12.5,7.8,1008.9,1006.9,52.0,,
2016-04-04,6000A,MELILLA,52,MELILLA,351635N,025723W,52.0,20.2,14.4,17.3,14.8,28.0,2.8,14.4,7.2,1009.3,1001.3,70.0,,
2016-04-05,6000A,MELILLA,52,MELILLA,351635N,025723W,52.0,18.0,13.6,15.8,0.1,26.0,9.2,22.2,9.2,1003.9,998.1,63.0,,
2016-04-06,6000A,MELILLA,52,MELILLA,351635N,025723W,52.0,18.4,15.2,16.8,0.0,28.0,3.3,16.1,3.2,1008.1,1003.9,64.0,,
2016-04-07,6000A,MELILLA,52,MELILLA,351635N,025723W,52.0,21.0,13.2,17.1,0.0,6.0,1.1,5.3,7.6,1009.3,1006.9,60.0,,
2016-04-08,6000A,MELILLA,52,MELILLA,351635N,025723W,52.0,24.2,14.2,19.2,0.0,31.0,5.6,18.1,9.7,1010.6,1003.9,57.0,,
2016-04-09,6000A,MELILLA,52,MELILLA,351635N,025723W,52.0,21.6,12.4,17.0,0.0,27.0,3.9,8.9,10.8,1010.6,1005.9,34.0,,
2016-04-10,6000A,MELILLA,52,MELILLA,351635N,025723W,52.0,19.0,12.8,15.9,0.0,32.0,4.2,10.3,9.6,1005.9,1003.7,58.0,,
2016-04-11,6000A,MELILLA,52,MELILLA,351635N,025723W,52.0,18.8,12.0,15.4,0.0,8.0,1.4,8.3,10.2,1008.2,1005.4,75.0,,
2016-04-12,6000A,MELILLA,52,MELILLA,351635N,025723W,52.0,22.2,12.6,17.4,0.0,30.0,1.9,8.9,10.8,1009.5,1007.4,59.0,,
2016-04-13,6000A,MELILLA,52,MELILLA,351635N,025723W,52.0,20.6,13.0,16.8,0.0,3.0,1.7,9.2,11.4,1011.7,1009.5,62.0,,
2016-04-14,6000A,MELILLA,52,MELILLA,351635N,025723W,52.0,21.2,13.0,17.1,0.0,4.0,1.9,7.2,10.7,1011.3,1007.3,66.0,,
2016-04-15,6000A,MELILLA,52,MELILLA,351635N,025723W,52.0,21.0,13.0,17.0,0.0,30.0,3.6,11.4,5.0,1009.1,1006.9,63.0,,
2016-04-16,6000A,MELILLA,52,MELILLA,351635N,025723W,52.0,23.2,15.6,19.4,0.0,27.0,2.5,8.3,10.3,1009.8,1007.9,56.0,,
2016-04-17,6000A,MELILLA,52,MELILLA,351635N,025723W,52.0,22.6,17.0,19.8,0.0,25.0,3.1,7.8,6.2,1023.0,1009.0,62.0,,
2016-04-18,6000A,MELILLA,52,MELILLA,351635N,025723W,52.0,21.4,16.4,18.9,0.1,7.0,3.3,8.9,8.3,1023.0,1007.1,74.0,,
2016-04-19,6000A,MELILLA,52,MELILLA,351635N,025723W,52.0,17.0,16.0,16.5,6.1,34.0,4.7,11.4,0.0,1007.9,1006.2,92.0,,
2016-04-20,6000A,MELILLA,52,MELILLA,351635N,025723W,52.0,21.0,14.0,17.5,17.5,11.0,1.1,7.8,2.4,1015.7,1007.7,80.0,,
2016-04-21,6000A,MELILLA,52,MELILLA,351635N,025723W,52.0,19.4,11.8,15.6,0.0,3.0,2.2,7.8,10.1,1015.9,1013.0,77.0,,
2016-04-22,6000A,MELILLA,52,MELILLA,351635N,025723W,52.0,21.0,15.2,18.1,0.0,6.0,1.4,8.9,9.5,1013.8,1012.1,57.0,,
2016-04-23,6000A,MELILLA,52,MELILLA,351635N,025723W,52.0,23.8,14.6,19.2,0.0,26.0,2.2,10.8,9.2,1012.6,1008.2,58.0,,
2016-04-24,6000A,MELILLA,52,MELILLA,351635N,025723W,52.0,24.0,16.8,20.4,0.0,25.0,4.2,9.7,10.7,1008.6,1006.9,62.0,,
2016-04-25,6000A,MELILLA,52,MELILLA,351635N,025723W,52.0,20.8,15.4,18.1,0.0,2.0,3.1,8.3,11.5,1009.1,1007.0,79.0,,
2016-04-26,6000A,MELILLA,52,MELILLA,351635N,025723W,52.0,21.0,14.0,17.5,0.0,8.0,1.7,6.7,10.8,1009.0,1005.3,75.0,,
2016-04-27,6000A,MELILLA,52,MELILLA,351635N,025723W,52.0,25.2,14.2,19.7,0.0,26.0,3.6,11.4,8.8,1005.7,1004.1,44.0,,
2016-04-28,6000A,MELILLA,52,MELILLA,351635N,025723W,52.0,23.2,16.2,19.7,0.0,27.0,4.4,11.4,7.3,1007.7,1004.2,53.0,,
2016-04-29,6000A,MELILLA,52,MELILLA,351635N,025723W,52.0,20.2,15.0,17.6,0.0,6.0,3.6,9.2,1.8,1010.6,1007.1,83.0,,
2016-04-30,6000A,MELILLA,52,MELILLA,351635N,025723W,52.0,20.6,16.2,18.4,0.0,5.0,2.5,7.2,7.7,1013.7,1010.6,70.0,,
2016-05-01,6000A,MELILLA,52,MELILLA,351635N,025723W,52.0,20.4,15.6,18.0,0.0,11.0,4.2,8.9,7.5,1015.8,1013.5,71.0,,
2016-05-02,6000A,MELILLA,52,MELILLA,351635N,025723W,52.0,21.0,16.2,18.6,0.0,7.0,5.0,9.7,11.7,1015.1,1012.5,56.0,,
2016-05-03,6000A,MELILLA,52,MELILLA,351635N,025723W,52.0,20.2,14.6,17.4,0.0,10.0,3.3,7.8,12.2,1014.2,1011.0,65.0,,
2016-05-04,6000A,MELILLA,52,MELILLA,351635N,025723W,52.0,19.2,16.4,17.8,0.0,7.0,2.2,7.8,0.1,1012.5,1009.4,78.0,,
2016-05-05,6000A,MELILLA,52,MELILLA,351635N,025723W,52.0,19.2,15.2,17.2,2.5,3.0,2.2,8.3,0.0,1009.4,1005.7,84.0,,
2016-05-06,6000A,MELILLA,52,MELILLA,351635N,025723W,52.0,18.8,15.0,16.9,0.0,6.0,1.1,8.3,0.6,1007.5,1005.3,89.0,,
2016-05-07,6000A,MELILLA,52,MELILLA,351635N,025723W,52.0,21.6,15.4,18.5,0.0,25.0,2.5,7.2,8.4,1005.9,1000.7,68.0,,
2016-05-08,6000A,MELILLA,52,MELILLA,351635N,025723W,52.0,21.0,15.2,18.1,1.5,29.0,3.9,10.3,3.9,1000.7,996.5,68.0,,
2016-05-09,6000A,MELILLA,52,MELILLA,351635N,025723W,52.0,21.0,15.0,18.0,3.5,12.0,2.5,7.2,5.6,1005.3,998.9,82.0,,
2016-05-10,6000A,MELILLA,52,MELILLA,351635N,025723W,52.0,23.0,15.4,19.2,0.8,34.0,1.9,9.2,5.6,1005.3,999.9,75.0,,
2016-05-11,6000A,MELILLA,52,MELILLA,351635N,025723W,52.0,20.8,14.0,17.4,1.3,28.0,1.1,10.3,3.7,1005.7,1001.8,70.0,,
2016-05-12,6000A,MELILLA,52,MELILLA,351635N,025723W,52.0,23.0,13.8,18.4,4.6,31.0,3.1,10.3,5.2,1007.0,1005.7,69.0,,
2016-05-13,6000A,MELILLA,52,MELILLA,351635N,025723W,52.0,20.5,15.4,18.0,0.0,30.0,6.1,13.9,8.2,1010.9,1007.0,64.0,,
2016-05-14,6000A,MELILLA,52,MELILLA,351635N,025723W,52.0,22.0,15.6,18.8,0.0,25.0,7.8,16.9,11.0,1013.0,1009.5,55.0,,
2016-05-15,6000A,MELILLA,52,MELILLA,351635N,025723W,52.0,25.0,16.2,20.6,0.0,25.0,2.5,8.9,12.1,1013.9,1011.8,47.0,,
2016-05-16,6000A,MELILLA,52,MELILLA,351635N,025723W,52.0,22.8,14.6,18.7,0.0,7.0,1.7,7.2,12.9,1014.6,1012.5,58.0,,
2016-05-17,6000A,MELILLA,52,MELILLA,351635N,025723W,52.0,20.6,15.2,17.9,0.6,5.0,1.4,13.3,4.8,1013.0,1007.1,82.0,,
2016-05-18,6000A,MELILLA,52,MELILLA,351635N,025723W,52.0,23.4,17.4,20.4,0.0,25.0,3.1,7.8,5.0,1010.9,1007.1,78.0,,
2016-05-19,6000A,MELILLA,52,MELILLA,351635N,025723W,52.0,27.2,15.2,21.2,0.0,25.0,3.9,10.8,11.9,1012.2,1008.6,57.0,,
2016-05-20,6000A,MELILLA,52,MELILLA,351635N,025723W,52.0,24.2,18.0,21.1,0.0,8.0,2.8,9.7,11.8,1013.5,1010.9,73.0,,
2016-05-21,6000A,MELILLA,52,MELILLA,351635N,025723W,52.0,21.8,17.8,19.8,0.0,7.0,2.8,7.2,11.0,1012.3,1009.4,79.0,,
2016-05-22,6000A,MELILLA,52,MELILLA,351635N,025723W,52.0,27.6,17.6,22.6,0.0,26.0,6.7,14.4,9.5,1012.2,1009.8,58.0,,
2016-05-23,6000A,MELILLA,52,MELILLA,351635N,025723W,52.0,25.0,18.6,21.8,0.0,1.0,2.5,9.2,7.3,1014.5,1011.9,72.0,,
2016-05-24,6000A,MELILLA,52,MELILLA,351635N,025723W,52.0,24.2,18.2,21.2,0.0,30.0,3.6,10.8,8.0,1011.9,1004.7,70.0,,
2016-05-25,6000A,MELILLA,52,MELILLA,351635N,025723W,52.0,23.4,18.0,20.7,0.0,26.0,6.1,11.4,11.5,1007.4,1004.1,65.0,,
2016-05-26,6000A,MELILLA,52,MELILLA,351635N,025723W,52.0,23.4,17.6,20.5,0.0,29.0,5.8,12.5,11.9,1007.5,1005.0,62.0,,
2016-05-27,6000A,MELILLA,52,MELILLA,351635N,025723W,52.0,26.0,18.2,22.1,0.0,26.0,4.4,10.3,11.9,1010.1,1007.5,43.0,,
2016-05-28,6000A,MELILLA,52,MELILLA,351635N,025723W,52.0,24.0,18.8,21.4,0.0,26.0,8.1,15.6,11.3,1014.1,1009.5,62.0,,
2016-05-29,6000A,MELILLA,52,MELILLA,351635N,025723W,52.0,23.4,17.0,20.2,0.0,25.0,6.1,13.3,11.6,1014.5,1011.7,54.0,,
2016-05-30,6000A,MELILLA,52,MELILLA,351635N,025723W,52.0,25.0,16.8,20.9,0.0,27.0,3.9,10.3,12.4,1012.2,1009.4,53.0,,
2016-05-31,6000A,MELILLA,52,MELILLA,351635N,025723W,52.0,24.0,15.8,19.9,0.0,6.0,1.9,7.2,12.9,1012.3,1010.5,58.0,,
2016-06-01,6000A,MELILLA,52,MELILLA,351635N,025723W,52.0,24.2,16.8,20.5,0.0,11.0,2.2,8.3,11.1,1012.3,1007.7,64.0,,
2016-06-02,6000A,MELILLA,52,MELILLA,351635N,025723W,52.0,24.0,17.0,20.5,,3.0,1.7,8.9,11.3,1007.7,1005.0,70.0,,
2016-06-03,6000A,MELILLA,52,MELILLA,351635N,025723W,52.0,26.4,19.6,23.0,0.0,25.0,5.0,13.9,11.2,1007.8,1005.0,61.0,,
2016-06-04,6000A,MELILLA,52,MELILLA,351635N,025723W,52.0,25.0,17.4,21.2,0.0,28.0,8.1,16.4,12.8,1008.3,1006.7,54.0,,
2016-06-05,6000A,MELILLA,52,MELILLA,351635N,025723W,52.0,25.8,19.0,22.4,0.0,25.0,2.8,10.3,12.9,1010.5,1008.3,61.0,,
2016-06-06,6000A,MELILLA,52,MELILLA,351635N,025723W,52.0,24.0,17.4,20.7,0.0,3.0,2.2,7.8,10.4,1012.3,1010.5,77.0,,
2016-06-07,6000A,MELILLA,52,MELILLA,351635N,025723W,52.0,24.6,19.4,22.0,0.0,6.0,3.3,7.2,7.1,1013.9,1012.3,76.0,,
2016-06-08,6000A,MELILLA,52,MELILLA,351635N,025723W,52.0,26.6,20.4,23.5,0.0,6.0,2.5,6.7,8.8,1013.5,1010.6,72.0,,
2016-06-09,6000A,MELILLA,52,MELILLA,351635N,025723W,52.0,28.2,20.2,24.2,0.0,29.0,1.9,8.3,11.3,1010.6,1005.4,76.0,,
2016-06-10,6000A,MELILLA,52,MELILLA,351635N,025723W,52.0,30.0,23.2,26.6,0.0,24.0,7.5,16.1,11.0,1005.8,1004.1,45.0,,
2016-06-11,6000A,MELILLA,52,MELILLA,351635N,025723W,52.0,28.8,19.2,24.0,0.0,25.0,5.8,14.4,8.4,1007.9,1004.9,40.0,,
2016-06-12,6000A,MELILLA,52,MELILLA,351635N,025723W,52.0,30.5,19.0,24.8,0.0,29.0,1.4,8.3,12.4,1010.3,1007.9,45.0,,
2016-06-13,6000A,MELILLA,52,MELILLA,351635N,025723W,52.0,32.8,20.8,26.8,0.0,26.0,4.7,16.4,12.9,1008.5,1003.9,42.0,,
2016-06-14,6000A,MELILLA,52,MELILLA,351635N,025723W,52.0,30.4,25.4,27.9,0.0,25.0,9.2,20.0,12.2,1005.0,1002.1,49.0,,
2016-06-15,6000A,MELILLA,52,MELILLA,351635N,025723W,52.0,26.0,19.4,22.7,0.0,26.0,7.5,18.6,12.3,1004.3,1001.5,65.0,,
2016-06-16,6000A,MELILLA,52,MELILLA,351635N,025723W,52.0,23.2,18.4,20.8,0.0,26.0,8.1,16.4,8.8,1008.2,1003.9,59.0,,
2016-06-17,6000A,MELILLA,52,MELILLA,351635N,025723W,52.0,28.4,18.4,23.4,0.0,25.0,3.1,11.9,12.9,1011.8,1007.9,51.0,,
2016-06-18,6000A,MELILLA,52,MELILLA,351635N,025723W,52.0,28.2,17.4,22.8,0.0,3.0,1.9,6.7,12.0,1015.9,1011.8,49.0,,
2016-06-19,6000A,MELILLA,52,MELILLA,351635N,025723W,52.0,23.6,18.8,21.2,0.0,7.0,2.8,7.2,11.8,1018.3,1015.1,79.0,,
2016-06-20,6000A,MELILLA,52,MELILLA,351635N,025723W,52.0,25.0,17.4,21.2,0.0,8.0,1.9,6.7,12.4,1015.8,1013.8,67.0,,
2016-06-21,6000A,MELILLA,52,MELILLA,351635N,025723W,52.0,24.0,20.0,22.0,0.0,5.0,4.2,8.9,12.6,1015.0,1012.5,77.0,,
2016-06-22,6000A,MELILLA,52,MELILLA,351635N,025723W,52.0,24.2,20.2,22.2,0.0,5.0,3.6,7.8,6.0,1012.6,1011.3,81.0,,
2016-06-23,6000A,MELILLA,52,MELILLA,351635N,025723W,52.0,24.6,20.8,22.7,0.0,3.0,2.2,6.7,8.8,1014.5,1012.1,77.0,,
2016-06-24,6000A,MELILLA,52,MELILLA,351635N,025723W,52.0,25.0,20.8,22.9,0.0,5.0,2.8,7.2,6.0,1013.7,1009.5,81.0,,
2016-06-25,6000A,MELILLA,52,MELILLA,351635N,025723W,52.0,30.8,20.0,25.4,0.5,30.0,1.1,6.7,11.5,1009.7,1005.4,60.0,,
2016-06-26,6000A,MELILLA,52,MELILLA,351635N,025723W,52.0,28.0,21.2,24.6,0.0,26.0,3.6,10.8,9.0,1010.7,1006.2,58.0,,
2016-06-27,6000A,MELILLA,52,MELILLA,351635N,025723W,52.0,23.2,20.8,22.0,0.8,3.0,3.6,14.4,0.0,1013.3,1007.7,91.0,,
2016-06-28,6000A,MELILLA,52,MELILLA,351635N,025723W,52.0,23.2,21.4,22.3,0.0,7.0,2.5,9.2,0.0,1009.9,1005.8,90.0,,
2016-06-29,6000A,MELILLA,52,MELILLA,351635N,025723W,52.0,27.0,20.8,23.9,0.0,20.0,1.7,7.2,10.2,1009.5,1007.0,75.0,,
2016-06-30,6000A,MELILLA,52,MELILLA,351635N,025723W,52.0,27.6,20.8,24.2,0.0,6.0,1.4,7.2,12.0,1010.5,1008.5,70.0,,
2016-07-01,6000A,MELILLA,52,MELILLA,351635N,025723W,52.0,28.0,21.8,24.9,,6.0,1.7,8.3,10.8,1010.6,1009.3,72.0,,
2016-07-02,6000A,MELILLA,52,MELILLA,351635N,025723W,52.0,29.2,23.0,26.1,,2.0,2.5,7.2,11.9,1010.5,1008.2,69.0,,
2016-07-03,6000A,MELILLA,52,MELILLA,351635N,025723W,52.0,25.0,22.6,23.8,,6.0,3.3,8.9,0.1,1009.0,1007.3,86.0,,
2016-07-04,6000A,MELILLA,52,MELILLA,351635N,025723W,52.0,26.4,23.0,24.7,0.0,3.0,1.4,7.2,5.3,1010.6,1009.0,73.0,,
2016-07-05,6000A,MELILLA,52,MELILLA,351635N,025723W,52.0,27.6,21.8,24.7,0.0,8.0,2.2,6.1,12.0,1010.9,1009.5,71.0,,
2016-07-06,6000A,MELILLA,52,MELILLA,351635N,025723W,52.0,26.0,22.0,24.0,0.0,3.0,2.8,7.2,12.2,1011.3,1008.3,72.0,,
2016-07-07,6000A,MELILLA,52,MELILLA,351635N,025723W,52.0,25.4,23.0,24.2,0.2,30.0,1.7,11.9,0.2,1012.6,1008.9,78.0,,
2016-07-08,6000A,MELILLA,52,MELILLA,351635N,025723W,52.0,28.8,22.2,25.5,0.0,25.0,1.9,6.1,9.1,1013.0,1009.9,67.0,,
2016-07-09,6000A,MELILLA,52,MELILLA,351635N,025723W,52.0,27.0,22.8,24.9,0.0,3.0,3.3,7.8,9.4,1011.1,1008.2,75.0,,
2016-07-10,6000A,MELILLA,52,MELILLA,351635N,025723W,52.0,27.2,23.0,25.1,0.0,7.0,1.4,6.1,10.7,1009.4,1007.4,76.0,,
2016-07-11,6000A,MELILLA,52,MELILLA,351635N,025723W,52.0,29.8,22.4,26.1,0.0,36.0,0.8,7.8,11.0,1008.5,1006.6,66.0,,
2016-07-12,6000A,MELILLA,52,MELILLA,351635N,025723W,52.0,35.6,23.0,29.3,0.0,25.0,3.3,10.8,11.8,1007.4,1004.9,46.0,,
2016-07-13,6000A,MELILLA,52,MELILLA,351635N,025723W,52.0,32.4,23.8,28.1,0.0,26.0,4.2,9.7,11.6,1011.3,1005.9,67.0,,
2016-07-14,6000A,MELILLA,52,MELILLA,351635N,025723W,52.0,25.6,22.6,24.1,0.0,7.0,4.4,9.2,1.7,1013.3,1010.6,81.0,,
2016-07-15,6000A,MELILLA,52,MELILLA,351635N,025723W,52.0,26.4,22.2,24.3,0.0,8.0,5.3,10.8,11.3,1013.0,1010.9,71.0,,
2016-07-16,6000A,MELILLA,52,MELILLA,351635N,025723W,52.0,25.4,21.2,23.3,0.0,9.0,5.6,10.3,12.1,1013.5,1011.3,68.0,,
2016-07-17,6000A,MELILLA,52,MELILLA,351635N,025723W,52.0,25.6,21.0,23.3,0.0,7.0,4.7,9.2,11.4,1012.2,1010.6,75.0,,
2016-07-18,6000A,MELILLA,52,MELILLA,351635N,025723W,52.0,24.8,21.2,23.0,0.0,10.0,4.7,9.2,2.8,1012.3,1011.0,82.0,,
2016-07-19,6000A,MELILLA,52,MELILLA,351635N,025723W,52.0,25.0,21.8,23.4,0.0,11.0,3.1,7.2,1.1,1012.2,1010.6,83.0,,
2016-07-20,6000A,MELILLA,52,MELILLA,351635N,025723W,52.0,29.0,21.8,25.4,0.0,12.0,1.9,9.7,5.7,1011.4,1009.5,78.0,,
2016-07-21,6000A,MELILLA,52,MELILLA,351635N,025723W,52.0,31.2,22.2,26.7,0.0,29.0,1.9,10.3,9.5,1010.1,1005.7,71.0,,
2016-07-22,6000A,MELILLA,52,MELILLA,351635N,025723W,52.0,33.0,25.6,29.3,0.0,25.0,7.5,15.6,11.9,1008.6,1005.3,38.0,,
2016-07-23,6000A,MELILLA,52,MELILLA,351635N,025723W,52.0,26.8,22.0,24.4,0.0,6.0,2.2,8.3,11.4,1010.6,1008.1,72.0,,
2016-07-24,6000A,MELILLA,52,MELILLA,351635N,025723W,52.0,26.2,22.2,24.2,0.0,6.0,3.9,9.2,5.8,1011.0,1009.4,80.0,,
2016-07-25,6000A,MELILLA,52,MELILLA,351635N,025723W,52.0,26.4,21.6,24.0,0.0,6.0,2.5,7.2,9.5,1011.9,1009.9,77.0,,
2016-07-26,6000A,MELILLA,52,MELILLA,351635N,025723W,52.0,27.2,21.6,24.4,0.0,5.0,1.1,7.2,11.3,1011.4,1009.1,74.0,,
2016-07-27,6000A,MELILLA,52,MELILLA,351635N,025723W,52.0,29.2,23.2,26.2,0.0,29.0,2.8,9.7,11.9,1010.2,1008.3,74.0,,
2016-07-28,6000A,MELILLA,52,MELILLA,351635N,025723W,52.0,27.8,23.0,25.4,0.0,6.0,2.2,7.8,9.6,1010.2,1008.2,75.0,,
2016-07-29,6000A,MELILLA,52,MELILLA,351635N,025723W,52.0,27.2,23.2,25.2,,8.0,2.2,8.3,7.6,1009.4,1007.3,79.0,,
2016-07-30,6000A,MELILLA,52,MELILLA,351635N,025723W,52.0,30.0,24.6,27.3,,30.0,3.3,10.8,9.0,1010.5,1007.4,80.0,,
2016-07-31,6000A,MELILLA,52,MELILLA,351635N,025723W,52.0,36.0,26.4,31.2,0.5,25.0,3.1,15.0,3.5,1010.1,1007.7,43.0,,
2016-08-01,6000A,MELILLA,52,MELILLA,351635N,025723W,52.0,33.4,25.0,29.2,0.0,35.0,3.1,9.7,10.1,1011.5,1007.7,59.0,,
2016-08-02,6000A,MELILLA,52,MELILLA,351635N,025723W,52.0,28.8,24.8,26.8,0.0,9.0,2.5,7.8,5.5,1012.5,1010.2,79.0,,
2016-08-03,6000A,MELILLA,52,MELILLA,351635N,025723W,52.0,29.8,24.6,27.2,0.0,31.0,3.1,8.9,8.3,1011.0,1007.4,77.0,,
2016-08-04,6000A,MELILLA,52,MELILLA,351635N,025723W,52.0,35.4,24.0,29.7,0.0,26.0,4.2,11.9,12.7,1008.2,1006.1,46.0,,
2016-08-05,6000A,MELILLA,52,MELILLA,351635N,025723W,52.0,34.6,25.0,29.8,0.0,25.0,4.7,12.8,11.0,1012.7,1006.7,60.0,,
2016-08-06,6000A,MELILLA,52,MELILLA,351635N,025723W,52.0,28.6,25.0,26.8,0.0,6.0,5.0,9.7,10.0,1014.7,1012.7,76.0,,
2016-08-07,6000A,MELILLA,52,MELILLA,351635N,025723W,52.0,28.2,24.0,26.1,0.0,7.0,5.3,10.8,11.5,1015.8,1013.7,75.0,,
2016-08-08,6000A,MELILLA,52,MELILLA,351635N,025723W,52.0,27.4,23.2,25.3,0.0,6.0,5.8,11.4,11.4,1014.5,1011.9,75.0,,
2016-08-09,6000A,MELILLA,52,MELILLA,351635N,025723W,52.0,27.6,21.6,24.6,0.0,10.0,1.9,7.8,10.9,1012.6,1008.9,75.0,,
2016-08-10,6000A,MELILLA,52,MELILLA,351635N,025723W,52.0,27.2,22.8,25.0,,8.0,3.9,8.9,11.3,1011.7,1008.9,76.0,,
2016-08-11,6000A,MELILLA,52,MELILLA,351635N,025723W,52.0,26.4,23.0,24.7,,7.0,5.6,10.3,10.9,1013.7,1010.9,76.0,,
2016-08-12,6000A,MELILLA,52,MELILLA,351635N,025723W,52.0,26.0,22.6,24.3,0.0,8.0,5.6,10.8,8.7,1015.9,1013.7,77.0,,
2016-08-13,6000A,MELILLA,52,MELILLA,351635N,025723W,52.0,26.2,22.2,24.2,0.0,2.0,5.0,9.7,6.2,1014.7,1012.7,78.0,,
2016-08-14,6000A,MELILLA,52,MELILLA,351635N,025723W,52.0,26.2,22.8,24.5,0.0,7.0,3.9,8.9,6.7,1013.8,1011.4,78.0,,
2016-08-15,6000A,MELILLA,52,MELILLA,351635N,025723W,52.0,25.6,22.6,24.1,0.4,3.0,1.9,7.8,0.4,1013.4,1011.0,83.0,,
2016-08-16,6000A,MELILLA,52,MELILLA,351635N,025723W,52.0,30.2,22.8,26.5,0.0,7.0,1.7,8.3,9.4,1012.2,1007.9,81.0,,
2016-08-17,6000A,MELILLA,52,MELILLA,351635N,025723W,52.0,32.8,23.0,27.9,0.0,25.0,3.1,8.3,10.0,1009.0,1006.1,69.0,,
2016-08-18,6000A,MELILLA,52,MELILLA,351635N,025723W,52.0,34.8,26.8,30.8,0.0,29.0,4.2,10.8,12.7,1007.3,1004.5,46.0,,
2016-08-19,6000A,MELILLA,52,MELILLA,351635N,025723W,52.0,35.6,26.6,31.1,0.0,26.0,5.3,11.4,11.0,1006.2,1004.5,39.0,,
2016-08-20,6000A,MELILLA,52,MELILLA,351635N,025723W,52.0,34.6,28.0,31.3,0.0,29.0,6.4,13.3,12.4,1008.7,1005.9,50.0,,
2016-08-21,6000A,MELILLA,52,MELILLA,351635N,025723W,52.0,29.8,25.0,27.4,0.0,24.0,3.6,8.9,10.8,1014.1,1008.7,71.0,,
2016-08-22,6000A,MELILLA,52,MELILLA,351635N,025723W,52.0,27.4,24.0,25.7,0.0,7.0,5.0,9.7,7.4,1015.4,1013.5,83.0,,
2016-08-23,6000A,MELILLA,52,MELILLA,351635N,025723W,52.0,26.6,23.8,25.2,0.0,7.0,4.4,9.7,8.9,1014.7,1011.9,80.0,,
2016-08-24,6000A,MELILLA,52,MELILLA,351635N,025723W,52.0,26.8,23.0,24.9,0.0,6.0,3.6,8.3,8.2,1012.3,1009.1,80.0,,
2016-08-25,6000A,MELILLA,52,MELILLA,351635N,025723W,52.0,26.6,23.2,24.9,0.0,7.0,3.3,9.2,7.2,1009.4,1007.3,80.0,,
2016-08-26,6000A,MELILLA,52,MELILLA,351635N,025723W,52.0,26.8,23.0,24.9,,7.0,4.2,9.2,7.4,1012.6,1008.5,84.0,,
2016-08-27,6000A,MELILLA,52,MELILLA,351635N,025723W,52.0,26.6,23.2,24.9,0.0,11.0,1.9,9.2,2.4,1012.6,1009.8,85.0,,
2016-08-28,6000A,MELILLA,52,MELILLA,351635N,025723W,52.0,28.2,21.2,24.7,0.0,7.0,1.4,7.8,8.5,1013.5,1011.3,86.0,,
2016-08-29,6000A,MELILLA,52,MELILLA,351635N,025723W,52.0,36.2,23.0,29.6,0.0,29.0,1.9,9.7,10.7,1011.9,1009.5,67.0,,
2016-08-30,6000A,MELILLA,52,MELILLA,351635N,025723W,52.0,29.0,24.6,26.8,0.0,8.0,1.9,7.8,8.5,1011.9,1009.1,77.0,,
2016-08-31,6000A,MELILLA,52,MELILLA,351635N,025723W,52.0,28.2,23.4,25.8,0.0,3.0,2.2,9.7,8.4,1012.2,1010.1,81.0,,
2016-09-01,6000A,MELILLA,52,MELILLA,351635N,025723W,52.0,27.4,24.8,26.1,,6.0,3.9,9.7,2.1,1014.1,1011.8,84.0,,
2016-09-02,6000A,MELILLA,52,MELILLA,351635N,025723W,52.0,27.0,24.4,25.7,,8.0,3.3,8.9,2.7,1014.6,1011.4,88.0,,
2016-09-03,6000A,MELILLA,52,MELILLA,351635N,025723W,52.0,27.8,24.2,26.0,0.0,7.0,3.6,8.3,5.6,1014.3,1010.5,84.0,,
2016-09-04,6000A,MELILLA,52,MELILLA,351635N,025723W,52.0,28.6,23.0,25.8,0.0,4.0,1.4,8.3,10.7,1014.1,1011.8,80.0,,
2016-09-05,6000A,MELILLA,52,MELILLA,351635N,025723W,52.0,30.8,21.6,26.2,0.0,29.0,0.6,8.9,11.3,1013.1,1010.3,74.0,,
2016-09-06,6000A,MELILLA,52,MELILLA,351635N,025723W,52.0,31.6,23.8,27.7,0.0,6.0,1.1,7.2,10.0,1012.2,1008.2,72.0,,
2016-09-07,6000A,MELILLA,52,MELILLA,351635N,025723W,52.0,33.2,23.2,28.2,0.0,30.0,2.5,9.7,10.5,1008.7,1007.3,79.0,,
2016-09-08,6000A,MELILLA,52,MELILLA,351635N,025723W,52.0,32.6,24.0,28.3,0.0,25.0,1.7,8.3,10.1,1008.6,1007.4,65.0,,
2016-09-09,6000A,MELILLA,52,MELILLA,351635N,025723W,52.0,31.2,24.4,27.8,0.0,25.0,4.4,11.4,10.2,1009.9,1007.7,64.0,,
2016-09-10,6000A,MELILLA,52,MELILLA,351635N,025723W,52.0,31.6,22.8,27.2,0.0,30.0,3.3,10.8,11.5,1009.7,1007.7,55.0,,
2016-09-11,6000A,MELILLA,52,MELILLA,351635N,025723W,52.0,27.4,21.2,24.3,0.0,7.0,1.9,8.9,8.6,1010.3,1007.8,79.0,,
2016-09-12,6000A,MELILLA,52,MELILLA,351635N,025723W,52.0,28.8,23.8,26.3,0.3,3.0,3.3,8.9,5.4,1008.7,1006.7,87.0,,
2016-09-13,6000A,MELILLA,52,MELILLA,351635N,025723W,52.0,27.2,23.0,25.1,,28.0,3.3,13.9,8.5,1009.7,1007.8,75.0,,
2016-09-14,6000A,MELILLA,52,MELILLA,351635N,025723W,52.0,26.0,20.8,23.4,0.0,30.0,6.1,13.9,7.5,1011.4,1009.4,62.0,,
2016-09-15,6000A,MELILLA,52,MELILLA,351635N,025723W,52.0,25.0,19.2,22.1,0.0,31.0,5.0,11.4,10.6,1011.7,1010.1,59.0,,
2016-09-16,6000A,MELILLA,52,MELILLA,351635N,025723W,52.0,27.2,20.0,23.6,0.0,26.0,3.3,9.7,11.5,1013.7,1011.4,59.0,,
2016-09-17,6000A,MELILLA,52,MELILLA,351635N,025723W,52.0,26.4,18.0,22.2,0.0,26.0,1.7,7.2,9.9,1013.7,1009.7,72.0,,
2016-09-18,6000A,MELILLA,52,MELILLA,351635N,025723W,52.0,26.4,20.4,23.4,0.0,5.0,1.7,9.2,9.0,1011.7,1009.9,80.0,,
2016-09-19,6000A,MELILLA,52,MELILLA,351635N,025723W,52.0,25.4,20.4,22.9,4.6,26.0,1.9,8.3,6.6,1013.0,1009.7,81.0,,
2016-09-20,6000A,MELILLA,52,MELILLA,351635N,025723W,52.0,29.4,19.6,24.5,0.0,26.0,1.9,8.3,9.0,1011.1,1008.5,73.0,,
2016-09-21,6000A,MELILLA,52,MELILLA,351635N,025723W,52.0,29.4,19.6,24.5,0.0,28.0,3.1,8.9,9.8,1009.9,1008.2,60.0,,
2016-09-22,6000A,MELILLA,52,MELILLA,351635N,025723W,52.0,24.8,20.0,22.4,,6.0,3.1,7.8,0.7,1014.5,1009.7,77.0,,
2016-09-23,6000A,MELILLA,52,MELILLA,351635N,025723W,52.0,24.4,19.4,21.9,0.0,3.0,1.7,8.3,9.3,1016.3,1013.9,79.0,,
2016-09-24,6000A,MELILLA,52,MELILLA,351635N,025723W,52.0,25.6,19.0,22.3,0.0,8.0,1.9,8.9,3.8,1014.5,1012.5,87.0,,
2016-09-25,6000A,MELILLA,52,MELILLA,351635N,025723W,52.0,25.6,21.8,23.7,0.0,6.0,2.5,8.9,7.3,1013.8,1011.3,83.0,,
2016-09-26,6000A,MELILLA,52,MELILLA,351635N,025723W,52.0,25.6,21.8,23.7,0.0,2.0,2.2,7.8,3.2,1013.7,1010.7,83.0,,
2016-09-27,6000A,MELILLA,52,MELILLA,351635N,025723W,52.0,26.0,21.8,23.9,0.0,4.0,3.3,8.9,7.0,1015.7,1013.4,85.0,,
2016-09-28,6000A,MELILLA,52,MELILLA,351635N,025723W,52.0,25.0,22.6,23.8,,3.0,5.6,12.8,7.7,1017.0,1014.7,76.0,,
2016-09-29,6000A,MELILLA,52,MELILLA,351635N,025723W,52.0,25.6,21.2,23.4,0.0,6.0,4.4,14.4,9.2,1016.4,1010.9,73.0,,
2016-09-30,6000A,MELILLA,52,MELILLA,351635N,025723W,52.0,25.0,20.0,22.5,0.0,11.0,1.7,8.9,6.0,1011.5,1008.3,90.0,,
2016-10-01,6000A,MELILLA,52,MELILLA,351635N,025723W,52.0,25.2,19.2,22.2,0.0,3.0,1.1,8.3,9.4,1010.2,1007.5,82.0,,
2016-10-02,6000A,MELILLA,52,MELILLA,351635N,025723W,52.0,26.0,19.6,22.8,0.0,28.0,1.4,7.2,8.3,1010.2,1007.5,82.0,,
2016-10-03,6000A,MELILLA,52,MELILLA,351635N,025723W,52.0,25.2,20.0,22.6,0.0,4.0,2.5,8.3,7.5,1012.6,1010.2,83.0,,
2016-10-04,6000A,MELILLA,52,MELILLA,351635N,025723W,52.0,24.8,22.4,23.6,0.0,6.0,2.8,7.2,2.3,1013.5,1011.1,90.0,,
2016-10-05,6000A,MELILLA,52,MELILLA,351635N,025723W,52.0,25.4,22.2,23.8,,7.0,3.3,8.3,4.6,1011.4,1008.3,89.0,,
2016-10-06,6000A,MELILLA,52,MELILLA,351635N,025723W,52.0,26.8,20.8,23.8,0.0,30.0,2.2,7.2,8.3,1008.6,1004.2,84.0,,
2016-10-07,6000A,MELILLA,52,MELILLA,351635N,025723W,52.0,26.6,19.2,22.9,,6.0,0.6,8.9,8.2,1009.5,1005.7,80.0,,
2016-10-08,6000A,MELILLA,52,MELILLA,351635N,025723W,52.0,27.2,20.4,23.8,0.0,28.0,2.5,6.7,7.9,1010.9,1009.1,77.0,,
2016-10-09,6000A,MELILLA,52,MELILLA,351635N,025723W,52.0,27.8,19.0,23.4,0.0,30.0,3.1,7.8,9.2,1011.7,1009.8,55.0,,
2016-10-10,6000A,MELILLA,52,MELILLA,351635N,025723W,52.0,25.4,18.4,21.9,0.0,25.0,3.3,11.4,9.7,1011.5,1009.5,74.0,,
2016-10-11,6000A,MELILLA,52,MELILLA,351635N,025723W,52.0,23.6,18.6,21.1,0.0,26.0,3.6,9.7,5.8,1009.9,1005.9,79.0,,
2016-10-12,6000A,MELILLA,52,MELILLA,351635N,025723W,52.0,24.2,17.0,20.6,5.9,13.0,1.1,7.2,5.8,1006.1,999.7,71.0,,
2016-10-13,6000A,MELILLA,52,MELILLA,351635N,025723W,52.0,23.2,16.8,20.0,8.2,29.0,4.2,13.9,4.7,1001.5,996.5,74.0,,
2016-10-14,6000A,MELILLA,52,MELILLA,351635N,025723W,52.0,24.0,16.8,20.4,0.0,27.0,3.1,10.8,9.5,1006.7,1001.5,66.0,,
2016-10-15,6000A,MELILLA,52,MELILLA,351635N,025723W,52.0,22.2,16.0,19.1,0.0,12.0,1.7,6.1,8.5,1008.7,1006.7,84.0,,
2016-10-16,6000A,MELILLA,52,MELILLA,351635N,025723W,52.0,23.4,18.4,20.9,0.0,6.0,1.7,7.8,3.4,1012.9,1008.6,88.0,,
2016-10-17,6000A,MELILLA,52,MELILLA,351635N,025723W,52.0,23.6,17.8,20.7,0.0,3.0,1.4,7.2,8.1,1016.2,1012.9,82.0,,
2016-10-18,6000A,MELILLA,52,MELILLA,351635N,025723W,52.0,23.0,18.0,20.5,0.0,6.0,1.4,6.7,4.4,1017.1,1015.4,89.0,,
2016-10-19,6000A,MELILLA,52,MELILLA,351635N,025723W,52.0,23.6,18.8,21.2,0.0,5.0,0.6,7.8,7.9,1015.7,1010.7,84.0,,
2016-10-20,6000A,MELILLA,52,MELILLA,351635N,025723W,52.0,23.8,20.2,22.0,0.0,8.0,1.7,7.2,1.9,1010.7,1005.3,88.0,,
2016-10-21,6000A,MELILLA,52,MELILLA,351635N,025723W,52.0,23.8,19.6,21.7,0.0,5.0,1.1,7.8,2.2,1006.9,1005.7,85.0,,
2016-10-22,6000A,MELILLA,52,MELILLA,351635N,025723W,52.0,23.8,19.0,21.4,0.0,3.0,1.4,5.6,4.6,1006.5,1003.7,89.0,,
2016-10-23,6000A,MELILLA,52,MELILLA,351635N,025723W,52.0,28.4,17.8,23.1,0.0,23.0,1.4,9.2,5.8,1004.5,999.9,64.0,,
2016-10-24,6000A,MELILLA,52,MELILLA,351635N,025723W,52.0,27.0,19.2,23.1,0.0,25.0,2.2,14.4,5.6,1003.7,1001.9,81.0,,
2016-10-25,6000A,MELILLA,52,MELILLA,351635N,025723W,52.0,24.0,20.2,22.1,,26.0,2.2,11.4,0.0,1010.9,1003.7,84.0,,
2016-10-26,6000A,MELILLA,52,MELILLA,351635N,025723W,52.0,26.0,20.0,23.0,0.0,2.0,1.4,6.7,5.3,1016.1,1010.3,88.0,,
2016-10-27,6000A,MELILLA,52,MELILLA,351635N,025723W,52.0,24.0,20.6,22.3,0.0,6.0,2.5,7.8,3.0,1018.7,1016.1,92.0,,
2016-10-28,6000A,MELILLA,52,MELILLA,351635N,025723W,52.0,24.2,20.6,22.4,0.0,8.0,5.3,9.7,9.1,1022.0,1018.7,77.0,,
2016-10-29,6000A,MELILLA,52,MELILLA,351635N,025723W,52.0,23.0,19.6,21.3,0.0,10.0,4.4,9.2,9.1,1021.8,1017.1,76.0,,
2016-10-30,6000A,MELILLA,52,MELILLA,351635N,025723W,52.0,22.0,18.4,20.2,0.0,10.0,2.8,6.7,7.8,1017.1,1013.5,80.0,,
2016-10-31,6000A,MELILLA,52,MELILLA,351635N,025723W,52.0,22.4,17.4,19.9,0.0,7.0,1.9,6.7,8.9,1015.7,1013.0,82.0,,
2016-11-01,6000A,MELILLA,52,MELILLA,351635N,025723W,52.0,21.2,16.4,18.8,0.0,5.0,0.6,6.7,5.8,1017.0,1014.9,86.0,,
2016-11-02,6000A,MELILLA,52,MELILLA,351635N,025723W,52.0,23.0,18.0,20.5,0.0,4.0,1.9,7.2,7.2,1015.9,1012.2,87.0,,
2016-11-03,6000A,MELILLA,52,MELILLA,351635N,025723W,52.0,24.6,17.0,20.8,0.0,25.0,1.4,11.4,7.1,1013.1,1009.9,85.0,,
2016-11-04,6000A,MELILLA,52,MELILLA,351635N,025723W,52.0,23.6,17.2,20.4,0.0,25.0,3.3,16.1,0.0,1011.8,1007.4,76.0,,
2016-11-05,6000A,MELILLA,52,MELILLA,351635N,025723W,52.0,23.2,17.4,20.3,0.0,25.0,1.7,5.6,7.0,1009.7,1005.1,72.0,,
2016-11-06,6000A,MELILLA,52,MELILLA,351635N,025723W,52.0,20.2,17.2,18.7,0.4,25.0,5.0,12.5,6.5,1007.8,1005.5,70.0,,
2016-11-07,6000A,MELILLA,52,MELILLA,351635N,025723W,52.0,18.0,15.4,16.7,0.0,27.0,6.9,18.6,8.3,1008.7,1004.9,60.0,,
2016-11-08,6000A,MELILLA,52,MELILLA,351635N,025723W,52.0,17.6,15.0,16.3,0.0,29.0,6.9,18.6,9.4,1019.2,1008.7,58.0,,
2016-11-09,6000A,MELILLA,52,MELILLA,351635N,025723W,52.0,19.4,14.0,16.7,0.0,26.0,6.7,18.1,8.9,1019.4,1017.1,75.0,,
2016-11-10,6000A,MELILLA,52,MELILLA,351635N,025723W,52.0,19.6,16.2,17.9,0.0,26.0,5.3,16.9,5.4,1018.0,1015.8,76.0,,
2016-11-11,6000A,MELILLA,52,MELILLA,351635N,025723W,52.0,19.2,13.8,16.5,0.0,28.0,3.1,8.3,7.8,1018.2,1016.3,74.0,,
2016-11-12,6000A,MELILLA,52,MELILLA,351635N,025723W,52.0,19.2,11.0,15.1,0.0,4.0,1.4,5.6,9.0,1017.2,1014.3,81.0,,
2016-11-13,6000A,MELILLA,52,MELILLA,351635N,025723W,52.0,19.0,12.2,15.6,0.0,12.0,1.4,6.1,4.2,1015.7,1013.8,85.0,,
2016-11-14,6000A,MELILLA,52,MELILLA,351635N,025723W,52.0,19.2,13.0,16.1,0.8,6.0,2.2,13.3,8.2,1016.4,1013.0,83.0,,
2016-11-15,6000A,MELILLA,52,MELILLA,351635N,025723W,52.0,17.4,14.8,16.1,2.6,4.0,5.3,12.8,1.8,1018.2,1016.1,82.0,,
2016-11-16,6000A,MELILLA,52,MELILLA,351635N,025723W,52.0,17.6,13.0,15.3,0.0,3.0,3.9,10.8,0.3,1018.0,1016.4,75.0,,
2016-11-17,6000A,MELILLA,52,MELILLA,351635N,025723W,52.0,19.0,10.4,14.7,0.0,12.0,1.9,7.8,8.8,1016.4,1012.9,78.0,,
2016-11-18,6000A,MELILLA,52,MELILLA,351635N,025723W,52.0,18.6,9.4,14.0,0.0,6.0,0.6,8.3,9.0,1012.9,1008.9,79.0,,
2016-11-19,6000A,MELILLA,52,MELILLA,351635N,025723W,52.0,20.4,12.6,16.5,0.0,29.0,2.8,11.4,8.6,1011.1,1009.0,69.0,,
2016-11-20,6000A,MELILLA,52,MELILLA,351635N,025723W,52.0,21.2,14.0,17.6,0.0,25.0,1.1,6.7,6.6,1010.3,1006.3,74.0,,
2016-11-21,6000A,MELILLA,52,MELILLA,351635N,025723W,52.0,24.4,14.0,19.2,0.0,35.0,1.7,7.8,8.0,1006.3,1001.3,67.0,,
2016-11-22,6000A,MELILLA,52,MELILLA,351635N,025723W,52.0,21.4,12.6,17.0,12.8,26.0,4.4,17.5,2.4,1001.7,996.3,79.0,,
2016-11-23,6000A,MELILLA,52,MELILLA,351635N,025723W,52.0,18.0,11.8,14.9,5.2,26.0,2.8,10.8,6.0,1003.3,997.5,73.0,,
2016-11-24,6000A,MELILLA,52,MELILLA,351635N,025723W,52.0,17.0,10.4,13.7,1.8,22.0,2.5,7.2,5.0,1008.5,1003.0,70.0,,
2016-11-25,6000A,MELILLA,52,MELILLA,351635N,025723W,52.0,21.6,10.2,15.9,0.1,20.0,1.7,9.2,8.3,1008.5,1001.8,72.0,,
2016-11-26,6000A,MELILLA,52,MELILLA,351635N,025723W,52.0,22.0,14.2,18.1,0.3,17.0,1.1,15.6,1.7,1001.8,998.3,70.0,,
2016-11-27,6000A,MELILLA,52,MELILLA,351635N,025723W,52.0,19.6,15.0,17.3,6.6,19.0,4.7,15.6,1.2,1000.9,998.7,67.0,,
2016-11-28,6000A,MELILLA,52,MELILLA,351635N,025723W,52.0,17.8,12.2,15.0,0.6,26.0,5.3,15.0,5.6,1009.4,1000.9,79.0,,
2016-11-29,6000A,MELILLA,52,MELILLA,351635N,025723W,52.0,18.6,11.2,14.9,0.0,6.0,2.5,8.9,8.6,1013.5,1009.4,85.0,,
2016-11-30,6000A,MELILLA,52,MELILLA,351635N,025723W,52.0,18.0,13.8,15.9,0.0,7.0,1.4,9.2,4.8,1014.5,1013.4,86.0,,
2016-12-01,6000A,MELILLA,52,MELILLA,351635N,025723W,52.0,19.8,14.8,17.3,0.0,6.0,2.2,8.3,6.1,1017.5,1014.3,87.0,,
2016-12-02,6000A,MELILLA,52,MELILLA,351635N,025723W,52.0,18.2,13.2,15.7,2.7,6.0,0.6,7.2,6.5,1017.0,1009.4,88.0,,
2016-12-03,6000A,MELILLA,52,MELILLA,351635N,025723W,52.0,18.4,15.0,16.7,2.1,10.0,3.6,7.2,2.9,1009.4,1003.4,87.0,,
2016-12-04,6000A,MELILLA,52,MELILLA,351635N,025723W,52.0,16.8,15.8,16.3,23.6,33.0,3.1,9.2,0.0,1004.7,1002.6,94.0,,
2016-12-05,6000A,MELILLA,52,MELILLA,351635N,025723W,52.0,20.4,14.8,17.6,2.5,25.0,0.8,7.8,2.5,1012.6,1004.5,85.0,,
2016-12-06,6000A,MELILLA,52,MELILLA,351635N,025723W,52.0,18.2,15.4,16.8,1.3,2.0,0.0,7.8,0.6,1020.4,1012.6,88.0,,
2016-12-07,6000A,MELILLA,52,MELILLA,351635N,025723W,52.0,17.6,15.8,16.7,0.0,6.0,5.0,10.3,1.7,1022.6,1019.2,85.0,,
2016-12-08,6000A,MELILLA,52,MELILLA,351635N,025723W,52.0,17.0,15.6,16.3,38.1,9.0,4.4,10.8,0.2,1023.8,1022.4,89.0,,
2016-12-09,6000A,MELILLA,52,MELILLA,351635N,025723W,52.0,17.8,15.0,16.4,0.0,8.0,1.9,7.2,4.5,1023.8,1022.3,89.0,,
2016-12-10,6000A,MELILLA,52,MELILLA,351635N,025723W,52.0,16.8,12.8,14.8,0.0,6.0,0.8,6.1,2.1,1022.3,1020.2,87.0,,
2016-12-11,6000A,MELILLA,52,MELILLA,351635N,025723W,52.0,18.0,12.0,15.0,0.0,7.0,0.8,6.1,2.0,1020.3,1017.5,83.0,,
2016-12-12,6000A,MELILLA,52,MELILLA,351635N,025723W,52.0,17.0,11.0,14.0,0.0,5.0,0.3,4.7,4.8,1018.2,1015.8,86.0,,
2016-12-13,6000A,MELILLA,52,MELILLA,351635N,025723W,52.0,17.2,10.8,14.0,0.0,8.0,1.1,6.1,6.5,1018.3,1017.0,86.0,,
2016-12-14,6000A,MELILLA,52,MELILLA,351635N,025723W,52.0,17.2,11.2,14.2,7.0,26.0,0.6,15.6,6.3,1018.3,1014.2,80.0,,
2016-12-15,6000A,MELILLA,52,MELILLA,351635N,025723W,52.0,14.6,10.8,12.7,6.3,26.0,3.3,13.3,2.9,1016.6,1014.1,75.0,,
2016-12-16,6000A,MELILLA,52,MELILLA,351635N,025723W,52.0,16.6,9.6,13.1,3.7,28.0,2.2,10.8,3.5,1016.6,1008.7,70.0,,
2016-12-17,6000A,MELILLA,52,MELILLA,351635N,025723W,52.0,15.0,10.2,12.6,0.1,28.0,0.3,5.3,2.8,1014.2,1011.7,84.0,,
2016-12-18,6000A,MELILLA,52,MELILLA,351635N,025723W,52.0,16.2,10.8,13.5,37.6,5.0,1.7,15.0,4.6,1013.8,1007.1,75.0,,
2016-12-19,6000A,MELILLA,52,MELILLA,351635N,025723W,52.0,16.8,10.2,13.5,0.9,26.0,5.3,15.0,3.4,1008.3,1004.7,73.0,,
2016-12-20,6000A,MELILLA,52,MELILLA,351635N,025723W,52.0,17.8,14.4,16.1,0.0,29.0,5.3,15.0,7.6,1017.1,1008.3,73.0,,
2016-12-21,6000A,MELILLA,52,MELILLA,351635N,025723W,52.0,16.6,11.2,13.9,0.0,26.0,4.7,13.9,7.0,1023.1,1016.4,68.0,,
2016-12-22,6000A,MELILLA,52,MELILLA,351635N,025723W,52.0,16.4,9.4,12.9,0.0,8.0,1.1,4.2,8.9,1027.0,1023.1,75.0,,
2016-12-23,6000A,MELILLA,52,MELILLA,351635N,025723W,52.0,17.4,9.4,13.4,0.0,12.0,0.0,2.5,5.6,1028.6,1027.0,85.0,,
2016-12-24,6000A,MELILLA,52,MELILLA,351635N,025723W,52.0,16.8,11.0,13.9,0.0,8.0,1.4,6.7,6.5,1029.2,1027.8,88.0,,
2016-12-25,6000A,MELILLA,52,MELILLA,351635N,025723W,52.0,16.4,12.4,14.4,0.0,10.0,0.8,6.1,7.2,1028.6,1023.6,89.0,,
2016-12-26,6000A,MELILLA,52,MELILLA,351635N,025723W,52.0,17.0,9.6,13.3,0.0,7.0,1.4,5.3,8.5,1023.9,1022.3,87.0,,
2016-12-27,6000A,MELILLA,52,MELILLA,351635N,025723W,52.0,16.4,8.8,12.6,1.7,12.0,1.1,6.7,4.9,1024.2,1022.6,88.0,,
2016-12-28,6000A,MELILLA,52,MELILLA,351635N,025723W,52.0,16.0,13.8,14.9,,7.0,3.1,9.2,5.8,1024.7,1023.5,84.0,,
2016-12-29,6000A,MELILLA,52,MELILLA,351635N,025723W,52.0,16.6,11.8,14.2,0.0,7.0,1.4,9.7,7.5,1025.4,1023.5,81.0,,
2016-12-30,6000A,MELILLA,52,MELILLA,351635N,025723W,52.0,16.0,11.2,13.6,0.0,9.0,1.9,7.8,8.7,1026.8,1024.8,84.0,,
2016-12-31,6000A,MELILLA,52,MELILLA,351635N,025723W,52.0,15.6,12.2,13.9,0.0,14.0,2.2,8.3,8.3,1025.4,1021.5,73.0,,
2017-01-01,6000A,MELILLA,52,MELILLA,351635N,025723W,52.0,15.6,7.8,11.7,0.0,13.0,1.1,7.2,9.0,1023.0,1016.4,69.0,,
2017-01-02,6000A,MELILLA,52,MELILLA,351635N,025723W,52.0,15.2,7.4,11.3,0.0,8.0,1.7,7.2,8.6,1016.7,1013.9,74.0,,
2017-01-03,6000A,MELILLA,52,MELILLA,351635N,025723W,52.0,20.4,7.8,14.1,0.0,28.0,1.9,6.1,8.1,1019.6,1016.7,56.0,,
2017-01-04,6000A,MELILLA,52,MELILLA,351635N,025723W,52.0,20.2,12.0,16.1,0.0,27.0,3.3,11.9,8.2,1019.6,1017.2,55.0,,
2017-01-05,6000A,MELILLA,52,MELILLA,351635N,025723W,52.0,18.4,12.0,15.2,0.0,26.0,3.3,9.7,8.8,1017.5,1014.6,73.0,,
2017-01-06,6000A,MELILLA,52,MELILLA,351635N,025723W,52.0,16.4,11.0,13.7,0.0,9.0,1.9,7.8,6.9,1020.7,1016.8,88.0,,
2017-01-07,6000A,MELILLA,52,MELILLA,351635N,025723W,52.0,15.6,11.2,13.4,0.0,9.0,0.3,6.1,8.8,1022.3,1020.3,88.0,,
2017-01-08,6000A,MELILLA,52,MELILLA,351635N,025723W,52.0,15.8,8.8,12.3,0.0,6.0,1.1,6.1,8.0,1021.4,1018.7,84.0,,
2017-01-09,6000A,MELILLA,52,MELILLA,351635N,025723W,52.0,16.0,8.0,12.0,0.0,7.0,0.3,7.2,8.0,1018.7,1017.5,78.0,,
2017-01-10,6000A,MELILLA,52,MELILLA,351635N,025723W,52.0,17.0,7.6,12.3,0.0,28.0,5.3,21.1,1.2,1017.8,1009.1,80.0,,
2017-01-11,6000A,MELILLA,52,MELILLA,351635N,025723W,52.0,18.4,12.6,15.5,0.0,26.0,4.2,16.1,6.7,1020.0,1010.3,75.0,,
2017-01-12,6000A,MELILLA,52,MELILLA,351635N,025723W,52.0,18.8,9.2,14.0,0.0,26.0,1.1,8.3,8.8,1022.0,1016.7,74.0,,
2017-01-13,6000A,MELILLA,52,MELILLA,351635N,025723W,52.0,19.0,10.0,14.5,,27.0,6.9,18.1,8.8,1016.7,1013.0,74.0,,
2017-01-14,6000A,MELILLA,52,MELILLA,351635N,025723W,52.0,14.4,9.6,12.0,,26.0,2.8,11.9,1.6,1021.2,1015.4,72.0,,
2017-01-15,6000A,MELILLA,52,MELILLA,351635N,025723W,52.0,15.2,7.4,11.3,0.0,26.0,1.4,5.6,8.6,1021.2,1019.5,66.0,,
2017-01-16,6000A,MELILLA,52,MELILLA,351635N,025723W,52.0,16.0,6.8,11.4,0.0,25.0,3.6,9.7,9.0,1020.4,1012.7,66.0,,
2017-01-17,6000A,MELILLA,52,MELILLA,351635N,025723W,52.0,17.6,12.2,14.9,0.2,28.0,8.3,18.1,9.0,1012.7,1007.0,72.0,,
2017-01-18,6000A,MELILLA,52,MELILLA,351635N,025723W,52.0,12.8,8.0,10.4,27.0,8.0,4.4,11.9,0.0,1008.9,1005.3,94.0,,
2017-01-19,6000A,MELILLA,52,MELILLA,351635N,025723W,52.0,9.0,6.0,7.5,27.2,24.0,5.0,15.0,0.0,1006.1,1003.1,92.0,,
2017-01-20,6000A,MELILLA,52,MELILLA,351635N,025723W,52.0,10.6,6.8,8.7,11.3,28.0,5.0,16.1,0.0,1010.1,1005.7,81.0,,
2017-01-21,6000A,MELILLA,52,MELILLA,351635N,025723W,52.0,13.8,9.2,11.5,0.5,27.0,6.1,18.6,4.9,1010.6,1007.8,72.0,,
2017-01-22,6000A,MELILLA,52,MELILLA,351635N,025723W,52.0,15.3,12.2,13.8,0.0,27.0,4.7,17.8,6.7,1011.7,1007.1,62.0,71.0,51.0
2017-01-23,6000A,MELILLA,52,MELILLA,351635N,025723W,52.0,15.4,10.7,13.0,0.0,25.0,3.1,11.9,6.7,1015.0,1010.0,61.0,69.0,52.0
2017-01-24,6000A,MELILLA,52,MELILLA,351635N,025723W,52.0,15.9,10.9,13.4,0.0,28.0,5.3,13.6,9.2,1017.8,1014.4,56.0,74.0,47.0
2017-01-25,6000A,MELILLA,52,MELILLA,351635N,025723W,52.0,16.9,8.6,12.8,0.0,24.0,1.9,7.8,9.3,1017.7,1013.6,61.0,79.0,40.0
2017-01-26,6000A,MELILLA,52,MELILLA,351635N,025723W,52.0,18.1,8.4,13.2,,22.0,1.7,14.7,6.1,1014.2,1007.9,71.0,90.0,31.0
2017-01-27,6000A,MELILLA,52,MELILLA,351635N,025723W,52.0,17.6,11.8,14.7,5.6,22.0,3.9,15.3,1.2,1014.3,1007.4,70.0,89.0,43.0
2017-01-28,6000A,MELILLA,52,MELILLA,351635N,025723W,52.0,16.1,11.4,13.8,0.0,99.0,5.3,16.1,7.8,1020.8,1014.1,60.0,81.0,54.0
2017-01-29,6000A,MELILLA,52,MELILLA,351635N,025723W,52.0,16.8,8.7,12.8,0.0,25.0,1.9,7.5,9.1,1020.7,1018.6,70.0,87.0,49.0
2017-01-30,6000A,MELILLA,52,MELILLA,351635N,025723W,52.0,15.9,7.3,11.6,0.0,5.0,1.9,5.8,9.2,1020.4,1013.1,77.0,92.0,56.0
2017-01-31,6000A,MELILLA,52,MELILLA,351635N,025723W,52.0,16.4,8.4,12.4,0.0,26.0,2.2,8.3,8.6,1013.1,1008.7,79.0,93.0,55.0
2017-02-01,6000A,MELILLA,52,MELILLA,351635N,025723W,52.0,19.0,10.1,14.6,0.0,26.0,1.9,6.4,9.0,1015.1,1012.0,73.0,93.0,59.0
2017-02-02,6000A,MELILLA,52,MELILLA,351635N,025723W,52.0,17.4,10.7,14.0,0.0,26.0,1.1,5.3,2.8,1017.5,1013.0,79.0,88.0,60.0
2017-02-03,6000A,MELILLA,52,MELILLA,351635N,025723W,52.0,20.0,11.5,15.8,0.0,25.0,2.8,9.7,8.5,1018.7,1015.9,70.0,85.0,47.0
2017-02-04,6000A,MELILLA,52,MELILLA,351635N,025723W,52.0,19.4,13.4,16.4,0.0,99.0,3.6,7.5,9.0,1019.3,1016.5,67.0,81.0,56.0
2017-02-05,6000A,MELILLA,52,MELILLA,351635N,025723W,52.0,18.9,13.3,16.1,0.0,26.0,5.8,17.8,6.4,1022.1,1015.2,56.0,76.0,41.0
2017-02-06,6000A,MELILLA,52,MELILLA,351635N,025723W,52.0,19.8,13.8,16.8,0.0,25.0,5.8,17.5,9.5,1023.1,1019.5,57.0,73.0,36.0
2017-02-07,6000A,MELILLA,52,MELILLA,351635N,025723W,52.0,20.6,15.4,18.0,0.0,26.0,4.7,14.7,9.2,1020.2,1016.3,42.0,57.0,32.0
2017-02-08,6000A,MELILLA,52,MELILLA,351635N,025723W,52.0,18.2,10.8,14.5,0.0,25.0,3.6,16.1,9.7,1018.5,1015.5,66.0,82.0,45.0
2017-02-09,6000A,MELILLA,52,MELILLA,351635N,025723W,52.0,17.4,9.4,13.4,0.0,10.0,3.1,8.6,9.4,1017.9,1007.1,64.0,77.0,32.0
2017-02-10,6000A,MELILLA,52,MELILLA,351635N,025723W,52.0,16.6,11.6,14.1,0.2,26.0,2.8,11.7,6.8,1007.7,1004.3,73.0,84.0,59.0
2017-02-11,6000A,MELILLA,52,MELILLA,351635N,025723W,52.0,18.4,10.5,14.4,0.0,26.0,3.1,12.2,8.8,1004.6,996.2,75.0,89.0,46.0
2017-02-12,6000A,MELILLA,52,MELILLA,351635N,025723W,52.0,23.3,12.3,17.8,0.2,18.0,2.5,20.0,4.7,998.0,990.3,76.0,87.0,30.0
2017-02-13,6000A,MELILLA,52,MELILLA,351635N,025723W,52.0,19.2,12.2,15.7,0.0,21.0,1.9,21.4,6.5,1013.4,995.6,59.0,87.0,37.0
2017-02-14,6000A,MELILLA,52,MELILLA,351635N,025723W,52.0,19.0,9.8,14.4,0.0,13.0,2.2,6.9,9.9,1018.5,1013.0,71.0,92.0,48.0
2017-02-15,6000A,MELILLA,52,MELILLA,351635N,025723W,52.0,16.8,12.5,14.6,0.0,7.0,5.8,12.8,2.2,1022.0,1018.4,83.0,93.0,77.0
2017-02-16,6000A,MELILLA,52,MELILLA,351635N,025723W,52.0,15.7,14.2,15.0,0.0,8.0,4.7,10.3,0.0,1023.2,1021.0,84.0,87.0,81.0
2017-02-17,6000A,MELILLA,52,MELILLA,351635N,025723W,52.0,16.3,12.1,14.2,0.0,6.0,3.1,9.2,0.2,1022.1,1018.4,80.0,89.0,73.0
2017-02-18,6000A,MELILLA,52,MELILLA,351635N,025723W,52.0,15.9,11.4,13.6,0.0,4.0,1.7,5.0,4.2,1018.4,1012.1,83.0,91.0,76.0
2017-02-19,6000A,MELILLA,52,MELILLA,351635N,025723W,52.0,14.0,11.9,13.0,22.8,7.0,6.4,16.4,0.0,1013.7,1010.8,88.0,93.0,78.0
2017-02-20,6000A,MELILLA,52,MELILLA,351635N,025723W,52.0,15.0,12.6,13.8,0.0,7.0,9.4,20.3,0.0,1012.7,1009.1,86.0,96.0,84.0
2017-02-21,6000A,MELILLA,52,MELILLA,351635N,025723W,52.0,15.2,14.1,14.6,,7.0,7.5,17.5,0.0,1012.4,1009.7,86.0,88.0,83.0
2017-02-22,6000A,MELILLA,52,MELILLA,351635N,025723W,52.0,15.3,14.2,14.8,0.0,6.0,4.4,10.8,0.0,1011.4,1005.0,91.0,94.0,87.0
2017-02-23,6000A,MELILLA,52,MELILLA,351635N,025723W,52.0,19.4,12.9,16.2,0.2,24.0,4.4,11.1,7.3,1007.0,1003.5,75.0,94.0,58.0
2017-02-24,6000A,MELILLA,52,MELILLA,351635N,025723W,52.0,18.8,12.6,15.7,,26.0,3.6,12.5,7.3,1011.0,1006.1,72.0,81.0,60.0
2017-02-25,6000A,MELILLA,52,MELILLA,351635N,025723W,52.0,18.7,14.1,16.4,0.0,25.0,3.9,10.0,8.7,1016.0,1010.6,78.0,88.0,68.0
2017-02-26,6000A,MELILLA,52,MELILLA,351635N,025723W,52.0,18.4,13.5,16.0,0.0,33.0,2.2,5.8,5.8,1017.4,1014.2,81.0,87.0,69.0
2017-02-27,6000A,MELILLA,52,MELILLA,351635N,025723W,52.0,17.3,13.8,15.6,0.0,24.0,3.1,10.3,3.9,1014.6,1011.9,77.0,89.0,62.0
2017-02-28,6000A,MELILLA,52,MELILLA,351635N,025723W,52.0,18.1,13.7,15.9,0.0,26.0,4.4,15.0,9.0,1013.7,1011.4,68.0,76.0,57.0
2017-03-01,6000A,MELILLA,52,MELILLA,351635N,025723W,52.0,18.5,11.2,14.8,0.0,26.0,2.5,7.5,10.4,1015.1,1012.9,68.0,88.0,54.0
2017-03-02,6000A,MELILLA,52,MELILLA,351635N,025723W,52.0,18.0,9.8,13.9,0.0,6.0,1.9,5.3,10.1,1014.8,1010.2,84.0,94.0,66.0
2017-03-03,6000A,MELILLA,52,MELILLA,351635N,025723W,52.0,17.7,11.7,14.7,0.0,28.0,5.6,18.9,5.8,1010.2,1001.5,81.0,98.0,59.0
2017-03-04,6000A,MELILLA,52,MELILLA,351635N,025723W,52.0,22.4,9.0,15.7,0.0,20.0,2.5,10.8,7.0,1010.0,1003.9,42.0,70.0,21.0
2017-03-05,6000A,MELILLA,52,MELILLA,351635N,025723W,52.0,19.4,14.9,17.2,0.0,25.0,5.3,13.9,10.0,1019.2,1010.0,71.0,81.0,51.0
2017-03-06,6000A,MELILLA,52,MELILLA,351635N,025723W,52.0,20.6,13.4,17.0,0.0,27.0,3.9,13.3,9.8,1019.9,1016.9,68.0,81.0,57.0
2017-03-07,6000A,MELILLA,52,MELILLA,351635N,025723W,52.0,23.3,13.1,18.2,0.0,24.0,3.1,9.7,10.7,1019.9,1016.6,64.0,84.0,42.0
2017-03-08,6000A,MELILLA,52,MELILLA,351635N,025723W,52.0,21.9,11.6,16.8,0.0,8.0,1.9,5.0,10.7,1020.5,1016.9,62.0,83.0,45.0
2017-03-09,6000A,MELILLA,52,MELILLA,351635N,025723W,52.0,19.8,12.8,16.3,0.0,8.0,1.9,5.3,10.1,1020.6,1016.9,72.0,96.0,47.0
2017-03-10,6000A,MELILLA,52,MELILLA,351635N,025723W,52.0,21.9,11.6,16.8,0.0,99.0,1.1,5.3,10.7,1016.9,1012.7,68.0,83.0,49.0
2017-03-11,6000A,MELILLA,52,MELILLA,351635N,025723W,52.0,26.3,13.6,20.0,0.0,26.0,1.4,10.0,10.5,1013.7,1010.2,51.0,77.0,23.0
2017-03-12,6000A,MELILLA,52,MELILLA,351635N,025723W,52.0,22.8,16.5,19.6,0.0,25.0,6.9,19.7,6.5,1011.3,1006.8,46.0,71.0,29.0
2017-03-13,6000A,MELILLA,52,MELILLA,351635N,025723W,52.0,16.7,10.5,13.6,1.4,23.0,4.2,16.1,4.9,1012.6,1006.9,60.0,76.0,49.0
2017-03-14,6000A,MELILLA,52,MELILLA,351635N,025723W,52.0,15.2,10.3,12.8,4.0,8.0,3.6,21.7,0.4,1014.2,1010.9,84.0,92.0,61.0
2017-03-15,6000A,MELILLA,52,MELILLA,351635N,025723W,52.0,15.2,14.6,14.9,0.0,7.0,9.4,17.8,0.0,1014.4,1011.2,81.0,84.0,77.0
2017-03-16,6000A,MELILLA,52,MELILLA,351635N,025723W,52.0,16.0,14.2,15.1,0.0,8.0,7.8,13.3,0.1,1013.2,1010.1,81.0,85.0,75.0
2017-03-17,6000A,MELILLA,52,MELILLA,351635N,025723W,52.0,17.6,14.3,16.0,0.0,6.0,4.7,11.9,6.9,1012.9,1009.6,81.0,90.0,75.0
2017-03-18,6000A,MELILLA,52,MELILLA,351635N,025723W,52.0,19.0,12.6,15.8,0.0,6.0,2.8,6.7,10.3,1013.8,1011.7,80.0,91.0,64.0
2017-03-19,6000A,MELILLA,52,MELILLA,351635N,025723W,52.0,20.2,11.2,15.7,0.0,2.0,2.8,6.4,10.5,1013.4,1009.0,72.0,92.0,46.0
2017-03-20,6000A,MELILLA,52,MELILLA,351635N,025723W,52.0,23.0,10.3,16.6,0.0,26.0,4.2,17.2,9.8,1010.7,1008.5,53.0,79.0,26.0
2017-03-21,6000A,MELILLA,52,MELILLA,351635N,025723W,52.0,18.9,14.2,16.6,0.0,25.0,4.7,16.1,10.5,1014.2,1010.4,71.0,85.0,56.0
2017-03-22,6000A,MELILLA,52,MELILLA,351635N,025723W,52.0,17.9,13.8,15.8,0.2,27.0,4.2,15.6,8.9,1013.9,1009.3,56.0,68.0,48.0
2017-03-23,6000A,MELILLA,52,MELILLA,351635N,025723W,52.0,14.6,10.7,12.6,2.6,26.0,4.2,14.4,1.7,1009.8,1007.7,60.0,77.0,45.0
2017-03-24,6000A,MELILLA,52,MELILLA,351635N,025723W,52.0,15.6,7.5,11.6,,24.0,2.2,11.1,8.9,1012.0,1006.7,59.0,80.0,45.0
2017-03-25,6000A,MELILLA,52,MELILLA,351635N,025723W,52.0,19.6,7.4,13.5,0.0,99.0,3.3,8.6,11.5,1012.7,1008.5,57.0,80.0,33.0
2017-03-26,6000A,MELILLA,52,MELILLA,351635N,025723W,52.0,17.0,8.3,12.6,0.0,32.0,2.5,7.8,11.7,1013.4,1006.2,66.0,76.0,47.0
2017-03-27,6000A,MELILLA,52,MELILLA,351635N,025723W,52.0,18.7,10.8,14.8,0.0,33.0,2.2,7.5,10.3,1018.7,1012.7,63.0,82.0,51.0
2017-03-28,6000A,MELILLA,52,MELILLA,351635N,025723W,52.0,20.1,11.0,15.6,0.0,6.0,2.5,6.4,11.7,1021.4,1017.7,66.0,80.0,47.0
2017-03-29,6000A,MELILLA,52,MELILLA,351635N,025723W,52.0,19.5,11.6,15.6,0.0,4.0,2.2,6.1,11.7,1020.9,1017.2,72.0,92.0,57.0
2017-03-30,6000A,MELILLA,52,MELILLA,351635N,025723W,52.0,18.4,13.4,15.9,0.0,6.0,2.5,6.9,10.9,1018.4,1016.1,81.0,87.0,61.0
2017-03-31,6000A,MELILLA,52,MELILLA,351635N,025723W,52.0,20.4,12.4,16.4,0.0,25.0,1.9,9.2,10.7,1018.0,1014.1,78.0,93.0,33.0
2017-04-01,6000A,MELILLA,52,MELILLA,351635N,025723W,52.0,20.2,16.1,18.2,0.0,26.0,4.4,12.8,11.1,1016.4,1013.4,54.0,65.0,43.0
2017-04-02,6000A,MELILLA,52,MELILLA,351635N,025723W,52.0,21.2,13.0,17.1,0.0,25.0,2.5,8.6,11.4,1014.2,1011.1,57.0,81.0,39.0
2017-04-03,6000A,MELILLA,52,MELILLA,351635N,025723W,52.0,19.4,10.8,15.1,0.0,6.0,2.8,7.8,11.2,1016.8,1012.2,74.0,89.0,54.0
2017-04-04,6000A,MELILLA,52,MELILLA,351635N,025723W,52.0,18.7,12.5,15.6,0.0,7.0,2.5,7.5,10.7,1016.3,1013.1,77.0,88.0,67.0
2017-04-05,6000A,MELILLA,52,MELILLA,351635N,025723W,52.0,19.5,12.4,16.0,0.0,10.0,2.8,7.2,11.0,1013.6,1009.5,74.0,90.0,61.0
2017-04-06,6000A,MELILLA,52,MELILLA,351635N,025723W,52.0,19.4,13.8,16.6,0.0,7.0,5.3,10.8,10.5,1012.6,1010.7,72.0,87.0,59.0
2017-04-07,6000A,MELILLA,52,MELILLA,351635N,025723W,52.0,19.3,13.0,16.2,,6.0,5.0,12.8,11.0,1013.9,1010.3,71.0,85.0,61.0
2017-04-08,6000A,MELILLA,52,MELILLA,351635N,025723W,52.0,18.8,14.6,16.7,0.0,8.0,4.7,10.0,10.2,1015.3,1012.5,75.0,85.0,60.0
2017-04-09,6000A,MELILLA,52,MELILLA,351635N,025723W,52.0,18.8,14.8,16.8,0.0,6.0,5.0,9.7,4.4,1017.0,1013.6,78.0,87.0,70.0
2017-04-10,6000A,MELILLA,52,MELILLA,351635N,025723W,52.0,17.3,13.2,15.2,0.0,7.0,4.4,8.3,0.0,1017.5,1014.8,81.0,89.0,76.0
2017-04-11,6000A,MELILLA,52,MELILLA,351635N,025723W,52.0,19.2,11.9,15.6,0.0,6.0,2.5,6.4,12.1,1017.8,1014.2,76.0,94.0,62.0
2017-04-12,6000A,MELILLA,52,MELILLA,351635N,025723W,52.0,22.1,10.0,16.0,0.0,8.0,1.7,4.4,12.3,1015.5,1011.8,62.0,90.0,37.0
2017-04-13,6000A,MELILLA,52,MELILLA,351635N,025723W,52.0,23.7,12.5,18.1,0.0,26.0,2.8,10.8,11.9,1013.4,1010.8,63.0,82.0,34.0
2017-04-14,6000A,MELILLA,52,MELILLA,351635N,025723W,52.0,25.7,15.0,20.4,0.0,28.0,2.5,9.2,11.5,1013.1,1010.7,54.0,78.0,40.0
2017-04-15,6000A,MELILLA,52,MELILLA,351635N,025723W,52.0,26.8,18.5,22.6,0.0,27.0,3.3,10.6,11.9,1013.8,1010.7,39.0,66.0,27.0
2017-04-16,6000A,MELILLA,52,MELILLA,351635N,025723W,52.0,21.2,15.8,18.5,0.0,7.0,2.8,7.5,4.6,1014.8,1011.8,73.0,86.0,45.0
2017-04-17,6000A,MELILLA,52,MELILLA,351635N,025723W,52.0,20.5,15.2,17.8,0.0,4.0,2.5,6.4,8.8,1012.6,1009.7,76.0,88.0,66.0
2017-04-18,6000A,MELILLA,52,MELILLA,351635N,025723W,52.0,19.1,14.7,16.9,0.0,10.0,3.1,7.8,2.7,1010.4,1004.4,83.0,91.0,75.0
2017-04-19,6000A,MELILLA,52,MELILLA,351635N,025723W,52.0,18.3,16.4,17.4,0.0,7.0,5.8,12.8,0.0,1011.3,1005.8,79.0,90.0,70.0
2017-04-20,6000A,MELILLA,52,MELILLA,351635N,025723W,52.0,17.0,15.3,16.2,0.0,5.0,9.7,18.3,0.0,1014.8,1009.2,75.0,81.0,62.0
2017-04-21,6000A,MELILLA,52,MELILLA,351635N,025723W,52.0,17.6,14.6,16.1,3.8,7.0,9.4,16.9,3.1,1017.5,1012.4,68.0,86.0,62.0
2017-04-22,6000A,MELILLA,52,MELILLA,351635N,025723W,52.0,18.3,14.7,16.5,2.2,8.0,6.4,12.8,1.1,1016.9,1011.5,84.0,93.0,77.0
2017-04-23,6000A,MELILLA,52,MELILLA,351635N,025723W,52.0,17.9,14.2,16.0,0.0,6.0,3.6,7.8,1.6,1011.9,1009.4,85.0,94.0,81.0
2017-04-24,6000A,MELILLA,52,MELILLA,351635N,025723W,52.0,18.9,13.4,16.2,0.2,15.0,1.7,11.1,3.6,1010.9,1007.0,86.0,94.0,73.0
2017-04-25,6000A,MELILLA,52,MELILLA,351635N,025723W,52.0,21.5,15.3,18.4,0.0,25.0,3.6,10.8,6.6,1007.7,1003.8,70.0,94.0,53.0
2017-04-26,6000A,MELILLA,52,MELILLA,351635N,025723W,52.0,22.3,15.8,19.0,0.0,24.0,4.4,10.8,11.4,1004.5,1002.6,65.0,85.0,49.0
2017-04-27,6000A,MELILLA,52,MELILLA,351635N,025723W,52.0,22.7,15.7,19.2,4.4,6.0,4.7,9.7,11.2,1006.0,1002.8,63.0,88.0,41.0
2017-04-28,6000A,MELILLA,52,MELILLA,351635N,025723W,52.0,16.4,15.2,15.8,3.0,8.0,5.6,12.8,0.0,1008.6,1004.4,93.0,97.0,83.0
2017-04-29,6000A,MELILLA,52,MELILLA,351635N,025723W,52.0,19.3,15.5,17.4,0.4,11.0,3.3,7.2,5.8,1009.9,1006.1,85.0,94.0,76.0
2017-04-30,6000A,MELILLA,52,MELILLA,351635N,025723W,52.0,20.3,14.9,17.6,0.0,24.0,3.9,12.2,8.6,1012.3,1008.2,70.0,91.0,57.0
2017-05-01,6000A,MELILLA,52,MELILLA,351635N,025723W,52.0,21.7,15.1,18.4,0.0,27.0,3.6,10.0,12.6,1014.0,1011.1,58.0,86.0,47.0
2017-05-02,6000A,MELILLA,52,MELILLA,351635N,025723W,52.0,20.0,14.3,17.2,0.0,99.0,4.2,7.5,10.4,1014.0,1010.0,73.0,91.0,68.0
2017-05-03,6000A,MELILLA,52,MELILLA,351635N,025723W,52.0,20.1,15.3,17.7,0.0,6.0,3.9,8.3,6.8,1010.3,1006.8,75.0,86.0,70.0
2017-05-04,6000A,MELILLA,52,MELILLA,351635N,025723W,52.0,20.0,16.5,18.2,0.0,8.0,2.8,7.2,0.6,1007.4,1002.4,81.0,87.0,73.0
2017-05-05,6000A,MELILLA,52,MELILLA,351635N,025723W,52.0,24.8,16.2,20.5,0.0,28.0,4.4,11.7,11.2,1010.6,1003.2,68.0,94.0,46.0
2017-05-06,6000A,MELILLA,52,MELILLA,351635N,025723W,52.0,24.3,16.8,20.6,0.0,27.0,3.3,9.2,9.7,1013.5,1010.5,56.0,81.0,39.0
2017-05-07,6000A,MELILLA,52,MELILLA,351635N,025723W,52.0,24.3,15.4,19.8,0.0,99.0,2.5,5.8,12.4,1013.2,1010.6,70.0,80.0,46.0
2017-05-08,6000A,MELILLA,52,MELILLA,351635N,025723W,52.0,21.5,16.0,18.8,0.0,99.0,2.8,5.8,12.4,1011.7,1007.1,77.0,92.0,68.0
2017-05-09,6000A,MELILLA,52,MELILLA,351635N,025723W,52.0,22.8,16.7,19.8,0.0,25.0,3.1,13.6,9.4,1007.1,1002.3,68.0,92.0,51.0
2017-05-10,6000A,MELILLA,52,MELILLA,351635N,025723W,52.0,26.1,17.9,22.0,0.0,26.0,2.5,9.4,7.0,1003.2,998.9,57.0,73.0,45.0
2017-05-11,6000A,MELILLA,52,MELILLA,351635N,025723W,52.0,21.5,18.0,19.8,1.4,30.0,1.4,7.5,0.3,1003.3,998.6,63.0,78.0,55.0
2017-05-12,6000A,MELILLA,52,MELILLA,351635N,025723W,52.0,24.4,17.2,20.8,0.0,99.0,2.2,8.1,10.3,1011.1,1002.5,65.0,89.0,43.0
2017-05-13,6000A,MELILLA,52,MELILLA,351635N,025723W,52.0,24.2,18.1,21.2,0.0,24.0,4.4,10.6,12.1,1015.0,1010.3,52.0,73.0,39.0
2017-05-14,6000A,MELILLA,52,MELILLA,351635N,025723W,52.0,25.2,17.3,21.2,0.0,26.0,2.8,8.3,10.4,1018.8,1014.6,54.0,82.0,42.0
2017-05-15,6000A,MELILLA,52,MELILLA,351635N,025723W,52.0,24.5,16.1,20.3,0.0,7.0,3.6,7.8,12.6,1019.2,1016.8,67.0,87.0,40.0
2017-05-16,6000A,MELILLA,52,MELILLA,351635N,025723W,52.0,22.3,17.6,20.0,0.0,7.0,3.3,7.5,3.8,1017.8,1015.1,76.0,87.0,66.0
2017-05-17,6000A,MELILLA,52,MELILLA,351635N,025723W,52.0,22.1,17.6,19.8,0.0,7.0,2.8,6.4,8.0,1015.4,1009.2,76.0,87.0,60.0
2017-05-18,6000A,MELILLA,52,MELILLA,351635N,025723W,52.0,26.2,17.6,21.9,0.0,26.0,4.7,13.3,9.9,1010.2,1007.6,53.0,84.0,28.0
2017-05-19,6000A,MELILLA,52,MELILLA,351635N,025723W,52.0,25.5,17.2,21.4,0.0,30.0,3.3,12.2,9.6,1013.8,1009.2,62.0,83.0,26.0
2017-05-20,6000A,MELILLA,52,MELILLA,351635N,025723W,52.0,21.9,18.3,20.1,0.0,7.0,4.4,8.9,1.4,1015.0,1012.7,76.0,86.0,67.0
2017-05-21,6000A,MELILLA,52,MELILLA,351635N,025723W,52.0,22.3,18.6,20.4,0.0,8.0,5.6,9.2,3.9,1013.4,1009.2,78.0,89.0,71.0
2017-05-22,6000A,MELILLA,52,MELILLA,351635N,025723W,52.0,22.4,18.8,20.6,0.0,8.0,2.8,7.2,4.0,1012.3,1007.9,78.0,88.0,63.0
2017-05-23,6000A,MELILLA,52,MELILLA,351635N,025723W,52.0,21.6,18.4,20.0,0.0,9.0,4.4,9.4,0.2,1012.7,1008.6,85.0,90.0,76.0
2017-05-24,6000A,MELILLA,52,MELILLA,351635N,025723W,52.0,20.3,18.6,19.4,1.4,8.0,5.6,9.7,0.0,1011.6,1008.3,89.0,95.0,84.0
2017-05-25,6000A,MELILLA,52,MELILLA,351635N,025723W,52.0,22.0,18.9,20.4,0.0,2.0,2.8,6.1,1.5,1009.3,1005.0,85.0,93.0,77.0
2017-05-26,6000A,MELILLA,52,MELILLA,351635N,025723W,52.0,26.1,19.1,22.6,0.0,6.0,2.5,6.7,12.3,1008.1,1005.7,67.0,91.0,48.0
2017-05-27,6000A,MELILLA,52,MELILLA,351635N,025723W,52.0,23.6,17.7,20.6,0.0,6.0,3.1,7.8,4.4,1010.1,1006.8,82.0,89.0,67.0
2017-05-28,6000A,MELILLA,52,MELILLA,351635N,025723W,52.0,24.3,19.4,21.8,0.2,3.0,3.1,8.6,4.3,1012.1,1009.1,78.0,91.0,59.0
2017-05-29,6000A,MELILLA,52,MELILLA,351635N,025723W,52.0,26.2,19.5,22.8,0.0,27.0,3.6,11.1,10.1,1011.5,1008.8,61.0,89.0,43.0
2017-05-30,6000A,MELILLA,52,MELILLA,351635N,025723W,52.0,25.7,19.1,22.4,2.2,2.0,4.4,9.2,12.9,1010.6,1008.6,63.0,86.0,46.0
2017-05-31,6000A,MELILLA,52,MELILLA,351635N,025723W,52.0,23.1,19.4,21.2,0.4,8.0,3.6,7.2,4.3,1011.5,1009.0,84.0,94.0,75.0
2017-06-01,6000A,MELILLA,52,MELILLA,351635N,025723W,52.0,23.1,19.9,21.5,0.0,12.0,3.9,10.3,5.1,1011.7,1009.3,84.0,94.0,77.0
2017-06-02,6000A,MELILLA,52,MELILLA,351635N,025723W,52.0,23.3,20.2,21.8,0.0,99.0,2.8,5.8,1.5,1010.8,1008.3,82.0,91.0,76.0
2017-06-03,6000A,MELILLA,52,MELILLA,351635N,025723W,52.0,26.1,19.9,23.0,0.0,30.0,2.5,8.9,8.4,1010.5,1007.6,72.0,90.0,60.0
2017-06-04,6000A,MELILLA,52,MELILLA,351635N,025723W,52.0,27.4,18.8,23.1,0.0,24.0,4.4,13.3,12.8,1009.7,1007.4,58.0,90.0,38.0
2017-06-05,6000A,MELILLA,52,MELILLA,351635N,025723W,52.0,27.5,20.7,24.1,0.0,34.0,3.6,10.8,13.4,1011.2,1007.8,42.0,75.0,35.0
2017-06-06,6000A,MELILLA,52,MELILLA,351635N,025723W,52.0,29.2,19.3,24.2,0.0,27.0,2.2,10.0,13.4,1009.5,1007.5,40.0,76.0,28.0
2017-06-07,6000A,MELILLA,52,MELILLA,351635N,025723W,52.0,25.0,18.2,21.6,0.0,8.0,3.6,8.3,11.8,1011.8,1008.9,72.0,86.0,59.0
2017-06-08,6000A,MELILLA,52,MELILLA,351635N,025723W,52.0,23.6,21.0,22.3,0.0,6.0,4.4,7.8,1.1,1009.7,1007.6,85.0,90.0,78.0
2017-06-09,6000A,MELILLA,52,MELILLA,351635N,025723W,52.0,24.9,20.8,22.8,0.0,2.0,3.1,7.5,2.5,1010.6,1007.3,77.0,89.0,68.0
2017-06-10,6000A,MELILLA,52,MELILLA,351635N,025723W,52.0,24.1,20.4,22.2,0.0,4.0,3.3,7.2,2.1,1011.5,1009.0,77.0,91.0,68.0
2017-06-11,6000A,MELILLA,52,MELILLA,351635N,025723W,52.0,25.3,20.5,22.9,0.0,8.0,3.6,7.2,10.1,1011.1,1008.8,74.0,86.0,61.0
2017-06-12,6000A,MELILLA,52,MELILLA,351635N,025723W,52.0,24.9,20.3,22.6,0.0,99.0,3.1,6.1,3.8,1009.7,1006.2,78.0,87.0,65.0
2017-06-13,6000A,MELILLA,52,MELILLA,351635N,025723W,52.0,25.7,21.1,23.4,0.0,2.0,3.1,7.2,4.0,1007.0,1005.0,78.0,91.0,72.0
2017-06-14,6000A,MELILLA,52,MELILLA,351635N,025723W,52.0,27.1,21.0,24.0,0.0,4.0,2.2,6.4,11.1,1008.7,1006.6,70.0,90.0,61.0
2017-06-15,6000A,MELILLA,52,MELILLA,351635N,025723W,52.0,28.5,21.6,25.0,0.0,25.0,1.9,5.6,11.5,1011.0,1007.7,69.0,89.0,56.0
2017-06-16,6000A,MELILLA,52,MELILLA,351635N,025723W,52.0,27.4,21.9,24.6,0.0,6.0,3.6,7.8,12.5,1012.4,1010.4,75.0,89.0,66.0
2017-06-17,6000A,MELILLA,52,MELILLA,351635N,025723W,52.0,27.9,21.1,24.5,0.0,11.0,3.6,6.7,12.4,1011.8,1007.7,71.0,93.0,54.0
2017-06-18,6000A,MELILLA,52,MELILLA,351635N,025723W,52.0,27.5,22.1,24.8,0.0,2.0,2.8,7.5,9.9,1009.8,1006.9,76.0,87.0,68.0
2017-06-19,6000A,MELILLA,52,MELILLA,351635N,025723W,52.0,26.2,23.0,24.6,0.0,99.0,4.2,8.6,3.0,1012.3,1008.5,78.0,88.0,72.0
2017-06-20,6000A,MELILLA,52,MELILLA,351635N,025723W,52.0,26.9,23.0,25.0,0.0,10.0,4.4,8.3,6.2,1012.0,1009.0,78.0,89.0,69.0
2017-06-21,6000A,MELILLA,52,MELILLA,351635N,025723W,52.0,27.9,22.6,25.2,0.0,4.0,3.3,6.9,11.0,1011.4,1008.9,69.0,88.0,61.0
2017-06-22,6000A,MELILLA,52,MELILLA,351635N,025723W,52.0,28.0,21.7,24.8,0.0,4.0,3.1,7.5,11.6,1013.9,1010.4,74.0,87.0,62.0
2017-06-23,6000A,MELILLA,52,MELILLA,351635N,025723W,52.0,29.4,21.4,25.4,0.0,26.0,2.2,6.1,13.0,1015.3,1012.6,73.0,89.0,62.0
2017-06-24,6000A,MELILLA,52,MELILLA,351635N,025723W,52.0,31.9,21.3,26.6,0.0,14.0,2.5,6.4,13.0,1013.1,1006.8,55.0,87.0,35.0
2017-06-25,6000A,MELILLA,52,MELILLA,351635N,025723W,52.0,30.3,23.4,26.8,,27.0,3.6,10.6,7.5,1007.2,1002.7,78.0,91.0,46.0
2017-06-26,6000A,MELILLA,52,MELILLA,351635N,025723W,52.0,33.4,24.0,28.7,0.0,25.0,1.4,10.0,8.0,1006.8,1004.5,59.0,88.0,29.0
2017-06-27,6000A,MELILLA,52,MELILLA,351635N,025723W,52.0,29.7,24.5,27.1,0.8,27.0,5.8,16.7,10.7,1008.5,1003.4,51.0,69.0,30.0
2017-06-28,6000A,MELILLA,52,MELILLA,351635N,025723W,52.0,27.2,22.3,24.8,0.0,28.0,5.8,16.1,13.3,1009.3,1006.5,60.0,72.0,49.0
2017-06-29,6000A,MELILLA,52,MELILLA,351635N,025723W,52.0,25.9,21.5,23.7,0.0,28.0,5.0,14.2,13.2,1008.7,1005.9,56.0,74.0,40.0
2017-06-30,6000A,MELILLA,52,MELILLA,351635N,025723W,52.0,24.5,20.7,22.6,0.0,30.0,5.3,19.2,13.2,1012.4,1008.0,45.0,61.0,34.0
2017-07-01,6000A,MELILLA,52,MELILLA,351635N,025723W,52.0,27.2,17.5,22.4,0.0,9.0,3.3,8.3,13.3,1014.6,1010.4,44.0,84.0,23.0
2017-07-02,6000A,MELILLA,52,MELILLA,351635N,025723W,52.0,26.7,21.0,23.8,0.0,6.0,6.4,11.7,13.3,1014.9,1012.5,66.0,88.0,51.0
2017-07-03,6000A,MELILLA,52,MELILLA,351635N,025723W,52.0,26.0,21.5,23.8,0.0,8.0,5.6,10.3,8.2,1013.7,1011.2,75.0,84.0,67.0
2017-07-04,6000A,MELILLA,52,MELILLA,351635N,025723W,52.0,25.6,22.2,23.9,0.0,6.0,4.2,8.6,0.1,1011.7,1008.7,81.0,87.0,73.0
2017-07-05,6000A,MELILLA,52,MELILLA,351635N,025723W,52.0,26.3,22.3,24.3,0.0,26.0,3.9,8.6,3.1,1009.9,1007.6,78.0,89.0,67.0
2017-07-06,6000A,MELILLA,52,MELILLA,351635N,025723W,52.0,27.3,21.8,24.6,0.0,30.0,3.6,9.2,5.5,1010.5,1006.7,80.0,91.0,70.0
2017-07-07,6000A,MELILLA,52,MELILLA,351635N,025723W,52.0,28.4,22.0,25.2,0.0,28.0,2.8,8.9,8.0,1010.9,1008.5,52.0,82.0,33.0
2017-07-08,6000A,MELILLA,52,MELILLA,351635N,025723W,52.0,31.2,21.4,26.3,0.0,28.0,3.6,10.6,12.9,1011.1,1008.1,38.0,64.0,28.0
2017-07-09,6000A,MELILLA,52,MELILLA,351635N,025723W,52.0,32.0,23.1,27.6,0.0,27.0,2.8,8.9,13.1,1009.3,1006.3,45.0,79.0,33.0
2017-07-10,6000A,MELILLA,52,MELILLA,351635N,025723W,52.0,29.0,22.5,25.8,0.0,3.0,2.8,6.1,12.9,1006.9,1004.6,54.0,75.0,47.0
2017-07-11,6000A,MELILLA,52,MELILLA,351635N,025723W,52.0,29.0,21.6,25.3,0.0,9.0,2.5,6.7,12.2,1010.0,1006.0,72.0,89.0,55.0
2017-07-12,6000A,MELILLA,52,MELILLA,351635N,025723W,52.0,28.6,23.1,25.8,0.0,4.0,3.3,6.1,10.8,1011.1,1009.1,78.0,91.0,69.0
2017-07-13,6000A,MELILLA,52,MELILLA,351635N,025723W,52.0,29.1,22.9,26.0,0.0,7.0,2.8,6.7,9.0,1011.8,1008.4,82.0,95.0,66.0
2017-07-14,6000A,MELILLA,52,MELILLA,351635N,025723W,52.0,28.8,22.7,25.8,0.0,5.0,3.1,7.2,7.1,1010.3,1008.2,77.0,92.0,67.0
2017-07-15,6000A,MELILLA,52,MELILLA,351635N,025723W,52.0,28.8,24.0,26.4,0.0,32.0,2.8,7.8,8.4,1012.3,1009.5,71.0,87.0,61.0
2017-07-16,6000A,MELILLA,52,MELILLA,351635N,025723W,52.0,28.3,23.8,26.0,0.0,7.0,3.9,7.5,5.4,1012.2,1010.5,76.0,88.0,66.0
2017-07-17,6000A,MELILLA,52,MELILLA,351635N,025723W,52.0,30.5,24.1,27.3,,5.0,3.1,7.5,7.2,1011.2,1007.9,71.0,87.0,62.0
2017-07-18,6000A,MELILLA,52,MELILLA,351635N,025723W,52.0,28.5,24.1,26.3,0.6,12.0,3.9,12.2,6.2,1009.2,1004.2,81.0,92.0,70.0
2017-07-19,6000A,MELILLA,52,MELILLA,351635N,025723W,52.0,31.4,23.7,27.6,0.0,26.0,3.3,10.0,8.8,1009.2,1006.2,62.0,92.0,32.0
2017-07-20,6000A,MELILLA,52,MELILLA,351635N,025723W,52.0,30.5,23.2,26.8,0.0,26.0,5.0,12.2,12.2,1007.5,1004.5,53.0,75.0,37.0
2017-07-21,6000A,MELILLA,52,MELILLA,351635N,025723W,52.0,28.3,21.8,25.0,0.0,27.0,3.9,10.3,12.2,1007.4,1004.8,53.0,79.0,38.0
2017-07-22,6000A,MELILLA,52,MELILLA,351635N,025723W,52.0,30.6,21.7,26.2,0.0,28.0,2.2,7.5,11.7,1010.2,1006.3,41.0,76.0,26.0
2017-07-23,6000A,MELILLA,52,MELILLA,351635N,025723W,52.0,33.0,23.2,28.1,0.0,14.0,1.7,7.8,11.0,1011.4,1009.0,46.0,82.0,23.0
2017-07-24,6000A,MELILLA,52,MELILLA,351635N,025723W,52.0,36.6,23.0,29.8,0.0,26.0,3.1,7.8,12.2,1011.1,1008.0,43.0,75.0,15.0
2017-07-25,6000A,MELILLA,52,MELILLA,351635N,025723W,52.0,31.0,23.0,27.0,0.0,99.0,2.2,5.6,12.3,1008.4,1005.1,52.0,85.0,33.0
2017-07-26,6000A,MELILLA,52,MELILLA,351635N,025723W,52.0,28.9,21.9,25.4,0.0,7.0,2.8,6.1,12.4,1008.9,1006.7,70.0,88.0,61.0
2017-07-27,6000A,MELILLA,52,MELILLA,351635N,025723W,52.0,29.2,23.7,26.4,0.0,6.0,3.1,6.4,12.0,1009.5,1006.9,70.0,89.0,65.0
2017-07-28,6000A,MELILLA,52,MELILLA,351635N,025723W,52.0,31.5,22.3,26.9,0.0,7.0,2.2,5.3,11.9,1009.1,1007.3,74.0,95.0,46.0
2017-07-29,6000A,MELILLA,52,MELILLA,351635N,025723W,52.0,32.4,23.5,28.0,0.0,2.0,1.7,5.8,12.4,1009.9,1007.7,50.0,87.0,36.0
2017-07-30,6000A,MELILLA,52,MELILLA,351635N,025723W,52.0,33.2,23.6,28.4,0.0,99.0,2.2,5.3,12.3,1008.2,1003.6,53.0,70.0,30.0
2017-07-31,6000A,MELILLA,52,MELILLA,351635N,025723W,52.0,33.9,24.4,29.2,0.0,12.0,2.5,8.6,10.2,1006.2,1002.2,51.0,76.0,26.0
2017-08-01,6000A,MELILLA,52,MELILLA,351635N,025723W,52.0,32.6,25.7,29.2,0.0,99.0,4.2,10.8,6.9,1011.2,1002.6,35.0,52.0,20.0
2017-08-02,6000A,MELILLA,52,MELILLA,351635N,025723W,52.0,32.4,25.1,28.8,0.0,26.0,2.2,7.5,11.4,1010.3,1007.9,38.0,78.0,25.0
2017-08-03,6000A,MELILLA,52,MELILLA,351635N,025723W,52.0,32.2,22.5,27.4,0.0,4.0,1.9,6.1,11.9,1010.8,1007.8,55.0,84.0,34.0
2017-08-04,6000A,MELILLA,52,MELILLA,351635N,025723W,52.0,35.0,24.1,29.6,0.0,7.0,1.9,5.3,12.1,1008.8,1006.4,46.0,71.0,26.0
2017-08-05,6000A,MELILLA,52,MELILLA,351635N,025723W,52.0,31.8,23.3,27.6,0.0,9.0,2.2,5.8,12.2,1008.7,1006.2,59.0,86.0,46.0
2017-08-06,6000A,MELILLA,52,MELILLA,351635N,025723W,52.0,30.3,24.8,27.6,0.0,8.0,1.9,6.1,11.2,1009.5,1006.7,77.0,92.0,66.0
2017-08-07,6000A,MELILLA,52,MELILLA,351635N,025723W,52.0,31.2,25.2,28.2,0.0,10.0,2.5,7.5,10.4,1008.9,1006.1,76.0,91.0,67.0
2017-08-08,6000A,MELILLA,52,MELILLA,351635N,025723W,52.0,36.5,24.1,30.3,0.0,27.0,3.9,13.1,11.2,1007.1,1004.8,40.0,94.0,8.0
2017-08-09,6000A,MELILLA,52,MELILLA,351635N,025723W,52.0,32.1,25.0,28.6,0.0,99.0,4.2,10.8,12.4,1009.1,1006.7,26.0,43.0,17.0
2017-08-10,6000A,MELILLA,52,MELILLA,351635N,025723W,52.0,29.0,24.7,26.8,0.0,8.0,4.2,10.6,10.5,1013.3,1008.1,57.0,87.0,29.0
2017-08-11,6000A,MELILLA,52,MELILLA,351635N,025723W,52.0,28.7,24.4,26.6,0.0,7.0,6.4,11.4,9.1,1013.1,1010.0,74.0,86.0,64.0
2017-08-12,6000A,MELILLA,52,MELILLA,351635N,025723W,52.0,28.5,24.1,26.3,,6.0,6.1,11.4,9.1,1012.9,1010.9,71.0,83.0,62.0
2017-08-13,6000A,MELILLA,52,MELILLA,351635N,025723W,52.0,27.5,23.9,25.7,0.0,8.0,4.4,10.3,3.7,1011.3,1008.0,76.0,86.0,67.0
2017-08-14,6000A,MELILLA,52,MELILLA,351635N,025723W,52.0,28.7,23.8,26.2,0.0,9.0,2.8,8.1,1.4,1010.1,1007.4,83.0,92.0,68.0
2017-08-15,6000A,MELILLA,52,MELILLA,351635N,025723W,52.0,28.2,24.0,26.1,0.0,3.0,3.6,6.9,5.4,1012.3,1008.8,83.0,92.0,73.0
2017-08-16,6000A,MELILLA,52,MELILLA,351635N,025723W,52.0,29.2,22.3,25.8,0.0,4.0,2.5,6.4,11.8,1012.7,1010.3,78.0,91.0,67.0
2017-08-17,6000A,MELILLA,52,MELILLA,351635N,025723W,52.0,28.8,24.1,26.4,0.0,10.0,3.6,6.7,4.8,1012.5,1009.9,79.0,92.0,68.0
2017-08-18,6000A,MELILLA,52,MELILLA,351635N,025723W,52.0,28.9,24.2,26.6,0.0,4.0,3.3,7.5,8.3,1010.9,1008.0,73.0,88.0,65.0
2017-08-19,6000A,MELILLA,52,MELILLA,351635N,025723W,52.0,28.4,24.3,26.4,0.0,8.0,3.6,7.5,4.3,1011.1,1007.6,77.0,88.0,68.0
2017-08-20,6000A,MELILLA,52,MELILLA,351635N,025723W,52.0,28.8,25.2,27.0,0.0,8.0,4.2,9.4,0.5,1012.6,1010.1,81.0,90.0,71.0
2017-08-21,6000A,MELILLA,52,MELILLA,351635N,025723W,52.0,28.5,23.9,26.2,0.0,8.0,4.7,8.6,5.6,1012.3,1009.9,75.0,92.0,68.0
2017-08-22,6000A,MELILLA,52,MELILLA,351635N,025723W,52.0,28.5,22.8,25.6,0.0,10.0,2.5,6.7,7.6,1011.9,1008.8,74.0,88.0,67.0
2017-08-23,6000A,MELILLA,52,MELILLA,351635N,025723W,52.0,27.7,23.0,25.4,0.0,6.0,3.1,8.6,11.2,1010.2,1008.4,74.0,89.0,66.0
2017-08-24,6000A,MELILLA,52,MELILLA,351635N,025723W,52.0,28.0,22.5,25.2,0.0,6.0,2.8,6.9,9.8,1011.5,1008.8,78.0,89.0,67.0
2017-08-25,6000A,MELILLA,52,MELILLA,351635N,025723W,52.0,28.6,24.3,26.4,0.0,99.0,2.5,6.4,10.0,1009.9,1008.3,79.0,91.0,72.0
2017-08-26,6000A,MELILLA,52,MELILLA,351635N,025723W,52.0,28.5,24.1,26.3,0.0,5.0,3.3,9.7,3.9,1009.4,1005.9,83.0,93.0,59.0
2017-08-27,6000A,MELILLA,52,MELILLA,351635N,025723W,52.0,30.0,24.7,27.4,,15.0,3.3,10.6,3.8,1009.0,1006.2,85.0,94.0,66.0
2017-08-28,6000A,MELILLA,52,MELILLA,351635N,025723W,52.0,27.6,22.2,24.9,8.6,18.0,5.3,18.3,1.2,1011.4,1005.0,84.0,92.0,60.0
2017-08-29,6000A,MELILLA,52,MELILLA,351635N,025723W,52.0,25.0,20.0,22.5,20.1,,0.8,,0.0,1010.2,1007.5,79.0,,
2017-08-30,6000A,MELILLA,52,MELILLA,351635N,025723W,52.0,22.8,20.2,21.5,10.6,5.0,0.8,19.2,0.0,1010.2,1007.8,92.0,,
2017-08-31,6000A,MELILLA,52,MELILLA,351635N,025723W,52.0,26.6,20.2,23.4,0.0,5.0,1.4,5.6,5.2,1009.5,1007.9,79.0,,
2017-09-01,6000A,MELILLA,52,MELILLA,351635N,025723W,52.0,26.3,23.5,24.9,,3.0,4.2,9.4,0.4,1010.3,1008.7,89.0,97.0,82.0
2017-09-02,6000A,MELILLA,52,MELILLA,351635N,025723W,52.0,27.0,22.9,25.0,0.0,8.0,3.9,7.8,3.5,1013.0,1010.3,85.0,97.0,79.0
2017-09-03,6000A,MELILLA,52,MELILLA,351635N,025723W,52.0,28.3,22.0,25.2,0.0,4.0,2.5,6.7,9.5,1012.7,1008.2,77.0,95.0,61.0
2017-09-04,6000A,MELILLA,52,MELILLA,351635N,025723W,52.0,32.7,22.6,27.6,0.0,26.0,,10.6,8.2,1010.9,1008.1,,91.0,31.0
2017-09-05,6000A,MELILLA,52,MELILLA,351635N,025723W,52.0,28.4,21.2,24.8,0.0,6.0,3.1,6.4,11.4,1014.3,1010.7,71.0,88.0,48.0
2017-09-06,6000A,MELILLA,52,MELILLA,351635N,025723W,52.0,27.7,21.7,24.7,0.0,9.0,2.2,7.2,10.4,1014.3,1010.6,80.0,92.0,70.0
2017-09-07,6000A,MELILLA,52,MELILLA,351635N,025723W,52.0,27.7,23.1,25.4,0.0,8.0,2.5,6.7,10.5,1011.3,1008.3,79.0,91.0,70.0
2017-09-08,6000A,MELILLA,52,MELILLA,351635N,025723W,52.0,28.0,22.2,25.1,0.0,7.0,2.5,6.9,10.8,1009.4,1005.8,79.0,90.0,68.0
2017-09-09,6000A,MELILLA,52,MELILLA,351635N,025723W,52.0,31.2,22.1,26.6,0.0,26.0,4.7,15.0,9.4,1006.0,1001.7,51.0,92.0,30.0
2017-09-10,6000A,MELILLA,52,MELILLA,351635N,025723W,52.0,26.4,18.8,22.6,0.0,26.0,3.9,14.7,11.2,1009.2,1003.6,56.0,72.0,41.0
2017-09-11,6000A,MELILLA,52,MELILLA,351635N,025723W,52.0,27.3,17.5,22.4,0.0,5.0,1.9,5.8,11.6,1008.9,1006.5,47.0,72.0,29.0
2017-09-12,6000A,MELILLA,52,MELILLA,351635N,025723W,52.0,30.3,17.9,24.1,0.0,7.0,1.9,5.0,11.8,1013.0,1006.5,51.0,83.0,31.0
2017-09-13,6000A,MELILLA,52,MELILLA,351635N,025723W,52.0,26.8,21.8,24.3,0.0,6.0,3.3,7.5,7.9,1015.5,1012.7,81.0,90.0,73.0
2017-09-14,6000A,MELILLA,52,MELILLA,351635N,025723W,52.0,31.1,20.6,25.8,0.0,29.0,1.9,8.6,8.4,1013.4,1007.5,71.0,93.0,30.0
2017-09-15,6000A,MELILLA,52,MELILLA,351635N,025723W,52.0,30.1,22.3,26.2,0.0,26.0,5.6,15.0,10.6,1007.5,1004.1,48.0,70.0,25.0
2017-09-16,6000A,MELILLA,52,MELILLA,351635N,025723W,52.0,25.9,19.4,22.6,0.0,25.0,3.1,11.4,11.6,1010.6,1005.3,49.0,55.0,37.0
2017-09-17,6000A,MELILLA,52,MELILLA,351635N,025723W,52.0,25.4,16.5,21.0,0.0,4.0,2.2,7.8,11.5,1012.7,1010.0,66.0,80.0,43.0
2017-09-18,6000A,MELILLA,52,MELILLA,351635N,025723W,52.0,26.8,18.2,22.5,0.0,26.0,5.3,15.0,11.6,1014.0,1011.3,49.0,74.0,32.0
2017-09-19,6000A,MELILLA,52,MELILLA,351635N,025723W,52.0,27.6,18.8,23.2,0.0,28.0,2.8,7.5,11.4,1015.1,1013.2,54.0,81.0,44.0
2017-09-20,6000A,MELILLA,52,MELILLA,351635N,025723W,52.0,25.7,17.6,21.6,0.0,2.0,2.2,7.8,10.9,1013.8,1010.2,79.0,90.0,62.0
2017-09-21,6000A,MELILLA,52,MELILLA,351635N,025723W,52.0,26.6,19.7,23.2,0.0,4.0,2.2,6.7,6.3,1010.4,1008.5,79.0,91.0,65.0
2017-09-22,6000A,MELILLA,52,MELILLA,351635N,025723W,52.0,26.4,21.8,24.1,0.0,6.0,3.1,8.6,4.4,1012.1,1009.2,82.0,90.0,69.0
2017-09-23,6000A,MELILLA,52,MELILLA,351635N,025723W,52.0,26.3,22.5,24.4,0.0,7.0,5.0,9.2,3.4,1014.1,1010.4,81.0,90.0,74.0
2017-09-24,6000A,MELILLA,52,MELILLA,351635N,025723W,52.0,26.5,21.3,23.9,0.0,5.0,3.1,6.7,5.7,1014.7,1012.8,80.0,92.0,69.0
2017-09-25,6000A,MELILLA,52,MELILLA,351635N,025723W,52.0,27.0,19.2,23.1,0.0,32.0,2.5,6.7,9.0,1014.5,1011.7,81.0,94.0,60.0
2017-09-26,6000A,MELILLA,52,MELILLA,351635N,025723W,52.0,30.9,19.5,25.2,0.0,27.0,3.1,11.1,10.4,1013.0,1010.1,42.0,83.0,26.0
2017-09-27,6000A,MELILLA,52,MELILLA,351635N,025723W,52.0,24.9,19.6,22.2,0.2,9.0,3.1,8.3,1.6,1014.3,1011.8,82.0,90.0,67.0
2017-09-28,6000A,MELILLA,52,MELILLA,351635N,025723W,52.0,26.2,22.5,24.4,0.2,6.0,5.0,10.8,5.4,1016.1,1013.2,72.0,88.0,64.0
2017-09-29,6000A,MELILLA,52,MELILLA,351635N,025723W,52.0,25.6,21.6,23.6,0.0,8.0,4.2,8.3,6.3,1015.7,1013.3,74.0,82.0,63.0
2017-09-30,6000A,MELILLA,52,MELILLA,351635N,025723W,52.0,25.6,19.4,22.5,0.0,6.0,2.2,7.2,8.0,1014.7,1011.6,76.0,89.0,64.0
2017-10-01,6000A,MELILLA,52,MELILLA,351635N,025723W,52.0,25.2,17.6,21.4,0.0,8.0,2.2,7.5,8.1,1014.7,1011.5,79.0,89.0,66.0
2017-10-02,6000A,MELILLA,52,MELILLA,351635N,025723W,52.0,25.8,21.6,23.7,0.0,8.0,4.2,8.6,6.1,1015.9,1013.8,76.0,86.0,65.0
2017-10-03,6000A,MELILLA,52,MELILLA,351635N,025723W,52.0,25.4,21.3,23.4,0.0,8.0,3.9,7.8,10.1,1015.7,1013.1,73.0,87.0,62.0
2017-10-04,6000A,MELILLA,52,MELILLA,351635N,025723W,52.0,25.4,20.5,23.0,0.0,6.0,3.9,9.4,8.7,1017.0,1014.3,79.0,87.0,68.0
2017-10-05,6000A,MELILLA,52,MELILLA,351635N,025723W,52.0,25.2,19.1,22.2,0.0,9.0,3.9,8.1,8.2,1016.0,1012.9,79.0,87.0,68.0
2017-10-06,6000A,MELILLA,52,MELILLA,351635N,025723W,52.0,26.9,17.7,22.3,0.0,4.0,1.9,5.0,10.5,1013.2,1010.3,72.0,92.0,45.0
2017-10-07,6000A,MELILLA,52,MELILLA,351635N,025723W,52.0,25.4,18.0,21.7,0.0,7.0,3.1,8.3,9.5,1013.9,1010.0,80.0,91.0,67.0
2017-10-08,6000A,MELILLA,52,MELILLA,351635N,025723W,52.0,25.6,19.2,22.4,0.0,5.0,2.5,6.4,8.9,1014.1,1011.5,76.0,88.0,64.0
2017-10-09,6000A,MELILLA,52,MELILLA,351635N,025723W,52.0,24.7,17.5,21.1,0.0,6.0,1.9,5.8,10.1,1014.0,1012.0,79.0,93.0,65.0
2017-10-10,6000A,MELILLA,52,MELILLA,351635N,025723W,52.0,24.8,17.3,21.0,0.0,6.0,1.9,6.1,10.2,1014.7,1012.2,82.0,93.0,69.0
2017-10-11,6000A,MELILLA,52,MELILLA,351635N,025723W,52.0,24.9,18.4,21.6,0.0,25.0,2.2,7.5,9.6,1018.9,1014.3,85.0,95.0,66.0
2017-10-12,6000A,MELILLA,52,MELILLA,351635N,025723W,52.0,25.4,18.3,21.8,0.0,11.0,2.8,7.2,9.4,1019.4,1017.1,78.0,91.0,52.0
2017-10-13,6000A,MELILLA,52,MELILLA,351635N,025723W,52.0,28.6,18.8,23.7,0.0,25.0,1.9,10.3,9.6,1019.1,1016.4,72.0,91.0,34.0
2017-10-14,6000A,MELILLA,52,MELILLA,351635N,025723W,52.0,26.4,19.6,23.0,0.0,33.0,1.9,7.5,8.4,1018.3,1015.9,75.0,92.0,42.0
2017-10-15,6000A,MELILLA,52,MELILLA,351635N,025723W,52.0,25.2,19.0,22.1,0.0,9.0,3.1,6.7,6.6,1018.3,1015.6,84.0,95.0,73.0
2017-10-16,6000A,MELILLA,52,MELILLA,351635N,025723W,52.0,25.0,19.6,22.3,0.0,8.0,3.9,7.2,5.4,1018.3,1015.8,81.0,90.0,69.0
2017-10-17,6000A,MELILLA,52,MELILLA,351635N,025723W,52.0,24.7,18.7,21.7,0.0,13.0,2.5,7.2,5.8,1017.5,1011.1,84.0,90.0,65.0
2017-10-18,6000A,MELILLA,52,MELILLA,351635N,025723W,52.0,29.3,18.8,24.0,8.0,25.0,3.3,13.3,2.5,1011.1,1007.9,67.0,90.0,32.0
2017-10-19,6000A,MELILLA,52,MELILLA,351635N,025723W,52.0,20.9,17.5,19.2,12.8,26.0,3.6,14.2,0.2,1011.5,1004.1,85.0,96.0,73.0
2017-10-20,6000A,MELILLA,52,MELILLA,351635N,025723W,52.0,23.9,17.5,20.7,0.0,26.0,2.8,11.4,9.0,1016.1,1011.2,72.0,87.0,61.0
2017-10-21,6000A,MELILLA,52,MELILLA,351635N,025723W,52.0,24.6,15.8,20.2,0.0,3.0,1.7,5.6,9.8,1017.4,1014.6,74.0,86.0,57.0
2017-10-22,6000A,MELILLA,52,MELILLA,351635N,025723W,52.0,24.8,16.7,20.8,0.0,2.0,2.2,5.6,9.9,1017.4,1015.5,75.0,89.0,57.0
2017-10-23,6000A,MELILLA,52,MELILLA,351635N,025723W,52.0,23.2,17.0,20.1,0.0,8.0,2.8,6.7,4.3,1017.7,1015.9,86.0,94.0,72.0
2017-10-24,6000A,MELILLA,52,MELILLA,351635N,025723W,52.0,22.8,18.2,20.5,0.0,8.0,3.3,7.2,8.0,1017.8,1015.9,78.0,91.0,68.0
2017-10-25,6000A,MELILLA,52,MELILLA,351635N,025723W,52.0,23.1,17.4,20.2,0.0,9.0,1.7,5.8,9.2,1018.7,1016.0,83.0,93.0,71.0
2017-10-26,6000A,MELILLA,52,MELILLA,351635N,025723W,52.0,23.0,16.6,19.8,0.0,8.0,2.5,5.8,8.7,1019.6,1017.5,86.0,97.0,74.0
2017-10-27,6000A,MELILLA,52,MELILLA,351635N,025723W,52.0,22.7,16.3,19.5,0.0,5.0,1.4,6.4,5.4,1019.9,1016.6,83.0,97.0,72.0
2017-10-28,6000A,MELILLA,52,MELILLA,351635N,025723W,52.0,22.0,16.3,19.2,0.0,11.0,1.9,6.4,3.4,1017.2,1014.8,81.0,95.0,68.0
2017-10-29,6000A,MELILLA,52,MELILLA,351635N,025723W,52.0,23.1,16.5,19.8,0.0,4.0,1.7,6.1,8.6,1015.3,1010.4,84.0,95.0,68.0
2017-10-30,6000A,MELILLA,52,MELILLA,351635N,025723W,52.0,23.0,15.8,19.4,0.0,4.0,2.5,6.9,6.4,1010.5,1008.1,78.0,94.0,64.0
2017-10-31,6000A,MELILLA,52,MELILLA,351635N,025723W,52.0,23.0,17.3,20.2,0.0,9.0,2.8,6.9,6.8,1014.0,1010.1,82.0,90.0,68.0
2017-11-01,6000A,MELILLA,52,MELILLA,351635N,025723W,52.0,22.8,18.4,20.6,0.0,15.0,2.8,7.5,6.9,1015.0,1011.8,82.0,90.0,70.0
2017-11-02,6000A,MELILLA,52,MELILLA,351635N,025723W,52.0,22.8,17.4,20.1,0.0,6.0,1.9,6.1,6.5,1012.7,1009.4,82.0,92.0,73.0
2017-11-03,6000A,MELILLA,52,MELILLA,351635N,025723W,52.0,22.3,16.4,19.4,0.0,26.0,1.7,7.2,1.7,1009.4,1006.0,85.0,93.0,72.0
2017-11-04,6000A,MELILLA,52,MELILLA,351635N,025723W,52.0,25.5,16.4,21.0,0.0,32.0,2.5,8.3,6.4,1012.6,1007.6,74.0,92.0,43.0
2017-11-05,6000A,MELILLA,52,MELILLA,351635N,025723W,52.0,22.3,17.4,19.8,0.0,25.0,3.6,11.4,8.5,1014.5,1012.3,72.0,81.0,63.0
2017-11-06,6000A,MELILLA,52,MELILLA,351635N,025723W,52.0,21.7,14.5,18.1,0.0,6.0,3.3,8.9,5.8,1014.8,1011.2,71.0,87.0,56.0
2017-11-07,6000A,MELILLA,52,MELILLA,351635N,025723W,52.0,21.5,12.9,17.2,0.0,6.0,1.9,5.8,8.5,1013.4,1010.6,71.0,87.0,42.0
2017-11-08,6000A,MELILLA,52,MELILLA,351635N,025723W,52.0,20.3,12.0,16.2,0.0,2.0,1.7,5.6,7.5,1015.0,1012.5,78.0,91.0,63.0
2017-11-09,6000A,MELILLA,52,MELILLA,351635N,025723W,52.0,20.3,11.8,16.0,0.0,4.0,3.6,13.6,3.7,1017.5,1012.9,74.0,95.0,57.0
2017-11-10,6000A,MELILLA,52,MELILLA,351635N,025723W,52.0,18.6,11.1,14.8,0.0,4.0,1.9,6.7,4.7,1021.6,1017.0,57.0,71.0,45.0
2017-11-11,6000A,MELILLA,52,MELILLA,351635N,025723W,52.0,21.1,10.6,15.8,0.0,26.0,1.7,6.1,8.9,1021.4,1016.8,47.0,69.0,31.0
2017-11-12,6000A,MELILLA,52,MELILLA,351635N,025723W,52.0,22.0,11.6,16.8,0.0,26.0,1.7,8.9,8.9,1016.8,1010.9,48.0,65.0,27.0
2017-11-13,6000A,MELILLA,52,MELILLA,351635N,025723W,52.0,21.3,16.9,19.1,0.0,28.0,3.9,13.6,9.1,1010.9,1007.3,68.0,78.0,39.0
2017-11-14,6000A,MELILLA,52,MELILLA,351635N,025723W,52.0,21.4,13.1,17.2,0.0,99.0,2.5,9.4,5.1,1012.7,1009.0,62.0,89.0,42.0
2017-11-15,6000A,MELILLA,52,MELILLA,351635N,025723W,52.0,19.0,12.0,15.5,0.0,9.0,2.2,9.4,9.2,1014.2,1011.4,65.0,79.0,53.0
2017-11-16,6000A,MELILLA,52,MELILLA,351635N,025723W,52.0,21.0,10.6,15.8,0.0,6.0,1.7,5.0,9.2,1014.1,1011.9,71.0,83.0,57.0
2017-11-17,6000A,MELILLA,52,MELILLA,351635N,025723W,52.0,19.6,12.2,15.9,0.0,8.0,1.7,5.0,9.3,1014.6,1012.1,77.0,89.0,60.0
2017-11-18,6000A,MELILLA,52,MELILLA,351635N,025723W,52.0,19.4,10.9,15.2,0.0,7.0,2.5,5.8,9.3,1013.8,1011.6,75.0,92.0,57.0
2017-11-19,6000A,MELILLA,52,MELILLA,351635N,025723W,52.0,19.6,11.5,15.6,0.0,12.0,1.7,5.3,8.9,1015.5,1012.5,79.0,92.0,66.0
2017-11-20,6000A,MELILLA,52,MELILLA,351635N,025723W,52.0,19.9,10.2,15.0,0.0,8.0,1.9,4.2,9.1,1017.1,1014.6,80.0,95.0,62.0
2017-11-21,6000A,MELILLA,52,MELILLA,351635N,025723W,52.0,18.7,10.5,14.6,0.0,4.0,2.2,4.7,8.1,1016.4,1012.6,85.0,97.0,71.0
2017-11-22,6000A,MELILLA,52,MELILLA,351635N,025723W,52.0,19.3,11.3,15.3,0.0,32.0,2.2,5.3,8.7,1012.6,1009.1,84.0,97.0,64.0
2017-11-23,6000A,MELILLA,52,MELILLA,351635N,025723W,52.0,22.7,9.4,16.0,0.0,8.0,1.4,3.9,9.2,1014.9,1010.6,52.0,88.0,20.0
2017-11-24,6000A,MELILLA,52,MELILLA,351635N,025723W,52.0,23.2,11.2,17.2,0.0,1.0,1.4,3.9,9.3,1015.5,1013.3,46.0,72.0,25.0
2017-11-25,6000A,MELILLA,52,MELILLA,351635N,025723W,52.0,23.8,10.6,17.2,0.0,32.0,1.7,4.2,8.5,1015.4,1012.9,52.0,74.0,23.0
2017-11-26,6000A,MELILLA,52,MELILLA,351635N,025723W,52.0,22.6,16.7,19.6,0.0,6.0,2.5,7.2,4.2,1020.9,1014.8,68.0,89.0,25.0
2017-11-27,6000A,MELILLA,52,MELILLA,351635N,025723W,52.0,18.8,13.7,16.2,0.0,11.0,2.8,7.5,2.4,1021.4,1017.8,74.0,87.0,64.0
2017-11-28,6000A,MELILLA,52,MELILLA,351635N,025723W,52.0,19.1,11.8,15.4,0.0,26.0,1.4,6.4,3.8,1017.8,1006.1,76.0,84.0,62.0
2017-11-29,6000A,MELILLA,52,MELILLA,351635N,025723W,52.0,27.0,14.7,20.8,7.8,23.0,3.9,12.8,2.5,1006.1,1000.0,36.0,91.0,17.0
2017-11-30,6000A,MELILLA,52,MELILLA,351635N,025723W,52.0,17.4,11.4,14.4,4.4,28.0,3.9,11.1,4.0,1012.8,1000.9,70.0,94.0,48.0
2017-12-01,6000A,MELILLA,52,MELILLA,351635N,025723W,52.0,16.1,10.9,13.5,1.4,25.0,3.6,11.9,6.1,1014.5,1010.8,59.0,90.0,36.0
2017-12-02,6000A,MELILLA,52,MELILLA,351635N,025723W,52.0,15.7,8.9,12.3,0.4,8.0,2.8,8.6,6.2,1016.3,1013.9,60.0,76.0,47.0
2017-12-03,6000A,MELILLA,52,MELILLA,351635N,025723W,52.0,14.7,10.0,12.4,0.0,34.0,2.5,9.4,3.6,1023.2,1015.5,61.0,81.0,49.0
2017-12-04,6000A,MELILLA,52,MELILLA,351635N,025723W,52.0,15.4,7.8,11.6,0.0,8.0,2.5,7.5,8.8,1026.6,1022.9,65.0,83.0,47.0
2017-12-05,6000A,MELILLA,52,MELILLA,351635N,025723W,52.0,16.2,10.4,13.3,0.0,8.0,2.2,7.2,8.7,1027.8,1025.8,62.0,80.0,48.0
2017-12-06,6000A,MELILLA,52,MELILLA,351635N,025723W,52.0,16.5,7.4,12.0,0.0,11.0,1.9,4.7,8.6,1027.0,1024.1,66.0,89.0,51.0
2017-12-07,6000A,MELILLA,52,MELILLA,351635N,025723W,52.0,16.4,7.9,12.2,0.0,7.0,1.7,4.2,8.7,1025.4,1022.9,61.0,89.0,34.0
2017-12-08,6000A,MELILLA,52,MELILLA,351635N,025723W,52.0,18.0,6.5,12.2,0.0,25.0,1.9,8.9,8.8,1023.7,1019.1,43.0,70.0,24.0
2017-12-09,6000A,MELILLA,52,MELILLA,351635N,025723W,52.0,18.8,15.0,16.9,0.0,26.0,7.2,17.2,6.6,1019.4,1016.8,74.0,82.0,32.0
2017-12-10,6000A,MELILLA,52,MELILLA,351635N,025723W,52.0,20.3,13.6,17.0,0.0,26.0,4.4,12.8,7.5,1018.6,1004.7,67.0,75.0,51.0
2017-12-11,6000A,MELILLA,52,MELILLA,351635N,025723W,52.0,20.4,10.7,15.6,10.6,24.0,5.8,23.6,0.0,1004.7,993.6,64.0,95.0,39.0
2017-12-12,6000A,MELILLA,52,MELILLA,351635N,025723W,52.0,15.1,8.3,11.7,0.6,99.0,1.9,9.2,5.6,1017.9,1002.7,72.0,87.0,57.0
2017-12-13,6000A,MELILLA,52,MELILLA,351635N,025723W,52.0,16.1,7.2,11.6,0.4,13.0,1.9,5.0,8.5,1022.5,1017.9,76.0,88.0,53.0
2017-12-14,6000A,MELILLA,52,MELILLA,351635N,025723W,52.0,18.5,9.2,13.8,0.0,25.0,4.4,13.9,8.6,1020.1,1012.3,61.0,92.0,34.0
2017-12-15,6000A,MELILLA,52,MELILLA,351635N,025723W,52.0,19.0,15.3,17.2,,26.0,5.8,14.2,4.9,1012.3,1007.4,70.0,80.0,61.0
2017-12-16,6000A,MELILLA,52,MELILLA,351635N,025723W,52.0,17.2,13.8,15.5,11.6,26.0,1.9,10.0,0.0,1016.1,1006.1,82.0,92.0,66.0
2017-12-17,6000A,MELILLA,52,MELILLA,351635N,025723W,52.0,16.2,11.7,14.0,0.2,9.0,3.9,9.2,7.5,1024.0,1015.9,64.0,92.0,51.0
2017-12-18,6000A,MELILLA,52,MELILLA,351635N,025723W,52.0,15.5,8.2,11.8,0.0,16.0,1.4,5.6,8.6,1024.1,1018.4,66.0,81.0,49.0
2017-12-19,6000A,MELILLA,52,MELILLA,351635N,025723W,52.0,16.0,10.1,13.0,14.6,6.0,3.6,14.4,3.2,1023.8,1017.3,72.0,87.0,45.0
2017-12-20,6000A,MELILLA,52,MELILLA,351635N,025723W,52.0,15.1,8.4,11.8,2.4,4.0,1.7,12.2,4.0,1025.9,1023.1,81.0,97.0,66.0
2017-12-21,6000A,MELILLA,52,MELILLA,351635N,025723W,52.0,16.1,8.4,12.2,0.2,4.0,2.8,7.5,3.3,1031.3,1025.2,74.0,91.0,62.0
2017-12-22,6000A,MELILLA,52,MELILLA,351635N,025723W,52.0,17.6,9.0,13.3,0.0,20.0,1.9,5.8,8.4,1030.9,1025.2,68.0,88.0,46.0
2017-12-23,6000A,MELILLA,52,MELILLA,351635N,025723W,52.0,17.9,7.8,12.8,0.0,7.0,1.9,7.2,8.6,1026.4,1024.0,67.0,88.0,41.0
2017-12-24,6000A,MELILLA,52,MELILLA,351635N,025723W,52.0,16.1,10.5,13.3,0.0,7.0,2.2,5.0,8.4,1026.0,1021.3,80.0,93.0,68.0
2017-12-25,6000A,MELILLA,52,MELILLA,351635N,025723W,52.0,16.4,8.4,12.4,0.2,33.0,1.4,5.3,8.4,1021.5,1019.0,76.0,97.0,65.0
2017-12-26,6000A,MELILLA,52,MELILLA,351635N,025723W,52.0,20.5,9.8,15.2,0.0,26.0,2.8,10.0,4.9,1020.1,1013.9,66.0,87.0,42.0
2017-12-27,6000A,MELILLA,52,MELILLA,351635N,025723W,52.0,19.0,14.2,16.6,0.0,28.0,4.4,19.7,1.1,1013.9,1007.8,78.0,91.0,65.0
2017-12-28,6000A,MELILLA,52,MELILLA,351635N,025723W,52.0,19.3,15.3,17.3,0.0,26.0,6.7,16.4,5.6,1014.5,1010.5,76.0,84.0,62.0
2017-12-29,6000A,MELILLA,52,MELILLA,351635N,025723W,52.0,18.8,15.5,17.2,0.0,25.0,6.7,18.3,6.2,1021.6,1013.7,72.0,89.0,62.0
2017-12-30,6000A,MELILLA,52,MELILLA,351635N,025723W,52.0,19.6,11.0,15.3,0.0,23.0,1.7,6.1,8.6,1021.8,1019.6,76.0,86.0,55.0
2017-12-31,6000A,MELILLA,52,MELILLA,351635N,025723W,52.0,18.3,10.4,14.4,0.0,27.0,3.3,15.0,6.9,1025.1,1019.0,74.0,83.0,60.0
2018-01-01,6000A,MELILLA,52,MELILLA,351635N,025723W,52.0,19.4,13.6,16.5,0.0,24.0,2.8,13.9,8.3,1028.3,1024.3,65.0,82.0,39.0
2018-01-02,6000A,MELILLA,52,MELILLA,351635N,025723W,52.0,23.6,11.6,17.6,0.0,26.0,6.4,14.2,8.8,1026.5,1022.2,30.0,68.0,11.0
2018-01-03,6000A,MELILLA,52,MELILLA,351635N,025723W,52.0,22.4,13.9,18.2,0.0,26.0,1.9,11.7,8.8,1026.6,1022.9,59.0,75.0,42.0
2018-01-04,6000A,MELILLA,52,MELILLA,351635N,025723W,52.0,21.4,12.8,17.1,0.0,26.0,2.8,13.1,8.8,1023.0,1017.8,68.0,86.0,47.0
2018-01-05,6000A,MELILLA,52,MELILLA,351635N,025723W,52.0,18.2,11.0,14.6,0.0,26.0,4.2,10.6,8.5,1017.8,1002.4,75.0,87.0,61.0
2018-01-06,6000A,MELILLA,52,MELILLA,351635N,025723W,52.0,17.2,10.0,13.6,0.2,21.0,4.2,18.3,2.1,1002.4,991.9,65.0,93.0,41.0
2018-01-07,6000A,MELILLA,52,MELILLA,351635N,025723W,52.0,14.0,8.1,11.0,0.2,28.0,1.7,8.9,4.0,1001.4,995.3,64.0,84.0,36.0
2018-01-08,6000A,MELILLA,52,MELILLA,351635N,025723W,52.0,14.8,7.0,10.9,0.0,21.0,1.1,8.6,2.5,1010.5,1001.1,55.0,84.0,42.0
2018-01-09,6000A,MELILLA,52,MELILLA,351635N,025723W,52.0,16.1,9.2,12.6,0.4,25.0,2.5,8.9,5.7,1017.0,1010.5,50.0,88.0,33.0
2018-01-10,6000A,MELILLA,52,MELILLA,351635N,025723W,52.0,17.6,11.2,14.4,,26.0,4.7,16.1,7.9,1018.8,1012.5,73.0,96.0,57.0
2018-01-11,6000A,MELILLA,52,MELILLA,351635N,025723W,52.0,15.7,13.5,14.6,0.0,27.0,5.6,16.7,7.4,1020.4,1016.9,62.0,81.0,52.0
2018-01-12,6000A,MELILLA,52,MELILLA,351635N,025723W,52.0,16.7,8.4,12.6,0.0,28.0,1.9,11.7,8.0,1020.9,1016.9,65.0,86.0,51.0
2018-01-13,6000A,MELILLA,52,MELILLA,351635N,025723W,52.0,16.0,7.6,11.8,,25.0,1.7,10.0,4.8,1016.9,1013.5,75.0,86.0,63.0
2018-01-14,6000A,MELILLA,52,MELILLA,351635N,025723W,52.0,16.9,10.3,13.6,8.5,30.0,3.3,10.8,5.8,1015.5,1011.0,80.0,92.0,58.0
2018-01-15,6000A,MELILLA,52,MELILLA,351635N,025723W,52.0,13.9,9.3,11.6,3.7,26.0,1.9,7.5,3.5,1024.2,1013.8,74.0,91.0,61.0
2018-01-16,6000A,MELILLA,52,MELILLA,351635N,025723W,52.0,16.4,7.1,11.8,0.0,14.0,1.4,6.4,9.0,1024.6,1019.5,75.0,94.0,58.0
2018-01-17,6000A,MELILLA,52,MELILLA,351635N,025723W,52.0,17.1,7.4,12.2,0.0,35.0,1.7,5.8,9.3,1019.6,1014.2,69.0,93.0,44.0
2018-01-18,6000A,MELILLA,52,MELILLA,351635N,025723W,52.0,15.3,12.2,13.8,1.0,8.0,4.2,8.9,0.0,1016.0,1011.0,83.0,94.0,78.0
2018-01-19,6000A,MELILLA,52,MELILLA,351635N,025723W,52.0,14.7,10.2,12.4,2.8,3.0,2.2,10.3,0.2,1018.2,1010.3,89.0,94.0,79.0
2018-01-20,6000A,MELILLA,52,MELILLA,351635N,025723W,52.0,18.3,13.7,16.0,0.0,25.0,4.7,13.9,9.1,1021.8,1017.4,66.0,82.0,50.0
2018-01-21,6000A,MELILLA,52,MELILLA,351635N,025723W,52.0,19.1,15.4,17.2,0.0,26.0,5.8,13.9,9.5,1022.2,1019.3,52.0,74.0,31.0
2018-01-22,6000A,MELILLA,52,MELILLA,351635N,025723W,52.0,19.7,12.1,15.9,0.0,24.0,2.2,8.1,9.4,1022.0,1019.0,61.0,80.0,52.0
2018-01-23,6000A,MELILLA,52,MELILLA,351635N,025723W,52.0,18.3,10.0,14.2,0.0,2.0,1.7,5.0,9.5,1021.6,1019.0,78.0,93.0,57.0
2018-01-24,6000A,MELILLA,52,MELILLA,351635N,025723W,52.0,14.7,10.0,12.4,0.0,14.0,1.7,5.6,0.1,1021.9,1018.9,89.0,95.0,81.0
2018-01-25,6000A,MELILLA,52,MELILLA,351635N,025723W,52.0,17.1,12.5,14.8,0.4,27.0,2.8,10.3,2.6,1019.2,1014.2,76.0,89.0,50.0
2018-01-26,6000A,MELILLA,52,MELILLA,351635N,025723W,52.0,15.5,11.4,13.4,0.0,26.0,3.9,17.8,8.1,1019.4,1014.2,63.0,82.0,49.0
2018-01-27,6000A,MELILLA,52,MELILLA,351635N,025723W,52.0,12.9,7.2,10.0,10.2,8.0,3.1,13.1,2.1,1020.3,1017.5,71.0,88.0,51.0
2018-01-28,6000A,MELILLA,52,MELILLA,351635N,025723W,52.0,14.4,7.3,10.8,14.8,7.0,5.3,16.1,4.7,1021.9,1017.3,75.0,94.0,65.0
2018-01-29,6000A,MELILLA,52,MELILLA,351635N,025723W,52.0,15.4,14.1,14.8,0.0,8.0,8.1,15.3,0.4,1022.4,1020.0,80.0,90.0,76.0
2018-01-30,6000A,MELILLA,52,MELILLA,351635N,025723W,52.0,15.9,13.8,14.8,0.0,8.0,5.6,11.7,7.3,1021.1,1016.6,76.0,90.0,64.0
2018-01-31,6000A,MELILLA,52,MELILLA,351635N,025723W,52.0,15.1,12.0,13.6,1.4,7.0,4.4,9.7,0.2,1017.0,1010.6,87.0,91.0,80.0
2018-02-01,6000A,MELILLA,52,MELILLA,351635N,025723W,52.0,16.8,9.0,12.9,6.2,28.0,3.1,10.8,8.9,1011.2,1001.6,78.0,95.0,61.0
2018-02-02,6000A,MELILLA,52,MELILLA,351635N,025723W,52.0,13.8,10.0,11.9,,31.0,3.9,15.8,6.9,1011.3,999.5,57.0,87.0,42.0
2018-02-03,6000A,MELILLA,52,MELILLA,351635N,025723W,52.0,14.9,8.6,11.8,0.0,26.0,3.1,11.7,9.1,1014.8,1011.3,52.0,58.0,35.0
2018-02-04,6000A,MELILLA,52,MELILLA,351635N,025723W,52.0,13.9,7.4,10.6,0.2,20.0,2.2,9.7,1.6,1011.5,1001.9,60.0,89.0,33.0
2018-02-05,6000A,MELILLA,52,MELILLA,351635N,025723W,52.0,12.9,7.2,10.0,10.4,32.0,2.8,11.7,3.7,1002.6,999.8,69.0,87.0,49.0
2018-02-06,6000A,MELILLA,52,MELILLA,351635N,025723W,52.0,10.3,5.9,8.1,39.8,24.0,2.8,13.3,0.0,1006.9,1000.8,83.0,93.0,61.0
2018-02-07,6000A,MELILLA,52,MELILLA,351635N,025723W,52.0,14.6,6.1,10.4,0.0,26.0,2.2,12.5,8.1,1008.7,1006.1,60.0,90.0,44.0
2018-02-08,6000A,MELILLA,52,MELILLA,351635N,025723W,52.0,14.1,6.4,10.2,14.2,23.0,1.4,8.1,3.7,1014.0,1007.8,74.0,92.0,62.0
2018-02-09,6000A,MELILLA,52,MELILLA,351635N,025723W,52.0,13.3,8.1,10.7,4.0,26.0,2.8,14.2,7.6,1015.3,1012.3,66.0,92.0,46.0
2018-02-10,6000A,MELILLA,52,MELILLA,351635N,025723W,52.0,15.0,10.5,12.8,,27.0,3.6,12.2,5.6,1015.4,1011.6,76.0,93.0,63.0
2018-02-11,6000A,MELILLA,52,MELILLA,351635N,025723W,52.0,16.3,7.4,11.8,0.0,27.0,2.5,11.9,9.0,1018.8,1015.1,66.0,81.0,45.0
2018-02-12,6000A,MELILLA,52,MELILLA,351635N,025723W,52.0,18.3,12.4,15.4,0.0,24.0,5.3,14.7,8.7,1016.4,1013.2,67.0,82.0,55.0
2018-02-13,6000A,MELILLA,52,MELILLA,351635N,025723W,52.0,16.4,11.7,14.0,0.0,28.0,3.6,10.6,9.7,1018.4,1015.5,62.0,80.0,47.0
2018-02-14,6000A,MELILLA,52,MELILLA,351635N,025723W,52.0,16.6,10.8,13.7,0.0,26.0,3.9,11.1,9.8,1017.6,1015.4,71.0,80.0,59.0
2018-02-15,6000A,MELILLA,52,MELILLA,351635N,025723W,52.0,18.3,10.8,14.6,0.0,24.0,1.9,6.9,10.1,1019.4,1017.1,67.0,85.0,49.0
2018-02-16,6000A,MELILLA,52,MELILLA,351635N,025723W,52.0,17.3,8.0,12.6,0.0,8.0,1.4,4.7,9.4,1018.0,1014.9,77.0,87.0,59.0
2018-02-17,6000A,MELILLA,52,MELILLA,351635N,025723W,52.0,18.2,10.6,14.4,0.0,25.0,3.9,11.4,9.8,1016.7,1013.9,71.0,84.0,58.0
2018-02-18,6000A,MELILLA,52,MELILLA,351635N,025723W,52.0,17.6,9.5,13.6,0.0,26.0,2.5,6.4,7.9,1014.8,1012.2,77.0,91.0,56.0
2018-02-19,6000A,MELILLA,52,MELILLA,351635N,025723W,52.0,16.6,9.3,13.0,0.0,36.0,2.8,6.1,6.7,1012.2,1009.7,80.0,92.0,65.0
2018-02-20,6000A,MELILLA,52,MELILLA,351635N,025723W,52.0,17.6,8.8,13.2,0.0,99.0,1.9,4.7,9.7,1010.9,1005.7,80.0,95.0,64.0
2018-02-21,6000A,MELILLA,52,MELILLA,351635N,025723W,52.0,18.9,9.5,14.2,9.2,29.0,3.3,12.8,9.9,1005.7,997.3,58.0,88.0,41.0
2018-02-22,6000A,MELILLA,52,MELILLA,351635N,025723W,52.0,15.7,8.7,12.2,0.2,24.0,1.9,10.6,6.8,1002.8,999.7,68.0,94.0,48.0
2018-02-23,6000A,MELILLA,52,MELILLA,351635N,025723W,52.0,17.2,8.8,13.0,0.0,25.0,1.4,6.7,10.1,999.8,997.2,62.0,87.0,43.0
2018-02-24,6000A,MELILLA,52,MELILLA,351635N,025723W,52.0,14.8,11.2,13.0,0.0,3.0,3.3,8.3,4.1,1004.5,998.0,67.0,78.0,60.0
2018-02-25,6000A,MELILLA,52,MELILLA,351635N,025723W,52.0,16.6,9.8,13.2,0.0,4.0,1.7,6.4,5.5,1006.3,1004.2,67.0,80.0,55.0
2018-02-26,6000A,MELILLA,52,MELILLA,351635N,025723W,52.0,16.7,8.4,12.6,4.4,26.0,3.1,11.9,9.9,1005.2,996.7,74.0,93.0,61.0
2018-02-27,6000A,MELILLA,52,MELILLA,351635N,025723W,52.0,19.2,11.0,15.1,0.0,28.0,2.8,8.9,7.5,1002.4,999.9,68.0,93.0,57.0
2018-02-28,6000A,MELILLA,52,MELILLA,351635N,025723W,52.0,23.4,10.1,16.8,0.2,22.0,3.1,20.3,9.7,1000.8,992.4,70.0,91.0,35.0
2018-03-01,6000A,MELILLA,52,MELILLA,351635N,025723W,52.0,23.4,14.5,19.0,0.4,23.0,6.4,20.0,4.7,1000.4,988.2,54.0,77.0,43.0
2018-03-02,6000A,MELILLA,52,MELILLA,351635N,025723W,52.0,25.0,11.9,18.4,,22.0,2.5,12.8,8.6,1001.7,996.2,59.0,87.0,37.0
2018-03-03,6000A,MELILLA,52,MELILLA,351635N,025723W,52.0,18.4,12.7,15.6,4.0,15.0,1.4,10.8,2.0,1002.1,996.8,82.0,94.0,59.0
2018-03-04,6000A,MELILLA,52,MELILLA,351635N,025723W,52.0,19.8,10.8,15.3,0.4,27.0,3.3,14.4,7.2,1000.6,995.0,79.0,97.0,50.0
2018-03-05,6000A,MELILLA,52,MELILLA,351635N,025723W,52.0,19.0,13.4,16.2,2.8,27.0,3.3,15.6,4.6,1001.5,993.0,75.0,90.0,50.0
2018-03-06,6000A,MELILLA,52,MELILLA,351635N,025723W,52.0,18.0,12.7,15.4,2.4,25.0,2.5,9.7,4.9,1002.3,999.2,76.0,88.0,60.0
2018-03-07,6000A,MELILLA,52,MELILLA,351635N,025723W,52.0,18.8,12.6,15.7,3.8,26.0,3.1,9.4,8.8,1007.8,1001.0,69.0,94.0,49.0
2018-03-08,6000A,MELILLA,52,MELILLA,351635N,025723W,52.0,20.5,13.0,16.8,0.2,27.0,3.3,9.7,5.3,1011.6,1002.8,81.0,95.0,68.0
2018-03-09,6000A,MELILLA,52,MELILLA,351635N,025723W,52.0,19.9,12.2,16.0,0.0,31.0,2.2,6.7,10.8,1011.1,1007.0,78.0,91.0,64.0
2018-03-10,6000A,MELILLA,52,MELILLA,351635N,025723W,52.0,25.3,15.6,20.4,0.3,24.0,3.1,10.3,8.3,1007.0,1001.8,70.0,84.0,45.0
2018-03-11,6000A,MELILLA,52,MELILLA,351635N,025723W,52.0,20.9,14.1,17.5,,24.0,3.6,12.5,8.5,1013.2,1005.2,56.0,82.0,41.0
2018-03-12,6000A,MELILLA,52,MELILLA,351635N,025723W,52.0,18.5,14.0,16.2,0.4,32.0,3.3,10.8,5.8,1016.2,1012.8,67.0,79.0,57.0
2018-03-13,6000A,MELILLA,52,MELILLA,351635N,025723W,52.0,21.8,12.3,17.0,0.0,24.0,2.8,9.4,8.8,1015.1,1011.7,66.0,84.0,48.0
2018-03-14,6000A,MELILLA,52,MELILLA,351635N,025723W,52.0,19.3,13.6,16.4,0.0,24.0,1.7,6.1,6.3,1012.8,1002.9,79.0,89.0,58.0
2018-03-15,6000A,MELILLA,52,MELILLA,351635N,025723W,52.0,19.8,13.0,16.4,0.2,24.0,6.1,15.0,0.4,1004.1,998.7,68.0,91.0,43.0
2018-03-16,6000A,MELILLA,52,MELILLA,351635N,025723W,52.0,16.4,12.6,14.5,,99.0,4.2,13.6,6.3,1006.1,1002.6,64.0,79.0,52.0
2018-03-17,6000A,MELILLA,52,MELILLA,351635N,025723W,52.0,19.7,12.0,15.8,0.2,26.0,2.8,12.2,9.9,1006.5,997.4,51.0,68.0,40.0
2018-03-18,6000A,MELILLA,52,MELILLA,351635N,025723W,52.0,19.4,14.9,17.2,0.0,24.0,5.0,17.2,5.8,1008.5,997.1,73.0,81.0,44.0
2018-03-19,6000A,MELILLA,52,MELILLA,351635N,025723W,52.0,18.5,13.9,16.2,0.6,28.0,3.6,12.5,8.3,1010.7,1004.6,68.0,77.0,43.0
2018-03-20,6000A,MELILLA,52,MELILLA,351635N,025723W,52.0,16.6,11.1,13.8,,26.0,4.4,17.8,9.2,1012.1,1004.9,57.0,88.0,43.0
2018-03-21,6000A,MELILLA,52,MELILLA,351635N,025723W,52.0,15.2,10.5,12.8,0.0,27.0,3.3,12.5,10.2,1016.9,1011.5,51.0,67.0,40.0
2018-03-22,6000A,MELILLA,52,MELILLA,351635N,025723W,52.0,15.4,11.3,13.4,0.0,99.0,4.4,14.4,8.7,1016.6,1014.7,50.0,70.0,33.0
2018-03-23,6000A,MELILLA,52,MELILLA,351635N,025723W,52.0,17.8,12.8,15.3,,27.0,5.0,16.4,8.7,1016.0,1004.7,60.0,73.0,42.0
2018-03-24,6000A,MELILLA,52,MELILLA,351635N,025723W,52.0,17.7,11.4,14.6,3.2,30.0,5.3,20.0,8.7,1007.0,998.7,57.0,91.0,43.0
2018-03-25,6000A,MELILLA,52,MELILLA,351635N,025723W,52.0,18.0,10.4,14.2,13.4,27.0,4.4,18.3,4.1,1011.1,1002.7,70.0,95.0,56.0
2018-03-26,6000A,MELILLA,52,MELILLA,351635N,025723W,52.0,18.8,12.7,15.8,0.0,27.0,3.9,13.6,11.6,1019.3,1011.1,61.0,84.0,44.0
2018-03-27,6000A,MELILLA,52,MELILLA,351635N,025723W,52.0,21.9,12.8,17.4,0.0,99.0,3.3,7.8,11.8,1020.4,1016.8,49.0,75.0,31.0
2018-03-28,6000A,MELILLA,52,MELILLA,351635N,025723W,52.0,24.4,11.3,17.8,0.0,99.0,2.2,7.8,11.8,1016.8,1009.1,46.0,72.0,29.0
2018-03-29,6000A,MELILLA,52,MELILLA,351635N,025723W,52.0,21.9,14.4,18.2,0.0,28.0,4.7,12.8,9.2,1009.3,1005.6,56.0,81.0,34.0
2018-03-30,6000A,MELILLA,52,MELILLA,351635N,025723W,52.0,21.0,13.6,17.3,0.0,25.0,2.8,12.2,8.6,1009.5,1005.8,58.0,77.0,34.0
2018-03-31,6000A,MELILLA,52,MELILLA,351635N,025723W,52.0,17.2,11.8,14.5,0.0,26.0,3.6,14.2,5.8,1013.2,1007.9,67.0,85.0,45.0
2018-04-01,6000A,MELILLA,52,MELILLA,351635N,025723W,52.0,17.7,9.5,13.6,0.0,8.0,3.1,9.2,11.5,1012.5,1004.1,72.0,84.0,42.0
2018-04-02,6000A,MELILLA,52,MELILLA,351635N,025723W,52.0,19.2,12.3,15.8,0.0,27.0,2.5,9.4,4.3,1006.2,1002.4,78.0,88.0,63.0
2018-04-03,6000A,MELILLA,52,MELILLA,351635N,025723W,52.0,22.0,15.1,18.6,0.0,27.0,2.5,10.3,11.1,1009.5,1004.6,61.0,82.0,47.0
2018-04-04,6000A,MELILLA,52,MELILLA,351635N,025723W,52.0,20.2,14.3,17.2,0.0,28.0,3.9,10.8,11.6,1013.9,1009.5,59.0,81.0,45.0
2018-04-05,6000A,MELILLA,52,MELILLA,351635N,025723W,52.0,19.3,11.4,15.4,2.8,10.0,3.1,8.3,10.1,1013.5,1006.6,71.0,88.0,51.0
2018-04-06,6000A,MELILLA,52,MELILLA,351635N,025723W,52.0,20.3,15.1,17.7,0.0,28.0,3.1,11.7,5.9,1006.6,1001.2,81.0,91.0,66.0
2018-04-07,6000A,MELILLA,52,MELILLA,351635N,025723W,52.0,17.3,12.1,14.7,5.8,27.0,2.5,15.0,3.6,1005.6,1001.0,76.0,85.0,54.0
2018-04-08,6000A,MELILLA,52,MELILLA,351635N,025723W,52.0,17.7,10.7,14.2,2.4,26.0,3.9,16.4,10.5,1008.3,1003.9,72.0,92.0,58.0
2018-04-09,6000A,MELILLA,52,MELILLA,351635N,025723W,52.0,15.8,10.7,13.2,0.6,26.0,2.8,9.7,1.3,1009.3,1005.8,74.0,89.0,56.0
2018-04-10,6000A,MELILLA,52,MELILLA,351635N,025723W,52.0,20.7,9.9,15.3,28.2,23.0,3.1,16.1,9.8,1008.8,995.5,53.0,94.0,34.0
2018-04-11,6000A,MELILLA,52,MELILLA,351635N,025723W,52.0,16.9,11.5,14.2,0.2,28.0,6.1,17.8,8.1,1004.9,997.3,60.0,93.0,52.0
2018-04-12,6000A,MELILLA,52,MELILLA,351635N,025723W,52.0,18.7,11.3,15.0,2.6,33.0,3.3,12.2,6.2,1005.2,998.6,67.0,91.0,48.0
2018-04-13,6000A,MELILLA,52,MELILLA,351635N,025723W,52.0,18.3,11.4,14.8,0.2,8.0,3.1,8.9,7.7,1006.2,1000.5,68.0,91.0,49.0
2018-04-14,6000A,MELILLA,52,MELILLA,351635N,025723W,52.0,19.1,12.1,15.6,0.0,26.0,3.9,15.3,11.5,1013.2,1005.3,68.0,89.0,54.0
2018-04-15,6000A,MELILLA,52,MELILLA,351635N,025723W,52.0,19.4,13.5,16.4,0.0,25.0,5.0,12.5,11.9,1015.1,1012.0,65.0,85.0,52.0
2018-04-16,6000A,MELILLA,52,MELILLA,351635N,025723W,52.0,20.5,14.8,17.6,0.0,27.0,5.3,13.6,11.3,1015.4,1012.1,60.0,82.0,42.0
2018-04-17,6000A,MELILLA,52,MELILLA,351635N,025723W,52.0,19.6,12.7,16.2,0.0,7.0,2.5,6.4,12.2,1017.7,1015.0,64.0,88.0,49.0
2018-04-18,6000A,MELILLA,52,MELILLA,351635N,025723W,52.0,18.0,13.3,15.6,0.0,7.0,3.9,7.2,3.3,1017.3,1015.6,82.0,95.0,73.0
2018-04-19,6000A,MELILLA,52,MELILLA,351635N,025723W,52.0,19.4,14.1,16.8,0.0,8.0,5.0,10.3,,1016.1,1011.8,78.0,,
2018-04-20,6000A,MELILLA,52,MELILLA,351635N,025723W,52.0,17.0,14.6,15.8,0.2,8.0,6.7,13.3,0.0,1013.3,1009.0,89.0,93.0,81.0
2018-04-21,6000A,MELILLA,52,MELILLA,351635N,025723W,52.0,18.1,14.0,16.0,0.2,8.0,5.6,8.9,0.0,1010.5,1006.7,95.0,99.0,90.0
2018-04-22,6000A,MELILLA,52,MELILLA,351635N,025723W,52.0,18.0,16.0,17.0,,1.0,3.6,7.8,0.0,1008.1,1004.6,92.0,99.0,84.0
2018-04-23,6000A,MELILLA,52,MELILLA,351635N,025723W,52.0,17.6,16.2,16.9,,2.0,2.8,11.4,0.0,1008.3,1003.9,89.0,92.0,83.0
2018-04-24,6000A,MELILLA,52,MELILLA,351635N,025723W,52.0,20.8,16.1,18.4,17.6,25.0,2.2,8.1,3.8,1008.5,1004.7,81.0,92.0,69.0
2018-04-25,6000A,MELILLA,52,MELILLA,351635N,025723W,52.0,17.2,14.4,15.8,41.2,35.0,2.8,10.0,0.0,1010.6,1006.9,96.0,100.0,89.0
2018-04-26,6000A,MELILLA,52,MELILLA,351635N,025723W,52.0,17.3,14.6,16.0,9.4,2.0,2.2,8.9,0.0,1013.0,1008.1,89.0,100.0,81.0
2018-04-27,6000A,MELILLA,52,MELILLA,351635N,025723W,52.0,24.8,12.9,18.8,0.0,24.0,1.7,7.5,12.1,1011.9,1006.8,67.0,94.0,47.0
2018-04-28,6000A,MELILLA,52,MELILLA,351635N,025723W,52.0,21.2,15.4,18.3,0.0,26.0,4.4,11.1,11.3,1007.9,1005.4,65.0,83.0,47.0
2018-04-29,6000A,MELILLA,52,MELILLA,351635N,025723W,52.0,18.7,13.7,16.2,0.0,32.0,2.8,12.2,9.7,1012.5,1006.6,66.0,83.0,51.0
2018-04-30,6000A,MELILLA,52,MELILLA,351635N,025723W,52.0,19.1,13.8,16.4,,25.0,3.9,11.1,9.8,1011.5,1008.1,58.0,79.0,44.0
2018-05-01,6000A,MELILLA,52,MELILLA,351635N,025723W,52.0,19.0,12.2,15.6,0.6,30.0,3.9,15.0,7.5,1010.9,1007.0,64.0,83.0,51.0
2018-05-02,6000A,MELILLA,52,MELILLA,351635N,025723W,52.0,19.7,12.7,16.2,0.0,26.0,3.3,10.8,12.0,1011.5,1009.4,52.0,75.0,44.0
2018-05-03,6000A,MELILLA,52,MELILLA,351635N,025723W,52.0,22.3,14.6,18.4,0.0,24.0,3.1,8.9,12.7,1009.8,1005.1,41.0,73.0,32.0
2018-05-04,6000A,MELILLA,52,MELILLA,351635N,025723W,52.0,22.3,14.3,18.3,0.0,36.0,3.1,8.9,11.1,1008.9,1003.8,57.0,88.0,37.0
2018-05-05,6000A,MELILLA,52,MELILLA,351635N,025723W,52.0,20.3,13.3,16.8,0.0,4.0,2.5,6.1,9.5,1010.1,1007.3,79.0,93.0,65.0
2018-05-06,6000A,MELILLA,52,MELILLA,351635N,025723W,52.0,19.6,15.6,17.6,0.2,99.0,4.4,8.9,4.0,1010.0,1006.7,81.0,90.0,70.0
2018-05-07,6000A,MELILLA,52,MELILLA,351635N,025723W,52.0,20.3,15.1,17.7,,6.0,3.3,7.8,5.4,1009.5,1007.1,83.0,94.0,71.0
2018-05-08,6000A,MELILLA,52,MELILLA,351635N,025723W,52.0,24.1,13.2,18.6,0.0,24.0,2.8,9.4,12.3,1008.3,1004.5,61.0,91.0,45.0
2018-05-09,6000A,MELILLA,52,MELILLA,351635N,025723W,52.0,24.4,17.3,20.8,0.0,26.0,4.4,14.4,9.4,1007.5,1004.1,70.0,86.0,51.0
2018-05-10,6000A,MELILLA,52,MELILLA,351635N,025723W,52.0,22.2,15.9,19.0,0.0,26.0,3.1,9.7,10.0,1011.7,1006.8,65.0,87.0,53.0
2018-05-11,6000A,MELILLA,52,MELILLA,351635N,025723W,52.0,22.4,14.6,18.5,,2.0,3.3,7.5,11.0,1012.9,1010.6,72.0,87.0,64.0
2018-05-12,6000A,MELILLA,52,MELILLA,351635N,025723W,52.0,22.3,15.6,19.0,0.0,26.0,5.0,14.7,6.9,1012.3,1009.1,69.0,93.0,53.0
2018-05-13,6000A,MELILLA,52,MELILLA,351635N,025723W,52.0,21.8,15.6,18.7,0.0,26.0,3.9,13.6,12.5,1013.7,1011.1,47.0,71.0,32.0
2018-05-14,6000A,MELILLA,52,MELILLA,351635N,025723W,52.0,20.8,13.2,17.0,0.0,36.0,2.2,6.4,12.7,1013.1,1008.9,65.0,86.0,48.0
2018-05-15,6000A,MELILLA,52,MELILLA,351635N,025723W,52.0,21.3,13.3,17.3,0.0,7.0,3.6,7.8,12.7,1010.0,1007.8,74.0,94.0,60.0
2018-05-16,6000A,MELILLA,52,MELILLA,351635N,025723W,52.0,20.5,15.6,18.0,,8.0,6.4,11.4,6.3,1008.7,1004.8,75.0,92.0,67.0
2018-05-17,6000A,MELILLA,52,MELILLA,351635N,025723W,52.0,20.0,16.5,18.2,0.0,5.0,4.4,10.6,0.4,1009.6,1004.3,92.0,95.0,85.0
2018-05-18,6000A,MELILLA,52,MELILLA,351635N,025723W,52.0,20.6,16.2,18.4,0.0,10.0,4.2,7.2,11.8,1010.4,1008.3,75.0,88.0,67.0
2018-05-19,6000A,MELILLA,52,MELILLA,351635N,025723W,52.0,21.2,16.1,18.6,0.0,6.0,3.6,6.7,11.5,1010.3,1008.5,72.0,88.0,60.0
2018-05-20,6000A,MELILLA,52,MELILLA,351635N,025723W,52.0,21.8,14.0,17.9,0.0,8.0,2.8,7.5,12.5,1009.5,1006.0,69.0,92.0,55.0
2018-05-21,6000A,MELILLA,52,MELILLA,351635N,025723W,52.0,21.8,14.5,18.2,0.0,11.0,2.8,6.1,12.4,1008.2,1005.6,70.0,88.0,51.0
2018-05-22,6000A,MELILLA,52,MELILLA,351635N,025723W,52.0,22.7,15.8,19.2,0.0,4.0,2.2,5.8,12.7,1009.4,1007.0,71.0,91.0,57.0
2018-05-23,6000A,MELILLA,52,MELILLA,351635N,025723W,52.0,23.0,16.8,19.9,,6.0,2.8,6.9,9.9,1009.3,1006.4,79.0,94.0,69.0
2018-05-24,6000A,MELILLA,52,MELILLA,351635N,025723W,52.0,24.5,18.1,21.3,0.0,25.0,2.2,11.9,7.2,1007.7,1005.1,75.0,89.0,63.0
2018-05-25,6000A,MELILLA,52,MELILLA,351635N,025723W,52.0,22.5,17.4,20.0,0.0,34.0,2.8,7.5,6.1,1008.4,1006.7,65.0,85.0,49.0
2018-05-26,6000A,MELILLA,52,MELILLA,351635N,025723W,52.0,23.4,15.6,19.5,3.0,99.0,2.5,6.4,11.9,1008.0,1005.3,62.0,77.0,48.0
2018-05-27,6000A,MELILLA,52,MELILLA,351635N,025723W,52.0,24.1,17.1,20.6,0.0,25.0,3.9,13.9,11.4,1010.7,1004.9,66.0,89.0,57.0
2018-05-28,6000A,MELILLA,52,MELILLA,351635N,025723W,52.0,23.6,17.3,20.4,0.0,27.0,3.9,11.1,12.9,1010.3,1007.4,64.0,87.0,46.0
2018-05-29,6000A,MELILLA,52,MELILLA,351635N,025723W,52.0,23.8,16.7,20.2,0.0,26.0,3.6,10.8,12.4,1010.5,1008.3,58.0,83.0,41.0
2018-05-30,6000A,MELILLA,52,MELILLA,351635N,025723W,52.0,23.6,16.4,20.0,0.0,26.0,3.9,10.3,12.8,1011.4,1008.7,59.0,82.0,49.0
2018-05-31,6000A,MELILLA,52,MELILLA,351635N,025723W,52.0,24.7,17.0,20.8,0.0,25.0,2.8,8.6,13.2,1012.7,1010.4,56.0,85.0,44.0
2018-06-01,6000A,MELILLA,52,MELILLA,351635N,025723W,52.0,24.1,16.8,20.4,0.0,5.0,2.5,6.4,9.8,1012.2,1009.9,72.0,88.0,50.0
2018-06-02,6000A,MELILLA,52,MELILLA,351635N,025723W,52.0,22.0,17.3,19.6,0.0,99.0,2.5,7.5,3.3,1012.6,1010.0,66.0,83.0,53.0
2018-06-03,6000A,MELILLA,52,MELILLA,351635N,025723W,52.0,26.3,15.0,20.6,0.0,26.0,2.8,10.8,13.3,1012.3,1009.0,46.0,77.0,33.0
2018-06-04,6000A,MELILLA,52,MELILLA,351635N,025723W,52.0,23.5,17.9,20.7,0.0,26.0,5.6,15.0,12.3,1010.8,1007.6,62.0,82.0,46.0
2018-06-05,6000A,MELILLA,52,MELILLA,351635N,025723W,52.0,22.7,17.9,20.3,0.0,26.0,4.7,16.1,5.9,1009.7,1007.1,62.0,73.0,52.0
2018-06-06,6000A,MELILLA,52,MELILLA,351635N,025723W,52.0,23.5,16.9,20.2,0.0,26.0,3.9,14.2,13.0,1012.7,1008.2,61.0,78.0,41.0
2018-06-07,6000A,MELILLA,52,MELILLA,351635N,025723W,52.0,24.9,17.2,21.0,0.0,26.0,2.5,12.2,13.3,1013.0,1010.5,54.0,82.0,45.0
2018-06-08,6000A,MELILLA,52,MELILLA,351635N,025723W,52.0,23.4,15.5,19.4,0.0,26.0,3.3,8.9,13.3,1010.8,1007.0,63.0,81.0,56.0
2018-06-09,6000A,MELILLA,52,MELILLA,351635N,025723W,52.0,23.3,18.2,20.8,0.0,25.0,3.9,11.1,9.1,1008.8,1007.0,60.0,83.0,43.0
2018-06-10,6000A,MELILLA,52,MELILLA,351635N,025723W,52.0,23.2,17.6,20.4,0.0,26.0,3.6,13.9,12.7,1008.5,1006.8,57.0,72.0,50.0
2018-06-11,6000A,MELILLA,52,MELILLA,351635N,025723W,52.0,23.9,17.0,20.4,0.0,27.0,4.7,13.9,13.3,1009.5,1007.2,54.0,79.0,48.0
2018-06-12,6000A,MELILLA,52,MELILLA,351635N,025723W,52.0,25.5,18.5,22.0,0.0,26.0,4.4,12.8,13.3,1011.2,1008.9,51.0,65.0,41.0
2018-06-13,6000A,MELILLA,52,MELILLA,351635N,025723W,52.0,27.2,19.0,23.1,0.0,26.0,3.3,10.3,13.3,1011.1,1008.2,47.0,72.0,36.0
2018-06-14,6000A,MELILLA,52,MELILLA,351635N,025723W,52.0,29.4,18.9,24.2,0.0,26.0,3.1,9.4,13.2,1008.8,1006.0,39.0,82.0,33.0
2018-06-15,6000A,MELILLA,52,MELILLA,351635N,025723W,52.0,25.5,18.6,22.0,0.0,9.0,1.9,5.3,13.2,1009.0,1006.8,68.0,86.0,53.0
2018-06-16,6000A,MELILLA,52,MELILLA,351635N,025723W,52.0,25.5,18.8,22.2,0.0,3.0,1.9,6.1,11.8,1009.6,1006.7,73.0,95.0,56.0
2018-06-17,6000A,MELILLA,52,MELILLA,351635N,025723W,52.0,25.2,18.1,21.6,0.0,6.0,2.5,7.5,9.4,1013.0,1009.4,77.0,96.0,68.0
2018-06-18,6000A,MELILLA,52,MELILLA,351635N,025723W,52.0,24.7,20.0,22.4,0.0,8.0,3.3,7.5,5.7,1012.8,1010.2,77.0,92.0,71.0
2018-06-19,6000A,MELILLA,52,MELILLA,351635N,025723W,52.0,24.9,19.6,22.2,0.0,10.0,4.7,8.9,9.3,1014.0,1011.9,76.0,92.0,67.0
2018-06-20,6000A,MELILLA,52,MELILLA,351635N,025723W,52.0,24.8,20.5,22.6,0.0,7.0,3.9,7.5,4.3,1012.0,1008.9,75.0,90.0,67.0
2018-06-21,6000A,MELILLA,52,MELILLA,351635N,025723W,52.0,25.1,20.5,22.8,0.0,4.0,3.6,8.6,7.2,1011.0,1009.0,81.0,90.0,73.0
2018-06-22,6000A,MELILLA,52,MELILLA,351635N,025723W,52.0,25.8,19.4,22.6,0.0,3.0,3.1,7.5,10.7,1010.5,1008.1,74.0,91.0,64.0
2018-06-23,6000A,MELILLA,52,MELILLA,351635N,025723W,52.0,25.4,20.0,22.7,0.0,5.0,2.8,7.5,5.4,1010.0,1007.0,80.0,90.0,68.0
2018-06-24,6000A,MELILLA,52,MELILLA,351635N,025723W,52.0,24.6,20.4,22.5,0.0,2.0,3.3,6.9,0.3,1009.7,1006.3,80.0,90.0,76.0
2018-06-25,6000A,MELILLA,52,MELILLA,351635N,025723W,52.0,27.4,20.4,23.9,0.0,28.0,2.5,8.6,8.4,1011.5,1009.0,71.0,87.0,55.0
2018-06-26,6000A,MELILLA,52,MELILLA,351635N,025723W,52.0,27.5,20.0,23.8,0.0,26.0,2.5,6.7,11.8,1011.9,1009.9,71.0,89.0,57.0
2018-06-27,6000A,MELILLA,52,MELILLA,351635N,025723W,52.0,28.8,20.6,24.7,0.0,6.0,2.2,6.7,12.6,1011.9,1007.5,63.0,85.0,49.0
2018-06-28,6000A,MELILLA,52,MELILLA,351635N,025723W,52.0,29.3,23.2,26.2,0.0,26.0,4.2,11.1,12.6,1008.3,1002.7,45.0,67.0,31.0
2018-06-29,6000A,MELILLA,52,MELILLA,351635N,025723W,52.0,29.4,21.1,25.2,0.0,26.0,2.5,8.9,12.8,1004.1,1000.5,49.0,76.0,32.0
2018-06-30,6000A,MELILLA,52,MELILLA,351635N,025723W,52.0,27.8,19.2,23.5,0.0,27.0,3.6,11.9,11.1,1006.0,1001.9,68.0,86.0,54.0
2018-07-01,6000A,MELILLA,52,MELILLA,351635N,025723W,52.0,26.4,20.9,23.6,0.0,26.0,3.9,11.7,12.9,1009.0,1005.2,59.0,80.0,45.0
2018-07-02,6000A,MELILLA,52,MELILLA,351635N,025723W,52.0,26.7,19.9,23.3,0.0,26.0,4.4,10.6,12.9,1010.8,1008.0,57.0,81.0,40.0
2018-07-03,6000A,MELILLA,52,MELILLA,351635N,025723W,52.0,29.0,22.1,25.6,0.0,26.0,2.5,9.2,8.7,1010.3,1008.2,42.0,58.0,28.0
2018-07-04,6000A,MELILLA,52,MELILLA,351635N,025723W,52.0,26.3,22.0,24.2,0.0,26.0,5.6,14.2,11.0,1013.2,1009.0,50.0,68.0,35.0
2018-07-05,6000A,MELILLA,52,MELILLA,351635N,025723W,52.0,30.2,22.1,26.2,0.0,27.0,4.2,11.7,12.6,1014.0,1011.2,38.0,63.0,30.0
2018-07-06,6000A,MELILLA,52,MELILLA,351635N,025723W,52.0,29.1,21.4,25.2,0.0,10.0,1.9,8.1,12.0,1013.0,1010.4,52.0,79.0,38.0
2018-07-07,6000A,MELILLA,52,MELILLA,351635N,025723W,52.0,25.8,22.4,24.1,,4.0,3.3,8.6,3.0,1011.7,1008.5,84.0,91.0,65.0
2018-07-08,6000A,MELILLA,52,MELILLA,351635N,025723W,52.0,27.9,22.1,25.0,0.0,6.0,3.3,6.7,11.3,1012.8,1009.4,73.0,92.0,60.0
2018-07-09,6000A,MELILLA,52,MELILLA,351635N,025723W,52.0,27.6,21.6,24.6,0.0,99.0,2.8,5.8,12.8,1012.7,1009.9,75.0,93.0,66.0
2018-07-10,6000A,MELILLA,52,MELILLA,351635N,025723W,52.0,32.1,20.4,26.2,0.0,26.0,2.2,8.6,12.4,1011.3,1008.7,56.0,94.0,33.0
2018-07-11,6000A,MELILLA,52,MELILLA,351635N,025723W,52.0,32.4,24.0,28.2,0.0,99.0,3.1,9.4,12.6,1009.0,1006.1,35.0,77.0,22.0
2018-07-12,6000A,MELILLA,52,MELILLA,351635N,025723W,52.0,28.0,21.6,24.8,0.0,25.0,3.3,11.7,12.4,1009.9,1006.7,58.0,79.0,29.0
2018-07-13,6000A,MELILLA,52,MELILLA,351635N,025723W,52.0,26.9,20.3,23.6,0.0,29.0,2.8,7.8,12.3,1011.4,1008.6,67.0,83.0,54.0
2018-07-14,6000A,MELILLA,52,MELILLA,351635N,025723W,52.0,27.8,19.6,23.7,0.0,23.0,2.5,10.3,12.0,1012.5,1010.3,62.0,75.0,55.0
2018-07-15,6000A,MELILLA,52,MELILLA,351635N,025723W,52.0,26.1,20.6,23.4,0.0,26.0,6.7,14.7,10.1,1013.1,1009.9,63.0,78.0,49.0
2018-07-16,6000A,MELILLA,52,MELILLA,351635N,025723W,52.0,27.9,20.9,24.4,0.0,26.0,3.9,11.4,12.2,1013.7,1009.6,44.0,75.0,36.0
2018-07-17,6000A,MELILLA,52,MELILLA,351635N,025723W,52.0,28.3,19.4,23.8,0.0,99.0,2.8,7.5,11.7,1010.2,1007.0,57.0,80.0,33.0
2018-07-18,6000A,MELILLA,52,MELILLA,351635N,025723W,52.0,28.3,20.5,24.4,0.0,28.0,2.5,6.9,11.5,1009.4,1006.7,71.0,90.0,56.0
2018-07-19,6000A,MELILLA,52,MELILLA,351635N,025723W,52.0,30.0,23.0,26.5,,31.0,3.3,8.6,7.8,1010.1,1007.5,68.0,82.0,37.0
2018-07-20,6000A,MELILLA,52,MELILLA,351635N,025723W,52.0,32.5,24.6,28.6,0.0,25.0,5.0,12.5,7.8,1008.5,1005.8,26.0,83.0,19.0
2018-07-21,6000A,MELILLA,52,MELILLA,351635N,025723W,52.0,33.8,25.5,29.6,,26.0,3.9,10.0,9.9,1008.3,1005.5,30.0,65.0,24.0
2018-07-22,6000A,MELILLA,52,MELILLA,351635N,025723W,52.0,29.9,22.9,26.4,0.0,25.0,2.5,9.2,9.3,1009.5,1004.1,30.0,63.0,23.0
2018-07-23,6000A,MELILLA,52,MELILLA,351635N,025723W,52.0,28.0,22.5,25.2,0.0,5.0,3.1,6.4,10.0,1009.8,1008.2,77.0,91.0,53.0
2018-07-24,6000A,MELILLA,52,MELILLA,351635N,025723W,52.0,31.0,21.8,26.4,0.0,31.0,2.5,7.8,12.2,1009.4,1006.5,65.0,91.0,34.0
2018-07-25,6000A,MELILLA,52,MELILLA,351635N,025723W,52.0,32.5,24.2,28.4,0.0,26.0,2.8,10.3,12.1,1008.4,1005.8,29.0,73.0,17.0
2018-07-26,6000A,MELILLA,52,MELILLA,351635N,025723W,52.0,30.1,21.8,26.0,0.0,99.0,2.5,10.0,12.3,1007.8,1005.5,35.0,57.0,29.0
2018-07-27,6000A,MELILLA,52,MELILLA,351635N,025723W,52.0,29.1,20.5,24.8,0.0,6.0,2.2,5.8,11.8,1007.4,1005.4,55.0,76.0,34.0
2018-07-28,6000A,MELILLA,52,MELILLA,351635N,025723W,52.0,33.6,22.9,28.2,0.0,24.0,4.7,11.4,11.9,1009.1,1006.2,26.0,57.0,23.0
2018-07-29,6000A,MELILLA,52,MELILLA,351635N,025723W,52.0,31.7,24.9,28.3,0.0,28.0,5.0,12.8,11.9,1010.4,1008.2,33.0,53.0,23.0
2018-07-30,6000A,MELILLA,52,MELILLA,351635N,025723W,52.0,31.3,22.6,27.0,0.0,26.0,3.6,13.1,12.6,1010.3,1007.6,32.0,64.0,24.0
2018-07-31,6000A,MELILLA,52,MELILLA,351635N,025723W,52.0,30.0,22.3,26.2,0.0,26.0,2.5,6.7,12.0,1009.0,1006.6,51.0,84.0,33.0
2018-08-01,6000A,MELILLA,52,MELILLA,351635N,025723W,52.0,28.0,22.0,25.0,0.0,9.0,3.6,8.3,6.9,1009.1,1006.7,77.0,89.0,67.0
2018-08-02,6000A,MELILLA,52,MELILLA,351635N,025723W,52.0,28.7,23.6,26.2,0.0,8.0,3.9,7.2,8.7,1011.6,1008.2,74.0,92.0,62.0
2018-08-03,6000A,MELILLA,52,MELILLA,351635N,025723W,52.0,29.9,23.2,26.6,0.0,7.0,3.1,6.4,12.1,1011.3,1008.6,73.0,91.0,60.0
2018-08-04,6000A,MELILLA,52,MELILLA,351635N,025723W,52.0,28.9,23.6,26.2,0.0,8.0,3.1,6.4,9.7,1010.5,1008.6,78.0,92.0,69.0
2018-08-05,6000A,MELILLA,52,MELILLA,351635N,025723W,52.0,29.7,23.7,26.7,0.0,8.0,2.8,6.1,12.2,1010.1,1008.0,74.0,92.0,62.0
2018-08-06,6000A,MELILLA,52,MELILLA,351635N,025723W,52.0,30.7,23.7,27.2,0.0,9.0,1.9,5.3,10.5,1009.4,1006.2,72.0,94.0,51.0
2018-08-07,6000A,MELILLA,52,MELILLA,351635N,025723W,52.0,31.9,22.9,27.4,0.0,8.0,1.7,5.3,12.1,1006.4,1003.3,67.0,84.0,44.0
2018-08-08,6000A,MELILLA,52,MELILLA,351635N,025723W,52.0,29.8,24.1,27.0,0.6,24.0,2.8,7.2,4.5,1007.7,1004.6,82.0,93.0,69.0
2018-08-09,6000A,MELILLA,52,MELILLA,351635N,025723W,52.0,31.5,23.8,27.6,0.0,99.0,3.3,8.6,11.7,1010.6,1006.9,52.0,91.0,29.0
2018-08-10,6000A,MELILLA,52,MELILLA,351635N,025723W,52.0,29.5,22.9,26.2,0.0,99.0,3.1,7.2,11.5,1013.5,1009.2,59.0,89.0,43.0
2018-08-11,6000A,MELILLA,52,MELILLA,351635N,025723W,52.0,29.9,25.1,27.5,0.0,8.0,3.3,6.9,6.0,1013.2,1009.6,81.0,93.0,73.0
2018-08-12,6000A,MELILLA,52,MELILLA,351635N,025723W,52.0,30.3,24.5,27.4,0.0,36.0,3.3,7.8,7.4,1010.4,1007.4,82.0,91.0,68.0
2018-08-13,6000A,MELILLA,52,MELILLA,351635N,025723W,52.0,33.1,23.4,28.2,0.0,26.0,1.9,8.3,10.9,1009.3,1005.9,59.0,94.0,28.0
2018-08-14,6000A,MELILLA,52,MELILLA,351635N,025723W,52.0,34.1,24.6,29.4,0.0,25.0,2.5,8.3,12.2,1009.9,1007.4,36.0,52.0,22.0
2018-08-15,6000A,MELILLA,52,MELILLA,351635N,025723W,52.0,31.4,21.3,26.4,0.0,27.0,2.8,7.8,12.3,1010.3,1008.4,47.0,82.0,37.0
2018-08-16,6000A,MELILLA,52,MELILLA,351635N,025723W,52.0,28.2,22.7,25.4,0.0,26.0,2.8,8.6,10.7,1010.4,1008.2,73.0,91.0,61.0
2018-08-17,6000A,MELILLA,52,MELILLA,351635N,025723W,52.0,28.5,22.6,25.6,0.0,4.0,3.3,7.8,9.6,1010.5,1007.8,75.0,88.0,63.0
2018-08-18,6000A,MELILLA,52,MELILLA,351635N,025723W,52.0,28.6,24.0,26.3,0.0,5.0,4.2,10.6,10.3,1011.0,1008.2,76.0,88.0,69.0
2018-08-19,6000A,MELILLA,52,MELILLA,351635N,025723W,52.0,28.0,24.1,26.0,0.0,8.0,5.3,10.0,5.0,1011.6,1009.5,77.0,87.0,71.0
2018-08-20,6000A,MELILLA,52,MELILLA,351635N,025723W,52.0,27.9,23.7,25.8,0.0,6.0,5.0,10.0,8.5,1011.5,1008.9,76.0,86.0,69.0
2018-08-21,6000A,MELILLA,52,MELILLA,351635N,025723W,52.0,28.1,23.3,25.7,0.0,8.0,2.8,7.8,5.9,1010.1,1007.4,80.0,89.0,68.0
2018-08-22,6000A,MELILLA,52,MELILLA,351635N,025723W,52.0,28.9,22.9,25.9,0.0,8.0,3.1,6.7,10.4,1010.9,1008.2,79.0,90.0,66.0
2018-08-23,6000A,MELILLA,52,MELILLA,351635N,025723W,52.0,28.7,21.2,25.0,0.0,11.0,2.5,6.7,11.1,1011.4,1009.3,76.0,90.0,58.0
2018-08-24,6000A,MELILLA,52,MELILLA,351635N,025723W,52.0,30.8,21.0,25.9,0.0,8.0,2.2,5.6,11.9,1011.1,1008.5,62.0,86.0,38.0
2018-08-25,6000A,MELILLA,52,MELILLA,351635N,025723W,52.0,32.2,22.1,27.2,0.0,4.0,1.7,5.0,12.0,1008.7,1004.3,42.0,82.0,30.0
2018-08-26,6000A,MELILLA,52,MELILLA,351635N,025723W,52.0,29.2,22.3,25.8,0.0,8.0,2.5,6.7,11.1,1008.3,1005.2,76.0,94.0,62.0
2018-08-27,6000A,MELILLA,52,MELILLA,351635N,025723W,52.0,28.1,23.8,26.0,0.2,26.0,3.6,11.1,3.7,1011.8,1006.2,78.0,94.0,71.0
2018-08-28,6000A,MELILLA,52,MELILLA,351635N,025723W,52.0,28.9,23.8,26.4,0.0,12.0,2.8,7.2,7.8,1009.5,1007.3,82.0,94.0,73.0
2018-08-29,6000A,MELILLA,52,MELILLA,351635N,025723W,52.0,30.4,23.6,27.0,,24.0,3.3,10.0,9.9,1010.7,1008.6,75.0,89.0,48.0
2018-08-30,6000A,MELILLA,52,MELILLA,351635N,025723W,52.0,29.5,21.1,25.3,0.0,6.0,3.1,7.5,8.6,1011.5,1008.5,75.0,87.0,44.0
2018-08-31,6000A,MELILLA,52,MELILLA,351635N,025723W,52.0,28.3,24.2,26.2,0.0,8.0,4.7,8.9,2.2,1010.5,1007.6,82.0,90.0,76.0
2018-09-01,6000A,MELILLA,52,MELILLA,351635N,025723W,52.0,28.5,24.0,26.2,0.0,7.0,4.2,8.3,3.3,1010.8,1008.4,82.0,93.0,73.0
2018-09-02,6000A,MELILLA,52,MELILLA,351635N,025723W,52.0,28.5,24.0,26.2,0.0,17.0,2.2,10.0,2.2,1010.1,1006.1,84.0,95.0,74.0
2018-09-03,6000A,MELILLA,52,MELILLA,351635N,025723W,52.0,29.8,23.6,26.7,0.0,32.0,2.8,8.1,10.3,1007.4,1005.1,76.0,92.0,62.0
2018-09-04,6000A,MELILLA,52,MELILLA,351635N,025723W,52.0,27.9,22.2,25.0,0.0,30.0,2.2,8.3,5.6,1008.3,1005.6,76.0,89.0,58.0
2018-09-05,6000A,MELILLA,52,MELILLA,351635N,025723W,52.0,27.9,22.2,25.0,0.0,99.0,3.1,9.2,11.5,1010.4,1007.2,62.0,83.0,47.0
2018-09-06,6000A,MELILLA,52,MELILLA,351635N,025723W,52.0,28.5,21.7,25.1,0.0,26.0,3.3,9.2,10.1,1008.6,1006.4,56.0,84.0,35.0
2018-09-07,6000A,MELILLA,52,MELILLA,351635N,025723W,52.0,28.3,22.2,25.2,0.0,13.0,3.6,7.2,11.5,1008.1,1005.4,65.0,81.0,50.0
2018-09-08,6000A,MELILLA,52,MELILLA,351635N,025723W,52.0,25.2,22.9,24.0,13.4,6.0,5.6,13.3,0.1,1011.0,1006.6,87.0,97.0,81.0
2018-09-09,6000A,MELILLA,52,MELILLA,351635N,025723W,52.0,23.6,21.3,22.4,0.4,26.0,3.3,8.1,0.0,1013.2,1009.7,94.0,97.0,86.0
2018-09-10,6000A,MELILLA,52,MELILLA,351635N,025723W,52.0,25.5,20.6,23.0,0.6,1.0,2.5,7.2,0.3,1013.6,1011.7,88.0,94.0,82.0
2018-09-11,6000A,MELILLA,52,MELILLA,351635N,025723W,52.0,26.0,23.6,24.8,0.2,6.0,3.6,8.6,0.0,1014.2,1011.7,94.0,97.0,87.0
2018-09-12,6000A,MELILLA,52,MELILLA,351635N,025723W,52.0,27.5,22.9,25.2,0.8,26.0,2.2,11.7,1.6,1014.7,1012.2,90.0,98.0,75.0
2018-09-13,6000A,MELILLA,52,MELILLA,351635N,025723W,52.0,27.4,21.6,24.5,0.0,3.0,1.4,5.8,5.9,1013.7,1011.0,,99.0,69.0
2018-09-14,6000A,MELILLA,52,MELILLA,351635N,025723W,52.0,26.8,21.7,24.2,2.0,4.0,2.2,5.8,3.9,1012.2,1009.5,83.0,93.0,71.0
2018-09-15,6000A,MELILLA,52,MELILLA,351635N,025723W,52.0,26.5,21.3,23.9,1.4,99.0,2.5,5.8,8.2,1014.0,1009.4,80.0,93.0,69.0
2018-09-16,6000A,MELILLA,52,MELILLA,351635N,025723W,52.0,26.7,23.2,25.0,0.8,5.0,2.5,8.1,2.0,1013.4,1010.4,88.0,97.0,80.0
2018-09-17,6000A,MELILLA,52,MELILLA,351635N,025723W,52.0,27.1,23.1,25.1,0.2,10.0,2.5,6.1,8.5,1010.8,1006.8,87.0,98.0,77.0
2018-09-18,6000A,MELILLA,52,MELILLA,351635N,025723W,52.0,27.7,22.5,25.1,0.0,4.0,2.2,5.8,6.4,1011.8,1007.7,83.0,97.0,71.0
2018-09-19,6000A,MELILLA,52,MELILLA,351635N,025723W,52.0,27.0,23.2,25.1,0.0,7.0,3.1,6.9,9.4,1014.2,1010.7,85.0,95.0,76.0
2018-09-20,6000A,MELILLA,52,MELILLA,351635N,025723W,52.0,27.2,23.1,25.2,0.0,11.0,3.3,6.4,9.7,1014.2,1011.2,83.0,93.0,72.0
2018-09-21,6000A,MELILLA,52,MELILLA,351635N,025723W,52.0,27.2,21.9,24.6,0.0,9.0,2.5,6.1,11.4,1013.5,1010.9,80.0,92.0,65.0
2018-09-22,6000A,MELILLA,52,MELILLA,351635N,025723W,52.0,26.8,19.7,23.2,0.0,5.0,2.5,7.2,9.7,1015.7,1012.9,84.0,94.0,73.0
2018-09-23,6000A,MELILLA,52,MELILLA,351635N,025723W,52.0,27.8,20.9,24.4,0.0,5.0,1.9,5.8,10.1,1015.6,1012.9,83.0,96.0,64.0
2018-09-24,6000A,MELILLA,52,MELILLA,351635N,025723W,52.0,28.8,20.4,24.6,0.0,3.0,2.2,5.3,11.2,1014.3,1011.8,81.0,93.0,58.0
2018-09-25,6000A,MELILLA,52,MELILLA,351635N,025723W,52.0,27.7,21.2,24.4,0.0,7.0,3.9,9.2,,1016.1,1011.9,79.0,94.0,67.0
2018-09-26,6000A,MELILLA,52,MELILLA,351635N,025723W,52.0,27.1,23.7,25.4,,99.0,5.8,10.0,9.6,1018.7,1015.7,75.0,83.0,63.0
2018-09-27,6000A,MELILLA,52,MELILLA,351635N,025723W,52.0,26.0,22.7,24.4,0.0,8.0,6.1,11.7,4.3,1018.6,1015.3,74.0,83.0,67.0
2018-09-28,6000A,MELILLA,52,MELILLA,351635N,025723W,52.0,25.4,21.2,23.3,0.0,11.0,3.9,8.3,9.7,1015.3,1010.9,72.0,80.0,61.0
2018-09-29,6000A,MELILLA,52,MELILLA,351635N,025723W,52.0,24.9,20.3,22.6,0.0,6.0,2.5,7.2,10.4,1011.4,1008.5,73.0,83.0,60.0
2018-09-30,6000A,MELILLA,52,MELILLA,351635N,025723W,52.0,24.7,19.7,22.2,0.0,6.0,2.2,6.4,10.1,1012.4,1009.8,75.0,85.0,64.0
2018-10-01,6000A,MELILLA,52,MELILLA,351635N,025723W,52.0,29.5,19.0,24.2,,22.0,1.7,7.5,5.8,1011.7,1009.3,64.0,83.0,41.0
2018-10-02,6000A,MELILLA,52,MELILLA,351635N,025723W,52.0,25.7,20.6,23.2,0.0,6.0,2.8,6.1,9.2,1014.9,1010.1,77.0,84.0,62.0
2018-10-03,6000A,MELILLA,52,MELILLA,351635N,025723W,52.0,24.8,18.1,21.4,0.0,13.0,3.1,7.5,10.4,1016.2,1013.8,68.0,84.0,55.0
2018-10-04,6000A,MELILLA,52,MELILLA,351635N,025723W,52.0,24.6,18.0,21.3,0.0,10.0,2.8,6.9,10.6,1014.4,1011.8,69.0,84.0,52.0
2018-10-05,6000A,MELILLA,52,MELILLA,351635N,025723W,52.0,24.6,19.7,22.2,0.0,8.0,2.5,7.2,10.6,1012.0,1009.2,74.0,86.0,60.0
2018-10-06,6000A,MELILLA,52,MELILLA,351635N,025723W,52.0,25.0,19.6,22.3,0.0,29.0,1.7,9.7,9.3,1011.4,1008.9,74.0,89.0,61.0
2018-10-07,6000A,MELILLA,52,MELILLA,351635N,025723W,52.0,32.2,18.9,25.6,0.0,26.0,3.3,9.7,9.5,1009.8,1006.7,40.0,86.0,15.0
2018-10-08,6000A,MELILLA,52,MELILLA,351635N,025723W,52.0,27.8,20.3,24.0,0.0,27.0,2.5,8.9,10.0,1008.3,1005.5,56.0,82.0,35.0
2018-10-09,6000A,MELILLA,52,MELILLA,351635N,025723W,52.0,24.9,17.9,21.4,45.2,7.0,4.7,16.9,5.6,1005.5,1001.4,,99.0,65.0
2018-10-10,6000A,MELILLA,52,MELILLA,351635N,025723W,52.0,26.2,18.9,22.6,0.2,32.0,1.4,7.2,8.5,1005.6,1000.3,76.0,98.0,53.0
2018-10-11,6000A,MELILLA,52,MELILLA,351635N,025723W,52.0,28.2,19.6,23.9,0.0,32.0,2.8,8.9,8.3,1014.2,1004.7,78.0,91.0,45.0
2018-10-12,6000A,MELILLA,52,MELILLA,351635N,025723W,52.0,25.3,18.4,21.8,0.0,10.0,2.5,6.4,10.2,1016.3,1013.5,74.0,88.0,55.0
2018-10-13,6000A,MELILLA,52,MELILLA,351635N,025723W,52.0,24.8,20.0,22.4,0.0,99.0,2.2,5.3,9.2,1013.9,1006.6,81.0,90.0,73.0
2018-10-14,6000A,MELILLA,52,MELILLA,351635N,025723W,52.0,28.9,18.8,23.8,0.0,25.0,3.6,14.7,4.8,1008.0,1004.2,74.0,91.0,47.0
2018-10-15,6000A,MELILLA,52,MELILLA,351635N,025723W,52.0,21.9,17.6,19.8,1.0,26.0,3.1,15.3,8.0,1009.0,1005.5,58.0,72.0,53.0
2018-10-16,6000A,MELILLA,52,MELILLA,351635N,025723W,52.0,21.2,16.6,18.9,2.6,99.0,2.8,10.0,3.1,1010.3,1005.2,83.0,89.0,69.0
2018-10-17,6000A,MELILLA,52,MELILLA,351635N,025723W,52.0,24.6,16.4,20.5,0.0,99.0,2.2,5.6,10.0,1010.7,1006.6,69.0,87.0,49.0
2018-10-18,6000A,MELILLA,52,MELILLA,351635N,025723W,52.0,24.9,14.5,19.7,2.4,25.0,2.2,18.6,1.1,1006.6,1000.7,78.0,89.0,45.0
2018-10-19,6000A,MELILLA,52,MELILLA,351635N,025723W,52.0,20.0,14.1,17.0,1.8,19.0,2.5,8.6,0.5,1007.1,1002.9,59.0,87.0,50.0
2018-10-20,6000A,MELILLA,52,MELILLA,351635N,025723W,52.0,23.9,17.8,20.8,0.0,12.0,3.1,7.5,9.0,1009.4,1005.9,73.0,91.0,54.0
2018-10-21,6000A,MELILLA,52,MELILLA,351635N,025723W,52.0,24.2,18.8,21.5,0.0,26.0,1.9,6.9,8.0,1012.3,1008.2,78.0,93.0,65.0
2018-10-22,6000A,MELILLA,52,MELILLA,351635N,025723W,52.0,24.8,18.1,21.4,0.0,5.0,2.8,6.4,7.9,1015.5,1011.9,80.0,91.0,60.0
2018-10-23,6000A,MELILLA,52,MELILLA,351635N,025723W,52.0,23.1,20.1,21.6,0.0,8.0,3.9,8.1,1.2,1018.4,1014.7,80.0,89.0,64.0
2018-10-24,6000A,MELILLA,52,MELILLA,351635N,025723W,52.0,23.0,16.2,19.6,0.0,99.0,1.9,6.4,9.9,1018.8,1014.5,67.0,84.0,50.0
2018-10-25,6000A,MELILLA,52,MELILLA,351635N,025723W,52.0,22.6,13.0,17.8,0.0,5.0,1.7,5.3,10.1,1014.5,1010.5,65.0,81.0,44.0
2018-10-26,6000A,MELILLA,52,MELILLA,351635N,025723W,52.0,23.0,15.3,19.2,8.2,24.0,1.7,11.4,5.8,1010.5,1005.1,76.0,87.0,63.0
2018-10-27,6000A,MELILLA,52,MELILLA,351635N,025723W,52.0,22.4,16.7,19.6,2.6,99.0,2.8,11.4,4.2,1005.8,996.3,79.0,92.0,58.0
2018-10-28,6000A,MELILLA,52,MELILLA,351635N,025723W,52.0,17.9,9.4,13.6,8.4,29.0,5.6,15.8,0.6,999.8,995.0,60.0,83.0,47.0
2018-10-29,6000A,MELILLA,52,MELILLA,351635N,025723W,52.0,18.5,12.0,15.2,0.0,27.0,5.0,16.1,7.5,1006.7,999.8,48.0,63.0,34.0
2018-10-30,6000A,MELILLA,52,MELILLA,351635N,025723W,52.0,18.4,11.6,15.0,15.8,19.0,4.2,17.5,0.0,1006.0,997.4,63.0,91.0,43.0
2018-10-31,6000A,MELILLA,52,MELILLA,351635N,025723W,52.0,18.4,11.2,14.8,4.8,20.0,1.9,12.5,3.7,1004.9,999.3,65.0,86.0,47.0
2018-11-01,6000A,MELILLA,52,MELILLA,351635N,025723W,52.0,17.9,14.9,16.4,0.2,99.0,3.1,15.3,4.8,1015.7,999.2,73.0,85.0,63.0
2018-11-02,6000A,MELILLA,52,MELILLA,351635N,025723W,52.0,19.7,14.5,17.1,0.0,26.0,5.0,15.0,8.4,1016.9,1014.0,68.0,82.0,56.0
2018-11-03,6000A,MELILLA,52,MELILLA,351635N,025723W,52.0,20.8,13.9,17.4,0.0,28.0,2.2,10.0,7.7,1015.4,1011.9,76.0,86.0,61.0
2018-11-04,6000A,MELILLA,52,MELILLA,351635N,025723W,52.0,20.7,12.4,16.6,0.0,24.0,1.7,6.4,9.2,1011.9,1004.6,73.0,84.0,59.0
2018-11-05,6000A,MELILLA,52,MELILLA,351635N,025723W,52.0,20.2,13.0,16.6,3.6,25.0,3.6,14.7,0.2,1009.3,1000.0,78.0,91.0,46.0
2018-11-06,6000A,MELILLA,52,MELILLA,351635N,025723W,52.0,19.6,12.3,16.0,0.0,22.0,2.8,7.8,9.0,1012.6,1009.1,60.0,84.0,46.0
2018-11-07,6000A,MELILLA,52,MELILLA,351635N,025723W,52.0,20.5,10.8,15.6,0.0,28.0,2.2,7.2,9.2,1013.8,1009.7,62.0,86.0,44.0
2018-11-08,6000A,MELILLA,52,MELILLA,351635N,025723W,52.0,21.7,12.0,16.8,3.0,24.0,1.7,8.3,8.9,1013.9,1010.3,68.0,84.0,55.0
2018-11-09,6000A,MELILLA,52,MELILLA,351635N,025723W,52.0,18.1,14.1,16.1,0.0,25.0,3.6,14.2,7.8,1016.9,1013.3,60.0,89.0,50.0
2018-11-10,6000A,MELILLA,52,MELILLA,351635N,025723W,52.0,19.8,14.2,17.0,0.0,24.0,3.6,8.9,8.9,1015.2,1011.9,64.0,71.0,52.0
2018-11-11,6000A,MELILLA,52,MELILLA,351635N,025723W,52.0,19.9,13.0,16.4,0.0,24.0,2.2,7.2,9.2,1012.3,1007.1,69.0,87.0,53.0
2018-11-12,6000A,MELILLA,52,MELILLA,351635N,025723W,52.0,19.0,12.7,15.8,0.0,24.0,1.7,7.5,2.4,1012.2,1006.9,84.0,94.0,70.0
2018-11-13,6000A,MELILLA,52,MELILLA,351635N,025723W,52.0,18.3,14.0,16.2,0.0,99.0,1.7,4.7,0.2,1014.8,1012.1,83.0,91.0,74.0
2018-11-14,6000A,MELILLA,52,MELILLA,351635N,025723W,52.0,19.9,15.0,17.4,4.0,6.0,2.8,10.8,4.7,1013.3,1007.2,89.0,96.0,75.0
2018-11-15,6000A,MELILLA,52,MELILLA,351635N,025723W,52.0,19.4,12.6,16.0,0.0,8.0,1.9,5.6,7.8,1010.8,1006.6,83.0,94.0,64.0
2018-11-16,6000A,MELILLA,52,MELILLA,351635N,025723W,52.0,18.6,13.8,16.2,1.2,6.0,2.2,6.1,0.3,1010.5,1007.8,88.0,94.0,81.0
2018-11-17,6000A,MELILLA,52,MELILLA,351635N,025723W,52.0,20.2,16.7,18.4,0.0,8.0,2.5,7.5,5.5,1008.0,1002.4,86.0,95.0,71.0
2018-11-18,6000A,MELILLA,52,MELILLA,351635N,025723W,52.0,18.2,15.8,17.0,0.8,24.0,1.7,11.7,0.2,1002.4,995.3,76.0,90.0,50.0
2018-11-19,6000A,MELILLA,52,MELILLA,351635N,025723W,52.0,20.1,13.3,16.7,0.0,21.0,2.8,10.3,6.3,1000.6,995.5,59.0,69.0,43.0
2018-11-20,6000A,MELILLA,52,MELILLA,351635N,025723W,52.0,21.0,11.5,16.2,,20.0,1.9,11.4,4.9,1007.9,999.3,62.0,84.0,42.0
2018-11-21,6000A,MELILLA,52,MELILLA,351635N,025723W,52.0,23.8,11.5,17.6,0.0,22.0,1.9,9.4,7.4,1011.5,1007.1,69.0,93.0,38.0
2018-11-22,6000A,MELILLA,52,MELILLA,351635N,025723W,52.0,19.5,14.1,16.8,0.0,8.0,2.5,5.8,4.7,1011.1,1006.9,79.0,90.0,56.0
2018-11-23,6000A,MELILLA,52,MELILLA,351635N,025723W,52.0,18.2,14.0,16.1,1.8,25.0,3.3,10.8,0.6,1011.5,1005.6,75.0,90.0,68.0
2018-11-24,6000A,MELILLA,52,MELILLA,351635N,025723W,52.0,18.0,12.6,15.3,0.0,28.0,3.1,12.2,7.6,1013.1,1009.7,71.0,82.0,56.0
2018-11-25,6000A,MELILLA,52,MELILLA,351635N,025723W,52.0,21.7,10.8,16.2,1.0,24.0,1.7,6.7,7.7,1012.4,1008.1,52.0,72.0,37.0
2018-11-26,6000A,MELILLA,52,MELILLA,351635N,025723W,52.0,18.4,14.7,16.6,0.0,25.0,7.5,17.8,7.1,1016.1,1007.0,62.0,88.0,47.0
2018-11-27,6000A,MELILLA,52,MELILLA,351635N,025723W,52.0,19.1,9.8,14.4,0.0,24.0,2.5,10.6,8.6,1018.2,1015.7,63.0,85.0,45.0
2018-11-28,6000A,MELILLA,52,MELILLA,351635N,025723W,52.0,17.8,9.1,13.4,0.0,2.0,1.9,4.4,9.1,1018.5,1016.0,68.0,85.0,56.0
2018-11-29,6000A,MELILLA,52,MELILLA,351635N,025723W,52.0,19.0,8.5,13.8,0.0,28.0,2.5,7.5,9.1,1017.1,1013.5,70.0,91.0,36.0
2018-11-30,6000A,MELILLA,52,MELILLA,351635N,025723W,52.0,21.6,14.1,17.8,0.0,28.0,4.4,12.8,7.3,1016.5,1012.6,71.0,87.0,50.0
2018-12-01,6000A,MELILLA,52,MELILLA,351635N,025723W,52.0,19.1,11.9,15.5,0.0,26.0,1.9,10.0,7.6,1018.5,1014.7,72.0,84.0,49.0
2018-12-02,6000A,MELILLA,52,MELILLA,351635N,025723W,52.0,21.8,10.3,16.0,0.0,99.0,1.7,3.6,8.3,1018.4,1015.5,50.0,80.0,39.0
2018-12-03,6000A,MELILLA,52,MELILLA,351635N,025723W,52.0,23.4,13.3,18.4,0.0,2.0,1.4,3.9,9.1,1016.7,1014.0,47.0,59.0,27.0
2018-12-04,6000A,MELILLA,52,MELILLA,351635N,025723W,52.0,20.9,12.5,16.7,0.0,1.0,1.7,4.2,9.0,1017.4,1014.7,64.0,83.0,44.0
2018-12-05,6000A,MELILLA,52,MELILLA,351635N,025723W,52.0,16.6,10.7,13.6,0.0,32.0,1.7,6.1,2.1,1020.1,1016.7,90.0,98.0,81.0
2018-12-06,6000A,MELILLA,52,MELILLA,351635N,025723W,52.0,16.1,11.5,13.8,0.0,36.0,1.1,5.0,5.2,1021.2,1019.0,88.0,98.0,79.0
2018-12-07,6000A,MELILLA,52,MELILLA,351635N,025723W,52.0,17.6,9.7,13.6,0.0,28.0,1.4,6.4,7.7,1022.3,1019.5,85.0,100.0,72.0
2018-12-08,6000A,MELILLA,52,MELILLA,351635N,025723W,52.0,22.8,10.6,16.7,0.0,32.0,1.9,6.1,8.9,1022.5,1019.0,70.0,96.0,32.0
2018-12-09,6000A,MELILLA,52,MELILLA,351635N,025723W,52.0,16.9,10.8,13.8,0.0,99.0,1.4,4.2,6.2,1024.1,1020.7,84.0,95.0,73.0
2018-12-10,6000A,MELILLA,52,MELILLA,351635N,025723W,52.0,19.1,9.7,14.4,0.0,6.0,1.9,4.7,8.9,1021.6,1018.3,78.0,93.0,50.0
2018-12-11,6000A,MELILLA,52,MELILLA,351635N,025723W,52.0,17.6,12.0,14.8,0.0,27.0,1.9,8.3,2.5,1018.8,1016.3,78.0,93.0,63.0
2018-12-12,6000A,MELILLA,52,MELILLA,351635N,025723W,52.0,19.3,12.0,15.6,0.0,26.0,1.9,8.6,4.0,1017.2,1013.7,70.0,79.0,56.0
2018-12-13,6000A,MELILLA,52,MELILLA,351635N,025723W,52.0,23.5,12.9,18.2,0.4,28.0,5.3,19.7,3.3,1013.7,1003.8,71.0,83.0,38.0
2018-12-14,6000A,MELILLA,52,MELILLA,351635N,025723W,52.0,16.3,13.7,15.0,0.0,28.0,6.1,20.0,6.9,1019.8,1011.6,60.0,66.0,52.0
2018-12-15,6000A,MELILLA,52,MELILLA,351635N,025723W,52.0,18.5,11.6,15.0,0.0,26.0,2.8,11.1,8.9,1022.5,1018.8,53.0,72.0,40.0
2018-12-16,6000A,MELILLA,52,MELILLA,351635N,025723W,52.0,21.6,11.2,16.4,0.0,26.0,3.3,12.5,8.9,1020.7,1016.5,63.0,71.0,28.0
2018-12-17,6000A,MELILLA,52,MELILLA,351635N,025723W,52.0,18.9,13.6,16.2,0.0,25.0,3.6,8.1,6.9,1022.3,1020.0,78.0,88.0,61.0
2018-12-18,6000A,MELILLA,52,MELILLA,351635N,025723W,52.0,18.6,10.5,14.6,0.0,3.0,1.7,5.0,4.2,1021.0,1017.0,80.0,91.0,63.0
2018-12-19,6000A,MELILLA,52,MELILLA,351635N,025723W,52.0,21.0,10.7,15.8,0.0,26.0,3.1,11.1,6.8,1019.6,1016.7,66.0,90.0,46.0
2018-12-20,6000A,MELILLA,52,MELILLA,351635N,025723W,52.0,17.9,13.3,15.6,0.0,25.0,3.9,12.8,4.0,1023.4,1017.9,67.0,85.0,52.0
2018-12-21,6000A,MELILLA,52,MELILLA,351635N,025723W,52.0,17.6,10.5,14.0,,9.0,1.9,6.1,8.8,1026.7,1023.0,80.0,93.0,65.0
2018-12-22,6000A,MELILLA,52,MELILLA,351635N,025723W,52.0,20.3,10.1,15.2,,12.0,2.8,6.7,8.8,1025.1,1022.7,71.0,94.0,33.0
2018-12-23,6000A,MELILLA,52,MELILLA,351635N,025723W,52.0,17.2,9.1,13.2,,25.0,2.5,5.8,7.5,1025.1,1021.6,84.0,96.0,75.0
2018-12-24,6000A,MELILLA,52,MELILLA,351635N,025723W,52.0,17.1,9.9,13.5,,26.0,1.1,5.3,7.0,1022.9,1018.8,79.0,95.0,64.0
2018-12-25,6000A,MELILLA,52,MELILLA,351635N,025723W,52.0,15.9,10.3,13.1,,99.0,1.9,5.8,3.4,1022.5,1018.6,82.0,93.0,72.0
2018-12-26,6000A,MELILLA,52,MELILLA,351635N,025723W,52.0,17.2,10.6,13.9,0.0,10.0,1.4,5.0,2.2,1023.6,1021.0,71.0,87.0,59.0
2018-12-27,6000A,MELILLA,52,MELILLA,351635N,025723W,52.0,17.0,11.2,14.1,0.0,11.0,1.4,4.4,3.2,1021.9,1019.4,70.0,85.0,57.0
2018-12-28,6000A,MELILLA,52,MELILLA,351635N,025723W,52.0,16.4,12.3,14.4,0.0,5.0,1.1,5.6,1.4,1020.8,1018.5,66.0,79.0,55.0
2018-12-29,6000A,MELILLA,52,MELILLA,351635N,025723W,52.0,16.6,12.9,14.8,0.0,8.0,3.3,11.4,6.7,1019.4,1016.9,65.0,77.0,57.0
2018-12-30,6000A,MELILLA,52,MELILLA,351635N,025723W,52.0,16.3,13.9,15.1,0.0,7.0,5.3,11.4,5.6,1021.9,1017.9,72.0,81.0,64.0
2018-12-31,6000A,MELILLA,52,MELILLA,351635N,025723W,52.0,16.8,11.6,14.2,0.0,11.0,2.5,6.4,8.1,1024.6,1021.7,73.0,87.0,60.0
2019-01-01,6000A,MELILLA,52,MELILLA,351635N,025723W,52.0,16.6,8.6,12.6,0.0,6.0,2.5,4.2,8.8,1025.6,1022.9,69.0,90.0,50.0
2019-01-02,6000A,MELILLA,52,MELILLA,351635N,025723W,52.0,20.2,9.1,14.6,0.0,27.0,2.2,9.2,8.4,1023.6,1018.2,51.0,80.0,28.0
2019-01-03,6000A,MELILLA,52,MELILLA,351635N,025723W,52.0,17.3,10.0,13.6,0.0,10.0,2.8,8.9,7.9,1021.6,1018.3,74.0,86.0,49.0
2019-01-04,6000A,MELILLA,52,MELILLA,351635N,025723W,52.0,15.4,9.0,12.2,0.0,12.0,2.2,8.1,8.1,1024.6,1020.4,73.0,86.0,52.0
2019-01-05,6000A,MELILLA,52,MELILLA,351635N,025723W,52.0,15.5,7.0,11.2,0.0,99.0,2.2,5.0,8.9,1026.8,1023.9,71.0,88.0,60.0
2019-01-06,6000A,MELILLA,52,MELILLA,351635N,025723W,52.0,17.5,6.1,11.8,0.0,25.0,1.9,4.4,9.0,1023.9,1020.5,48.0,83.0,31.0
2019-01-07,6000A,MELILLA,52,MELILLA,351635N,025723W,52.0,18.7,7.5,13.1,0.0,30.0,1.9,6.1,8.9,1022.2,1019.5,60.0,85.0,40.0
2019-01-08,6000A,MELILLA,52,MELILLA,351635N,025723W,52.0,15.9,7.3,11.6,0.0,10.0,1.9,4.7,8.2,1023.1,1018.3,74.0,88.0,60.0
2019-01-09,6000A,MELILLA,52,MELILLA,351635N,025723W,52.0,17.6,7.1,12.4,0.0,27.0,2.8,9.2,9.0,1018.3,1008.9,58.0,85.0,31.0
2019-01-10,6000A,MELILLA,52,MELILLA,351635N,025723W,52.0,17.4,11.4,14.4,1.6,27.0,2.8,13.9,7.4,1013.9,1007.7,67.0,83.0,45.0
2019-01-11,6000A,MELILLA,52,MELILLA,351635N,025723W,52.0,15.0,8.4,11.7,,4.0,3.1,8.9,7.7,1020.2,1013.8,53.0,85.0,39.0
2019-01-12,6000A,MELILLA,52,MELILLA,351635N,025723W,52.0,14.3,6.9,10.6,0.0,7.0,2.2,7.2,9.1,1022.6,1020.0,53.0,74.0,37.0
2019-01-13,6000A,MELILLA,52,MELILLA,351635N,025723W,52.0,15.8,6.2,11.0,0.0,6.0,1.4,3.6,9.1,1022.2,1017.7,50.0,77.0,32.0
2019-01-14,6000A,MELILLA,52,MELILLA,351635N,025723W,52.0,21.2,7.6,14.4,0.0,24.0,2.8,9.7,9.0,1017.8,1012.5,34.0,59.0,16.0
2019-01-15,6000A,MELILLA,52,MELILLA,351635N,025723W,52.0,17.8,9.3,13.6,0.0,26.0,1.9,10.3,8.8,1015.3,1012.5,63.0,79.0,43.0
2019-01-16,6000A,MELILLA,52,MELILLA,351635N,025723W,52.0,17.5,9.4,13.4,0.0,24.0,2.5,8.6,6.4,1014.5,1011.7,70.0,77.0,54.0
2019-01-17,6000A,MELILLA,52,MELILLA,351635N,025723W,52.0,17.6,8.4,13.0,,26.0,2.5,7.2,5.0,1012.7,1010.1,63.0,79.0,41.0
2019-01-18,6000A,MELILLA,52,MELILLA,351635N,025723W,52.0,16.6,9.6,13.1,,26.0,2.5,10.3,6.6,1014.2,1011.7,64.0,86.0,49.0
2019-01-19,6000A,MELILLA,52,MELILLA,351635N,025723W,52.0,15.4,12.2,13.8,11.8,27.0,3.1,11.1,0.0,1013.6,1008.9,70.0,90.0,48.0
2019-01-20,6000A,MELILLA,52,MELILLA,351635N,025723W,52.0,17.8,12.2,15.0,0.2,28.0,5.8,18.9,3.7,1011.1,1004.6,72.0,90.0,62.0
2019-01-21,6000A,MELILLA,52,MELILLA,351635N,025723W,52.0,15.9,12.7,14.3,0.2,28.0,3.6,13.3,7.7,1014.0,1010.9,56.0,72.0,45.0
2019-01-22,6000A,MELILLA,52,MELILLA,351635N,025723W,52.0,15.5,11.4,13.4,,26.0,5.0,19.4,3.5,1014.2,1009.1,54.0,68.0,47.0
2019-01-23,6000A,MELILLA,52,MELILLA,351635N,025723W,52.0,15.9,13.2,14.6,0.0,26.0,5.8,23.1,6.6,1009.9,1003.9,66.0,76.0,61.0
2019-01-24,6000A,MELILLA,52,MELILLA,351635N,025723W,52.0,17.5,14.5,16.0,0.0,27.0,6.7,18.6,8.4,1008.0,1002.5,74.0,80.0,66.0
2019-01-25,6000A,MELILLA,52,MELILLA,351635N,025723W,52.0,19.8,11.6,15.7,0.0,26.0,3.1,10.8,9.5,1011.4,1007.6,64.0,80.0,49.0
2019-01-26,6000A,MELILLA,52,MELILLA,351635N,025723W,52.0,20.8,10.8,15.8,0.0,28.0,1.9,6.1,9.6,1014.1,1011.1,66.0,80.0,44.0
2019-01-27,6000A,MELILLA,52,MELILLA,351635N,025723W,52.0,19.2,13.0,16.1,0.0,27.0,5.0,17.5,9.2,1012.9,1008.3,68.0,86.0,46.0
2019-01-28,6000A,MELILLA,52,MELILLA,351635N,025723W,52.0,16.9,13.5,15.2,0.0,27.0,5.0,20.8,8.9,1014.5,1009.7,64.0,74.0,48.0
2019-01-29,6000A,MELILLA,52,MELILLA,351635N,025723W,52.0,17.5,14.0,15.8,0.0,27.0,5.3,17.2,7.6,1013.8,1009.8,71.0,80.0,64.0
2019-01-30,6000A,MELILLA,52,MELILLA,351635N,025723W,52.0,17.0,14.1,15.6,,24.0,5.8,16.4,0.7,1010.9,1007.5,73.0,81.0,66.0
2019-01-31,6000A,MELILLA,52,MELILLA,351635N,025723W,52.0,18.7,12.6,15.6,0.0,26.0,2.5,8.9,6.4,1008.4,1002.6,75.0,84.0,58.0
2019-02-01,6000A,MELILLA,52,MELILLA,351635N,025723W,52.0,22.7,12.2,17.4,6.2,26.0,4.4,19.2,3.9,1002.6,996.2,65.0,90.0,36.0
2019-02-02,6000A,MELILLA,52,MELILLA,351635N,025723W,52.0,14.9,10.5,12.7,1.8,28.0,6.4,21.9,7.1,1014.1,1002.6,56.0,78.0,45.0
2019-02-03,6000A,MELILLA,52,MELILLA,351635N,025723W,52.0,14.7,9.9,12.3,0.0,25.0,3.6,15.0,8.5,1021.3,1014.1,48.0,66.0,43.0
2019-02-04,6000A,MELILLA,52,MELILLA,351635N,025723W,52.0,17.9,8.8,13.4,0.0,24.0,2.5,7.5,9.0,1022.8,1020.0,49.0,75.0,29.0
2019-02-05,6000A,MELILLA,52,MELILLA,351635N,025723W,52.0,16.1,6.4,11.2,0.0,4.0,1.7,5.3,9.2,1022.6,1020.2,66.0,85.0,47.0
2019-02-06,6000A,MELILLA,52,MELILLA,351635N,025723W,52.0,17.8,7.2,12.5,0.0,9.0,1.7,4.2,9.2,1020.7,1017.3,59.0,82.0,37.0
2019-02-07,6000A,MELILLA,52,MELILLA,351635N,025723W,52.0,20.9,8.9,14.9,0.0,26.0,2.5,9.2,9.7,1017.8,1014.7,53.0,77.0,28.0
2019-02-08,6000A,MELILLA,52,MELILLA,351635N,025723W,52.0,18.8,9.9,14.4,0.0,31.0,2.2,6.4,9.8,1017.5,1015.6,58.0,71.0,45.0
2019-02-09,6000A,MELILLA,52,MELILLA,351635N,025723W,52.0,18.0,9.7,13.8,0.0,3.0,2.2,6.9,9.8,1018.0,1016.1,63.0,83.0,47.0
2019-02-10,6000A,MELILLA,52,MELILLA,351635N,025723W,52.0,17.8,9.7,13.8,0.0,24.0,4.4,11.7,9.6,1020.2,1017.0,72.0,87.0,57.0
2019-02-11,6000A,MELILLA,52,MELILLA,351635N,025723W,52.0,19.2,13.2,16.2,0.0,25.0,2.8,10.6,10.1,1020.9,1018.4,67.0,87.0,53.0
2019-02-12,6000A,MELILLA,52,MELILLA,351635N,025723W,52.0,16.9,11.9,14.4,0.0,7.0,3.9,10.8,6.6,1024.4,1020.8,81.0,93.0,64.0
2019-02-13,6000A,MELILLA,52,MELILLA,351635N,025723W,52.0,16.1,11.5,13.8,0.0,8.0,2.8,7.8,7.3,1023.7,1021.6,76.0,83.0,68.0
2019-02-14,6000A,MELILLA,52,MELILLA,351635N,025723W,52.0,15.1,13.3,14.2,,7.0,5.3,8.9,0.0,1025.3,1022.4,80.0,83.0,77.0
2019-02-15,6000A,MELILLA,52,MELILLA,351635N,025723W,52.0,16.7,13.4,15.0,0.0,7.0,4.7,9.7,2.4,1022.5,1016.9,79.0,87.0,71.0
2019-02-16,6000A,MELILLA,52,MELILLA,351635N,025723W,52.0,16.9,13.9,15.4,0.0,7.0,5.3,11.4,1.9,1017.7,1015.7,77.0,88.0,65.0
2019-02-17,6000A,MELILLA,52,MELILLA,351635N,025723W,52.0,16.0,10.7,13.4,0.0,8.0,3.3,8.3,1.9,1017.4,1013.9,85.0,90.0,76.0
2019-02-18,6000A,MELILLA,52,MELILLA,351635N,025723W,52.0,17.4,10.7,14.0,,12.0,2.8,7.2,5.3,1014.0,1009.1,80.0,94.0,42.0
2019-02-19,6000A,MELILLA,52,MELILLA,351635N,025723W,52.0,15.3,13.4,14.4,0.0,3.0,4.4,9.7,0.1,1014.8,1011.5,80.0,85.0,76.0
2019-02-20,6000A,MELILLA,52,MELILLA,351635N,025723W,52.0,16.5,11.1,13.8,0.0,8.0,3.3,7.8,3.5,1019.3,1014.5,79.0,89.0,69.0
2019-02-21,6000A,MELILLA,52,MELILLA,351635N,025723W,52.0,16.4,13.3,14.8,0.0,9.0,3.6,7.5,2.4,1024.9,1018.9,80.0,86.0,71.0
2019-02-22,6000A,MELILLA,52,MELILLA,351635N,025723W,52.0,17.1,9.1,13.1,0.0,12.0,2.8,6.9,8.6,1025.5,1022.8,77.0,88.0,63.0
2019-02-23,6000A,MELILLA,52,MELILLA,351635N,025723W,52.0,17.9,8.9,13.4,0.0,27.0,1.7,6.1,10.0,1023.3,1019.0,79.0,90.0,58.0
2019-02-24,6000A,MELILLA,52,MELILLA,351635N,025723W,52.0,16.8,8.5,12.6,0.0,10.0,4.4,9.2,5.7,1025.3,1019.2,82.0,94.0,72.0
2019-02-25,6000A,MELILLA,52,MELILLA,351635N,025723W,52.0,16.7,12.3,14.5,0.0,12.0,4.7,8.6,10.3,1026.4,1023.5,63.0,80.0,54.0
2019-02-26,6000A,MELILLA,52,MELILLA,351635N,025723W,52.0,15.8,10.0,12.9,0.0,8.0,2.2,7.5,10.3,1024.2,1021.8,74.0,85.0,59.0
2019-02-27,6000A,MELILLA,52,MELILLA,351635N,025723W,52.0,17.2,7.7,12.4,0.0,7.0,2.2,6.4,10.5,1023.2,1021.0,59.0,85.0,38.0
2019-02-28,6000A,MELILLA,52,MELILLA,351635N,025723W,52.0,20.1,8.0,14.0,0.0,6.0,2.2,5.3,10.7,1022.2,1018.9,47.0,77.0,22.0
2019-03-01,6000A,MELILLA,52,MELILLA,351635N,025723W,52.0,22.5,10.0,16.2,0.0,26.0,3.3,11.9,10.5,1019.3,1016.4,36.0,75.0,20.0
2019-03-02,6000A,MELILLA,52,MELILLA,351635N,025723W,52.0,20.2,12.8,16.5,0.0,26.0,3.9,10.8,9.1,1018.9,1017.1,60.0,78.0,40.0
2019-03-03,6000A,MELILLA,52,MELILLA,351635N,025723W,52.0,18.7,10.0,14.4,0.0,30.0,1.7,6.4,10.4,1018.9,1015.7,70.0,86.0,60.0
2019-03-04,6000A,MELILLA,52,MELILLA,351635N,025723W,52.0,20.6,11.0,15.8,0.0,27.0,5.0,11.9,10.6,1017.0,1013.5,65.0,94.0,49.0
2019-03-05,6000A,MELILLA,52,MELILLA,351635N,025723W,52.0,21.1,14.1,17.6,0.0,26.0,2.2,8.3,10.3,1015.3,1008.7,68.0,85.0,46.0
2019-03-06,6000A,MELILLA,52,MELILLA,351635N,025723W,52.0,21.5,13.4,17.4,,26.0,2.2,11.9,2.1,1012.0,1006.2,52.0,84.0,38.0
2019-03-07,6000A,MELILLA,52,MELILLA,351635N,025723W,52.0,17.5,13.5,15.5,0.0,27.0,3.3,11.7,5.9,1014.2,1011.2,60.0,71.0,48.0
2019-03-08,6000A,MELILLA,52,MELILLA,351635N,025723W,52.0,18.3,11.1,14.7,0.0,30.0,2.8,7.8,7.4,1020.6,1012.5,64.0,83.0,45.0
2019-03-09,6000A,MELILLA,52,MELILLA,351635N,025723W,52.0,17.5,10.6,14.0,0.0,4.0,2.5,6.9,9.8,1025.7,1020.5,74.0,88.0,59.0
2019-03-10,6000A,MELILLA,52,MELILLA,351635N,025723W,52.0,20.4,9.1,14.8,0.0,14.0,1.9,8.3,10.9,1025.2,1020.7,72.0,88.0,44.0
2019-03-11,6000A,MELILLA,52,MELILLA,351635N,025723W,52.0,22.6,10.6,16.6,0.0,6.0,2.2,5.6,10.9,1023.2,1018.9,60.0,76.0,40.0
2019-03-12,6000A,MELILLA,52,MELILLA,351635N,025723W,52.0,18.8,12.8,15.8,0.0,22.0,2.5,6.9,10.9,1023.2,1018.0,76.0,92.0,60.0
2019-03-13,6000A,MELILLA,52,MELILLA,351635N,025723W,52.0,23.0,13.6,18.3,0.0,28.0,5.0,16.7,11.2,1019.5,1015.8,46.0,84.0,37.0
2019-03-14,6000A,MELILLA,52,MELILLA,351635N,025723W,52.0,18.8,12.3,15.6,0.0,6.0,2.8,6.7,7.8,1021.7,1019.4,80.0,89.0,58.0
2019-03-15,6000A,MELILLA,52,MELILLA,351635N,025723W,52.0,19.4,10.6,15.0,0.0,8.0,1.9,5.6,11.1,1020.0,1017.0,57.0,86.0,32.0
2019-03-16,6000A,MELILLA,52,MELILLA,351635N,025723W,52.0,20.6,11.1,15.8,0.0,3.0,2.8,6.1,11.1,1017.6,1013.0,68.0,84.0,39.0
2019-03-17,6000A,MELILLA,52,MELILLA,351635N,025723W,52.0,24.9,11.1,18.0,0.0,26.0,4.4,11.4,11.1,1013.5,1010.3,36.0,78.0,20.0
2019-03-18,6000A,MELILLA,52,MELILLA,351635N,025723W,52.0,19.8,15.1,17.4,0.0,7.0,3.9,8.6,4.2,1016.7,1010.9,73.0,86.0,38.0
2019-03-19,6000A,MELILLA,52,MELILLA,351635N,025723W,52.0,17.6,14.2,15.9,0.0,7.0,3.6,8.6,7.0,1018.1,1013.5,73.0,81.0,61.0
2019-03-20,6000A,MELILLA,52,MELILLA,351635N,025723W,52.0,16.5,12.3,14.4,2.8,8.0,6.1,13.1,8.1,1020.1,1017.0,60.0,83.0,52.0
2019-03-21,6000A,MELILLA,52,MELILLA,351635N,025723W,52.0,15.5,10.1,12.8,1.0,8.0,4.4,11.7,4.6,1019.0,1017.1,71.0,85.0,55.0
2019-03-22,6000A,MELILLA,52,MELILLA,351635N,025723W,52.0,17.2,12.8,15.0,0.0,5.0,5.0,9.7,4.9,1018.6,1017.0,72.0,82.0,62.0
2019-03-23,6000A,MELILLA,52,MELILLA,351635N,025723W,52.0,17.6,13.4,15.5,0.0,7.0,6.1,13.1,9.3,1017.5,1012.7,73.0,84.0,62.0
2019-03-24,6000A,MELILLA,52,MELILLA,351635N,025723W,52.0,17.2,13.9,15.6,3.4,99.0,3.3,9.4,0.2,1014.1,1011.8,85.0,93.0,79.0
2019-03-25,6000A,MELILLA,52,MELILLA,351635N,025723W,52.0,17.6,13.6,15.6,0.0,8.0,3.3,7.5,2.6,1012.8,1008.3,86.0,94.0,79.0
2019-03-26,6000A,MELILLA,52,MELILLA,351635N,025723W,52.0,16.6,14.7,15.6,1.4,6.0,7.2,16.4,0.0,1011.9,1006.1,84.0,91.0,58.0
2019-03-27,6000A,MELILLA,52,MELILLA,351635N,025723W,52.0,16.3,13.0,14.6,,7.0,7.8,17.2,3.4,1018.0,1010.8,64.0,76.0,54.0
2019-03-28,6000A,MELILLA,52,MELILLA,351635N,025723W,52.0,17.3,12.6,15.0,0.0,7.0,5.6,12.2,10.9,1019.4,1016.3,68.0,79.0,56.0
2019-03-29,6000A,MELILLA,52,MELILLA,351635N,025723W,52.0,16.8,13.8,15.3,0.0,7.0,5.6,10.0,2.2,1017.2,1014.3,75.0,82.0,67.0
2019-03-30,6000A,MELILLA,52,MELILLA,351635N,025723W,52.0,16.2,14.4,15.3,14.4,9.0,5.6,11.1,0.0,1015.5,1007.9,87.0,94.0,80.0
2019-03-31,6000A,MELILLA,52,MELILLA,351635N,025723W,52.0,15.6,13.1,14.4,29.0,6.0,3.6,9.7,0.0,1009.9,1003.9,93.0,99.0,88.0
2019-04-01,6000A,MELILLA,52,MELILLA,351635N,025723W,52.0,19.8,11.5,15.6,0.0,2.0,2.5,6.1,11.6,1011.2,1006.3,71.0,95.0,52.0
2019-04-02,6000A,MELILLA,52,MELILLA,351635N,025723W,52.0,19.1,12.2,15.6,0.0,4.0,1.7,5.8,9.5,1011.0,1007.0,71.0,83.0,52.0
2019-04-03,6000A,MELILLA,52,MELILLA,351635N,025723W,52.0,21.0,13.1,17.0,0.0,28.0,2.8,10.6,8.6,1007.0,997.5,58.0,83.0,38.0
2019-04-04,6000A,MELILLA,52,MELILLA,351635N,025723W,52.0,18.9,13.5,16.2,1.6,29.0,3.3,11.1,7.3,1000.5,996.7,62.0,87.0,48.0
2019-04-05,6000A,MELILLA,52,MELILLA,351635N,025723W,52.0,21.0,11.5,16.2,11.4,31.0,3.9,13.3,6.9,1003.9,998.2,59.0,94.0,35.0
2019-04-06,6000A,MELILLA,52,MELILLA,351635N,025723W,52.0,18.3,10.9,14.6,0.8,25.0,2.8,12.2,7.5,1007.9,1002.4,62.0,82.0,43.0
2019-04-07,6000A,MELILLA,52,MELILLA,351635N,025723W,52.0,19.6,13.0,16.3,0.8,28.0,2.8,9.7,7.2,1012.7,1007.2,65.0,81.0,51.0
2019-04-08,6000A,MELILLA,52,MELILLA,351635N,025723W,52.0,22.3,12.5,17.4,0.0,26.0,2.5,10.3,11.9,1012.4,1009.9,62.0,82.0,43.0
2019-04-09,6000A,MELILLA,52,MELILLA,351635N,025723W,52.0,19.3,14.4,16.8,0.0,26.0,4.4,11.9,10.9,1013.0,1010.4,63.0,84.0,47.0
2019-04-10,6000A,MELILLA,52,MELILLA,351635N,025723W,52.0,18.5,13.9,16.2,0.0,26.0,5.0,15.6,11.1,1011.6,1008.2,59.0,72.0,44.0
2019-04-11,6000A,MELILLA,52,MELILLA,351635N,025723W,52.0,20.6,14.9,17.8,0.0,28.0,4.7,11.1,11.9,1011.8,1009.7,59.0,73.0,41.0
2019-04-12,6000A,MELILLA,52,MELILLA,351635N,025723W,52.0,21.5,13.7,17.6,0.0,26.0,3.3,9.7,12.0,1012.8,1009.9,44.0,58.0,38.0
2019-04-13,6000A,MELILLA,52,MELILLA,351635N,025723W,52.0,24.1,11.9,18.0,0.0,24.0,2.5,7.5,12.0,1014.1,1011.3,32.0,58.0,26.0
2019-04-14,6000A,MELILLA,52,MELILLA,351635N,025723W,52.0,23.9,13.2,18.6,0.0,3.0,1.9,6.1,12.1,1013.4,1009.2,45.0,63.0,26.0
2019-04-15,6000A,MELILLA,52,MELILLA,351635N,025723W,52.0,28.0,15.0,21.5,0.0,26.0,3.3,15.0,11.7,1012.2,1006.3,55.0,72.0,26.0
2019-04-16,6000A,MELILLA,52,MELILLA,351635N,025723W,52.0,22.1,16.1,19.1,0.0,27.0,3.6,10.8,12.0,1012.4,1008.5,63.0,89.0,49.0
2019-04-17,6000A,MELILLA,52,MELILLA,351635N,025723W,52.0,18.4,16.1,17.2,2.4,8.0,5.3,10.0,0.0,1009.6,1002.6,84.0,89.0,79.0
2019-04-18,6000A,MELILLA,52,MELILLA,351635N,025723W,52.0,17.4,13.1,15.2,6.6,30.0,1.7,8.6,0.8,1009.3,1005.8,84.0,93.0,65.0
2019-04-19,6000A,MELILLA,52,MELILLA,351635N,025723W,52.0,20.0,12.6,16.3,0.0,5.0,2.8,8.3,8.0,1009.3,1007.6,69.0,91.0,44.0
2019-04-20,6000A,MELILLA,52,MELILLA,351635N,025723W,52.0,19.5,11.0,15.2,0.0,1.0,3.3,8.1,0.0,1008.0,1004.4,69.0,88.0,49.0
2019-04-21,6000A,MELILLA,52,MELILLA,351635N,025723W,52.0,15.7,13.3,14.5,3.8,1.0,2.8,11.1,0.1,1004.4,999.4,84.0,94.0,70.0
2019-04-22,6000A,MELILLA,52,MELILLA,351635N,025723W,52.0,21.2,13.8,17.5,0.2,26.0,4.7,15.3,8.7,999.4,996.8,67.0,79.0,55.0
2019-04-23,6000A,MELILLA,52,MELILLA,351635N,025723W,52.0,20.6,12.9,16.8,,26.0,3.3,13.6,2.6,1004.5,996.0,73.0,84.0,45.0
2019-04-24,6000A,MELILLA,52,MELILLA,351635N,025723W,52.0,21.7,10.3,16.0,0.0,14.0,2.5,8.3,12.2,1009.9,1004.0,47.0,80.0,34.0
2019-04-25,6000A,MELILLA,52,MELILLA,351635N,025723W,52.0,25.4,12.9,19.2,0.0,26.0,4.2,13.9,11.2,1016.0,1008.5,58.0,75.0,34.0
2019-04-26,6000A,MELILLA,52,MELILLA,351635N,025723W,52.0,21.0,13.0,17.0,0.0,25.0,3.3,9.2,9.8,1018.3,1015.7,53.0,77.0,39.0
2019-04-27,6000A,MELILLA,52,MELILLA,351635N,025723W,52.0,19.6,12.1,15.8,0.0,6.0,3.9,7.8,11.7,1018.6,1016.1,73.0,87.0,59.0
2019-04-28,6000A,MELILLA,52,MELILLA,351635N,025723W,52.0,19.2,14.9,17.0,0.0,8.0,3.9,7.5,8.1,1016.4,1011.6,76.0,86.0,70.0
2019-04-29,6000A,MELILLA,52,MELILLA,351635N,025723W,52.0,19.6,14.7,17.2,0.0,6.0,3.1,7.2,3.5,1012.7,1009.6,75.0,89.0,69.0
2019-04-30,6000A,MELILLA,52,MELILLA,351635N,025723W,52.0,19.8,14.8,17.3,0.0,6.0,3.1,6.7,9.7,1011.2,1007.9,73.0,85.0,63.0
2019-05-01,6000A,MELILLA,52,MELILLA,351635N,025723W,52.0,19.6,15.8,17.7,0.0,6.0,3.3,6.9,3.2,1008.1,1004.4,76.0,88.0,70.0
2019-05-02,6000A,MELILLA,52,MELILLA,351635N,025723W,52.0,18.4,16.9,17.6,,4.0,3.9,8.9,0.0,1005.8,1003.0,87.0,90.0,82.0
2019-05-03,6000A,MELILLA,52,MELILLA,351635N,025723W,52.0,20.3,16.5,18.4,,7.0,2.2,8.3,4.9,1005.5,1003.0,83.0,94.0,70.0
2019-05-04,6000A,MELILLA,52,MELILLA,351635N,025723W,52.0,22.9,16.6,19.8,,24.0,2.5,10.8,6.9,1009.0,1005.1,74.0,92.0,61.0
2019-05-05,6000A,MELILLA,52,MELILLA,351635N,025723W,52.0,24.5,15.4,20.0,0.0,26.0,3.3,10.0,12.2,1011.5,1007.5,62.0,92.0,39.0
2019-05-06,6000A,MELILLA,52,MELILLA,351635N,025723W,52.0,27.6,16.5,22.0,0.0,99.0,2.2,6.9,12.5,1013.1,1010.5,46.0,76.0,25.0
2019-05-07,6000A,MELILLA,52,MELILLA,351635N,025723W,52.0,26.8,15.2,21.0,0.0,31.0,1.9,7.2,12.5,1012.8,1009.5,37.0,67.0,24.0
2019-05-08,6000A,MELILLA,52,MELILLA,351635N,025723W,52.0,23.4,18.9,21.2,0.0,26.0,5.6,16.4,12.5,1011.2,1008.6,58.0,67.0,42.0
2019-05-09,6000A,MELILLA,52,MELILLA,351635N,025723W,52.0,23.6,17.9,20.8,0.0,26.0,5.8,13.3,12.4,1011.0,1007.6,59.0,71.0,50.0
2019-05-10,6000A,MELILLA,52,MELILLA,351635N,025723W,52.0,28.4,19.8,24.1,0.0,25.0,2.5,8.1,12.5,1009.6,1007.3,48.0,67.0,36.0
2019-05-11,6000A,MELILLA,52,MELILLA,351635N,025723W,52.0,29.8,19.1,24.4,0.0,8.0,2.5,6.1,12.6,1013.1,1008.7,53.0,86.0,34.0
2019-05-12,6000A,MELILLA,52,MELILLA,351635N,025723W,52.0,22.1,17.3,19.7,0.0,8.0,5.0,10.0,4.2,1015.6,1012.5,80.0,90.0,71.0
2019-05-13,6000A,MELILLA,52,MELILLA,351635N,025723W,52.0,22.0,16.2,19.1,0.0,7.0,3.9,9.2,12.0,1012.7,1009.8,73.0,89.0,63.0
2019-05-14,6000A,MELILLA,52,MELILLA,351635N,025723W,52.0,21.3,16.0,18.6,0.0,8.0,5.0,10.0,12.4,1012.7,1008.7,68.0,79.0,59.0
2019-05-15,6000A,MELILLA,52,MELILLA,351635N,025723W,52.0,28.3,13.9,21.1,0.0,31.0,2.5,8.1,12.7,1008.7,1003.4,56.0,87.0,32.0
2019-05-16,6000A,MELILLA,52,MELILLA,351635N,025723W,52.0,27.3,17.9,22.6,0.0,25.0,3.1,11.9,12.6,1005.6,1002.5,68.0,84.0,39.0
2019-05-17,6000A,MELILLA,52,MELILLA,351635N,025723W,52.0,22.7,17.9,20.3,0.0,26.0,5.0,16.9,10.2,1006.2,1001.5,56.0,71.0,39.0
2019-05-18,6000A,MELILLA,52,MELILLA,351635N,025723W,52.0,21.5,17.3,19.4,0.0,25.0,5.3,15.3,12.0,1007.8,1004.2,46.0,63.0,38.0
2019-05-19,6000A,MELILLA,52,MELILLA,351635N,025723W,52.0,22.7,17.1,19.9,0.0,25.0,5.8,15.3,8.4,1007.6,1005.3,54.0,68.0,38.0
2019-05-20,6000A,MELILLA,52,MELILLA,351635N,025723W,52.0,25.7,17.6,21.6,0.0,27.0,2.8,8.6,12.6,1008.1,1005.5,46.0,77.0,39.0
2019-05-21,6000A,MELILLA,52,MELILLA,351635N,025723W,52.0,26.4,17.2,21.8,0.0,26.0,2.5,9.2,12.8,1010.4,1007.1,43.0,83.0,33.0
2019-05-22,6000A,MELILLA,52,MELILLA,351635N,025723W,52.0,24.1,16.1,20.1,0.0,10.0,2.8,6.9,12.0,1011.6,1009.6,72.0,85.0,62.0
2019-05-23,6000A,MELILLA,52,MELILLA,351635N,025723W,52.0,25.1,16.5,20.8,0.0,4.0,1.9,6.9,11.2,1011.3,1008.6,68.0,90.0,40.0
2019-05-24,6000A,MELILLA,52,MELILLA,351635N,025723W,52.0,28.4,16.6,22.5,,27.0,4.2,9.4,11.7,1008.7,1003.9,45.0,88.0,23.0
2019-05-25,6000A,MELILLA,52,MELILLA,351635N,025723W,52.0,22.8,18.0,20.4,0.0,5.0,3.9,8.9,8.0,1012.3,1006.6,70.0,86.0,53.0
2019-05-26,6000A,MELILLA,52,MELILLA,351635N,025723W,52.0,23.8,16.4,20.1,0.0,99.0,3.6,7.2,12.9,1011.9,1008.5,56.0,84.0,42.0
2019-05-27,6000A,MELILLA,52,MELILLA,351635N,025723W,52.0,25.3,16.4,20.8,0.0,1.0,2.2,6.4,12.9,1008.6,1004.8,65.0,86.0,47.0
2019-05-28,6000A,MELILLA,52,MELILLA,351635N,025723W,52.0,31.7,18.9,25.3,0.0,3.0,2.2,8.3,13.0,1008.3,1004.1,48.0,78.0,25.0
2019-05-29,6000A,MELILLA,52,MELILLA,351635N,025723W,52.0,23.7,19.5,21.6,0.0,7.0,5.6,9.4,9.7,1015.4,1008.3,70.0,90.0,56.0
2019-05-30,6000A,MELILLA,52,MELILLA,351635N,025723W,52.0,22.5,18.6,20.6,0.0,8.0,6.1,10.8,8.3,1017.1,1014.9,67.0,84.0,57.0
2019-05-31,6000A,MELILLA,52,MELILLA,351635N,025723W,52.0,23.1,18.4,20.8,0.0,8.0,6.4,11.1,11.0,1015.9,1013.4,65.0,83.0,58.0
2019-06-01,6000A,MELILLA,52,MELILLA,351635N,025723W,52.0,22.8,17.9,20.4,0.0,9.0,4.7,8.6,5.8,1014.5,1012.1,71.0,86.0,63.0
2019-06-02,6000A,MELILLA,52,MELILLA,351635N,025723W,52.0,22.9,18.0,20.4,0.0,8.0,3.1,7.2,12.4,1013.4,1011.1,68.0,86.0,60.0
2019-06-03,6000A,MELILLA,52,MELILLA,351635N,025723W,52.0,22.6,17.7,20.2,0.0,9.0,3.3,6.7,12.3,1012.5,1008.8,74.0,87.0,66.0
2019-06-04,6000A,MELILLA,52,MELILLA,351635N,025723W,52.0,30.4,16.7,23.6,0.0,25.0,2.8,13.9,11.4,1008.8,1004.0,60.0,94.0,20.0
2019-06-05,6000A,MELILLA,52,MELILLA,351635N,025723W,52.0,23.5,19.9,21.7,0.0,26.0,5.6,15.0,12.0,1009.2,1005.5,50.0,75.0,37.0
2019-06-06,6000A,MELILLA,52,MELILLA,351635N,025723W,52.0,25.9,18.6,22.2,0.0,27.0,3.3,11.1,13.0,1008.2,1005.0,35.0,61.0,28.0
2019-06-07,6000A,MELILLA,52,MELILLA,351635N,025723W,52.0,25.2,17.7,21.4,0.0,26.0,4.2,11.7,12.9,1011.3,1006.9,57.0,81.0,46.0
2019-06-08,6000A,MELILLA,52,MELILLA,351635N,025723W,52.0,23.9,16.9,20.4,0.0,6.0,3.3,8.3,12.8,1012.5,1010.1,71.0,86.0,50.0
2019-06-09,6000A,MELILLA,52,MELILLA,351635N,025723W,52.0,24.7,18.3,21.5,0.0,26.0,4.2,12.5,12.1,1012.3,1009.8,62.0,88.0,38.0
2019-06-10,6000A,MELILLA,52,MELILLA,351635N,025723W,52.0,24.9,19.4,22.2,0.0,26.0,4.7,15.0,11.9,1010.6,1006.9,51.0,64.0,42.0
2019-06-11,6000A,MELILLA,52,MELILLA,351635N,025723W,52.0,26.7,18.0,22.4,0.0,26.0,4.2,15.0,13.3,1007.2,1002.7,48.0,75.0,30.0
2019-06-12,6000A,MELILLA,52,MELILLA,351635N,025723W,52.0,23.3,18.2,20.8,0.0,6.0,3.9,8.9,8.7,1006.3,1003.7,75.0,86.0,49.0
2019-06-13,6000A,MELILLA,52,MELILLA,351635N,025723W,52.0,23.6,19.8,21.7,10.6,2.0,4.4,8.6,1.7,1008.5,1002.6,81.0,92.0,73.0
2019-06-14,6000A,MELILLA,52,MELILLA,351635N,025723W,52.0,23.0,18.1,20.6,0.0,28.0,4.4,11.4,10.2,1012.1,1006.1,62.0,91.0,49.0
2019-06-15,6000A,MELILLA,52,MELILLA,351635N,025723W,52.0,26.4,16.8,21.6,0.0,23.0,3.3,10.3,13.0,1012.8,1010.1,39.0,77.0,25.0
2019-06-16,6000A,MELILLA,52,MELILLA,351635N,025723W,52.0,23.2,16.7,20.0,0.0,6.0,2.8,6.9,11.6,1012.9,1009.7,70.0,83.0,60.0
2019-06-17,6000A,MELILLA,52,MELILLA,351635N,025723W,52.0,24.1,17.6,20.8,0.0,5.0,2.2,6.9,12.0,1012.3,1009.0,74.0,89.0,66.0
2019-06-18,6000A,MELILLA,52,MELILLA,351635N,025723W,52.0,25.0,19.1,22.0,0.0,28.0,3.1,10.0,11.3,1010.4,1008.3,62.0,86.0,30.0
2019-06-19,6000A,MELILLA,52,MELILLA,351635N,025723W,52.0,26.0,19.8,22.9,0.0,26.0,5.0,11.1,12.6,1010.2,1006.9,54.0,74.0,40.0
2019-06-20,6000A,MELILLA,52,MELILLA,351635N,025723W,52.0,25.7,19.5,22.6,0.0,26.0,6.7,15.0,13.0,1009.0,1006.1,54.0,78.0,46.0
2019-06-21,6000A,MELILLA,52,MELILLA,351635N,025723W,52.0,27.2,19.5,23.4,0.0,26.0,4.2,14.2,13.2,1009.2,1006.9,42.0,71.0,35.0
2019-06-22,6000A,MELILLA,52,MELILLA,351635N,025723W,52.0,24.3,18.2,21.2,0.0,10.0,3.6,8.3,12.7,1009.6,1007.1,73.0,85.0,57.0
2019-06-23,6000A,MELILLA,52,MELILLA,351635N,025723W,52.0,25.1,20.6,22.8,0.0,5.0,3.6,8.3,8.7,1008.3,1005.6,70.0,86.0,60.0
2019-06-24,6000A,MELILLA,52,MELILLA,351635N,025723W,52.0,27.3,18.8,23.0,0.0,4.0,1.7,7.2,12.6,1009.2,1007.0,66.0,87.0,54.0
2019-06-25,6000A,MELILLA,52,MELILLA,351635N,025723W,52.0,27.2,19.9,23.6,0.0,5.0,2.5,5.8,12.5,1010.1,1007.9,68.0,88.0,49.0
2019-06-26,6000A,MELILLA,52,MELILLA,351635N,025723W,52.0,26.6,21.4,24.0,0.0,35.0,3.1,7.5,8.3,1011.3,1008.7,69.0,89.0,57.0
2019-06-27,6000A,MELILLA,52,MELILLA,351635N,025723W,52.0,27.6,22.6,25.1,0.0,31.0,2.5,8.1,4.8,1010.6,1007.8,76.0,85.0,62.0
2019-06-28,6000A,MELILLA,52,MELILLA,351635N,025723W,52.0,26.9,22.2,24.6,0.0,8.0,2.8,7.8,3.7,1009.7,1006.4,79.0,89.0,69.0
2019-06-29,6000A,MELILLA,52,MELILLA,351635N,025723W,52.0,28.4,21.5,25.0,0.0,35.0,1.9,6.7,11.3,1009.6,1006.5,67.0,89.0,56.0
2019-06-30,6000A,MELILLA,52,MELILLA,351635N,025723W,52.0,31.4,21.8,26.6,0.0,27.0,1.9,8.1,12.5,1011.5,1008.8,59.0,77.0,39.0
2019-07-01,6000A,MELILLA,52,MELILLA,351635N,025723W,52.0,30.0,22.4,26.2,0.0,24.0,3.6,11.1,12.6,1011.2,1007.5,54.0,74.0,39.0
2019-07-02,6000A,MELILLA,52,MELILLA,351635N,025723W,52.0,28.2,22.8,25.5,0.0,26.0,3.1,11.1,13.1,1009.2,1006.2,51.0,59.0,43.0
2019-07-03,6000A,MELILLA,52,MELILLA,351635N,025723W,52.0,26.9,20.6,23.8,0.0,31.0,3.3,8.3,12.7,1008.6,1006.2,70.0,84.0,55.0
2019-07-04,6000A,MELILLA,52,MELILLA,351635N,025723W,52.0,26.8,20.9,23.8,0.0,26.0,2.2,8.3,10.7,1011.1,1007.2,66.0,87.0,55.0
2019-07-05,6000A,MELILLA,52,MELILLA,351635N,025723W,52.0,27.7,21.3,24.5,0.0,2.0,3.1,8.1,9.8,1011.8,1008.6,65.0,81.0,54.0
2019-07-06,6000A,MELILLA,52,MELILLA,351635N,025723W,52.0,32.3,23.0,27.6,0.0,26.0,3.3,12.5,7.7,1010.1,1006.1,63.0,86.0,30.0
2019-07-07,6000A,MELILLA,52,MELILLA,351635N,025723W,52.0,27.5,22.8,25.2,0.0,26.0,3.1,16.1,1.4,1010.1,1004.2,54.0,67.0,40.0
2019-07-08,6000A,MELILLA,52,MELILLA,351635N,025723W,52.0,27.2,21.1,24.2,0.0,99.0,6.1,14.2,11.9,1009.2,1006.1,54.0,71.0,42.0
2019-07-09,6000A,MELILLA,52,MELILLA,351635N,025723W,52.0,28.4,19.9,24.2,0.0,28.0,3.3,9.7,12.8,1009.0,1005.9,50.0,74.0,38.0
2019-07-10,6000A,MELILLA,52,MELILLA,351635N,025723W,52.0,27.3,19.6,23.4,0.0,6.0,3.1,7.2,11.7,1007.6,1005.6,71.0,83.0,43.0
2019-07-11,6000A,MELILLA,52,MELILLA,351635N,025723W,52.0,27.0,22.1,24.6,0.0,6.0,3.6,7.2,7.1,1008.4,1006.1,81.0,90.0,74.0
2019-07-12,6000A,MELILLA,52,MELILLA,351635N,025723W,52.0,27.7,21.9,24.8,0.0,26.0,2.8,9.4,7.8,1010.0,1007.0,76.0,94.0,61.0
2019-07-13,6000A,MELILLA,52,MELILLA,351635N,025723W,52.0,30.0,22.6,26.3,0.0,26.0,3.1,11.9,11.9,1009.6,1006.6,59.0,85.0,45.0
2019-07-14,6000A,MELILLA,52,MELILLA,351635N,025723W,52.0,31.1,22.3,26.7,0.0,25.0,5.6,12.5,12.2,1008.2,1005.5,42.0,74.0,35.0
2019-07-15,6000A,MELILLA,52,MELILLA,351635N,025723W,52.0,33.1,23.9,28.5,0.0,27.0,4.2,13.6,12.7,1006.7,1004.7,37.0,79.0,34.0
2019-07-16,6000A,MELILLA,52,MELILLA,351635N,025723W,52.0,29.2,22.4,25.8,0.0,32.0,2.5,6.7,12.7,1008.1,1005.2,50.0,72.0,42.0
2019-07-17,6000A,MELILLA,52,MELILLA,351635N,025723W,52.0,26.2,21.0,23.6,0.0,28.0,4.4,11.4,9.7,1009.3,1006.8,66.0,85.0,53.0
2019-07-18,6000A,MELILLA,52,MELILLA,351635N,025723W,52.0,26.6,20.5,23.6,0.0,6.0,2.8,8.6,12.6,1009.1,1006.7,71.0,85.0,56.0
2019-07-19,6000A,MELILLA,52,MELILLA,351635N,025723W,52.0,26.8,21.8,24.3,0.0,6.0,3.3,8.3,1.1,1007.9,1004.5,81.0,85.0,74.0
2019-07-20,6000A,MELILLA,52,MELILLA,351635N,025723W,52.0,29.4,24.6,27.0,0.0,4.0,3.3,8.3,9.5,1010.4,1005.5,68.0,84.0,57.0
2019-07-21,6000A,MELILLA,52,MELILLA,351635N,025723W,52.0,28.8,24.7,26.8,0.0,2.0,4.4,8.3,5.9,1012.5,1009.2,76.0,89.0,60.0
2019-07-22,6000A,MELILLA,52,MELILLA,351635N,025723W,52.0,27.9,24.6,26.2,0.0,11.0,4.2,10.3,0.6,1012.2,1008.2,83.0,92.0,73.0
2019-07-23,6000A,MELILLA,52,MELILLA,351635N,025723W,52.0,28.4,24.5,26.4,0.0,99.0,2.8,8.1,2.2,1010.0,1007.1,78.0,91.0,70.0
2019-07-24,6000A,MELILLA,52,MELILLA,351635N,025723W,52.0,28.5,24.1,26.3,0.0,3.0,2.8,7.2,9.4,1008.5,1006.3,77.0,88.0,69.0
2019-07-25,6000A,MELILLA,52,MELILLA,351635N,025723W,52.0,29.3,24.2,26.8,0.0,5.0,2.5,6.4,11.4,1008.6,1006.5,73.0,86.0,64.0
2019-07-26,6000A,MELILLA,52,MELILLA,351635N,025723W,52.0,31.1,23.2,27.2,0.0,26.0,4.7,15.3,11.3,1008.0,1005.2,58.0,90.0,23.0
2019-07-27,6000A,MELILLA,52,MELILLA,351635N,025723W,52.0,28.2,22.3,25.2,0.0,26.0,5.6,15.6,12.7,1007.1,1003.8,50.0,77.0,33.0
2019-07-28,6000A,MELILLA,52,MELILLA,351635N,025723W,52.0,28.2,22.3,25.2,0.0,26.0,3.9,12.2,12.6,1005.7,1003.3,63.0,81.0,52.0
2019-07-29,6000A,MELILLA,52,MELILLA,351635N,025723W,52.0,29.5,21.1,25.3,0.0,32.0,2.8,8.3,12.3,1006.7,1004.4,61.0,81.0,40.0
2019-07-30,6000A,MELILLA,52,MELILLA,351635N,025723W,52.0,33.7,23.0,28.4,0.0,10.0,2.2,7.8,12.2,1007.4,1003.9,50.0,81.0,29.0
2019-07-31,6000A,MELILLA,52,MELILLA,351635N,025723W,52.0,28.6,24.2,26.4,0.0,9.0,4.7,10.6,4.7,1007.1,1003.8,82.0,88.0,72.0
2019-08-01,6000A,MELILLA,52,MELILLA,351635N,025723W,52.0,27.6,24.1,25.8,0.0,3.0,3.3,8.1,2.9,1008.0,1005.2,83.0,92.0,74.0
2019-08-02,6000A,MELILLA,52,MELILLA,351635N,025723W,52.0,30.7,23.2,27.0,0.0,5.0,2.8,9.4,9.8,1008.3,1006.9,77.0,88.0,59.0
2019-08-03,6000A,MELILLA,52,MELILLA,351635N,025723W,52.0,28.6,24.3,26.4,0.0,6.0,3.1,6.1,10.6,1008.9,1006.1,76.0,89.0,65.0
2019-08-04,6000A,MELILLA,52,MELILLA,351635N,025723W,52.0,29.3,23.6,26.4,0.0,4.0,2.5,6.9,11.5,1008.9,1006.4,73.0,89.0,56.0
2019-08-05,6000A,MELILLA,52,MELILLA,351635N,025723W,52.0,30.1,24.7,27.4,0.0,2.0,2.2,6.1,11.8,1008.3,1005.8,73.0,89.0,57.0
2019-08-06,6000A,MELILLA,52,MELILLA,351635N,025723W,52.0,33.6,25.0,29.3,0.0,26.0,3.6,12.8,6.9,1008.0,1003.5,41.0,79.0,23.0
2019-08-07,6000A,MELILLA,52,MELILLA,351635N,025723W,52.0,34.4,27.7,31.0,0.0,27.0,4.2,11.1,8.4,1007.0,1004.1,21.0,48.0,15.0
2019-08-08,6000A,MELILLA,52,MELILLA,351635N,025723W,52.0,34.9,26.3,30.6,0.0,23.0,3.6,12.2,11.7,1008.2,1006.2,40.0,72.0,21.0
2019-08-09,6000A,MELILLA,52,MELILLA,351635N,025723W,52.0,33.7,26.1,29.9,0.0,25.0,5.3,11.9,11.5,1010.0,1007.7,34.0,49.0,18.0
2019-08-10,6000A,MELILLA,52,MELILLA,351635N,025723W,52.0,32.6,25.6,29.1,0.0,26.0,3.3,13.9,10.5,1010.9,1007.7,47.0,65.0,39.0
2019-08-11,6000A,MELILLA,52,MELILLA,351635N,025723W,52.0,32.6,26.4,29.5,0.0,25.0,5.6,14.7,10.3,1009.9,1006.5,26.0,53.0,20.0
2019-08-12,6000A,MELILLA,52,MELILLA,351635N,025723W,52.0,32.2,22.8,27.5,0.0,26.0,4.2,12.5,11.7,1009.5,1006.5,30.0,53.0,18.0
2019-08-13,6000A,MELILLA,52,MELILLA,351635N,025723W,52.0,29.3,20.3,24.8,0.0,2.0,3.1,7.5,11.8,1011.8,1008.2,59.0,89.0,34.0
2019-08-14,6000A,MELILLA,52,MELILLA,351635N,025723W,52.0,29.0,24.4,26.7,0.0,8.0,4.4,8.3,10.5,1012.7,1010.0,77.0,90.0,68.0
2019-08-15,6000A,MELILLA,52,MELILLA,351635N,025723W,52.0,28.7,23.7,26.2,0.0,2.0,3.6,7.5,10.5,1011.3,1009.6,72.0,86.0,61.0
2019-08-16,6000A,MELILLA,52,MELILLA,351635N,025723W,52.0,29.2,22.8,26.0,0.0,6.0,2.2,6.7,10.0,1011.2,1008.9,77.0,89.0,65.0
2019-08-17,6000A,MELILLA,52,MELILLA,351635N,025723W,52.0,28.6,22.7,25.6,0.0,5.0,2.5,6.1,11.3,1010.2,1006.0,76.0,88.0,67.0
2019-08-18,6000A,MELILLA,52,MELILLA,351635N,025723W,52.0,30.3,24.0,27.2,0.0,27.0,2.2,10.3,11.5,1008.0,1005.4,59.0,88.0,35.0
2019-08-19,6000A,MELILLA,52,MELILLA,351635N,025723W,52.0,33.7,24.8,29.2,0.0,27.0,3.1,8.9,12.1,1008.6,1005.9,36.0,65.0,27.0
2019-08-20,6000A,MELILLA,52,MELILLA,351635N,025723W,52.0,32.5,24.2,28.4,0.0,26.0,3.1,9.4,12.0,1010.5,1007.5,26.0,84.0,16.0
2019-08-21,6000A,MELILLA,52,MELILLA,351635N,025723W,52.0,29.2,24.4,26.8,0.0,6.0,4.7,9.7,8.5,1011.9,1009.2,75.0,85.0,64.0
2019-08-22,6000A,MELILLA,52,MELILLA,351635N,025723W,52.0,28.4,24.7,26.6,0.0,8.0,6.1,11.7,8.2,1012.1,1009.9,73.0,86.0,65.0
2019-08-23,6000A,MELILLA,52,MELILLA,351635N,025723W,52.0,28.1,24.1,26.1,0.0,9.0,4.7,9.7,7.8,1011.9,1010.1,75.0,86.0,67.0
2019-08-24,6000A,MELILLA,52,MELILLA,351635N,025723W,52.0,27.6,23.5,25.6,0.0,9.0,3.9,7.8,9.9,1011.9,1009.7,76.0,86.0,67.0
2019-08-25,6000A,MELILLA,52,MELILLA,351635N,025723W,52.0,27.6,23.3,25.4,0.0,10.0,4.2,8.1,9.3,1010.6,1007.4,77.0,87.0,67.0
2019-08-26,6000A,MELILLA,52,MELILLA,351635N,025723W,52.0,27.3,24.1,25.7,0.0,1.0,3.1,8.6,2.3,1008.0,1006.0,82.0,90.0,76.0
2019-08-27,6000A,MELILLA,52,MELILLA,351635N,025723W,52.0,28.8,22.2,25.5,0.0,26.0,2.5,8.9,11.0,1011.3,1007.5,67.0,91.0,53.0
2019-08-28,6000A,MELILLA,52,MELILLA,351635N,025723W,52.0,27.6,20.0,23.8,0.0,99.0,2.5,6.7,9.8,1011.4,1009.0,79.0,90.0,64.0
2019-08-29,6000A,MELILLA,52,MELILLA,351635N,025723W,52.0,27.6,22.9,25.2,1.6,13.0,3.1,7.2,2.0,1013.5,1009.5,84.0,94.0,64.0
2019-08-30,6000A,MELILLA,52,MELILLA,351635N,025723W,52.0,28.0,21.7,24.8,0.0,8.0,1.9,6.4,9.6,1013.5,1010.5,82.0,93.0,69.0
2019-08-31,6000A,MELILLA,52,MELILLA,351635N,025723W,52.0,28.1,22.9,25.5,0.0,6.0,2.5,6.4,11.5,1011.2,1008.0,77.0,91.0,66.0
2019-09-01,6000A,MELILLA,52,MELILLA,351635N,025723W,52.0,29.9,21.9,25.9,0.0,6.0,2.5,6.1,10.8,1009.2,1006.5,62.0,90.0,46.0
2019-09-02,6000A,MELILLA,52,MELILLA,351635N,025723W,52.0,28.4,21.5,25.0,0.0,6.0,2.8,7.5,7.4,1011.9,1006.6,81.0,90.0,55.0
2019-09-03,6000A,MELILLA,52,MELILLA,351635N,025723W,52.0,28.4,24.3,26.4,0.0,9.0,3.3,7.5,5.7,1013.6,1011.0,84.0,94.0,72.0
2019-09-04,6000A,MELILLA,52,MELILLA,351635N,025723W,52.0,28.4,23.0,25.7,0.0,99.0,2.8,6.7,9.3,1013.4,1009.1,79.0,94.0,66.0
2019-09-05,6000A,MELILLA,52,MELILLA,351635N,025723W,52.0,28.0,23.2,25.6,0.0,3.0,3.6,7.2,7.8,1010.5,1008.6,78.0,91.0,66.0
2019-09-06,6000A,MELILLA,52,MELILLA,351635N,025723W,52.0,27.9,24.0,26.0,0.0,8.0,4.4,8.3,9.4,1011.1,1008.1,75.0,86.0,67.0
2019-09-07,6000A,MELILLA,52,MELILLA,351635N,025723W,52.0,27.5,23.6,25.6,0.8,9.0,5.8,10.6,4.4,1010.3,1008.0,75.0,88.0,67.0
2019-09-08,6000A,MELILLA,52,MELILLA,351635N,025723W,52.0,25.5,21.7,23.6,4.0,8.0,3.6,6.9,0.6,1011.5,1007.9,87.0,92.0,80.0
2019-09-09,6000A,MELILLA,52,MELILLA,351635N,025723W,52.0,26.5,21.1,23.8,17.7,99.0,1.7,5.8,6.9,1012.2,1009.4,81.0,91.0,66.0
2019-09-10,6000A,MELILLA,52,MELILLA,351635N,025723W,52.0,28.6,21.3,25.0,0.0,25.0,4.4,14.7,11.6,1009.4,1006.2,51.0,74.0,31.0
2019-09-11,6000A,MELILLA,52,MELILLA,351635N,025723W,52.0,24.8,18.1,21.4,0.4,27.0,2.5,11.4,4.2,1013.5,1007.1,56.0,85.0,43.0
2019-09-12,6000A,MELILLA,52,MELILLA,351635N,025723W,52.0,23.7,16.8,20.2,0.0,5.0,3.3,9.2,10.5,1015.2,1012.0,69.0,87.0,57.0
2019-09-13,6000A,MELILLA,52,MELILLA,351635N,025723W,52.0,24.8,19.5,22.2,0.0,8.0,2.5,8.1,4.1,1013.4,1010.2,80.0,92.0,70.0
2019-09-14,6000A,MELILLA,52,MELILLA,351635N,025723W,52.0,26.2,22.7,24.4,0.0,6.0,4.2,9.7,3.3,1012.1,1009.4,88.0,95.0,77.0
2019-09-15,6000A,MELILLA,52,MELILLA,351635N,025723W,52.0,26.3,21.7,24.0,0.0,10.0,1.7,6.1,4.8,1012.7,1010.1,86.0,95.0,77.0
2019-09-16,6000A,MELILLA,52,MELILLA,351635N,025723W,52.0,26.7,20.6,23.6,0.0,8.0,1.4,5.6,8.0,1013.2,1010.6,84.0,95.0,71.0
2019-09-17,6000A,MELILLA,52,MELILLA,351635N,025723W,52.0,26.2,22.8,24.5,0.0,10.0,3.1,6.9,4.8,1011.4,1007.6,81.0,91.0,71.0
2019-09-18,6000A,MELILLA,52,MELILLA,351635N,025723W,52.0,27.1,21.5,24.3,0.0,24.0,1.9,7.2,5.5,1010.6,1007.9,77.0,93.0,66.0
2019-09-19,6000A,MELILLA,52,MELILLA,351635N,025723W,52.0,26.0,19.4,22.7,0.0,3.0,2.2,6.1,10.4,1010.9,1008.6,77.0,86.0,62.0
2019-09-20,6000A,MELILLA,52,MELILLA,351635N,025723W,52.0,26.8,22.3,24.6,0.0,3.0,3.9,7.5,0.6,1009.7,1006.8,87.0,91.0,77.0
2019-09-21,6000A,MELILLA,52,MELILLA,351635N,025723W,52.0,28.6,22.1,25.4,0.0,28.0,2.8,8.1,2.1,1009.1,1006.2,78.0,93.0,63.0
2019-09-22,6000A,MELILLA,52,MELILLA,351635N,025723W,52.0,27.5,21.1,24.3,0.0,27.0,3.9,12.8,10.0,1011.9,1007.9,67.0,88.0,51.0
2019-09-23,6000A,MELILLA,52,MELILLA,351635N,025723W,52.0,28.0,20.8,24.4,0.0,23.0,2.2,7.8,10.7,1014.1,1011.2,62.0,80.0,47.0
2019-09-24,6000A,MELILLA,52,MELILLA,351635N,025723W,52.0,28.7,19.3,24.0,0.0,31.0,1.7,6.9,11.2,1013.6,1010.2,70.0,86.0,41.0
2019-09-25,6000A,MELILLA,52,MELILLA,351635N,025723W,52.0,31.1,21.6,26.4,0.0,26.0,3.3,10.8,11.2,1011.0,1008.5,38.0,77.0,30.0
2019-09-26,6000A,MELILLA,52,MELILLA,351635N,025723W,52.0,28.9,20.9,24.9,0.0,7.0,1.9,5.6,11.1,1012.7,1009.9,54.0,81.0,38.0
2019-09-27,6000A,MELILLA,52,MELILLA,351635N,025723W,52.0,26.2,20.5,23.4,0.0,31.0,1.9,5.8,10.5,1013.3,1010.6,79.0,89.0,65.0
2019-09-28,6000A,MELILLA,52,MELILLA,351635N,025723W,52.0,26.7,21.5,24.1,0.0,6.0,2.5,5.8,7.9,1013.5,1011.0,81.0,90.0,66.0
2019-09-29,6000A,MELILLA,52,MELILLA,351635N,025723W,52.0,28.0,20.4,24.2,0.0,12.0,2.2,6.4,9.4,1012.9,1010.6,80.0,91.0,66.0
2019-09-30,6000A,MELILLA,52,MELILLA,351635N,025723W,52.0,27.2,20.3,23.8,0.0,8.0,1.7,5.0,9.4,1011.7,1008.4,82.0,96.0,54.0
2019-10-01,6000A,MELILLA,52,MELILLA,351635N,025723W,52.0,32.1,20.0,26.0,0.0,26.0,4.7,15.0,10.5,1009.6,1006.5,43.0,91.0,15.0
2019-10-02,6000A,MELILLA,52,MELILLA,351635N,025723W,52.0,27.6,22.0,24.8,0.0,25.0,4.7,16.9,10.4,1011.0,1008.2,58.0,68.0,39.0
2019-10-03,6000A,MELILLA,52,MELILLA,351635N,025723W,52.0,26.7,20.6,23.6,0.0,27.0,4.7,12.8,10.5,1013.0,1009.5,46.0,67.0,37.0
2019-10-04,6000A,MELILLA,52,MELILLA,351635N,025723W,52.0,27.8,17.9,22.8,0.0,26.0,1.7,7.5,10.7,1012.1,1009.1,48.0,73.0,27.0
2019-10-05,6000A,MELILLA,52,MELILLA,351635N,025723W,52.0,28.4,18.4,23.4,0.0,28.0,1.7,7.5,10.5,1010.6,1008.5,45.0,81.0,35.0
2019-10-06,6000A,MELILLA,52,MELILLA,351635N,025723W,52.0,28.5,18.2,23.4,0.0,30.0,2.2,6.1,10.5,1012.8,1010.2,55.0,79.0,36.0
2019-10-07,6000A,MELILLA,52,MELILLA,351635N,025723W,52.0,31.7,18.9,25.3,0.0,99.0,1.9,5.0,10.5,1011.6,1009.0,47.0,74.0,26.0
2019-10-08,6000A,MELILLA,52,MELILLA,351635N,025723W,52.0,25.6,19.1,22.4,0.0,8.0,2.5,8.1,9.5,1013.0,1010.1,78.0,89.0,64.0
2019-10-09,6000A,MELILLA,52,MELILLA,351635N,025723W,52.0,24.7,19.3,22.0,0.0,4.0,2.2,6.4,10.3,1011.2,1009.2,79.0,90.0,68.0
2019-10-10,6000A,MELILLA,52,MELILLA,351635N,025723W,52.0,24.9,20.4,22.6,0.0,7.0,4.2,7.8,4.1,1013.6,1010.3,81.0,91.0,72.0
2019-10-11,6000A,MELILLA,52,MELILLA,351635N,025723W,52.0,25.0,20.9,23.0,0.0,9.0,3.3,7.5,1.6,1014.0,1010.8,84.0,90.0,78.0
2019-10-12,6000A,MELILLA,52,MELILLA,351635N,025723W,52.0,25.1,19.9,22.5,0.0,5.0,1.9,6.7,8.1,1011.3,1008.7,82.0,91.0,72.0
2019-10-13,6000A,MELILLA,52,MELILLA,351635N,025723W,52.0,24.9,18.8,21.8,0.0,8.0,1.9,7.8,8.3,1010.8,1007.5,85.0,93.0,73.0
2019-10-14,6000A,MELILLA,52,MELILLA,351635N,025723W,52.0,26.4,19.5,23.0,0.0,27.0,4.2,12.2,6.2,1014.2,1006.4,77.0,92.0,56.0
2019-10-15,6000A,MELILLA,52,MELILLA,351635N,025723W,52.0,23.3,16.5,19.9,0.0,27.0,3.3,9.2,9.3,1015.5,1013.2,60.0,79.0,19.0
2019-10-16,6000A,MELILLA,52,MELILLA,351635N,025723W,52.0,23.3,15.0,19.2,0.0,5.0,2.2,6.1,10.0,1015.0,1011.9,61.0,76.0,46.0
2019-10-17,6000A,MELILLA,52,MELILLA,351635N,025723W,52.0,24.0,15.8,19.9,0.0,26.0,1.9,8.1,9.9,1014.2,1011.8,60.0,78.0,45.0
2019-10-18,6000A,MELILLA,52,MELILLA,351635N,025723W,52.0,25.7,16.3,21.0,0.0,26.0,1.4,6.9,10.0,1013.4,1008.8,56.0,74.0,40.0
2019-10-19,6000A,MELILLA,52,MELILLA,351635N,025723W,52.0,25.9,18.4,22.2,0.0,26.0,3.3,7.5,9.4,1008.8,1004.2,67.0,78.0,52.0
2019-10-20,6000A,MELILLA,52,MELILLA,351635N,025723W,52.0,22.0,17.6,19.8,5.4,27.0,5.3,13.1,4.9,1010.6,1002.6,65.0,75.0,54.0
2019-10-21,6000A,MELILLA,52,MELILLA,351635N,025723W,52.0,18.7,14.4,16.6,29.0,15.0,1.1,4.7,0.0,1011.3,1008.4,78.0,95.0,67.0
2019-10-22,6000A,MELILLA,52,MELILLA,351635N,025723W,52.0,19.7,13.3,16.5,0.0,24.0,2.2,7.8,3.7,1009.1,1003.2,68.0,95.0,50.0
2019-10-23,6000A,MELILLA,52,MELILLA,351635N,025723W,52.0,21.4,14.2,17.8,0.0,23.0,2.8,10.3,8.2,1011.0,1004.5,47.0,77.0,39.0
2019-10-24,6000A,MELILLA,52,MELILLA,351635N,025723W,52.0,20.4,14.3,17.4,0.0,27.0,2.8,12.5,8.1,1017.0,1010.9,65.0,75.0,53.0
2019-10-25,6000A,MELILLA,52,MELILLA,351635N,025723W,52.0,22.6,12.6,17.6,0.0,8.0,2.5,6.7,10.0,1016.9,1014.6,66.0,80.0,42.0
2019-10-26,6000A,MELILLA,52,MELILLA,351635N,025723W,52.0,23.9,13.9,18.9,0.0,99.0,1.9,5.0,9.9,1015.2,1012.6,74.0,90.0,46.0
2019-10-27,6000A,MELILLA,52,MELILLA,351635N,025723W,52.0,21.8,15.7,18.8,0.0,2.0,1.9,6.1,9.4,1015.6,1013.1,81.0,93.0,68.0
2019-10-28,6000A,MELILLA,52,MELILLA,351635N,025723W,52.0,20.8,15.6,18.2,0.0,27.0,1.9,6.7,1.8,1014.0,1011.7,84.0,94.0,72.0
2019-10-29,6000A,MELILLA,52,MELILLA,351635N,025723W,52.0,25.1,15.5,20.3,0.0,27.0,2.5,8.1,9.3,1013.8,1010.6,64.0,90.0,51.0
2019-10-30,6000A,MELILLA,52,MELILLA,351635N,025723W,52.0,25.0,18.4,21.7,0.0,26.0,3.6,9.4,8.9,1017.6,1013.5,59.0,77.0,49.0
2019-10-31,6000A,MELILLA,52,MELILLA,351635N,025723W,52.0,24.7,20.0,22.4,0.0,25.0,4.7,15.3,9.6,1018.4,1015.8,65.0,77.0,54.0
2019-11-01,6000A,MELILLA,52,MELILLA,351635N,025723W,52.0,24.4,21.1,22.8,0.0,27.0,5.3,18.6,7.5,1016.7,1013.4,73.0,79.0,65.0
2019-11-02,6000A,MELILLA,52,MELILLA,351635N,025723W,52.0,24.4,20.1,22.2,0.0,26.0,3.6,14.4,5.9,1013.4,1007.4,70.0,82.0,60.0
2019-11-03,6000A,MELILLA,52,MELILLA,351635N,025723W,52.0,23.4,19.2,21.3,0.0,30.0,5.6,19.7,5.2,1010.9,1005.5,70.0,81.0,56.0
2019-11-04,6000A,MELILLA,52,MELILLA,351635N,025723W,52.0,23.1,18.5,20.8,0.0,24.0,4.2,11.4,8.4,1012.0,1007.8,71.0,81.0,59.0
2019-11-05,6000A,MELILLA,52,MELILLA,351635N,025723W,52.0,19.5,15.5,17.5,1.8,25.0,5.3,17.5,4.5,1012.5,1006.8,69.0,90.0,55.0
2019-11-06,6000A,MELILLA,52,MELILLA,351635N,025723W,52.0,19.8,16.2,18.0,0.0,26.0,3.9,16.9,8.6,1012.0,1008.9,65.0,80.0,54.0
2019-11-07,6000A,MELILLA,52,MELILLA,351635N,025723W,52.0,22.3,16.0,19.2,0.0,25.0,3.9,15.6,8.2,1010.3,1007.2,62.0,76.0,47.0
2019-11-08,6000A,MELILLA,52,MELILLA,351635N,025723W,52.0,18.5,15.0,16.8,,25.0,3.6,18.6,6.0,1015.6,1008.3,54.0,69.0,47.0
2019-11-09,6000A,MELILLA,52,MELILLA,351635N,025723W,52.0,18.8,13.8,16.3,0.0,26.0,4.2,12.5,9.3,1017.6,1012.7,48.0,69.0,37.0
2019-11-10,6000A,MELILLA,52,MELILLA,351635N,025723W,52.0,17.6,15.4,16.5,0.2,26.0,5.0,23.6,0.0,1012.8,1008.6,67.0,80.0,50.0
2019-11-11,6000A,MELILLA,52,MELILLA,351635N,025723W,52.0,17.1,15.1,16.1,0.0,24.0,4.2,19.2,0.5,1012.2,1007.2,75.0,88.0,55.0
2019-11-12,6000A,MELILLA,52,MELILLA,351635N,025723W,52.0,20.1,16.4,18.2,0.0,26.0,4.2,16.9,8.5,1008.7,1006.6,73.0,89.0,62.0
2019-11-13,6000A,MELILLA,52,MELILLA,351635N,025723W,52.0,21.6,16.1,18.8,0.0,26.0,6.4,17.5,8.9,1009.5,1006.6,68.0,77.0,40.0
2019-11-14,6000A,MELILLA,52,MELILLA,351635N,025723W,52.0,20.5,12.8,16.6,3.8,26.0,4.4,15.3,5.0,1009.0,1000.3,72.0,89.0,46.0
2019-11-15,6000A,MELILLA,52,MELILLA,351635N,025723W,52.0,16.7,10.8,13.8,32.6,29.0,3.9,15.8,3.4,1003.1,1001.1,51.0,71.0,40.0
2019-11-16,6000A,MELILLA,52,MELILLA,351635N,025723W,52.0,15.1,7.0,11.0,0.0,27.0,3.9,13.9,8.5,1013.0,1002.8,56.0,84.0,47.0
2019-11-17,6000A,MELILLA,52,MELILLA,351635N,025723W,52.0,18.4,11.7,15.0,,25.0,3.1,9.7,7.5,1014.4,1008.2,46.0,67.0,30.0
2019-11-18,6000A,MELILLA,52,MELILLA,351635N,025723W,52.0,17.2,12.0,14.6,8.6,28.0,4.2,15.0,5.2,1011.5,1004.8,66.0,92.0,47.0
2019-11-19,6000A,MELILLA,52,MELILLA,351635N,025723W,52.0,17.3,10.2,13.8,0.0,26.0,1.9,7.5,7.3,1012.8,1009.1,68.0,77.0,53.0
2019-11-20,6000A,MELILLA,52,MELILLA,351635N,025723W,52.0,18.4,9.3,13.8,0.0,18.0,1.7,5.8,5.8,1009.1,1005.0,60.0,77.0,43.0
2019-11-21,6000A,MELILLA,52,MELILLA,351635N,025723W,52.0,19.7,12.5,16.1,0.6,24.0,1.4,6.7,0.8,1006.3,1003.4,66.0,83.0,52.0
2019-11-22,6000A,MELILLA,52,MELILLA,351635N,025723W,52.0,22.1,13.2,17.6,9.2,21.0,2.5,15.0,0.1,1003.5,995.9,62.0,86.0,52.0
2019-11-23,6000A,MELILLA,52,MELILLA,351635N,025723W,52.0,18.4,15.0,16.7,0.0,26.0,4.7,16.7,3.8,1008.7,997.1,72.0,92.0,62.0
2019-11-24,6000A,MELILLA,52,MELILLA,351635N,025723W,52.0,18.0,14.5,16.2,0.0,25.0,4.4,15.3,7.8,1012.2,1007.2,67.0,79.0,50.0
2019-11-25,6000A,MELILLA,52,MELILLA,351635N,025723W,52.0,20.8,14.2,17.5,0.0,27.0,5.0,12.8,8.8,1013.3,1010.7,67.0,76.0,54.0
2019-11-26,6000A,MELILLA,52,MELILLA,351635N,025723W,52.0,23.4,16.8,20.1,0.0,28.0,3.6,9.7,8.6,1011.4,1008.3,71.0,82.0,58.0
2019-11-27,6000A,MELILLA,52,MELILLA,351635N,025723W,52.0,21.2,14.6,17.9,0.0,25.0,3.6,10.3,7.5,1011.7,1008.5,77.0,86.0,59.0
2019-11-28,6000A,MELILLA,52,MELILLA,351635N,025723W,52.0,21.1,15.8,18.4,0.0,26.0,1.9,6.7,7.0,1014.1,1011.1,63.0,78.0,49.0
2019-11-29,6000A,MELILLA,52,MELILLA,351635N,025723W,52.0,21.1,13.0,17.0,0.0,24.0,1.1,7.5,8.7,1015.6,1013.0,67.0,79.0,50.0
2019-11-30,6000A,MELILLA,52,MELILLA,351635N,025723W,52.0,20.2,11.9,16.0,0.0,25.0,1.4,9.2,8.7,1016.2,1011.8,71.0,81.0,60.0
2019-12-01,6000A,MELILLA,52,MELILLA,351635N,025723W,52.0,20.6,13.7,17.2,1.0,26.0,4.2,9.2,6.1,1011.8,1004.4,67.0,88.0,52.0
2019-12-02,6000A,MELILLA,52,MELILLA,351635N,025723W,52.0,16.8,12.3,14.6,5.0,14.0,3.1,8.9,3.1,1004.7,1001.9,82.0,93.0,67.0
2019-12-03,6000A,MELILLA,52,MELILLA,351635N,025723W,52.0,15.0,11.8,13.4,18.4,1.0,3.9,15.6,0.0,1004.4,999.6,89.0,98.0,71.0
2019-12-04,6000A,MELILLA,52,MELILLA,351635N,025723W,52.0,17.4,12.7,15.0,5.4,26.0,3.6,10.3,1.6,1004.8,1001.1,82.0,89.0,68.0
2019-12-05,6000A,MELILLA,52,MELILLA,351635N,025723W,52.0,16.7,12.0,14.4,0.0,7.0,3.3,7.5,2.6,1009.4,1004.3,83.0,91.0,75.0
2019-12-06,6000A,MELILLA,52,MELILLA,351635N,025723W,52.0,18.2,15.4,16.8,0.0,6.0,3.6,11.1,8.6,1013.7,1008.6,84.0,91.0,70.0
2019-12-07,6000A,MELILLA,52,MELILLA,351635N,025723W,52.0,16.8,12.4,14.6,0.0,6.0,3.6,9.2,0.0,1019.2,1013.4,87.0,93.0,82.0
2019-12-08,6000A,MELILLA,52,MELILLA,351635N,025723W,52.0,17.8,10.9,14.4,0.0,26.0,1.7,8.9,8.7,1020.6,1018.3,77.0,94.0,58.0
2019-12-09,6000A,MELILLA,52,MELILLA,351635N,025723W,52.0,19.7,13.9,16.8,0.0,28.0,4.7,12.2,7.5,1022.1,1018.9,72.0,82.0,61.0
2019-12-10,6000A,MELILLA,52,MELILLA,351635N,025723W,52.0,20.3,11.6,16.0,0.0,26.0,1.7,6.9,8.9,1021.5,1018.4,80.0,93.0,62.0
2019-12-11,6000A,MELILLA,52,MELILLA,351635N,025723W,52.0,19.8,12.0,15.9,0.0,26.0,5.6,15.0,8.9,1018.9,1016.3,59.0,92.0,40.0
2019-12-12,6000A,MELILLA,52,MELILLA,351635N,025723W,52.0,16.3,13.9,15.1,0.0,26.0,7.8,20.0,3.8,1018.7,1013.7,63.0,81.0,52.0
2019-12-13,6000A,MELILLA,52,MELILLA,351635N,025723W,52.0,18.1,15.6,16.8,0.0,27.0,9.2,25.3,6.0,1014.8,1011.6,74.0,81.0,53.0
2019-12-14,6000A,MELILLA,52,MELILLA,351635N,025723W,52.0,17.8,14.1,16.0,0.0,25.0,3.9,16.7,2.8,1015.0,1012.7,76.0,81.0,70.0
2019-12-15,6000A,MELILLA,52,MELILLA,351635N,025723W,52.0,18.2,12.0,15.1,0.0,28.0,2.2,7.2,8.2,1012.7,1005.4,71.0,87.0,61.0
2019-12-16,6000A,MELILLA,52,MELILLA,351635N,025723W,52.0,16.9,11.8,14.4,,26.0,1.4,14.4,2.6,1005.4,992.3,83.0,89.0,72.0
2019-12-17,6000A,MELILLA,52,MELILLA,351635N,025723W,52.0,16.3,13.3,14.8,0.4,99.0,5.6,16.9,4.4,1010.3,994.8,61.0,90.0,47.0
2019-12-18,6000A,MELILLA,52,MELILLA,351635N,025723W,52.0,19.0,10.8,14.9,0.0,99.0,3.3,11.9,8.1,1015.3,1010.2,53.0,71.0,34.0
2019-12-19,6000A,MELILLA,52,MELILLA,351635N,025723W,52.0,21.5,10.5,16.0,0.0,24.0,2.2,10.8,7.5,1014.1,1008.7,56.0,70.0,36.0
2019-12-20,6000A,MELILLA,52,MELILLA,351635N,025723W,52.0,23.2,20.4,21.8,0.0,21.0,8.3,18.3,0.5,1008.9,1005.1,43.0,54.0,37.0
2019-12-21,6000A,MELILLA,52,MELILLA,351635N,025723W,52.0,23.7,18.1,20.9,0.8,26.0,2.2,14.2,7.2,1014.7,1007.1,60.0,81.0,46.0
2019-12-22,6000A,MELILLA,52,MELILLA,351635N,025723W,52.0,20.4,16.1,18.2,0.0,24.0,3.9,12.2,0.7,1020.0,1014.3,78.0,90.0,66.0
2019-12-23,6000A,MELILLA,52,MELILLA,351635N,025723W,52.0,21.6,13.5,17.6,0.0,26.0,1.9,16.1,8.8,1022.4,1018.0,70.0,88.0,51.0
2019-12-24,6000A,MELILLA,52,MELILLA,351635N,025723W,52.0,19.2,11.9,15.6,0.0,30.0,1.7,7.2,7.9,1021.0,1018.2,81.0,98.0,47.0
2019-12-25,6000A,MELILLA,52,MELILLA,351635N,025723W,52.0,18.2,10.9,14.6,0.0,25.0,2.2,7.2,8.1,1019.3,1016.8,85.0,94.0,72.0
2019-12-26,6000A,MELILLA,52,MELILLA,351635N,025723W,52.0,18.2,9.0,13.6,0.0,11.0,1.4,3.6,8.7,1019.8,1016.9,81.0,96.0,64.0
2019-12-27,6000A,MELILLA,52,MELILLA,351635N,025723W,52.0,15.8,12.0,13.9,0.0,9.0,3.6,6.7,0.0,1022.0,1019.5,79.0,97.0,75.0
2019-12-28,6000A,MELILLA,52,MELILLA,351635N,025723W,52.0,17.7,13.3,15.5,0.0,8.0,3.3,6.4,5.1,1023.3,1020.3,76.0,85.0,63.0
2019-12-29,6000A,MELILLA,52,MELILLA,351635N,025723W,52.0,17.4,12.6,15.0,0.0,9.0,2.5,5.8,5.4,1025.3,1022.2,77.0,83.0,64.0
2019-12-30,6000A,MELILLA,52,MELILLA,351635N,025723W,52.0,16.8,12.6,14.7,0.0,9.0,2.5,6.4,3.8,1026.2,1023.3,71.0,78.0,55.0
2019-12-31,6000A,MELILLA,52,MELILLA,351635N,025723W,52.0,16.3,10.3,13.3,0.0,9.0,1.9,5.8,8.7,1026.4,1023.6,74.0,89.0,60.0
2020-01-01,6000A,MELILLA,52,MELILLA,351635N,025723W,52.0,16.6,8.5,12.6,0.0,12.0,1.9,5.0,8.8,1026.4,1023.7,78.0,91.0,55.0
2020-01-02,6000A,MELILLA,52,MELILLA,351635N,025723W,52.0,16.2,9.5,12.8,0.0,8.0,1.7,4.4,6.8,1026.5,1024.0,82.0,93.0,69.0
2020-01-03,6000A,MELILLA,52,MELILLA,351635N,025723W,52.0,15.4,9.8,12.6,0.0,23.0,1.9,5.0,7.1,1026.9,1023.8,77.0,89.0,65.0
2020-01-04,6000A,MELILLA,52,MELILLA,351635N,025723W,52.0,17.5,8.8,13.2,0.0,11.0,2.2,5.8,6.5,1025.9,1023.2,75.0,93.0,58.0
2020-01-05,6000A,MELILLA,52,MELILLA,351635N,025723W,52.0,16.0,10.4,13.2,0.0,9.0,2.2,6.4,8.2,1023.7,1020.5,73.0,82.0,61.0
2020-01-06,6000A,MELILLA,52,MELILLA,351635N,025723W,52.0,16.8,11.6,14.2,0.0,7.0,1.9,5.0,3.4,1024.0,1020.3,67.0,82.0,58.0
2020-01-07,6000A,MELILLA,52,MELILLA,351635N,025723W,52.0,16.4,8.9,12.6,0.0,14.0,2.2,5.8,8.3,1025.4,1022.9,73.0,88.0,59.0
2020-01-08,6000A,MELILLA,52,MELILLA,351635N,025723W,52.0,16.0,7.3,11.6,0.0,9.0,1.9,5.0,8.4,1023.1,1020.9,75.0,91.0,56.0
2020-01-09,6000A,MELILLA,52,MELILLA,351635N,025723W,52.0,16.0,10.1,13.0,0.0,35.0,1.4,3.9,1.2,1022.6,1019.4,74.0,91.0,57.0
2020-01-10,6000A,MELILLA,52,MELILLA,351635N,025723W,52.0,17.0,9.7,13.4,3.8,25.0,2.2,10.0,3.6,1020.5,1016.6,75.0,92.0,61.0
2020-01-11,6000A,MELILLA,52,MELILLA,351635N,025723W,52.0,14.6,11.4,13.0,2.8,6.0,4.2,13.1,0.4,1024.3,1019.8,81.0,93.0,66.0
2020-01-12,6000A,MELILLA,52,MELILLA,351635N,025723W,52.0,16.9,9.0,13.0,0.0,12.0,1.4,5.8,8.6,1024.8,1022.3,81.0,95.0,64.0
2020-01-13,6000A,MELILLA,52,MELILLA,351635N,025723W,52.0,17.1,7.0,12.0,0.0,12.0,2.5,6.7,8.9,1023.2,1017.5,74.0,91.0,45.0
2020-01-14,6000A,MELILLA,52,MELILLA,351635N,025723W,52.0,16.9,8.5,12.7,0.0,27.0,2.5,5.0,8.6,1018.9,1017.0,72.0,88.0,52.0
2020-01-15,6000A,MELILLA,52,MELILLA,351635N,025723W,52.0,19.7,9.0,14.4,0.0,14.0,1.7,4.2,8.1,1022.1,1017.9,62.0,80.0,44.0
2020-01-16,6000A,MELILLA,52,MELILLA,351635N,025723W,52.0,18.5,8.1,13.3,0.0,99.0,1.9,4.7,8.7,1024.0,1020.8,56.0,75.0,39.0
2020-01-17,6000A,MELILLA,52,MELILLA,351635N,025723W,52.0,20.8,8.9,14.8,0.0,26.0,2.2,7.5,8.9,1026.5,1023.6,40.0,70.0,24.0
2020-01-18,6000A,MELILLA,52,MELILLA,351635N,025723W,52.0,18.8,10.1,14.4,1.6,31.0,1.7,5.3,3.6,1025.5,1017.2,57.0,71.0,40.0
2020-01-19,6000A,MELILLA,52,MELILLA,351635N,025723W,52.0,17.1,10.3,13.7,2.0,26.0,4.7,19.2,4.7,1017.2,1007.4,66.0,90.0,44.0
2020-01-20,6000A,MELILLA,52,MELILLA,351635N,025723W,52.0,12.2,9.6,10.9,1.4,5.0,3.9,11.9,0.2,1008.7,1004.7,77.0,88.0,70.0
2020-01-21,6000A,MELILLA,52,MELILLA,351635N,025723W,52.0,15.1,9.5,12.3,3.0,25.0,2.2,9.4,5.5,1008.8,1004.5,77.0,92.0,63.0
2020-01-22,6000A,MELILLA,52,MELILLA,351635N,025723W,52.0,18.6,9.8,14.2,0.0,13.0,1.9,6.7,8.0,1011.5,1007.6,64.0,89.0,45.0
2020-01-23,6000A,MELILLA,52,MELILLA,351635N,025723W,52.0,19.9,9.0,14.4,0.0,10.0,1.7,5.8,7.1,1013.0,1009.9,66.0,85.0,42.0
2020-01-24,6000A,MELILLA,52,MELILLA,351635N,025723W,52.0,19.1,10.9,15.0,0.0,26.0,2.8,6.4,9.2,1014.9,1011.6,70.0,88.0,47.0
2020-01-25,6000A,MELILLA,52,MELILLA,351635N,025723W,52.0,19.5,10.6,15.0,0.0,20.0,2.2,12.8,2.5,1014.4,1010.0,64.0,89.0,41.0
2020-01-26,6000A,MELILLA,52,MELILLA,351635N,025723W,52.0,17.4,11.2,14.3,0.0,28.0,2.8,8.6,6.5,1020.2,1014.4,74.0,83.0,62.0
2020-01-27,6000A,MELILLA,52,MELILLA,351635N,025723W,52.0,17.6,10.0,13.8,0.0,25.0,1.9,6.4,9.5,1021.0,1018.3,69.0,81.0,49.0
2020-01-28,6000A,MELILLA,52,MELILLA,351635N,025723W,52.0,19.4,12.0,15.7,0.0,26.0,2.8,8.1,9.5,1020.8,1017.8,57.0,72.0,50.0
2020-01-29,6000A,MELILLA,52,MELILLA,351635N,025723W,52.0,19.9,10.1,15.0,0.0,26.0,1.7,4.2,9.5,1019.6,1017.3,60.0,79.0,38.0
2020-01-30,6000A,MELILLA,52,MELILLA,351635N,025723W,52.0,23.0,11.1,17.0,0.0,99.0,3.3,8.3,8.5,1020.6,1017.7,47.0,81.0,22.0
2020-01-31,6000A,MELILLA,52,MELILLA,351635N,025723W,52.0,23.0,15.0,19.0,0.0,25.0,3.9,10.6,9.2,1020.0,1016.8,29.0,47.0,21.0
2020-02-01,6000A,MELILLA,52,MELILLA,351635N,025723W,52.0,21.6,13.2,17.4,0.0,27.0,3.6,11.9,9.0,1021.2,1017.6,58.0,79.0,35.0
2020-02-02,6000A,MELILLA,52,MELILLA,351635N,025723W,52.0,20.6,12.4,16.5,0.0,13.0,2.5,5.6,8.8,1023.3,1020.7,71.0,84.0,57.0
2020-02-03,6000A,MELILLA,52,MELILLA,351635N,025723W,52.0,18.9,11.2,15.0,0.0,32.0,1.9,5.8,9.0,1023.7,1021.0,84.0,98.0,68.0
2020-02-04,6000A,MELILLA,52,MELILLA,351635N,025723W,52.0,16.8,9.4,13.1,0.0,5.0,1.9,4.2,6.4,1022.7,1017.5,91.0,100.0,78.0
2020-02-05,6000A,MELILLA,52,MELILLA,351635N,025723W,52.0,15.6,11.2,13.4,0.0,10.0,3.1,7.8,0.2,1020.8,1017.6,87.0,99.0,75.0
2020-02-06,6000A,MELILLA,52,MELILLA,351635N,025723W,52.0,17.1,11.7,14.4,0.0,8.0,3.3,9.7,5.4,1019.2,1016.4,74.0,86.0,67.0
2020-02-07,6000A,MELILLA,52,MELILLA,351635N,025723W,52.0,17.5,11.5,14.5,0.0,34.0,1.7,5.6,4.2,1019.4,1016.6,78.0,87.0,64.0
2020-02-08,6000A,MELILLA,52,MELILLA,351635N,025723W,52.0,19.6,12.2,15.9,0.0,25.0,2.2,7.8,5.5,1021.9,1018.1,70.0,86.0,59.0
2020-02-09,6000A,MELILLA,52,MELILLA,351635N,025723W,52.0,20.1,11.9,16.0,0.0,4.0,2.5,7.5,9.1,1026.4,1020.9,71.0,88.0,52.0
2020-02-10,6000A,MELILLA,52,MELILLA,351635N,025723W,52.0,17.4,10.2,13.8,0.0,8.0,1.7,5.3,9.2,1027.3,1022.9,84.0,94.0,66.0
2020-02-11,6000A,MELILLA,52,MELILLA,351635N,025723W,52.0,22.1,10.5,16.3,0.0,26.0,1.7,8.6,9.5,1022.9,1018.0,62.0,93.0,44.0
2020-02-12,6000A,MELILLA,52,MELILLA,351635N,025723W,52.0,21.0,13.7,17.4,0.0,23.0,2.8,9.2,9.4,1018.9,1016.2,69.0,83.0,49.0
2020-02-13,6000A,MELILLA,52,MELILLA,351635N,025723W,52.0,20.1,13.7,16.9,0.0,99.0,3.1,7.5,7.9,1019.5,1016.9,72.0,88.0,57.0
2020-02-14,6000A,MELILLA,52,MELILLA,351635N,025723W,52.0,19.6,11.0,15.3,0.0,7.0,2.5,6.1,10.1,1019.6,1016.6,79.0,91.0,58.0
2020-02-15,6000A,MELILLA,52,MELILLA,351635N,025723W,52.0,18.2,11.6,14.9,0.0,8.0,1.9,5.3,7.5,1022.3,1017.8,82.0,94.0,68.0
2020-02-16,6000A,MELILLA,52,MELILLA,351635N,025723W,52.0,16.8,13.1,15.0,0.0,17.0,1.9,5.0,2.3,1023.0,1020.6,83.0,91.0,73.0
2020-02-17,6000A,MELILLA,52,MELILLA,351635N,025723W,52.0,20.9,10.1,15.5,0.0,26.0,1.4,7.2,8.7,1022.3,1019.3,77.0,100.0,50.0
2020-02-18,6000A,MELILLA,52,MELILLA,351635N,025723W,52.0,18.0,13.0,15.5,0.0,6.0,2.5,7.2,3.7,1022.7,1019.7,79.0,85.0,63.0
2020-02-19,6000A,MELILLA,52,MELILLA,351635N,025723W,52.0,16.6,15.0,15.8,0.0,8.0,6.4,12.2,0.0,1023.5,1020.1,82.0,86.0,78.0
2020-02-20,6000A,MELILLA,52,MELILLA,351635N,025723W,52.0,17.6,14.7,16.2,0.0,99.0,2.8,8.6,3.3,1020.1,1015.9,78.0,85.0,72.0
2020-02-21,6000A,MELILLA,52,MELILLA,351635N,025723W,52.0,17.2,14.8,16.0,0.0,8.0,5.0,9.4,2.0,1023.1,1018.6,76.0,84.0,67.0
2020-02-22,6000A,MELILLA,52,MELILLA,351635N,025723W,52.0,17.8,14.8,16.3,0.0,99.0,4.7,8.3,7.4,1025.9,1022.6,75.0,86.0,64.0
2020-02-23,6000A,MELILLA,52,MELILLA,351635N,025723W,52.0,17.1,14.5,15.8,0.0,8.0,3.9,7.8,1.8,1027.1,1023.1,80.0,88.0,73.0
2020-02-24,6000A,MELILLA,52,MELILLA,351635N,025723W,52.0,19.3,11.6,15.4,0.0,1.0,1.9,5.3,8.3,1023.9,1017.2,77.0,91.0,61.0
2020-02-25,6000A,MELILLA,52,MELILLA,351635N,025723W,52.0,21.8,11.3,16.6,0.0,27.0,5.6,14.2,10.3,1017.5,1013.5,51.0,91.0,36.0
2020-02-26,6000A,MELILLA,52,MELILLA,351635N,025723W,52.0,19.4,14.6,17.0,0.0,26.0,6.9,16.9,10.2,1016.1,1013.2,69.0,83.0,59.0
2020-02-27,6000A,MELILLA,52,MELILLA,351635N,025723W,52.0,21.7,12.7,17.2,0.0,27.0,2.2,10.0,10.6,1017.3,1014.5,45.0,66.0,30.0
2020-02-28,6000A,MELILLA,52,MELILLA,351635N,025723W,52.0,19.7,10.1,14.9,0.0,9.0,1.9,5.3,10.4,1015.9,1012.5,51.0,67.0,39.0
2020-02-29,6000A,MELILLA,52,MELILLA,351635N,025723W,52.0,20.7,12.6,16.6,0.0,26.0,4.4,12.2,8.8,1013.7,1011.2,73.0,86.0,40.0
2020-03-01,6000A,MELILLA,52,MELILLA,351635N,025723W,52.0,19.8,14.8,17.3,0.0,26.0,3.6,13.1,6.8,1014.7,1011.4,69.0,79.0,64.0
2020-03-02,6000A,MELILLA,52,MELILLA,351635N,025723W,52.0,23.8,15.3,19.6,0.0,27.0,4.2,15.6,5.8,1015.0,1009.1,68.0,86.0,39.0
2020-03-03,6000A,MELILLA,52,MELILLA,351635N,025723W,52.0,19.3,14.7,17.0,0.0,24.0,5.3,16.7,9.5,1017.7,1013.9,70.0,81.0,56.0
2020-03-04,6000A,MELILLA,52,MELILLA,351635N,025723W,52.0,21.1,15.8,18.4,0.0,26.0,6.4,15.6,10.7,1016.7,1012.2,61.0,73.0,53.0
2020-03-05,6000A,MELILLA,52,MELILLA,351635N,025723W,52.0,19.8,16.2,18.0,0.0,28.0,5.6,18.3,9.7,1012.7,1008.6,68.0,78.0,58.0
2020-03-06,6000A,MELILLA,52,MELILLA,351635N,025723W,52.0,18.4,14.4,16.4,0.0,27.0,6.9,20.0,10.8,1016.5,1011.9,62.0,74.0,47.0
2020-03-07,6000A,MELILLA,52,MELILLA,351635N,025723W,52.0,19.0,12.7,15.8,0.0,26.0,3.1,12.5,10.1,1019.6,1015.9,60.0,73.0,47.0
2020-03-08,6000A,MELILLA,52,MELILLA,351635N,025723W,52.0,21.3,10.1,15.7,0.0,8.0,2.2,6.4,10.8,1020.2,1017.3,50.0,70.0,33.0
2020-03-09,6000A,MELILLA,52,MELILLA,351635N,025723W,52.0,24.3,13.3,18.8,0.0,25.0,3.6,13.1,10.8,1018.1,1015.2,32.0,68.0,22.0
2020-03-10,6000A,MELILLA,52,MELILLA,351635N,025723W,52.0,22.7,14.6,18.6,0.0,28.0,2.5,11.7,10.9,1021.0,1015.9,52.0,90.0,28.0
2020-03-11,6000A,MELILLA,52,MELILLA,351635N,025723W,52.0,20.9,12.2,16.6,0.0,9.0,2.5,5.8,11.0,1019.0,1013.9,65.0,88.0,37.0
2020-03-12,6000A,MELILLA,52,MELILLA,351635N,025723W,52.0,22.9,15.0,19.0,0.0,27.0,3.1,8.6,10.2,1013.9,1009.8,62.0,88.0,44.0
2020-03-13,6000A,MELILLA,52,MELILLA,351635N,025723W,52.0,21.8,14.4,18.1,0.0,26.0,2.5,7.5,7.7,1012.6,1009.8,60.0,87.0,48.0
2020-03-14,6000A,MELILLA,52,MELILLA,351635N,025723W,52.0,18.6,12.1,15.4,0.0,8.0,2.2,6.7,6.8,1014.2,1011.3,77.0,85.0,68.0
2020-03-15,6000A,MELILLA,52,MELILLA,351635N,025723W,52.0,17.1,13.3,15.2,0.0,8.0,1.7,5.0,0.0,1012.1,1007.4,79.0,90.0,73.0
2020-03-16,6000A,MELILLA,52,MELILLA,351635N,025723W,52.0,19.4,12.9,16.2,0.0,27.0,3.6,16.4,4.6,1012.1,1006.1,57.0,91.0,39.0
2020-03-17,6000A,MELILLA,52,MELILLA,351635N,025723W,52.0,18.2,9.6,13.9,0.4,9.0,5.6,14.2,2.3,1013.8,1010.9,69.0,93.0,54.0
2020-03-18,6000A,MELILLA,52,MELILLA,351635N,025723W,52.0,17.2,15.5,16.4,0.2,6.0,8.9,16.7,0.0,1014.0,1011.5,87.0,93.0,83.0
2020-03-19,6000A,MELILLA,52,MELILLA,351635N,025723W,52.0,16.4,14.2,15.3,1.2,7.0,7.2,13.3,0.0,1012.9,1008.1,94.0,98.0,85.0
2020-03-20,6000A,MELILLA,52,MELILLA,351635N,025723W,52.0,16.0,14.3,15.2,5.2,6.0,6.1,13.3,0.0,1009.0,1006.9,92.0,98.0,86.0
2020-03-21,6000A,MELILLA,52,MELILLA,351635N,025723W,52.0,18.1,12.5,15.3,,27.0,3.3,9.4,6.1,1009.0,1005.8,72.0,97.0,60.0
2020-03-22,6000A,MELILLA,52,MELILLA,351635N,025723W,52.0,16.7,11.2,14.0,1.2,2.0,1.7,7.5,3.1,1007.5,1003.2,73.0,90.0,55.0
2020-03-23,6000A,MELILLA,52,MELILLA,351635N,025723W,52.0,16.4,12.0,14.2,0.4,6.0,4.7,11.7,0.8,1006.8,1001.8,79.0,91.0,75.0
2020-03-24,6000A,MELILLA,52,MELILLA,351635N,025723W,52.0,17.0,14.7,15.8,8.8,6.0,9.4,18.9,0.0,1005.8,998.3,,99.0,82.0
2020-03-25,6000A,MELILLA,52,MELILLA,351635N,025723W,52.0,15.9,10.4,13.2,0.0,4.0,4.2,15.6,0.3,1010.8,1005.8,67.0,90.0,59.0
2020-03-26,6000A,MELILLA,52,MELILLA,351635N,025723W,52.0,21.3,9.1,15.2,0.0,26.0,5.0,13.3,11.7,1009.0,1002.6,59.0,89.0,43.0
2020-03-27,6000A,MELILLA,52,MELILLA,351635N,025723W,52.0,20.2,14.1,17.2,0.0,99.0,3.1,8.3,9.9,1007.1,1002.4,68.0,81.0,50.0
2020-03-28,6000A,MELILLA,52,MELILLA,351635N,025723W,52.0,15.8,13.5,14.6,0.0,5.0,4.7,10.8,1.0,1013.6,1006.6,78.0,84.0,72.0
2020-03-29,6000A,MELILLA,52,MELILLA,351635N,025723W,52.0,17.8,10.2,14.0,0.0,7.0,2.5,6.4,11.3,1013.3,1009.3,66.0,87.0,46.0
2020-03-30,6000A,MELILLA,52,MELILLA,351635N,025723W,52.0,20.4,12.7,16.6,0.0,3.0,3.1,6.9,11.3,1009.4,1000.6,66.0,85.0,50.0
2020-03-31,6000A,MELILLA,52,MELILLA,351635N,025723W,52.0,20.4,14.6,17.5,0.6,31.0,2.2,8.6,3.9,1005.6,998.4,75.0,89.0,50.0
2020-04-01,6000A,MELILLA,52,MELILLA,351635N,025723W,52.0,20.7,13.4,17.0,1.6,30.0,2.5,8.6,6.2,1008.8,1004.6,76.0,93.0,49.0
2020-04-02,6000A,MELILLA,52,MELILLA,351635N,025723W,52.0,19.7,12.0,15.8,3.6,26.0,2.8,11.1,4.7,1008.6,1004.6,69.0,91.0,42.0
2020-04-03,6000A,MELILLA,52,MELILLA,351635N,025723W,52.0,18.3,13.0,15.6,0.0,30.0,4.4,10.8,11.5,1011.4,1008.1,66.0,82.0,53.0
2020-04-04,6000A,MELILLA,52,MELILLA,351635N,025723W,52.0,18.0,13.7,15.8,0.0,8.0,4.2,8.6,3.8,1011.1,1007.5,77.0,86.0,65.0
2020-04-05,6000A,MELILLA,52,MELILLA,351635N,025723W,52.0,18.1,13.9,16.0,0.0,3.0,3.9,7.2,0.5,1014.8,1010.0,83.0,89.0,78.0
2020-04-06,6000A,MELILLA,52,MELILLA,351635N,025723W,52.0,18.7,13.0,15.8,0.0,99.0,2.2,5.3,2.5,1017.7,1013.4,81.0,92.0,71.0
2020-04-07,6000A,MELILLA,52,MELILLA,351635N,025723W,52.0,18.9,14.3,16.6,0.0,8.0,3.9,7.2,3.5,1018.5,1016.1,82.0,93.0,75.0
2020-04-08,6000A,MELILLA,52,MELILLA,351635N,025723W,52.0,18.5,14.7,16.6,0.0,8.0,4.2,8.1,3.9,1018.1,1014.1,80.0,88.0,70.0
2020-04-09,6000A,MELILLA,52,MELILLA,351635N,025723W,52.0,17.5,14.9,16.2,2.8,9.0,2.2,6.7,0.0,1015.0,1012.0,88.0,93.0,83.0
2020-04-10,6000A,MELILLA,52,MELILLA,351635N,025723W,52.0,18.6,15.1,16.8,0.0,7.0,3.3,6.7,8.8,1015.9,1013.6,83.0,94.0,72.0
2020-04-11,6000A,MELILLA,52,MELILLA,351635N,025723W,52.0,18.4,12.9,15.6,5.4,8.0,4.2,8.9,1.0,1015.2,1011.0,85.0,93.0,75.0
2020-04-12,6000A,MELILLA,52,MELILLA,351635N,025723W,52.0,17.2,14.7,16.0,20.2,11.0,4.4,10.0,0.0,1011.8,1003.8,96.0,99.0,83.0
2020-04-13,6000A,MELILLA,52,MELILLA,351635N,025723W,52.0,,,,1.0,17.0,1.9,6.4,2.0,1005.6,1001.9,92.0,99.0,80.0
2020-04-14,6000A,MELILLA,52,MELILLA,351635N,025723W,52.0,19.5,13.3,16.4,2.0,7.0,2.5,6.1,4.2,1006.0,1003.9,83.0,91.0,69.0
2020-04-15,6000A,MELILLA,52,MELILLA,351635N,025723W,52.0,,,,0.0,4.0,3.3,8.1,6.0,1011.8,1004.5,84.0,94.0,68.0
2020-04-16,6000A,MELILLA,52,MELILLA,351635N,025723W,52.0,18.7,16.0,17.4,0.0,8.0,4.2,7.8,1.8,1011.4,1009.2,87.0,95.0,80.0
2020-04-17,6000A,MELILLA,52,MELILLA,351635N,025723W,52.0,,,,,3.0,2.2,6.1,0.0,1010.8,1008.4,86.0,94.0,78.0
2020-04-18,6000A,MELILLA,52,MELILLA,351635N,025723W,52.0,,,,4.4,5.0,1.9,5.3,,1009.1,1004.9,93.0,97.0,86.0
2020-04-19,6000A,MELILLA,52,MELILLA,351635N,025723W,52.0,,,,0.4,27.0,5.6,16.1,1.3,1006.2,1001.7,78.0,93.0,61.0
2020-04-20,6000A,MELILLA,52,MELILLA,351635N,025723W,52.0,20.7,13.5,17.1,6.0,27.0,5.0,17.2,9.4,1008.7,1005.3,67.0,88.0,59.0
2020-04-21,6000A,MELILLA,52,MELILLA,351635N,025723W,52.0,20.7,12.8,16.8,,26.0,3.3,14.2,6.5,1008.3,1004.1,56.0,90.0,42.0
2020-04-22,6000A,MELILLA,52,MELILLA,351635N,025723W,52.0,21.7,15.1,18.4,0.0,25.0,3.9,13.1,12.2,1011.8,1006.9,57.0,85.0,42.0
2020-04-23,6000A,MELILLA,52,MELILLA,351635N,025723W,52.0,19.7,14.3,17.0,0.0,6.0,5.0,10.8,10.6,1011.7,1008.5,79.0,92.0,67.0
2020-04-24,6000A,MELILLA,52,MELILLA,351635N,025723W,52.0,18.2,15.2,16.7,4.8,99.0,5.0,9.4,0.0,1009.2,1003.8,87.0,95.0,81.0
2020-04-25,6000A,MELILLA,52,MELILLA,351635N,025723W,52.0,19.7,15.5,17.6,6.4,27.0,1.9,15.8,1.8,1007.8,1002.4,87.0,96.0,72.0
2020-04-26,6000A,MELILLA,52,MELILLA,351635N,025723W,52.0,21.5,14.8,18.2,0.0,26.0,3.6,9.7,12.0,1009.3,1006.8,61.0,85.0,43.0
2020-04-27,6000A,MELILLA,52,MELILLA,351635N,025723W,52.0,22.2,15.3,18.8,0.0,31.0,2.5,7.8,8.0,1010.6,1007.5,57.0,78.0,46.0
2020-04-28,6000A,MELILLA,52,MELILLA,351635N,025723W,52.0,22.3,14.7,18.5,0.0,26.0,1.9,8.9,9.2,1013.3,1009.5,55.0,73.0,50.0
2020-04-29,6000A,MELILLA,52,MELILLA,351635N,025723W,52.0,22.8,16.5,19.6,0.0,30.0,3.9,10.3,12.2,1015.4,1012.2,55.0,72.0,39.0
2020-04-30,6000A,MELILLA,52,MELILLA,351635N,025723W,52.0,23.2,15.8,19.5,0.0,26.0,5.0,13.3,12.3,1015.9,1013.0,63.0,78.0,49.0
2020-05-01,6000A,MELILLA,52,MELILLA,351635N,025723W,52.0,25.1,17.3,21.2,0.0,27.0,3.1,10.6,12.4,1015.9,1013.4,54.0,75.0,44.0
2020-05-02,6000A,MELILLA,52,MELILLA,351635N,025723W,52.0,27.0,18.2,22.6,0.0,4.0,1.9,5.6,12.6,1014.8,1012.0,53.0,80.0,41.0
2020-05-03,6000A,MELILLA,52,MELILLA,351635N,025723W,52.0,26.2,17.8,22.0,0.0,10.0,2.5,5.3,12.5,1012.0,1007.4,61.0,85.0,45.0
2020-05-04,6000A,MELILLA,52,MELILLA,351635N,025723W,52.0,25.6,17.9,21.8,0.0,26.0,3.6,14.4,10.3,1009.6,1005.2,76.0,93.0,61.0
2020-05-05,6000A,MELILLA,52,MELILLA,351635N,025723W,52.0,28.3,18.9,23.6,0.0,26.0,3.9,11.1,12.1,1010.1,1007.7,46.0,78.0,31.0
2020-05-06,6000A,MELILLA,52,MELILLA,351635N,025723W,52.0,28.0,18.6,23.3,0.0,25.0,3.9,11.9,12.1,1010.1,1007.6,43.0,84.0,27.0
2020-05-07,6000A,MELILLA,52,MELILLA,351635N,025723W,52.0,21.3,17.7,19.5,0.0,8.0,3.9,8.6,1.0,1010.6,1007.1,80.0,91.0,72.0
2020-05-08,6000A,MELILLA,52,MELILLA,351635N,025723W,52.0,22.4,17.7,20.0,0.0,3.0,2.5,11.4,4.8,1011.4,1004.5,82.0,91.0,70.0
2020-05-09,6000A,MELILLA,52,MELILLA,351635N,025723W,52.0,23.1,17.7,20.4,0.8,26.0,3.1,8.6,5.6,1009.8,1005.0,70.0,90.0,58.0
2020-05-10,6000A,MELILLA,52,MELILLA,351635N,025723W,52.0,22.5,16.0,19.2,0.0,26.0,3.1,10.0,9.7,1008.5,1004.8,67.0,84.0,52.0
2020-05-11,6000A,MELILLA,52,MELILLA,351635N,025723W,52.0,24.8,16.1,20.4,0.0,32.0,2.5,9.2,12.4,1008.4,1005.0,58.0,79.0,36.0
2020-05-12,6000A,MELILLA,52,MELILLA,351635N,025723W,52.0,21.0,15.1,18.0,0.2,26.0,2.8,12.8,3.5,1005.1,1002.3,67.0,88.0,52.0
2020-05-13,6000A,MELILLA,52,MELILLA,351635N,025723W,52.0,21.3,14.5,17.9,23.8,2.0,2.8,8.3,10.6,1004.4,998.0,70.0,94.0,58.0
2020-05-14,6000A,MELILLA,52,MELILLA,351635N,025723W,52.0,23.2,13.7,18.4,4.2,24.0,3.9,13.3,10.0,1005.6,1001.6,48.0,89.0,34.0
2020-05-15,6000A,MELILLA,52,MELILLA,351635N,025723W,52.0,22.2,13.7,18.0,0.0,18.0,1.9,9.4,6.0,1008.0,1004.0,60.0,87.0,41.0
2020-05-16,6000A,MELILLA,52,MELILLA,351635N,025723W,52.0,22.3,15.6,19.0,0.0,9.0,2.2,6.7,6.0,1013.8,1006.6,67.0,84.0,50.0
2020-05-17,6000A,MELILLA,52,MELILLA,351635N,025723W,52.0,21.4,14.0,17.7,0.0,9.0,3.1,6.4,12.5,1017.0,1012.9,69.0,86.0,59.0
2020-05-18,6000A,MELILLA,52,MELILLA,351635N,025723W,52.0,23.6,14.7,19.2,0.0,6.0,2.2,6.4,12.7,1016.7,1014.0,59.0,84.0,42.0
2020-05-19,6000A,MELILLA,52,MELILLA,351635N,025723W,52.0,26.1,16.1,21.1,0.0,6.0,2.2,6.1,12.8,1014.7,1010.1,49.0,73.0,37.0
2020-05-20,6000A,MELILLA,52,MELILLA,351635N,025723W,52.0,28.1,17.7,22.9,0.0,8.0,2.2,5.0,12.0,1011.2,1009.0,59.0,77.0,38.0
2020-05-21,6000A,MELILLA,52,MELILLA,351635N,025723W,52.0,31.8,19.7,25.8,0.0,26.0,1.9,5.8,12.8,1014.9,1010.1,47.0,72.0,30.0
2020-05-22,6000A,MELILLA,52,MELILLA,351635N,025723W,52.0,28.8,19.5,24.2,0.0,7.0,2.2,5.6,12.8,1016.5,1013.8,46.0,75.0,28.0
2020-05-23,6000A,MELILLA,52,MELILLA,351635N,025723W,52.0,25.4,19.2,22.3,0.0,7.0,2.5,6.7,12.7,1017.7,1015.0,78.0,88.0,51.0
2020-05-24,6000A,MELILLA,52,MELILLA,351635N,025723W,52.0,24.1,19.2,21.6,0.0,7.0,5.3,9.2,5.6,1018.4,1015.6,75.0,89.0,67.0
2020-05-25,6000A,MELILLA,52,MELILLA,351635N,025723W,52.0,23.5,19.9,21.7,0.0,6.0,5.3,9.2,7.0,1017.9,1015.3,76.0,83.0,68.0
2020-05-26,6000A,MELILLA,52,MELILLA,351635N,025723W,52.0,22.2,19.6,20.9,0.0,7.0,4.7,9.4,1.0,1016.2,1014.3,79.0,87.0,72.0
2020-05-27,6000A,MELILLA,52,MELILLA,351635N,025723W,52.0,21.6,19.3,20.4,0.0,7.0,4.7,10.0,0.7,1015.6,1013.6,84.0,89.0,80.0
2020-05-28,6000A,MELILLA,52,MELILLA,351635N,025723W,52.0,21.1,19.0,20.0,0.0,8.0,4.4,10.0,0.0,1014.6,1011.1,86.0,94.0,82.0
2020-05-29,6000A,MELILLA,52,MELILLA,351635N,025723W,52.0,21.4,18.4,19.9,0.0,6.0,3.9,7.5,0.0,1011.1,1006.5,84.0,94.0,79.0
2020-05-30,6000A,MELILLA,52,MELILLA,351635N,025723W,52.0,22.9,18.3,20.6,0.0,99.0,4.7,9.2,9.3,1008.7,1005.6,76.0,90.0,65.0
2020-05-31,6000A,MELILLA,52,MELILLA,351635N,025723W,52.0,23.4,19.0,21.2,0.0,34.0,2.8,8.6,5.1,1007.3,1004.3,76.0,88.0,68.0
2020-06-01,6000A,MELILLA,52,MELILLA,351635N,025723W,52.0,23.8,17.6,20.7,0.0,8.0,2.2,5.8,12.4,1009.7,1006.9,74.0,89.0,66.0
2020-06-02,6000A,MELILLA,52,MELILLA,351635N,025723W,52.0,24.8,17.5,21.2,0.0,2.0,3.6,7.5,11.3,1009.9,1007.1,71.0,90.0,60.0
2020-06-03,6000A,MELILLA,52,MELILLA,351635N,025723W,52.0,26.9,17.7,22.3,0.0,26.0,4.2,12.8,12.0,1008.0,1002.8,52.0,86.0,43.0
2020-06-04,6000A,MELILLA,52,MELILLA,351635N,025723W,52.0,26.3,19.5,22.9,0.0,24.0,4.7,14.2,13.0,1008.2,1002.6,61.0,76.0,51.0
2020-06-05,6000A,MELILLA,52,MELILLA,351635N,025723W,52.0,26.8,19.3,23.0,0.0,26.0,3.3,11.4,13.2,1008.8,1006.6,55.0,74.0,47.0
2020-06-06,6000A,MELILLA,52,MELILLA,351635N,025723W,52.0,27.1,20.4,23.8,1.6,25.0,2.5,10.0,7.5,1008.0,1002.4,54.0,80.0,42.0
2020-06-07,6000A,MELILLA,52,MELILLA,351635N,025723W,52.0,25.4,20.1,22.8,0.0,26.0,3.6,13.6,8.5,1008.0,1004.6,67.0,81.0,56.0
2020-06-08,6000A,MELILLA,52,MELILLA,351635N,025723W,52.0,24.2,19.1,21.6,0.0,26.0,5.3,13.1,12.2,1010.5,1007.0,61.0,77.0,53.0
2020-06-09,6000A,MELILLA,52,MELILLA,351635N,025723W,52.0,25.4,18.0,21.7,0.0,30.0,3.3,9.7,13.1,1011.6,1009.4,47.0,71.0,38.0
2020-06-10,6000A,MELILLA,52,MELILLA,351635N,025723W,52.0,28.0,16.6,22.3,0.0,24.0,2.2,8.3,13.2,1011.2,1008.1,37.0,65.0,28.0
2020-06-11,6000A,MELILLA,52,MELILLA,351635N,025723W,52.0,24.6,19.1,21.8,0.0,27.0,4.7,15.0,13.2,1008.9,1004.4,62.0,72.0,51.0
2020-06-12,6000A,MELILLA,52,MELILLA,351635N,025723W,52.0,25.3,17.9,21.6,0.0,28.0,3.6,13.3,12.2,1009.1,1004.3,59.0,76.0,35.0
2020-06-13,6000A,MELILLA,52,MELILLA,351635N,025723W,52.0,24.4,18.9,21.6,0.0,31.0,3.6,9.7,9.9,1012.3,1009.0,56.0,74.0,43.0
2020-06-14,6000A,MELILLA,52,MELILLA,351635N,025723W,52.0,25.9,19.4,22.6,0.0,27.0,4.2,13.6,12.7,1015.4,1011.3,51.0,66.0,39.0
2020-06-15,6000A,MELILLA,52,MELILLA,351635N,025723W,52.0,27.1,19.4,23.2,0.0,29.0,4.4,11.4,13.3,1016.6,1013.3,46.0,67.0,38.0
2020-06-16,6000A,MELILLA,52,MELILLA,351635N,025723W,52.0,28.1,19.7,23.9,0.0,25.0,4.4,14.4,10.7,1014.2,1011.7,42.0,68.0,35.0
2020-06-17,6000A,MELILLA,52,MELILLA,351635N,025723W,52.0,28.3,20.8,24.6,0.0,25.0,2.8,12.2,12.7,1012.2,1006.9,45.0,70.0,42.0
2020-06-18,6000A,MELILLA,52,MELILLA,351635N,025723W,52.0,29.6,22.2,25.9,0.0,26.0,3.6,12.2,12.5,1010.5,1005.9,48.0,64.0,32.0
2020-06-19,6000A,MELILLA,52,MELILLA,351635N,025723W,52.0,26.8,19.7,23.2,0.0,32.0,2.2,8.9,12.6,1014.6,1010.0,54.0,79.0,41.0
2020-06-20,6000A,MELILLA,52,MELILLA,351635N,025723W,52.0,26.1,18.4,22.2,0.0,6.0,2.2,6.4,13.2,1015.6,1013.1,58.0,83.0,47.0
2020-06-21,6000A,MELILLA,52,MELILLA,351635N,025723W,52.0,28.8,19.1,24.0,0.0,7.0,1.9,5.3,13.2,1015.6,1012.8,53.0,83.0,40.0
2020-06-22,6000A,MELILLA,52,MELILLA,351635N,025723W,52.0,26.0,20.4,23.2,0.0,6.0,4.2,8.1,10.9,1013.2,1009.0,71.0,83.0,60.0
2020-06-23,6000A,MELILLA,52,MELILLA,351635N,025723W,52.0,26.4,21.3,23.8,0.0,8.0,4.2,8.1,11.6,1009.5,1006.2,73.0,87.0,61.0
2020-06-24,6000A,MELILLA,52,MELILLA,351635N,025723W,52.0,24.5,21.6,23.0,0.0,12.0,5.3,10.8,1.6,1009.5,1007.7,80.0,89.0,75.0
2020-06-25,6000A,MELILLA,52,MELILLA,351635N,025723W,52.0,26.8,21.1,24.0,0.0,99.0,2.8,6.4,8.7,1009.7,1007.7,73.0,89.0,60.0
2020-06-26,6000A,MELILLA,52,MELILLA,351635N,025723W,52.0,28.8,21.1,25.0,0.0,24.0,3.1,10.6,8.8,1010.0,1007.9,64.0,82.0,47.0
2020-06-27,6000A,MELILLA,52,MELILLA,351635N,025723W,52.0,30.7,21.8,26.2,0.0,25.0,3.3,10.6,13.2,1010.4,1008.2,35.0,77.0,25.0
2020-06-28,6000A,MELILLA,52,MELILLA,351635N,025723W,52.0,27.9,20.0,24.0,0.0,7.0,2.2,5.3,12.9,1010.9,1009.0,54.0,72.0,41.0
2020-06-29,6000A,MELILLA,52,MELILLA,351635N,025723W,52.0,26.4,21.0,23.7,0.0,10.0,3.1,6.7,10.9,1009.8,1006.7,73.0,87.0,52.0
2020-06-30,6000A,MELILLA,52,MELILLA,351635N,025723W,52.0,28.6,22.0,25.3,0.0,2.0,3.1,8.3,7.1,1007.4,1005.0,75.0,87.0,60.0
2020-07-01,6000A,MELILLA,52,MELILLA,351635N,025723W,52.0,36.2,22.2,29.2,0.0,31.0,1.7,7.2,12.4,1008.3,1006.4,30.0,93.0,15.0
2020-07-02,6000A,MELILLA,52,MELILLA,351635N,025723W,52.0,34.3,27.6,31.0,0.0,27.0,5.6,13.9,10.3,1009.7,1006.2,34.0,40.0,22.0
2020-07-03,6000A,MELILLA,52,MELILLA,351635N,025723W,52.0,33.0,22.7,27.8,0.0,26.0,3.3,12.2,12.3,1013.1,1008.8,34.0,86.0,27.0
2020-07-04,6000A,MELILLA,52,MELILLA,351635N,025723W,52.0,27.1,22.0,24.6,0.0,6.0,3.1,9.2,8.3,1014.1,1011.9,75.0,89.0,65.0
2020-07-05,6000A,MELILLA,52,MELILLA,351635N,025723W,52.0,27.2,22.7,25.0,0.0,5.0,3.3,7.5,9.5,1012.7,1010.2,76.0,89.0,67.0
2020-07-06,6000A,MELILLA,52,MELILLA,351635N,025723W,52.0,27.7,22.2,25.0,0.0,6.0,2.5,5.8,11.9,1011.3,1008.7,75.0,91.0,62.0
2020-07-07,6000A,MELILLA,52,MELILLA,351635N,025723W,52.0,29.4,20.6,25.0,0.0,8.0,3.1,5.3,11.4,1009.3,1007.3,73.0,91.0,44.0
2020-07-08,6000A,MELILLA,52,MELILLA,351635N,025723W,52.0,29.4,23.4,26.4,0.0,99.0,3.3,9.2,9.0,1008.6,1005.6,75.0,94.0,43.0
2020-07-09,6000A,MELILLA,52,MELILLA,351635N,025723W,52.0,28.5,23.0,25.8,0.0,24.0,2.5,10.0,11.8,1009.5,1007.3,69.0,88.0,60.0
2020-07-10,6000A,MELILLA,52,MELILLA,351635N,025723W,52.0,28.1,22.4,25.2,0.0,9.0,2.8,5.8,12.2,1008.9,1006.0,73.0,90.0,63.0
2020-07-11,6000A,MELILLA,52,MELILLA,351635N,025723W,52.0,28.1,23.2,25.6,,99.0,4.2,8.6,6.3,1009.8,1006.5,73.0,89.0,64.0
2020-07-12,6000A,MELILLA,52,MELILLA,351635N,025723W,52.0,27.5,23.4,25.4,0.2,13.0,3.9,11.7,3.3,1010.9,1007.5,81.0,92.0,75.0
2020-07-13,6000A,MELILLA,52,MELILLA,351635N,025723W,52.0,28.4,22.9,25.6,0.0,4.0,2.5,7.5,10.3,1011.3,1009.4,70.0,91.0,58.0
2020-07-14,6000A,MELILLA,52,MELILLA,351635N,025723W,52.0,27.5,22.4,25.0,0.0,4.0,3.6,8.3,9.8,1010.7,1005.7,76.0,89.0,65.0
2020-07-15,6000A,MELILLA,52,MELILLA,351635N,025723W,52.0,27.1,22.8,25.0,0.0,6.0,5.0,8.9,4.0,1009.3,1006.1,81.0,89.0,75.0
2020-07-16,6000A,MELILLA,52,MELILLA,351635N,025723W,52.0,27.0,22.5,24.8,0.0,9.0,4.7,8.6,3.7,1010.4,1008.4,79.0,89.0,74.0
2020-07-17,6000A,MELILLA,52,MELILLA,351635N,025723W,52.0,26.7,23.4,25.0,0.0,5.0,3.9,6.9,7.8,1009.6,1007.2,79.0,91.0,73.0
2020-07-18,6000A,MELILLA,52,MELILLA,351635N,025723W,52.0,27.6,22.7,25.2,0.0,6.0,3.3,7.2,8.1,1009.9,1007.3,77.0,89.0,69.0
2020-07-19,6000A,MELILLA,52,MELILLA,351635N,025723W,52.0,27.9,22.1,25.0,0.0,4.0,2.8,6.9,12.0,1010.2,1007.2,72.0,88.0,65.0
2020-07-20,6000A,MELILLA,52,MELILLA,351635N,025723W,52.0,28.3,22.5,25.4,0.0,8.0,3.6,7.2,11.4,1008.6,1006.0,78.0,90.0,69.0
2020-07-21,6000A,MELILLA,52,MELILLA,351635N,025723W,52.0,27.2,23.4,25.3,1.2,6.0,4.7,8.6,0.0,1010.0,1007.4,83.0,91.0,78.0
2020-07-22,6000A,MELILLA,52,MELILLA,351635N,025723W,52.0,28.7,22.6,25.6,0.0,2.0,3.1,8.6,5.8,1011.2,1008.6,79.0,95.0,64.0
2020-07-23,6000A,MELILLA,52,MELILLA,351635N,025723W,52.0,29.0,22.0,25.5,0.0,7.0,2.8,5.8,11.5,1011.0,1007.9,76.0,92.0,62.0
2020-07-24,6000A,MELILLA,52,MELILLA,351635N,025723W,52.0,31.3,22.3,26.8,0.0,99.0,1.9,5.0,12.4,1008.2,1005.8,55.0,82.0,47.0
2020-07-25,6000A,MELILLA,52,MELILLA,351635N,025723W,52.0,28.4,23.3,25.8,0.0,99.0,2.5,6.9,10.0,1007.5,1004.8,77.0,88.0,40.0
2020-07-26,6000A,MELILLA,52,MELILLA,351635N,025723W,52.0,28.5,23.7,26.1,0.0,6.0,2.8,7.5,10.3,1008.2,1005.6,78.0,90.0,66.0
2020-07-27,6000A,MELILLA,52,MELILLA,351635N,025723W,52.0,31.5,24.9,28.2,0.0,2.0,3.3,8.6,8.8,1009.2,1007.0,76.0,91.0,61.0
2020-07-28,6000A,MELILLA,52,MELILLA,351635N,025723W,52.0,29.9,24.4,27.2,0.0,36.0,2.8,6.1,11.7,1008.7,1005.9,75.0,89.0,66.0
2020-07-29,6000A,MELILLA,52,MELILLA,351635N,025723W,52.0,29.6,23.8,26.7,0.0,9.0,2.2,8.3,10.0,1008.0,1005.3,77.0,89.0,68.0
2020-07-30,6000A,MELILLA,52,MELILLA,351635N,025723W,52.0,28.2,24.6,26.4,0.0,7.0,3.1,6.7,0.5,1008.6,1005.4,82.0,90.0,77.0
2020-07-31,6000A,MELILLA,52,MELILLA,351635N,025723W,52.0,31.4,24.8,28.1,0.0,33.0,1.9,7.2,9.2,1009.9,1007.3,73.0,91.0,63.0
2020-08-01,6000A,MELILLA,52,MELILLA,351635N,025723W,52.0,39.9,24.7,32.3,0.0,99.0,2.8,5.8,10.8,1010.0,1007.5,61.0,93.0,23.0
2020-08-02,6000A,MELILLA,52,MELILLA,351635N,025723W,52.0,39.1,31.8,35.4,0.0,26.0,4.7,11.7,12.1,1008.3,1005.7,26.0,45.0,15.0
2020-08-03,6000A,MELILLA,52,MELILLA,351635N,025723W,52.0,33.5,26.2,29.8,0.0,25.0,4.7,13.6,12.2,1007.2,1004.5,36.0,62.0,21.0
2020-08-04,6000A,MELILLA,52,MELILLA,351635N,025723W,52.0,29.6,23.0,26.3,0.0,3.0,3.1,7.2,11.7,1007.1,1004.7,65.0,87.0,50.0
2020-08-05,6000A,MELILLA,52,MELILLA,351635N,025723W,52.0,29.8,25.0,27.4,0.0,99.0,3.9,8.3,10.7,1006.1,1003.8,76.0,88.0,68.0
2020-08-06,6000A,MELILLA,52,MELILLA,351635N,025723W,52.0,30.0,25.3,27.6,0.0,8.0,5.3,10.0,9.8,1009.9,1005.3,72.0,87.0,62.0
2020-08-07,6000A,MELILLA,52,MELILLA,351635N,025723W,52.0,29.0,24.3,26.6,0.0,5.0,4.2,8.1,7.7,1012.2,1008.5,77.0,87.0,67.0
2020-08-08,6000A,MELILLA,52,MELILLA,351635N,025723W,52.0,28.7,24.6,26.6,0.0,4.0,2.8,6.7,9.2,1012.7,1009.3,74.0,87.0,67.0
2020-08-09,6000A,MELILLA,52,MELILLA,351635N,025723W,52.0,29.3,23.8,26.6,0.0,6.0,2.8,6.1,11.3,1009.9,1005.9,78.0,89.0,66.0
2020-08-10,6000A,MELILLA,52,MELILLA,351635N,025723W,52.0,30.7,24.6,27.6,0.4,2.0,3.6,12.2,5.3,1006.6,1002.6,79.0,89.0,39.0
2020-08-11,6000A,MELILLA,52,MELILLA,351635N,025723W,52.0,31.1,24.6,27.8,0.0,28.0,2.8,10.8,7.0,1007.7,1003.0,78.0,93.0,56.0
2020-08-12,6000A,MELILLA,52,MELILLA,351635N,025723W,52.0,27.7,22.9,25.3,0.0,25.0,2.5,8.9,6.4,1009.7,1006.8,70.0,86.0,58.0
2020-08-13,6000A,MELILLA,52,MELILLA,351635N,025723W,52.0,28.5,22.4,25.4,0.0,34.0,2.8,8.3,11.7,1009.7,1007.3,63.0,85.0,36.0
2020-08-14,6000A,MELILLA,52,MELILLA,351635N,025723W,52.0,31.4,22.1,26.8,0.0,32.0,1.9,7.2,11.9,1008.7,1006.4,36.0,57.0,17.0
2020-08-15,6000A,MELILLA,52,MELILLA,351635N,025723W,52.0,30.3,24.6,27.4,0.0,25.0,4.4,12.2,12.0,1009.2,1006.7,43.0,60.0,30.0
2020-08-16,6000A,MELILLA,52,MELILLA,351635N,025723W,52.0,30.1,23.3,26.7,0.0,24.0,4.7,13.6,11.9,1009.4,1006.9,39.0,70.0,37.0
2020-08-17,6000A,MELILLA,52,MELILLA,351635N,025723W,52.0,31.9,23.8,27.8,0.0,27.0,3.9,10.8,12.1,1009.3,1006.2,34.0,71.0,30.0
2020-08-18,6000A,MELILLA,52,MELILLA,351635N,025723W,52.0,33.9,23.2,28.6,0.0,27.0,1.9,6.4,11.8,1008.3,1004.8,43.0,79.0,30.0
2020-08-19,6000A,MELILLA,52,MELILLA,351635N,025723W,52.0,28.6,22.8,25.7,0.0,3.0,1.7,5.8,7.5,1006.2,1002.2,75.0,84.0,55.0
2020-08-20,6000A,MELILLA,52,MELILLA,351635N,025723W,52.0,29.1,21.8,25.4,0.0,28.0,2.2,7.2,11.1,1005.7,1002.0,75.0,93.0,60.0
2020-08-21,6000A,MELILLA,52,MELILLA,351635N,025723W,52.0,32.0,23.9,28.0,0.0,24.0,2.2,7.8,11.2,1010.9,1005.6,38.0,83.0,18.0
2020-08-22,6000A,MELILLA,52,MELILLA,351635N,025723W,52.0,37.1,25.2,31.2,0.0,26.0,3.3,9.2,11.5,1012.8,1009.9,40.0,75.0,19.0
2020-08-23,6000A,MELILLA,52,MELILLA,351635N,025723W,52.0,29.5,25.0,27.2,0.0,7.0,2.5,6.7,11.6,1012.6,1009.2,66.0,86.0,45.0
2020-08-24,6000A,MELILLA,52,MELILLA,351635N,025723W,52.0,29.4,24.0,26.7,0.0,7.0,2.8,6.9,8.9,1010.0,1007.5,77.0,88.0,69.0
2020-08-25,6000A,MELILLA,52,MELILLA,351635N,025723W,52.0,29.4,24.8,27.1,0.0,5.0,3.3,7.2,8.3,1010.9,1008.0,74.0,88.0,65.0
2020-08-26,6000A,MELILLA,52,MELILLA,351635N,025723W,52.0,29.4,24.2,26.8,0.0,6.0,2.8,6.4,11.7,1012.4,1010.0,73.0,87.0,66.0
2020-08-27,6000A,MELILLA,52,MELILLA,351635N,025723W,52.0,29.8,22.8,26.3,0.0,5.0,1.9,5.6,10.8,1011.9,1006.3,81.0,89.0,70.0
2020-08-28,6000A,MELILLA,52,MELILLA,351635N,025723W,52.0,34.6,23.7,29.2,0.0,25.0,3.9,14.2,11.8,1006.3,1000.3,52.0,92.0,26.0
2020-08-29,6000A,MELILLA,52,MELILLA,351635N,025723W,52.0,27.8,24.2,26.0,0.0,27.0,6.4,16.4,11.9,1002.9,998.6,58.0,70.0,28.0
2020-08-30,6000A,MELILLA,52,MELILLA,351635N,025723W,52.0,28.0,20.9,24.4,0.0,26.0,3.6,9.2,8.1,1008.9,1002.3,56.0,78.0,29.0
2020-08-31,6000A,MELILLA,52,MELILLA,351635N,025723W,52.0,27.9,23.8,25.8,0.0,6.0,5.8,10.6,10.9,1010.9,1008.3,66.0,83.0,59.0
2020-09-01,6000A,MELILLA,52,MELILLA,351635N,025723W,52.0,27.5,22.2,24.8,0.0,8.0,3.3,8.1,7.6,1008.4,1005.1,62.0,80.0,56.0
2020-09-02,6000A,MELILLA,52,MELILLA,351635N,025723W,52.0,27.5,20.5,24.0,0.0,6.0,3.1,8.9,10.5,1011.7,1006.4,71.0,86.0,60.0
2020-09-03,6000A,MELILLA,52,MELILLA,351635N,025723W,52.0,27.8,23.3,25.6,0.0,6.0,6.1,14.2,10.0,1014.9,1011.2,73.0,83.0,60.0
2020-09-04,6000A,MELILLA,52,MELILLA,351635N,025723W,52.0,27.2,23.5,25.4,0.0,99.0,5.0,9.4,4.4,1015.4,1013.3,78.0,86.0,71.0
2020-09-05,6000A,MELILLA,52,MELILLA,351635N,025723W,52.0,27.6,22.8,25.2,0.0,6.0,3.9,8.1,9.8,1014.1,1010.0,75.0,86.0,67.0
2020-09-06,6000A,MELILLA,52,MELILLA,351635N,025723W,52.0,26.9,22.1,24.5,0.0,7.0,3.3,7.8,10.7,1011.0,1008.6,74.0,85.0,61.0
2020-09-07,6000A,MELILLA,52,MELILLA,351635N,025723W,52.0,27.1,20.1,23.6,0.0,10.0,2.5,6.7,11.0,1012.0,1008.1,75.0,89.0,68.0
2020-09-08,6000A,MELILLA,52,MELILLA,351635N,025723W,52.0,27.4,22.4,24.9,0.0,6.0,4.7,11.1,7.1,1014.3,1011.3,75.0,86.0,67.0
2020-09-09,6000A,MELILLA,52,MELILLA,351635N,025723W,52.0,26.5,21.4,24.0,0.0,99.0,3.3,7.2,10.5,1014.2,1012.0,73.0,84.0,65.0
2020-09-10,6000A,MELILLA,52,MELILLA,351635N,025723W,52.0,26.1,20.8,23.4,0.0,8.0,3.1,6.7,10.5,1013.6,1008.8,76.0,87.0,64.0
2020-09-11,6000A,MELILLA,52,MELILLA,351635N,025723W,52.0,26.5,20.9,23.7,0.0,9.0,2.5,6.7,11.4,1009.5,1006.0,77.0,88.0,67.0
2020-09-12,6000A,MELILLA,52,MELILLA,351635N,025723W,52.0,27.5,21.3,24.4,0.0,4.0,2.8,7.8,10.4,1011.6,1007.0,77.0,91.0,56.0
2020-09-13,6000A,MELILLA,52,MELILLA,351635N,025723W,52.0,27.0,23.2,25.1,0.0,9.0,4.4,7.8,2.0,1016.2,1010.7,81.0,89.0,72.0
2020-09-14,6000A,MELILLA,52,MELILLA,351635N,025723W,52.0,26.3,22.8,24.6,0.0,9.0,2.8,10.3,1.4,1014.9,1012.2,86.0,93.0,78.0
2020-09-15,6000A,MELILLA,52,MELILLA,351635N,025723W,52.0,26.8,22.0,24.4,0.0,36.0,2.2,6.7,3.9,1015.0,1012.5,85.0,92.0,73.0
2020-09-16,6000A,MELILLA,52,MELILLA,351635N,025723W,52.0,26.5,22.0,24.2,0.0,8.0,2.8,6.7,6.4,1013.5,1008.8,85.0,97.0,72.0
2020-09-17,6000A,MELILLA,52,MELILLA,351635N,025723W,52.0,27.8,22.8,25.3,3.2,24.0,3.3,13.9,2.0,1011.4,1005.4,81.0,94.0,67.0
2020-09-18,6000A,MELILLA,52,MELILLA,351635N,025723W,52.0,28.3,20.7,24.5,0.4,15.0,3.1,10.0,5.4,1011.4,1006.5,71.0,90.0,57.0
2020-09-19,6000A,MELILLA,52,MELILLA,351635N,025723W,52.0,26.3,20.5,23.4,0.0,25.0,2.5,9.2,7.3,1013.1,1010.7,69.0,88.0,56.0
2020-09-20,6000A,MELILLA,52,MELILLA,351635N,025723W,52.0,27.4,20.7,24.0,0.0,99.0,2.2,7.5,11.1,1012.9,1010.3,64.0,82.0,42.0
2020-09-21,6000A,MELILLA,52,MELILLA,351635N,025723W,52.0,27.8,20.7,24.2,0.0,99.0,1.9,7.2,10.8,1011.2,1009.4,54.0,69.0,42.0
2020-09-22,6000A,MELILLA,52,MELILLA,351635N,025723W,52.0,30.7,19.9,25.3,0.0,26.0,1.9,7.5,9.2,1009.9,1007.3,45.0,65.0,35.0
2020-09-23,6000A,MELILLA,52,MELILLA,351635N,025723W,52.0,33.1,23.6,28.4,0.0,26.0,2.8,9.7,4.3,1009.9,1006.9,56.0,76.0,25.0
2020-09-24,6000A,MELILLA,52,MELILLA,351635N,025723W,52.0,31.3,23.3,27.3,0.0,25.0,1.9,8.6,10.5,1011.4,1008.4,39.0,59.0,30.0
2020-09-25,6000A,MELILLA,52,MELILLA,351635N,025723W,52.0,31.3,23.2,27.2,0.0,24.0,4.7,14.2,10.4,1013.7,1010.9,36.0,59.0,17.0
2020-09-26,6000A,MELILLA,52,MELILLA,351635N,025723W,52.0,26.0,21.2,23.6,0.0,26.0,3.1,12.5,11.0,1013.0,1008.1,54.0,66.0,40.0
2020-09-27,6000A,MELILLA,52,MELILLA,351635N,025723W,52.0,26.9,19.1,23.0,0.0,26.0,3.3,13.9,10.8,1008.8,1005.7,56.0,77.0,37.0
2020-09-28,6000A,MELILLA,52,MELILLA,351635N,025723W,52.0,25.7,17.6,21.6,0.0,10.0,2.2,6.9,10.9,1009.8,1007.5,69.0,84.0,50.0
2020-09-29,6000A,MELILLA,52,MELILLA,351635N,025723W,52.0,25.7,20.2,23.0,0.0,5.0,3.9,8.3,6.4,1010.7,1008.4,78.0,88.0,67.0
2020-09-30,6000A,MELILLA,52,MELILLA,351635N,025723W,52.0,24.1,20.1,22.1,0.0,1.0,1.9,5.8,3.0,1010.6,1008.2,84.0,90.0,75.0
2020-10-01,6000A,MELILLA,52,MELILLA,351635N,025723W,52.0,27.7,19.8,23.8,0.0,25.0,5.0,16.9,10.5,1008.3,1004.4,64.0,85.0,45.0
2020-10-02,6000A,MELILLA,52,MELILLA,351635N,025723W,52.0,24.0,19.6,21.8,0.0,27.0,4.2,13.9,1.2,1004.6,997.8,67.0,79.0,54.0
2020-10-03,6000A,MELILLA,52,MELILLA,351635N,025723W,52.0,21.3,17.4,19.4,0.0,26.0,3.9,15.8,9.3,1007.5,1001.0,52.0,80.0,43.0
2020-10-04,6000A,MELILLA,52,MELILLA,351635N,025723W,52.0,23.9,17.1,20.5,0.0,99.0,3.6,10.8,10.4,1008.6,1005.2,50.0,67.0,32.0
2020-10-05,6000A,MELILLA,52,MELILLA,351635N,025723W,52.0,24.2,18.3,21.2,0.0,28.0,3.6,12.5,8.9,1015.0,1007.7,59.0,79.0,46.0
2020-10-06,6000A,MELILLA,52,MELILLA,351635N,025723W,52.0,24.0,15.6,19.8,0.0,5.0,1.9,6.7,10.5,1016.8,1014.8,61.0,76.0,44.0
2020-10-07,6000A,MELILLA,52,MELILLA,351635N,025723W,52.0,25.5,14.8,20.2,0.0,6.0,1.9,6.1,10.5,1016.2,1013.5,67.0,89.0,32.0
2020-10-08,6000A,MELILLA,52,MELILLA,351635N,025723W,52.0,24.1,18.3,21.2,0.0,8.0,2.8,8.1,8.6,1016.2,1014.0,81.0,92.0,71.0
2020-10-09,6000A,MELILLA,52,MELILLA,351635N,025723W,52.0,24.4,19.9,22.2,0.0,6.0,3.1,6.7,5.7,1016.2,1014.2,74.0,90.0,63.0
2020-10-10,6000A,MELILLA,52,MELILLA,351635N,025723W,52.0,23.9,20.4,22.2,0.0,7.0,2.8,6.9,2.4,1016.0,1013.2,77.0,83.0,70.0
2020-10-11,6000A,MELILLA,52,MELILLA,351635N,025723W,52.0,24.2,18.4,21.3,0.0,3.0,2.2,6.7,3.4,1014.8,1012.8,78.0,87.0,66.0
2020-10-12,6000A,MELILLA,52,MELILLA,351635N,025723W,52.0,22.7,17.7,20.2,0.0,9.0,2.8,8.3,4.4,1015.0,1013.0,74.0,89.0,61.0
2020-10-13,6000A,MELILLA,52,MELILLA,351635N,025723W,52.0,23.1,16.2,19.6,0.0,5.0,1.9,5.8,10.3,1013.5,1007.4,65.0,81.0,51.0
2020-10-14,6000A,MELILLA,52,MELILLA,351635N,025723W,52.0,24.4,16.9,20.6,0.0,26.0,5.3,14.4,10.0,1009.6,1004.8,66.0,80.0,41.0
2020-10-15,6000A,MELILLA,52,MELILLA,351635N,025723W,52.0,22.8,17.4,20.1,0.0,25.0,3.1,10.8,9.7,1011.5,1009.2,56.0,66.0,37.0
2020-10-16,6000A,MELILLA,52,MELILLA,351635N,025723W,52.0,22.6,15.5,19.0,0.0,99.0,2.2,6.4,9.3,1012.1,1010.1,66.0,76.0,52.0
2020-10-17,6000A,MELILLA,52,MELILLA,351635N,025723W,52.0,21.6,13.8,17.7,0.0,99.0,2.2,6.1,9.8,1012.5,1010.2,68.0,80.0,55.0
2020-10-18,6000A,MELILLA,52,MELILLA,351635N,025723W,52.0,22.9,15.5,19.2,0.0,10.0,2.5,7.2,9.1,1014.0,1011.3,77.0,87.0,62.0
2020-10-19,6000A,MELILLA,52,MELILLA,351635N,025723W,52.0,22.5,17.5,20.0,0.0,99.0,2.5,6.4,8.2,1013.6,1010.6,80.0,88.0,69.0
2020-10-20,6000A,MELILLA,52,MELILLA,351635N,025723W,52.0,24.0,15.9,20.0,0.0,24.0,1.9,16.7,8.2,1010.8,1001.4,78.0,94.0,61.0
2020-10-21,6000A,MELILLA,52,MELILLA,351635N,025723W,52.0,23.7,19.3,21.5,0.2,16.0,1.7,5.8,3.2,1008.8,1004.5,78.0,86.0,65.0
2020-10-22,6000A,MELILLA,52,MELILLA,351635N,025723W,52.0,20.5,18.0,19.2,2.8,26.0,1.4,10.3,0.0,1013.6,1005.7,85.0,90.0,73.0
2020-10-23,6000A,MELILLA,52,MELILLA,351635N,025723W,52.0,22.2,16.4,19.3,0.0,99.0,1.7,5.8,4.3,1019.9,1013.3,76.0,86.0,62.0
2020-10-24,6000A,MELILLA,52,MELILLA,351635N,025723W,52.0,23.2,16.3,19.8,0.0,26.0,3.3,6.7,9.4,1021.1,1017.6,71.0,81.0,51.0
2020-10-25,6000A,MELILLA,52,MELILLA,351635N,025723W,52.0,21.9,15.9,18.9,0.0,26.0,3.9,11.1,9.3,1017.6,1012.2,73.0,82.0,51.0
2020-10-26,6000A,MELILLA,52,MELILLA,351635N,025723W,52.0,20.7,14.8,17.8,0.0,26.0,4.7,14.2,4.0,1015.7,1010.4,62.0,82.0,47.0
2020-10-27,6000A,MELILLA,52,MELILLA,351635N,025723W,52.0,20.9,14.8,17.8,0.0,31.0,3.3,8.1,9.7,1016.1,1013.2,55.0,70.0,40.0
2020-10-28,6000A,MELILLA,52,MELILLA,351635N,025723W,52.0,21.9,12.0,17.0,0.0,99.0,2.2,5.3,9.6,1017.2,1013.3,58.0,78.0,35.0
2020-10-29,6000A,MELILLA,52,MELILLA,351635N,025723W,52.0,22.6,13.3,18.0,0.0,8.0,2.5,6.7,,1019.2,1016.6,72.0,,
2020-10-30,6000A,MELILLA,52,MELILLA,351635N,025723W,52.0,22.0,16.1,19.0,0.0,8.0,2.2,6.4,5.9,1019.1,1016.5,81.0,91.0,68.0
2020-10-31,6000A,MELILLA,52,MELILLA,351635N,025723W,52.0,21.8,15.3,18.6,0.0,9.0,1.9,5.6,2.7,1019.1,1017.2,80.0,92.0,69.0
2020-11-01,6000A,MELILLA,52,MELILLA,351635N,025723W,52.0,20.1,13.4,16.8,0.0,3.0,1.1,6.1,6.0,1018.8,1016.3,88.0,97.0,76.0
2020-11-02,6000A,MELILLA,52,MELILLA,351635N,025723W,52.0,21.8,14.1,18.0,0.0,8.0,1.9,5.0,6.6,1017.2,1014.8,80.0,95.0,67.0
2020-11-03,6000A,MELILLA,52,MELILLA,351635N,025723W,52.0,20.4,13.9,17.2,0.0,99.0,2.2,5.6,6.6,1017.0,1015.1,79.0,94.0,69.0
2020-11-04,6000A,MELILLA,52,MELILLA,351635N,025723W,52.0,21.9,16.2,19.0,0.0,99.0,3.1,5.8,7.1,1015.5,1006.9,71.0,83.0,54.0
2020-11-05,6000A,MELILLA,52,MELILLA,351635N,025723W,52.0,24.1,17.1,20.6,0.0,6.0,1.7,7.5,5.8,1008.9,1005.9,73.0,90.0,49.0
2020-11-06,6000A,MELILLA,52,MELILLA,351635N,025723W,52.0,34.0,18.3,26.2,1.2,18.0,6.9,18.6,1.3,1010.1,1002.4,31.0,93.0,14.0
2020-11-07,6000A,MELILLA,52,MELILLA,351635N,025723W,52.0,24.6,15.7,20.2,,24.0,3.6,11.1,8.9,1018.2,1009.8,69.0,83.0,41.0
2020-11-08,6000A,MELILLA,52,MELILLA,351635N,025723W,52.0,21.7,15.0,18.4,0.0,8.0,1.9,5.8,8.7,1017.2,1014.6,76.0,88.0,57.0
2020-11-09,6000A,MELILLA,52,MELILLA,351635N,025723W,52.0,21.5,13.7,17.6,0.0,27.0,1.9,5.8,8.5,1017.6,1014.9,79.0,90.0,64.0
2020-11-10,6000A,MELILLA,52,MELILLA,351635N,025723W,52.0,21.2,13.2,17.2,0.0,8.0,2.2,5.6,8.9,1019.0,1016.2,75.0,86.0,62.0
2020-11-11,6000A,MELILLA,52,MELILLA,351635N,025723W,52.0,20.6,16.5,18.6,0.0,7.0,4.7,24.7,3.2,1018.8,1014.7,82.0,89.0,72.0
2020-11-12,6000A,MELILLA,52,MELILLA,351635N,025723W,52.0,21.0,16.7,18.8,0.0,8.0,2.8,6.7,2.0,1016.0,1012.1,82.0,87.0,73.0
2020-11-13,6000A,MELILLA,52,MELILLA,351635N,025723W,52.0,21.0,16.2,18.6,0.0,6.0,1.9,4.2,1.4,1015.1,1012.7,83.0,90.0,72.0
2020-11-14,6000A,MELILLA,52,MELILLA,351635N,025723W,52.0,21.8,15.7,18.8,0.0,32.0,1.7,5.0,3.1,1017.1,1013.7,85.0,94.0,72.0
2020-11-15,6000A,MELILLA,52,MELILLA,351635N,025723W,52.0,23.3,14.7,19.0,0.0,7.0,1.1,4.2,9.3,1017.5,1015.5,78.0,88.0,59.0
2020-11-16,6000A,MELILLA,52,MELILLA,351635N,025723W,52.0,28.4,17.0,22.7,0.0,26.0,3.3,10.0,8.6,1017.8,1014.8,53.0,89.0,32.0
2020-11-17,6000A,MELILLA,52,MELILLA,351635N,025723W,52.0,21.9,17.6,19.8,0.0,2.0,2.8,8.9,8.8,1020.9,1016.4,83.0,88.0,49.0
2020-11-18,6000A,MELILLA,52,MELILLA,351635N,025723W,52.0,21.6,16.7,19.2,0.0,30.0,2.5,8.3,8.6,1023.7,1019.9,79.0,,
2020-11-19,6000A,MELILLA,52,MELILLA,351635N,025723W,52.0,20.4,16.6,18.5,0.0,6.0,3.9,8.3,5.2,1022.7,1019.7,76.0,88.0,68.0
2020-11-20,6000A,MELILLA,52,MELILLA,351635N,025723W,52.0,21.2,13.2,17.2,0.0,9.0,2.2,7.2,8.9,1022.3,1017.9,77.0,89.0,57.0
2020-11-21,6000A,MELILLA,52,MELILLA,351635N,025723W,52.0,20.5,15.2,17.8,0.0,7.0,4.2,11.7,6.0,1021.3,1018.2,71.0,86.0,57.0
2020-11-22,6000A,MELILLA,52,MELILLA,351635N,025723W,52.0,19.2,12.2,15.7,0.0,11.0,2.8,9.7,9.1,1022.3,1019.5,57.0,75.0,36.0
2020-11-23,6000A,MELILLA,52,MELILLA,351635N,025723W,52.0,18.2,12.2,15.2,0.0,6.0,2.5,6.4,8.9,1021.9,1019.1,63.0,80.0,52.0
2020-11-24,6000A,MELILLA,52,MELILLA,351635N,025723W,52.0,18.9,11.1,15.0,0.0,99.0,1.7,4.7,8.9,1019.3,1014.2,71.0,85.0,49.0
2020-11-25,6000A,MELILLA,52,MELILLA,351635N,025723W,52.0,21.7,11.4,16.6,0.0,7.0,2.5,6.9,8.1,1014.2,1003.7,65.0,87.0,36.0
2020-11-26,6000A,MELILLA,52,MELILLA,351635N,025723W,52.0,17.6,11.1,14.4,8.8,16.0,1.9,9.4,0.5,1004.4,1000.4,75.0,91.0,63.0
2020-11-27,6000A,MELILLA,52,MELILLA,351635N,025723W,52.0,17.6,10.4,14.0,0.2,24.0,2.2,8.1,6.4,1000.8,999.0,65.0,83.0,49.0
2020-11-28,6000A,MELILLA,52,MELILLA,351635N,025723W,52.0,19.4,10.0,14.7,,25.0,3.3,10.8,5.1,1006.6,999.9,61.0,80.0,51.0
2020-11-29,6000A,MELILLA,52,MELILLA,351635N,025723W,52.0,20.5,11.6,16.0,0.0,14.0,2.8,8.6,8.7,1011.0,1006.4,73.0,87.0,46.0
2020-11-30,6000A,MELILLA,52,MELILLA,351635N,025723W,52.0,18.7,14.1,16.4,0.0,7.0,2.5,6.9,8.7,1014.4,1010.2,79.0,91.0,61.0
2020-12-01,6000A,MELILLA,52,MELILLA,351635N,025723W,52.0,18.2,13.0,15.6,1.4,2.0,1.9,7.8,1.5,1015.5,1010.9,90.0,95.0,80.0
2020-12-02,6000A,MELILLA,52,MELILLA,351635N,025723W,52.0,20.7,11.8,16.2,0.0,26.0,2.8,11.4,8.9,1010.9,1005.4,74.0,91.0,50.0
2020-12-03,6000A,MELILLA,52,MELILLA,351635N,025723W,52.0,19.8,13.0,16.4,,23.0,2.5,7.5,8.2,1008.4,1003.5,74.0,91.0,56.0
2020-12-04,6000A,MELILLA,52,MELILLA,351635N,025723W,52.0,21.1,9.9,15.5,20.8,27.0,4.2,17.5,3.6,1003.5,993.6,73.0,96.0,45.0
2020-12-05,6000A,MELILLA,52,MELILLA,351635N,025723W,52.0,14.5,9.2,11.8,22.6,27.0,4.7,17.5,5.4,1006.1,995.9,62.0,85.0,49.0
2020-12-06,6000A,MELILLA,52,MELILLA,351635N,025723W,52.0,14.7,8.6,11.6,0.8,26.0,3.9,15.3,2.3,1010.7,1005.6,73.0,93.0,57.0
2020-12-07,6000A,MELILLA,52,MELILLA,351635N,025723W,52.0,20.4,13.6,17.0,0.0,99.0,3.1,12.8,3.7,1011.8,1008.8,64.0,87.0,45.0
2020-12-08,6000A,MELILLA,52,MELILLA,351635N,025723W,52.0,19.3,13.3,16.3,0.8,26.0,5.3,18.3,6.1,1011.2,1008.2,68.0,90.0,59.0
2020-12-09,6000A,MELILLA,52,MELILLA,351635N,025723W,52.0,16.2,13.5,14.8,0.0,32.0,4.4,14.4,8.0,1016.0,1010.4,63.0,80.0,48.0
2020-12-10,6000A,MELILLA,52,MELILLA,351635N,025723W,52.0,18.5,15.4,17.0,0.2,26.0,4.4,13.9,1.5,1015.1,1010.8,79.0,83.0,64.0
2020-12-11,6000A,MELILLA,52,MELILLA,351635N,025723W,52.0,20.8,17.2,19.0,0.0,27.0,7.5,19.4,4.2,1011.5,1008.6,83.0,86.0,71.0
2020-12-12,6000A,MELILLA,52,MELILLA,351635N,025723W,52.0,20.5,17.2,18.8,0.0,26.0,7.2,18.9,6.7,1011.9,1009.0,78.0,83.0,69.0
2020-12-13,6000A,MELILLA,52,MELILLA,351635N,025723W,52.0,21.3,14.1,17.7,0.0,27.0,1.7,13.1,8.6,1010.7,1007.1,76.0,91.0,61.0
2020-12-14,6000A,MELILLA,52,MELILLA,351635N,025723W,52.0,19.6,13.7,16.6,0.0,24.0,1.9,7.2,3.5,1009.2,1005.7,81.0,94.0,68.0
2020-12-15,6000A,MELILLA,52,MELILLA,351635N,025723W,52.0,19.1,11.2,15.2,0.0,27.0,2.5,8.9,4.2,1013.7,1008.6,79.0,91.0,51.0
2020-12-16,6000A,MELILLA,52,MELILLA,351635N,025723W,52.0,18.2,10.5,14.4,2.6,27.0,1.4,8.6,8.6,1011.8,1008.7,80.0,92.0,64.0
2020-12-17,6000A,MELILLA,52,MELILLA,351635N,025723W,52.0,16.4,12.5,14.4,0.2,23.0,1.7,11.1,0.4,1017.8,1011.3,84.0,94.0,77.0
2020-12-18,6000A,MELILLA,52,MELILLA,351635N,025723W,52.0,17.3,11.5,14.4,0.0,10.0,1.4,4.7,1.5,1017.9,1015.3,85.0,95.0,72.0
2020-12-19,6000A,MELILLA,52,MELILLA,351635N,025723W,52.0,18.0,10.3,14.2,0.2,34.0,1.7,5.3,6.5,1016.9,1014.4,81.0,94.0,66.0
2020-12-20,6000A,MELILLA,52,MELILLA,351635N,025723W,52.0,18.9,12.7,15.8,0.0,27.0,1.7,7.2,4.2,1021.2,1015.7,76.0,89.0,58.0
2020-12-21,6000A,MELILLA,52,MELILLA,351635N,025723W,52.0,19.0,11.0,15.0,0.0,11.0,1.9,5.8,8.7,1023.3,1020.8,75.0,93.0,57.0
2020-12-22,6000A,MELILLA,52,MELILLA,351635N,025723W,52.0,17.7,11.0,14.4,0.0,7.0,1.4,5.0,8.8,1021.7,1018.7,79.0,97.0,56.0
2020-12-23,6000A,MELILLA,52,MELILLA,351635N,025723W,52.0,19.5,10.1,14.8,0.0,26.0,1.9,7.8,8.4,1020.8,1018.1,80.0,97.0,61.0
2020-12-24,6000A,MELILLA,52,MELILLA,351635N,025723W,52.0,19.3,11.8,15.6,0.0,25.0,1.9,5.3,8.7,1018.2,1013.8,74.0,85.0,60.0
2020-12-25,6000A,MELILLA,52,MELILLA,351635N,025723W,52.0,17.2,10.4,13.8,1.2,7.0,1.4,12.5,4.8,1017.7,1013.2,81.0,95.0,71.0
2020-12-26,6000A,MELILLA,52,MELILLA,351635N,025723W,52.0,15.6,10.0,12.8,0.0,7.0,3.9,12.8,8.7,1019.5,1016.2,55.0,73.0,47.0
2020-12-27,6000A,MELILLA,52,MELILLA,351635N,025723W,52.0,16.4,6.4,11.4,0.0,24.0,2.2,7.5,8.8,1016.2,1005.4,63.0,81.0,45.0
2020-12-28,6000A,MELILLA,52,MELILLA,351635N,025723W,52.0,19.5,12.4,16.0,3.0,25.0,3.6,11.7,7.7,1005.4,1001.6,59.0,83.0,41.0
2020-12-29,6000A,MELILLA,52,MELILLA,351635N,025723W,52.0,15.2,11.1,13.2,1.6,24.0,3.6,14.4,3.0,1008.0,1003.4,66.0,91.0,54.0
2020-12-30,6000A,MELILLA,52,MELILLA,351635N,025723W,52.0,15.3,8.6,12.0,0.0,26.0,2.5,11.9,7.4,1013.0,1007.8,56.0,76.0,44.0
2020-12-31,6000A,MELILLA,52,MELILLA,351635N,025723W,52.0,15.6,6.6,11.1,0.0,27.0,4.2,13.6,8.8,1013.0,1009.4,62.0,77.0,51.0
2021-01-01,6000A,MELILLA,52,MELILLA,351635N,025723W,52.0,14.9,11.5,13.2,1.0,26.0,5.8,17.5,4.1,1009.4,1005.5,60.0,82.0,45.0
2021-01-02,6000A,MELILLA,52,MELILLA,351635N,025723W,52.0,14.5,9.3,11.9,1.0,26.0,3.6,15.3,7.2,1010.2,1006.5,53.0,76.0,44.0
2021-01-03,6000A,MELILLA,52,MELILLA,351635N,025723W,52.0,14.2,9.8,12.0,0.0,25.0,3.9,12.8,8.5,1011.9,1009.4,51.0,64.0,39.0
2021-01-04,6000A,MELILLA,52,MELILLA,351635N,025723W,52.0,14.6,8.6,11.6,0.0,26.0,3.6,11.7,8.0,1010.2,1006.2,59.0,75.0,47.0
2021-01-05,6000A,MELILLA,52,MELILLA,351635N,025723W,52.0,15.1,8.2,11.6,16.0,10.0,2.2,5.3,1.7,1006.2,1002.2,66.0,91.0,49.0
2021-01-06,6000A,MELILLA,52,MELILLA,351635N,025723W,52.0,12.8,9.1,11.0,4.8,8.0,3.1,9.7,0.0,1006.0,998.8,87.0,98.0,74.0
2021-01-07,6000A,MELILLA,52,MELILLA,351635N,025723W,52.0,14.7,11.3,13.0,4.4,7.0,3.3,9.2,0.0,1001.8,997.7,93.0,97.0,83.0
2021-01-08,6000A,MELILLA,52,MELILLA,351635N,025723W,52.0,17.7,13.6,15.6,12.6,8.0,4.7,10.0,0.0,1000.3,994.1,96.0,98.0,59.0
2021-01-09,6000A,MELILLA,52,MELILLA,351635N,025723W,52.0,17.5,10.7,14.1,0.2,26.0,1.9,11.4,2.5,1001.0,995.0,75.0,94.0,48.0
2021-01-10,6000A,MELILLA,52,MELILLA,351635N,025723W,52.0,14.1,8.0,11.0,1.2,22.0,1.7,10.6,4.8,1006.5,1000.1,67.0,85.0,45.0
2021-01-11,6000A,MELILLA,52,MELILLA,351635N,025723W,52.0,13.5,8.6,11.0,2.4,24.0,2.8,9.7,4.8,1018.5,1006.5,68.0,85.0,53.0
2021-01-12,6000A,MELILLA,52,MELILLA,351635N,025723W,52.0,14.9,8.0,11.4,0.0,32.0,1.4,6.9,3.8,1023.5,1018.5,73.0,89.0,57.0
2021-01-13,6000A,MELILLA,52,MELILLA,351635N,025723W,52.0,15.2,6.2,10.7,0.0,23.0,1.4,5.8,8.9,1023.7,1021.4,72.0,93.0,52.0
2021-01-14,6000A,MELILLA,52,MELILLA,351635N,025723W,52.0,16.2,6.8,11.5,0.0,25.0,2.2,9.7,8.9,1021.9,1018.1,64.0,87.0,36.0
2021-01-15,6000A,MELILLA,52,MELILLA,351635N,025723W,52.0,16.6,8.1,12.4,0.0,28.0,1.9,7.8,8.8,1020.5,1017.6,66.0,88.0,50.0
2021-01-16,6000A,MELILLA,52,MELILLA,351635N,025723W,52.0,16.9,9.5,13.2,0.0,25.0,2.8,10.0,9.0,1022.8,1017.1,67.0,88.0,51.0
2021-01-17,6000A,MELILLA,52,MELILLA,351635N,025723W,52.0,16.5,7.1,11.8,0.0,13.0,1.7,6.1,8.9,1022.7,1019.5,67.0,92.0,46.0
2021-01-18,6000A,MELILLA,52,MELILLA,351635N,025723W,52.0,15.8,7.4,11.6,0.0,2.0,1.9,5.3,9.1,1021.5,1019.0,74.0,94.0,57.0
2021-01-19,6000A,MELILLA,52,MELILLA,351635N,025723W,52.0,15.5,7.7,11.6,0.0,8.0,1.9,3.9,8.0,1020.9,1015.1,77.0,91.0,53.0
2021-01-20,6000A,MELILLA,52,MELILLA,351635N,025723W,52.0,18.9,7.0,13.0,1.2,20.0,1.4,14.2,2.8,1015.1,1009.1,75.0,96.0,38.0
2021-01-21,6000A,MELILLA,52,MELILLA,351635N,025723W,52.0,19.2,11.4,15.3,0.0,25.0,2.5,7.2,8.6,1016.7,1012.8,68.0,92.0,55.0
2021-01-22,6000A,MELILLA,52,MELILLA,351635N,025723W,52.0,21.7,12.2,17.0,0.0,26.0,4.7,17.8,4.9,1015.3,1010.8,72.0,81.0,48.0
2021-01-23,6000A,MELILLA,52,MELILLA,351635N,025723W,52.0,18.2,13.6,15.9,0.0,24.0,4.2,13.3,9.2,1016.6,1013.1,66.0,78.0,48.0
2021-01-24,6000A,MELILLA,52,MELILLA,351635N,025723W,52.0,21.2,12.0,16.6,0.0,29.0,3.9,13.6,5.3,1013.2,1010.6,55.0,82.0,42.0
2021-01-25,6000A,MELILLA,52,MELILLA,351635N,025723W,52.0,21.3,15.9,18.6,0.0,27.0,3.9,16.9,8.3,1015.0,1012.1,66.0,84.0,50.0
2021-01-26,6000A,MELILLA,52,MELILLA,351635N,025723W,52.0,19.7,15.9,17.8,0.0,26.0,5.0,20.6,8.5,1020.2,1012.5,76.0,86.0,67.0
2021-01-27,6000A,MELILLA,52,MELILLA,351635N,025723W,52.0,21.2,15.1,18.2,0.0,27.0,1.4,6.7,9.6,1020.0,1017.2,76.0,88.0,64.0
2021-01-28,6000A,MELILLA,52,MELILLA,351635N,025723W,52.0,21.4,13.6,17.5,0.0,8.0,1.4,3.3,9.7,1019.0,1016.0,76.0,90.0,62.0
2021-01-29,6000A,MELILLA,52,MELILLA,351635N,025723W,52.0,22.0,13.0,17.5,0.0,27.0,1.7,10.0,9.6,1016.9,1014.4,83.0,98.0,57.0
2021-01-30,6000A,MELILLA,52,MELILLA,351635N,025723W,52.0,19.5,13.1,16.3,0.0,25.0,3.9,17.2,8.0,1014.7,1010.6,77.0,100.0,60.0
2021-01-31,6000A,MELILLA,52,MELILLA,351635N,025723W,52.0,18.6,14.9,16.8,0.0,27.0,7.8,21.9,7.6,1012.9,1009.1,69.0,80.0,64.0
2021-02-01,6000A,MELILLA,52,MELILLA,351635N,025723W,52.0,19.6,15.2,17.4,0.0,26.0,8.6,21.1,8.9,1013.8,1011.4,73.0,87.0,60.0
2021-02-02,6000A,MELILLA,52,MELILLA,351635N,025723W,52.0,19.3,14.5,16.9,0.0,25.0,3.3,11.7,9.4,1014.4,1010.6,77.0,89.0,65.0
2021-02-03,6000A,MELILLA,52,MELILLA,351635N,025723W,52.0,19.5,13.3,16.4,0.0,24.0,2.2,7.2,7.9,1011.8,1008.0,72.0,85.0,61.0
2021-02-04,6000A,MELILLA,52,MELILLA,351635N,025723W,52.0,17.4,12.5,15.0,0.0,12.0,1.9,8.3,2.7,1008.0,998.4,87.0,94.0,73.0
2021-02-05,6000A,MELILLA,52,MELILLA,351635N,025723W,52.0,17.9,12.8,15.4,0.0,29.0,4.4,12.2,5.2,1000.1,995.0,77.0,93.0,71.0
2021-02-06,6000A,MELILLA,52,MELILLA,351635N,025723W,52.0,17.2,12.3,14.8,0.0,26.0,1.9,8.3,3.1,1003.3,998.0,72.0,83.0,53.0
2021-02-07,6000A,MELILLA,52,MELILLA,351635N,025723W,52.0,16.8,10.7,13.8,0.0,26.0,3.3,16.4,2.3,1008.5,1003.1,62.0,75.0,52.0
2021-02-08,6000A,MELILLA,52,MELILLA,351635N,025723W,52.0,21.7,11.0,16.4,0.2,99.0,4.2,13.1,4.0,1009.4,1004.5,71.0,89.0,37.0
2021-02-09,6000A,MELILLA,52,MELILLA,351635N,025723W,52.0,20.9,12.4,16.6,0.0,22.0,1.7,6.7,7.4,1009.1,1005.7,77.0,88.0,47.0
2021-02-10,6000A,MELILLA,52,MELILLA,351635N,025723W,52.0,21.7,13.9,17.8,0.0,27.0,3.9,11.7,9.1,1014.3,1007.9,63.0,81.0,49.0
2021-02-11,6000A,MELILLA,52,MELILLA,351635N,025723W,52.0,22.1,15.1,18.6,0.0,24.0,3.6,7.5,9.9,1015.6,1013.0,67.0,76.0,51.0
2021-02-12,6000A,MELILLA,52,MELILLA,351635N,025723W,52.0,20.4,14.9,17.6,0.0,26.0,5.6,14.2,9.9,1017.6,1014.2,70.0,83.0,54.0
2021-02-13,6000A,MELILLA,52,MELILLA,351635N,025723W,52.0,20.4,11.2,15.8,0.0,26.0,2.2,11.7,9.3,1019.5,1016.6,53.0,77.0,40.0
2021-02-14,6000A,MELILLA,52,MELILLA,351635N,025723W,52.0,17.7,8.9,13.3,0.0,10.0,2.8,7.8,9.7,1025.7,1018.6,76.0,89.0,65.0
2021-02-15,6000A,MELILLA,52,MELILLA,351635N,025723W,52.0,16.9,14.0,15.4,0.0,10.0,4.4,7.8,4.8,1026.6,1024.4,79.0,87.0,69.0
2021-02-16,6000A,MELILLA,52,MELILLA,351635N,025723W,52.0,16.7,10.9,13.8,0.0,10.0,2.8,6.9,7.0,1024.6,1019.5,79.0,90.0,72.0
2021-02-17,6000A,MELILLA,52,MELILLA,351635N,025723W,52.0,15.7,8.5,12.1,0.0,25.0,1.7,6.1,7.9,1019.5,1013.4,83.0,95.0,72.0
2021-02-18,6000A,MELILLA,52,MELILLA,351635N,025723W,52.0,18.5,10.5,14.5,0.0,24.0,1.9,7.5,10.0,1014.6,1012.1,74.0,88.0,60.0
2021-02-19,6000A,MELILLA,52,MELILLA,351635N,025723W,52.0,18.2,9.0,13.6,0.0,5.0,1.9,5.8,10.1,1014.5,1011.9,73.0,89.0,48.0
2021-02-20,6000A,MELILLA,52,MELILLA,351635N,025723W,52.0,17.2,11.3,14.2,0.0,5.0,3.1,5.8,6.3,1012.2,1002.9,84.0,92.0,67.0
2021-02-21,6000A,MELILLA,52,MELILLA,351635N,025723W,52.0,19.3,11.6,15.4,14.2,24.0,2.8,13.1,0.7,1010.2,999.6,72.0,92.0,48.0
2021-02-22,6000A,MELILLA,52,MELILLA,351635N,025723W,52.0,16.4,11.5,14.0,0.0,26.0,4.4,13.9,7.4,1019.7,1010.2,63.0,75.0,49.0
2021-02-23,6000A,MELILLA,52,MELILLA,351635N,025723W,52.0,17.1,10.6,13.8,0.0,8.0,3.6,9.7,8.7,1026.3,1019.7,72.0,91.0,49.0
2021-02-24,6000A,MELILLA,52,MELILLA,351635N,025723W,52.0,17.1,14.2,15.6,0.0,8.0,4.7,9.7,1.8,1026.1,1021.6,84.0,89.0,78.0
2021-02-25,6000A,MELILLA,52,MELILLA,351635N,025723W,52.0,17.3,14.2,15.8,0.0,10.0,4.2,8.3,5.5,1022.4,1018.2,87.0,93.0,75.0
2021-02-26,6000A,MELILLA,52,MELILLA,351635N,025723W,52.0,16.2,14.5,15.4,0.0,7.0,6.4,11.4,0.3,1019.5,1017.1,85.0,91.0,79.0
2021-02-27,6000A,MELILLA,52,MELILLA,351635N,025723W,52.0,15.7,14.3,15.0,0.0,5.0,6.4,12.2,0.1,1018.4,1013.5,82.0,85.0,78.0
2021-02-28,6000A,MELILLA,52,MELILLA,351635N,025723W,52.0,16.0,13.5,14.8,5.8,7.0,6.9,11.7,0.0,1013.5,1009.3,82.0,95.0,77.0
2021-03-01,6000A,MELILLA,52,MELILLA,351635N,025723W,52.0,15.8,14.3,15.0,0.0,8.0,5.6,12.8,0.0,1014.2,1009.1,91.0,93.0,86.0
2021-03-02,6000A,MELILLA,52,MELILLA,351635N,025723W,52.0,15.4,14.6,15.0,0.0,7.0,5.0,11.4,0.0,1019.2,1013.4,88.0,95.0,84.0
2021-03-03,6000A,MELILLA,52,MELILLA,351635N,025723W,52.0,16.2,14.5,15.4,0.0,4.0,6.7,11.7,0.4,1020.1,1017.7,86.0,95.0,81.0
2021-03-04,6000A,MELILLA,52,MELILLA,351635N,025723W,52.0,17.1,14.1,15.6,0.0,6.0,3.9,7.8,4.0,1018.0,1010.9,86.0,90.0,78.0
2021-03-05,6000A,MELILLA,52,MELILLA,351635N,025723W,52.0,16.8,13.7,15.2,0.0,7.0,3.1,6.7,3.0,1010.9,1007.2,86.0,93.0,74.0
2021-03-06,6000A,MELILLA,52,MELILLA,351635N,025723W,52.0,16.6,14.7,15.6,,6.0,6.7,12.2,0.1,1011.3,1008.2,91.0,94.0,87.0
2021-03-07,6000A,MELILLA,52,MELILLA,351635N,025723W,52.0,19.6,14.5,17.0,0.6,27.0,1.7,7.5,5.2,1010.5,1008.2,82.0,96.0,63.0
2021-03-08,6000A,MELILLA,52,MELILLA,351635N,025723W,52.0,17.6,12.4,15.0,19.6,26.0,2.8,10.0,3.9,1010.1,1007.3,75.0,93.0,65.0
2021-03-09,6000A,MELILLA,52,MELILLA,351635N,025723W,52.0,17.8,11.0,14.4,0.6,30.0,1.7,7.5,5.9,1014.3,1009.2,75.0,96.0,52.0
2021-03-10,6000A,MELILLA,52,MELILLA,351635N,025723W,52.0,16.8,9.6,13.2,0.0,2.0,1.9,6.4,10.0,1020.2,1013.8,79.0,94.0,68.0
2021-03-11,6000A,MELILLA,52,MELILLA,351635N,025723W,52.0,20.5,9.6,15.0,0.0,4.0,1.9,6.1,11.0,1021.8,1018.0,62.0,81.0,32.0
2021-03-12,6000A,MELILLA,52,MELILLA,351635N,025723W,52.0,22.3,11.8,17.0,0.0,26.0,3.3,13.3,11.2,1018.0,1012.7,54.0,73.0,36.0
2021-03-13,6000A,MELILLA,52,MELILLA,351635N,025723W,52.0,20.1,13.4,16.8,0.0,26.0,3.1,12.8,10.8,1017.2,1013.7,72.0,83.0,57.0
2021-03-14,6000A,MELILLA,52,MELILLA,351635N,025723W,52.0,20.2,11.4,15.8,0.0,99.0,2.8,6.1,10.9,1017.9,1015.7,67.0,87.0,48.0
2021-03-15,6000A,MELILLA,52,MELILLA,351635N,025723W,52.0,18.0,12.1,15.0,0.0,6.0,2.8,6.9,7.7,1016.7,1014.4,83.0,93.0,73.0
2021-03-16,6000A,MELILLA,52,MELILLA,351635N,025723W,52.0,18.4,11.1,14.8,0.0,7.0,4.7,11.4,9.8,1016.7,1014.5,77.0,93.0,59.0
2021-03-17,6000A,MELILLA,52,MELILLA,351635N,025723W,52.0,18.0,12.6,15.3,0.0,6.0,5.3,9.7,6.7,1016.2,1010.5,75.0,88.0,62.0
2021-03-18,6000A,MELILLA,52,MELILLA,351635N,025723W,52.0,17.4,12.4,14.9,0.2,6.0,3.6,12.8,2.9,1010.5,1005.5,82.0,92.0,73.0
2021-03-19,6000A,MELILLA,52,MELILLA,351635N,025723W,52.0,16.2,11.7,14.0,4.2,99.0,3.3,12.5,8.1,1007.0,1003.2,70.0,94.0,60.0
2021-03-20,6000A,MELILLA,52,MELILLA,351635N,025723W,52.0,12.4,9.0,10.7,20.0,4.0,9.2,20.6,0.0,1011.2,1000.8,84.0,97.0,71.0
2021-03-21,6000A,MELILLA,52,MELILLA,351635N,025723W,52.0,15.2,8.7,12.0,0.0,4.0,3.3,14.4,9.1,1015.0,1011.1,62.0,96.0,53.0
2021-03-22,6000A,MELILLA,52,MELILLA,351635N,025723W,52.0,20.3,8.1,14.2,0.0,25.0,1.7,7.8,11.7,1014.7,1011.2,41.0,77.0,29.0
2021-03-23,6000A,MELILLA,52,MELILLA,351635N,025723W,52.0,20.3,9.7,15.0,0.0,36.0,1.9,5.3,11.6,1017.6,1014.1,49.0,76.0,31.0
2021-03-24,6000A,MELILLA,52,MELILLA,351635N,025723W,52.0,21.9,10.4,16.2,0.0,30.0,1.4,5.8,11.6,1019.4,1016.5,53.0,70.0,34.0
2021-03-25,6000A,MELILLA,52,MELILLA,351635N,025723W,52.0,20.5,10.5,15.5,0.0,7.0,1.9,5.3,11.8,1018.6,1015.8,52.0,71.0,34.0
2021-03-26,6000A,MELILLA,52,MELILLA,351635N,025723W,52.0,20.1,10.9,15.5,0.0,9.0,1.9,4.7,8.1,1017.0,1014.5,54.0,81.0,31.0
2021-03-27,6000A,MELILLA,52,MELILLA,351635N,025723W,52.0,20.1,10.8,15.4,0.0,5.0,3.1,8.3,9.5,1018.1,1014.1,73.0,88.0,38.0
2021-03-28,6000A,MELILLA,52,MELILLA,351635N,025723W,52.0,17.5,15.5,16.5,0.0,99.0,5.6,10.3,0.3,1020.3,1017.3,87.0,90.0,81.0
2021-03-29,6000A,MELILLA,52,MELILLA,351635N,025723W,52.0,18.3,15.4,16.8,0.0,6.0,5.0,8.9,0.6,1018.7,1016.0,89.0,93.0,82.0
2021-03-30,6000A,MELILLA,52,MELILLA,351635N,025723W,52.0,18.3,15.7,17.0,0.0,9.0,3.9,7.8,0.8,1016.5,1013.4,88.0,94.0,84.0
2021-03-31,6000A,MELILLA,52,MELILLA,351635N,025723W,52.0,17.6,15.4,16.5,0.0,7.0,6.1,9.7,0.0,1014.0,1009.3,88.0,92.0,84.0
2021-04-01,6000A,MELILLA,52,MELILLA,351635N,025723W,52.0,19.4,15.0,17.2,0.0,32.0,2.8,8.9,3.5,1011.9,1007.7,82.0,94.0,69.0
2021-04-02,6000A,MELILLA,52,MELILLA,351635N,025723W,52.0,20.8,14.9,17.8,0.0,27.0,4.4,11.7,10.8,1012.3,1009.4,67.0,80.0,53.0
2021-04-03,6000A,MELILLA,52,MELILLA,351635N,025723W,52.0,21.7,14.5,18.1,0.0,27.0,3.1,10.8,11.4,1009.4,1004.9,56.0,75.0,43.0
2021-04-04,6000A,MELILLA,52,MELILLA,351635N,025723W,52.0,21.1,13.9,17.5,0.0,25.0,2.8,8.9,10.9,1011.6,1005.5,71.0,89.0,49.0
2021-04-05,6000A,MELILLA,52,MELILLA,351635N,025723W,52.0,19.4,12.6,16.0,0.0,5.0,2.5,6.9,9.8,1012.6,1010.3,80.0,91.0,63.0
2021-04-06,6000A,MELILLA,52,MELILLA,351635N,025723W,52.0,20.7,11.5,16.1,0.0,99.0,1.9,6.1,11.1,1010.4,1004.8,77.0,91.0,52.0
2021-04-07,6000A,MELILLA,52,MELILLA,351635N,025723W,52.0,19.4,13.4,16.4,,8.0,4.4,11.7,4.8,1016.0,1004.5,84.0,90.0,69.0
2021-04-08,6000A,MELILLA,52,MELILLA,351635N,025723W,52.0,16.0,14.1,15.0,0.8,6.0,7.8,13.3,0.0,1016.0,1012.3,79.0,89.0,76.0
2021-04-09,6000A,MELILLA,52,MELILLA,351635N,025723W,52.0,16.5,14.3,15.4,8.6,99.0,4.7,9.7,0.0,1013.1,1009.0,90.0,98.0,86.0
2021-04-10,6000A,MELILLA,52,MELILLA,351635N,025723W,52.0,20.4,14.7,17.6,0.2,11.0,4.2,10.0,5.3,1009.8,1006.1,85.0,98.0,72.0
2021-04-11,6000A,MELILLA,52,MELILLA,351635N,025723W,52.0,22.0,15.6,18.8,0.0,32.0,2.8,8.3,9.0,1012.6,1007.8,65.0,91.0,49.0
2021-04-12,6000A,MELILLA,52,MELILLA,351635N,025723W,52.0,20.9,15.0,18.0,0.0,6.0,3.9,9.2,5.8,1016.7,1012.0,81.0,91.0,57.0
2021-04-13,6000A,MELILLA,52,MELILLA,351635N,025723W,52.0,17.1,15.4,16.2,,8.0,4.4,9.7,0.0,1016.3,1012.8,84.0,92.0,81.0
2021-04-14,6000A,MELILLA,52,MELILLA,351635N,025723W,52.0,18.6,13.7,16.2,20.6,8.0,5.6,10.6,1.6,1012.8,1008.5,89.0,93.0,77.0
2021-04-15,6000A,MELILLA,52,MELILLA,351635N,025723W,52.0,14.8,12.7,13.8,21.8,5.0,4.7,11.4,0.0,1009.4,1006.3,97.0,99.0,90.0
2021-04-16,6000A,MELILLA,52,MELILLA,351635N,025723W,52.0,16.5,11.7,14.1,1.2,6.0,3.9,8.3,2.9,1011.7,1008.4,86.0,99.0,77.0
2021-04-17,6000A,MELILLA,52,MELILLA,351635N,025723W,52.0,19.2,11.7,15.4,0.0,4.0,2.2,6.7,11.5,1011.9,1009.8,71.0,95.0,50.0
2021-04-18,6000A,MELILLA,52,MELILLA,351635N,025723W,52.0,23.1,13.3,18.2,0.0,26.0,2.5,6.9,11.9,1015.2,1011.0,68.0,92.0,45.0
2021-04-19,6000A,MELILLA,52,MELILLA,351635N,025723W,52.0,20.6,14.2,17.4,0.0,2.0,1.9,6.9,11.1,1014.6,1010.3,80.0,92.0,64.0
2021-04-20,6000A,MELILLA,52,MELILLA,351635N,025723W,52.0,23.7,13.3,18.5,0.0,26.0,3.6,10.6,12.1,1010.6,1006.1,56.0,88.0,33.0
2021-04-21,6000A,MELILLA,52,MELILLA,351635N,025723W,52.0,21.9,16.0,19.0,0.0,26.0,3.3,10.6,10.8,1007.9,1005.5,59.0,82.0,52.0
2021-04-22,6000A,MELILLA,52,MELILLA,351635N,025723W,52.0,20.7,15.6,18.2,0.0,26.0,1.9,7.5,2.1,1010.0,1006.1,72.0,86.0,61.0
2021-04-23,6000A,MELILLA,52,MELILLA,351635N,025723W,52.0,19.7,15.2,17.4,,9.0,6.1,11.4,5.4,1011.1,1008.6,84.0,93.0,76.0
2021-04-24,6000A,MELILLA,52,MELILLA,351635N,025723W,52.0,17.4,15.2,16.3,1.6,7.0,7.2,13.1,0.0,1009.9,1003.6,86.0,97.0,83.0
2021-04-25,6000A,MELILLA,52,MELILLA,351635N,025723W,52.0,17.5,15.5,16.5,0.6,2.0,3.6,13.3,0.0,1005.6,1000.4,95.0,98.0,86.0
2021-04-26,6000A,MELILLA,52,MELILLA,351635N,025723W,52.0,21.3,13.9,17.6,0.0,3.0,2.5,5.8,11.2,1003.6,1000.7,74.0,95.0,60.0
2021-04-27,6000A,MELILLA,52,MELILLA,351635N,025723W,52.0,25.5,14.8,20.2,0.0,22.0,2.8,10.6,11.9,1003.5,1000.7,63.0,91.0,35.0
2021-04-28,6000A,MELILLA,52,MELILLA,351635N,025723W,52.0,22.6,16.5,19.6,0.0,26.0,3.9,10.0,11.0,1004.9,1001.6,64.0,80.0,54.0
2021-04-29,6000A,MELILLA,52,MELILLA,351635N,025723W,52.0,22.1,16.3,19.2,0.0,26.0,3.1,9.7,11.0,1006.0,1003.0,64.0,78.0,52.0
2021-04-30,6000A,MELILLA,52,MELILLA,351635N,025723W,52.0,18.4,14.7,16.6,2.2,27.0,2.8,8.1,0.1,1006.9,1002.9,73.0,83.0,60.0
2021-05-01,6000A,MELILLA,52,MELILLA,351635N,025723W,52.0,20.2,14.2,17.2,0.0,26.0,3.6,10.6,12.4,1011.5,1006.5,53.0,86.0,43.0
2021-05-02,6000A,MELILLA,52,MELILLA,351635N,025723W,52.0,20.2,13.9,17.0,0.0,27.0,3.6,7.8,12.3,1011.0,1008.3,61.0,84.0,44.0
2021-05-03,6000A,MELILLA,52,MELILLA,351635N,025723W,52.0,18.3,15.2,16.8,0.4,5.0,6.1,11.9,0.6,1011.7,1008.9,87.0,96.0,80.0
2021-05-04,6000A,MELILLA,52,MELILLA,351635N,025723W,52.0,17.7,15.6,16.6,,8.0,5.3,10.3,0.1,1011.6,1009.0,90.0,96.0,86.0
2021-05-05,6000A,MELILLA,52,MELILLA,351635N,025723W,52.0,20.5,15.5,18.0,0.0,7.0,2.2,6.1,3.9,1011.1,1008.6,85.0,95.0,73.0
2021-05-06,6000A,MELILLA,52,MELILLA,351635N,025723W,52.0,22.5,14.8,18.6,0.0,6.0,1.7,5.8,12.1,1012.0,1009.8,79.0,94.0,69.0
2021-05-07,6000A,MELILLA,52,MELILLA,351635N,025723W,52.0,25.0,15.2,20.1,0.0,5.0,1.7,5.3,12.4,1012.1,1010.2,68.0,93.0,45.0
2021-05-08,6000A,MELILLA,52,MELILLA,351635N,025723W,52.0,23.7,16.4,20.0,0.0,26.0,2.2,17.8,11.1,1010.8,1004.6,69.0,86.0,58.0
2021-05-09,6000A,MELILLA,52,MELILLA,351635N,025723W,52.0,24.1,17.7,20.9,0.0,99.0,2.8,12.8,8.6,1008.4,1002.7,63.0,82.0,53.0
2021-05-10,6000A,MELILLA,52,MELILLA,351635N,025723W,52.0,22.3,16.0,19.2,0.0,30.0,4.2,11.4,5.6,1013.0,1006.4,65.0,85.0,49.0
2021-05-11,6000A,MELILLA,52,MELILLA,351635N,025723W,52.0,20.7,15.1,17.9,0.0,26.0,4.2,12.2,11.5,1016.5,1012.3,54.0,75.0,25.0
2021-05-12,6000A,MELILLA,52,MELILLA,351635N,025723W,52.0,23.7,13.4,18.6,0.0,26.0,4.2,13.6,12.6,1015.3,1011.4,41.0,67.0,33.0
2021-05-13,6000A,MELILLA,52,MELILLA,351635N,025723W,52.0,24.9,18.4,21.6,0.0,25.0,2.8,13.9,12.7,1012.3,1008.4,45.0,68.0,27.0
2021-05-14,6000A,MELILLA,52,MELILLA,351635N,025723W,52.0,25.6,16.8,21.2,0.0,25.0,2.5,13.1,12.6,1011.3,1008.7,49.0,71.0,33.0
2021-05-15,6000A,MELILLA,52,MELILLA,351635N,025723W,52.0,26.6,15.3,21.0,0.0,4.0,1.9,6.9,12.2,1010.7,1007.7,50.0,76.0,35.0
2021-05-16,6000A,MELILLA,52,MELILLA,351635N,025723W,52.0,31.9,18.6,25.2,0.0,26.0,2.8,8.9,12.0,1008.4,1005.2,30.0,66.0,22.0
2021-05-17,6000A,MELILLA,52,MELILLA,351635N,025723W,52.0,29.9,19.2,24.6,0.0,26.0,3.3,10.0,12.0,1013.3,1006.1,48.0,90.0,25.0
2021-05-18,6000A,MELILLA,52,MELILLA,351635N,025723W,52.0,23.5,17.5,20.5,0.0,99.0,2.5,6.1,11.6,1014.9,1011.8,75.0,90.0,65.0
2021-05-19,6000A,MELILLA,52,MELILLA,351635N,025723W,52.0,26.2,16.9,21.6,0.0,6.0,2.5,7.5,10.8,1015.4,1010.6,79.0,91.0,56.0
2021-05-20,6000A,MELILLA,52,MELILLA,351635N,025723W,52.0,22.6,18.3,20.4,0.0,5.0,5.6,8.9,2.5,1016.5,1013.6,76.0,90.0,67.0
2021-05-21,6000A,MELILLA,52,MELILLA,351635N,025723W,52.0,25.2,18.4,21.8,0.0,27.0,3.3,7.5,6.3,1013.7,1007.5,71.0,85.0,58.0
2021-05-22,6000A,MELILLA,52,MELILLA,351635N,025723W,52.0,31.0,18.6,24.8,0.0,26.0,1.9,10.6,8.7,1007.7,1004.5,48.0,86.0,26.0
2021-05-23,6000A,MELILLA,52,MELILLA,351635N,025723W,52.0,24.1,17.5,20.8,0.0,26.0,3.1,11.1,4.0,1015.5,1004.2,62.0,82.0,35.0
2021-05-24,6000A,MELILLA,52,MELILLA,351635N,025723W,52.0,26.0,17.1,21.6,0.0,26.0,3.3,8.9,12.3,1016.3,1013.3,37.0,75.0,23.0
2021-05-25,6000A,MELILLA,52,MELILLA,351635N,025723W,52.0,23.0,15.4,19.2,0.0,6.0,3.6,7.5,10.1,1014.7,1012.0,69.0,85.0,57.0
2021-05-26,6000A,MELILLA,52,MELILLA,351635N,025723W,52.0,20.5,18.4,19.4,0.8,5.0,5.3,10.8,0.0,1013.6,1010.1,80.0,87.0,76.0
2021-05-27,6000A,MELILLA,52,MELILLA,351635N,025723W,52.0,18.9,16.3,17.6,7.8,34.0,4.2,11.4,0.0,1010.6,1007.5,94.0,98.0,83.0
2021-05-28,6000A,MELILLA,52,MELILLA,351635N,025723W,52.0,21.7,16.3,19.0,0.0,5.0,2.8,6.7,7.9,1012.3,1009.3,76.0,92.0,68.0
2021-05-29,6000A,MELILLA,52,MELILLA,351635N,025723W,52.0,23.0,18.5,20.8,0.0,6.0,3.3,6.4,3.0,1013.8,1011.2,80.0,91.0,69.0
2021-05-30,6000A,MELILLA,52,MELILLA,351635N,025723W,52.0,22.5,18.8,20.6,,8.0,3.9,17.5,0.2,1012.6,1009.1,82.0,92.0,45.0
2021-05-31,6000A,MELILLA,52,MELILLA,351635N,025723W,52.0,22.6,19.4,21.0,,26.0,2.2,10.3,0.6,1009.7,1005.4,89.0,95.0,82.0
2021-06-01,6000A,MELILLA,52,MELILLA,351635N,025723W,52.0,24.0,17.7,20.8,0.0,26.0,4.2,11.7,8.8,1007.7,1004.8,69.0,92.0,55.0
2021-06-02,6000A,MELILLA,52,MELILLA,351635N,025723W,52.0,25.0,17.2,21.1,0.0,26.0,3.1,7.8,11.5,1011.2,1006.0,65.0,84.0,49.0
2021-06-03,6000A,MELILLA,52,MELILLA,351635N,025723W,52.0,23.6,18.1,20.8,0.2,2.0,3.1,6.7,7.2,1013.3,1009.1,80.0,88.0,68.0
2021-06-04,6000A,MELILLA,52,MELILLA,351635N,025723W,52.0,24.4,19.7,22.0,2.8,10.0,4.4,9.4,6.0,1014.7,1010.1,84.0,95.0,69.0
2021-06-05,6000A,MELILLA,52,MELILLA,351635N,025723W,52.0,22.3,19.0,20.6,0.0,36.0,3.1,8.6,2.7,1016.8,1011.9,87.0,95.0,78.0
2021-06-06,6000A,MELILLA,52,MELILLA,351635N,025723W,52.0,24.5,16.6,20.6,0.0,4.0,2.2,5.8,13.1,1016.2,1012.4,75.0,95.0,61.0
2021-06-07,6000A,MELILLA,52,MELILLA,351635N,025723W,52.0,24.7,18.8,21.8,0.0,8.0,3.3,7.5,10.9,1013.6,1011.3,75.0,93.0,65.0
2021-06-08,6000A,MELILLA,52,MELILLA,351635N,025723W,52.0,23.7,20.0,21.8,0.0,8.0,3.1,6.7,4.4,1013.6,1011.4,80.0,92.0,74.0
2021-06-09,6000A,MELILLA,52,MELILLA,351635N,025723W,52.0,26.5,19.4,23.0,0.0,4.0,2.2,6.4,11.2,1013.6,1010.8,71.0,89.0,57.0
2021-06-10,6000A,MELILLA,52,MELILLA,351635N,025723W,52.0,24.9,18.7,21.8,0.0,6.0,2.8,6.1,9.5,1012.4,1009.3,83.0,91.0,70.0
2021-06-11,6000A,MELILLA,52,MELILLA,351635N,025723W,52.0,26.3,20.0,23.2,0.0,4.0,2.8,8.1,9.7,1009.6,1007.2,77.0,89.0,63.0
2021-06-12,6000A,MELILLA,52,MELILLA,351635N,025723W,52.0,24.5,20.9,22.7,0.0,3.0,3.6,10.0,2.3,1011.9,1008.7,83.0,90.0,77.0
2021-06-13,6000A,MELILLA,52,MELILLA,351635N,025723W,52.0,25.5,20.7,23.1,0.0,2.0,3.3,7.8,10.1,1012.5,1010.4,80.0,92.0,69.0
2021-06-14,6000A,MELILLA,52,MELILLA,351635N,025723W,52.0,27.8,20.6,24.2,0.0,30.0,3.1,6.4,10.3,1012.3,1009.6,70.0,89.0,50.0
2021-06-15,6000A,MELILLA,52,MELILLA,351635N,025723W,52.0,28.7,20.4,24.6,0.0,2.0,2.8,6.4,11.1,1009.9,1006.7,62.0,87.0,40.0
2021-06-16,6000A,MELILLA,52,MELILLA,351635N,025723W,52.0,26.5,20.9,23.7,0.0,26.0,3.1,8.9,2.5,1008.0,1004.5,72.0,85.0,63.0
2021-06-17,6000A,MELILLA,52,MELILLA,351635N,025723W,52.0,27.4,19.8,23.6,0.0,25.0,2.8,8.6,11.5,1008.4,1005.9,59.0,83.0,44.0
2021-06-18,6000A,MELILLA,52,MELILLA,351635N,025723W,52.0,25.6,20.6,23.1,0.0,28.0,2.8,8.1,5.1,1010.7,1006.9,70.0,81.0,58.0
2021-06-19,6000A,MELILLA,52,MELILLA,351635N,025723W,52.0,23.3,19.7,21.5,0.0,26.0,3.6,11.9,2.6,1011.2,1008.6,63.0,75.0,52.0
2021-06-20,6000A,MELILLA,52,MELILLA,351635N,025723W,52.0,24.9,18.6,21.8,0.0,27.0,3.9,12.5,13.1,1010.6,1006.8,58.0,79.0,47.0
2021-06-21,6000A,MELILLA,52,MELILLA,351635N,025723W,52.0,24.9,18.9,21.9,0.0,26.0,4.7,13.1,13.3,1008.7,1006.5,58.0,83.0,51.0
2021-06-22,6000A,MELILLA,52,MELILLA,351635N,025723W,52.0,26.0,18.7,22.4,0.0,28.0,4.2,12.8,13.2,1009.9,1007.7,52.0,78.0,44.0
2021-06-23,6000A,MELILLA,52,MELILLA,351635N,025723W,52.0,28.6,18.7,23.6,0.0,24.0,2.8,9.7,13.2,1010.9,1008.6,55.0,90.0,36.0
2021-06-24,6000A,MELILLA,52,MELILLA,351635N,025723W,52.0,25.2,19.4,22.3,0.0,8.0,4.7,10.0,4.8,1012.9,1010.2,82.0,93.0,73.0
2021-06-25,6000A,MELILLA,52,MELILLA,351635N,025723W,52.0,24.5,21.2,22.8,0.0,5.0,4.7,10.0,0.0,1012.7,1010.4,84.0,90.0,77.0
2021-06-26,6000A,MELILLA,52,MELILLA,351635N,025723W,52.0,25.2,20.8,23.0,0.0,7.0,3.1,6.4,10.8,1011.7,1008.9,80.0,93.0,69.0
2021-06-27,6000A,MELILLA,52,MELILLA,351635N,025723W,52.0,29.9,18.6,24.2,0.0,36.0,2.8,8.1,13.1,1009.7,1007.3,58.0,90.0,34.0
2021-06-28,6000A,MELILLA,52,MELILLA,351635N,025723W,52.0,29.6,23.0,26.3,0.0,26.0,5.6,14.2,12.3,1009.5,1007.2,38.0,55.0,24.0
2021-06-29,6000A,MELILLA,52,MELILLA,351635N,025723W,52.0,30.2,21.1,25.6,0.0,25.0,3.3,13.6,13.2,1009.7,1007.6,30.0,82.0,22.0
2021-06-30,6000A,MELILLA,52,MELILLA,351635N,025723W,52.0,25.7,18.9,22.3,0.0,6.0,3.3,7.5,11.3,1010.6,1008.5,75.0,86.0,50.0
2021-07-01,6000A,MELILLA,52,MELILLA,351635N,025723W,52.0,26.5,21.5,24.0,0.0,6.0,2.8,7.2,9.2,1011.3,1009.7,72.0,88.0,63.0
2021-07-02,6000A,MELILLA,52,MELILLA,351635N,025723W,52.0,27.2,20.8,24.0,0.0,99.0,2.2,5.6,12.4,1011.7,1008.9,76.0,89.0,64.0
2021-07-03,6000A,MELILLA,52,MELILLA,351635N,025723W,52.0,33.1,24.2,28.6,0.0,26.0,4.4,10.3,12.3,1010.9,1007.6,26.0,64.0,17.0
2021-07-04,6000A,MELILLA,52,MELILLA,351635N,025723W,52.0,32.4,25.9,29.2,0.0,26.0,5.3,12.8,12.4,1010.5,1007.7,38.0,54.0,20.0
2021-07-05,6000A,MELILLA,52,MELILLA,351635N,025723W,52.0,36.5,27.1,31.8,0.0,26.0,1.7,16.1,12.3,1008.8,1005.8,29.0,56.0,20.0
2021-07-06,6000A,MELILLA,52,MELILLA,351635N,025723W,52.0,31.1,25.6,28.4,0.0,26.0,5.6,13.9,12.0,1008.5,1006.0,37.0,51.0,26.0
2021-07-07,6000A,MELILLA,52,MELILLA,351635N,025723W,52.0,29.4,23.5,26.4,0.0,25.0,5.3,13.6,12.2,1011.4,1007.1,37.0,67.0,18.0
2021-07-08,6000A,MELILLA,52,MELILLA,351635N,025723W,52.0,27.7,21.5,24.6,0.0,23.0,3.1,10.0,11.3,1013.4,1010.1,61.0,90.0,29.0
2021-07-09,6000A,MELILLA,52,MELILLA,351635N,025723W,52.0,24.6,22.8,23.7,0.0,7.0,4.4,9.7,0.0,1013.4,1010.1,90.0,96.0,84.0
2021-07-10,6000A,MELILLA,52,MELILLA,351635N,025723W,52.0,26.5,22.7,24.6,0.0,6.0,3.3,6.4,1.4,1011.3,1008.6,82.0,90.0,73.0
2021-07-11,6000A,MELILLA,52,MELILLA,351635N,025723W,52.0,28.1,22.7,25.4,0.0,31.0,2.8,8.3,6.8,1009.4,1007.8,78.0,90.0,67.0
2021-07-12,6000A,MELILLA,52,MELILLA,351635N,025723W,52.0,33.6,23.8,28.7,0.0,25.0,5.6,17.5,5.7,1009.8,1006.7,41.0,89.0,19.0
2021-07-13,6000A,MELILLA,52,MELILLA,351635N,025723W,52.0,29.0,20.8,24.9,0.0,26.0,3.3,16.1,12.9,1011.5,1009.3,49.0,81.0,31.0
2021-07-14,6000A,MELILLA,52,MELILLA,351635N,025723W,52.0,25.9,20.4,23.2,0.0,7.0,3.1,6.7,9.6,1011.4,1009.1,76.0,85.0,65.0
2021-07-15,6000A,MELILLA,52,MELILLA,351635N,025723W,52.0,26.4,21.4,23.9,0.0,9.0,4.2,8.6,9.0,1011.8,1008.9,75.0,90.0,69.0
2021-07-16,6000A,MELILLA,52,MELILLA,351635N,025723W,52.0,26.1,22.0,24.0,0.0,7.0,4.2,8.1,3.3,1011.8,1009.7,78.0,90.0,68.0
2021-07-17,6000A,MELILLA,52,MELILLA,351635N,025723W,52.0,27.8,21.9,24.8,0.0,99.0,3.1,7.8,9.8,1010.9,1008.7,75.0,94.0,65.0
2021-07-18,6000A,MELILLA,52,MELILLA,351635N,025723W,52.0,34.9,21.9,28.4,0.0,26.0,2.5,13.3,11.7,1009.8,1005.7,49.0,93.0,21.0
2021-07-19,6000A,MELILLA,52,MELILLA,351635N,025723W,52.0,31.5,24.1,27.8,0.0,26.0,3.9,13.9,12.5,1007.9,1004.8,42.0,68.0,18.0
2021-07-20,6000A,MELILLA,52,MELILLA,351635N,025723W,52.0,30.2,21.6,25.9,0.0,99.0,1.9,7.8,12.6,1009.7,1007.2,54.0,71.0,32.0
2021-07-21,6000A,MELILLA,52,MELILLA,351635N,025723W,52.0,28.4,20.9,24.6,0.0,7.0,2.8,6.4,12.1,1011.0,1009.0,76.0,91.0,49.0
2021-07-22,6000A,MELILLA,52,MELILLA,351635N,025723W,52.0,28.8,22.8,25.8,0.0,6.0,2.8,6.7,11.5,1010.7,1007.9,76.0,90.0,66.0
2021-07-23,6000A,MELILLA,52,MELILLA,351635N,025723W,52.0,30.6,23.8,27.2,0.0,30.0,2.8,8.6,11.2,1008.6,1004.0,76.0,91.0,64.0
2021-07-24,6000A,MELILLA,52,MELILLA,351635N,025723W,52.0,36.0,23.5,29.8,0.0,25.0,5.6,12.8,10.6,1004.9,1002.6,27.0,91.0,16.0
2021-07-25,6000A,MELILLA,52,MELILLA,351635N,025723W,52.0,33.4,25.8,29.6,0.0,26.0,6.4,14.2,11.2,1006.0,1003.6,29.0,55.0,18.0
2021-07-26,6000A,MELILLA,52,MELILLA,351635N,025723W,52.0,28.8,21.9,25.4,0.0,25.0,4.2,12.2,12.5,1009.3,1005.1,58.0,83.0,50.0
2021-07-27,6000A,MELILLA,52,MELILLA,351635N,025723W,52.0,27.5,20.3,23.9,0.0,9.0,3.1,7.5,10.1,1009.0,1005.3,78.0,90.0,62.0
2021-07-28,6000A,MELILLA,52,MELILLA,351635N,025723W,52.0,28.3,23.4,25.8,0.0,8.0,3.1,6.7,10.5,1008.0,1005.5,81.0,93.0,64.0
2021-07-29,6000A,MELILLA,52,MELILLA,351635N,025723W,52.0,28.5,23.4,26.0,0.0,9.0,3.3,6.9,5.3,1009.1,1006.0,86.0,97.0,73.0
2021-07-30,6000A,MELILLA,52,MELILLA,351635N,025723W,52.0,32.2,23.1,27.6,0.0,16.0,1.9,12.8,7.0,1008.0,1005.2,67.0,93.0,34.0
2021-07-31,6000A,MELILLA,52,MELILLA,351635N,025723W,52.0,30.7,24.3,27.5,0.0,28.0,7.2,17.2,10.5,1008.9,1005.6,40.0,49.0,30.0
2021-08-01,6000A,MELILLA,52,MELILLA,351635N,025723W,52.0,29.0,21.6,25.3,0.0,99.0,3.9,10.8,11.7,1010.1,1007.2,30.0,54.0,27.0
2021-08-02,6000A,MELILLA,52,MELILLA,351635N,025723W,52.0,26.8,18.9,22.8,0.0,2.0,3.6,9.2,11.5,1010.0,1006.9,55.0,79.0,43.0
2021-08-03,6000A,MELILLA,52,MELILLA,351635N,025723W,52.0,27.2,21.1,24.2,0.0,4.0,3.1,7.5,11.9,1010.7,1008.4,75.0,90.0,68.0
2021-08-04,6000A,MELILLA,52,MELILLA,351635N,025723W,52.0,31.7,20.9,26.3,0.0,31.0,1.9,6.1,12.4,1009.7,1007.7,61.0,92.0,35.0
2021-08-05,6000A,MELILLA,52,MELILLA,351635N,025723W,52.0,34.9,23.0,29.0,0.0,24.0,1.7,7.2,12.5,1008.9,1005.8,46.0,75.0,24.0
2021-08-06,6000A,MELILLA,52,MELILLA,351635N,025723W,52.0,35.5,23.5,29.5,0.0,25.0,2.8,11.1,12.3,1006.0,1001.2,29.0,76.0,22.0
2021-08-07,6000A,MELILLA,52,MELILLA,351635N,025723W,52.0,32.6,24.7,28.6,0.0,26.0,6.1,15.8,12.1,1005.3,1001.8,41.0,57.0,29.0
2021-08-08,6000A,MELILLA,52,MELILLA,351635N,025723W,52.0,31.2,22.4,26.8,0.0,25.0,3.6,15.0,12.0,1008.2,1004.6,42.0,79.0,34.0
2021-08-09,6000A,MELILLA,52,MELILLA,351635N,025723W,52.0,28.7,20.8,24.8,0.2,4.0,3.1,8.6,7.0,1008.8,1007.1,73.0,90.0,58.0
2021-08-10,6000A,MELILLA,52,MELILLA,351635N,025723W,52.0,27.3,23.3,25.3,,6.0,3.3,7.5,0.8,1009.3,1006.1,90.0,96.0,80.0
2021-08-11,6000A,MELILLA,52,MELILLA,351635N,025723W,52.0,28.7,23.9,26.3,0.0,25.0,1.7,8.1,1.5,1010.4,1006.8,88.0,96.0,75.0
2021-08-12,6000A,MELILLA,52,MELILLA,351635N,025723W,52.0,28.6,23.7,26.2,0.0,4.0,1.9,6.7,9.7,1012.2,1009.3,81.0,96.0,74.0
2021-08-13,6000A,MELILLA,52,MELILLA,351635N,025723W,52.0,27.4,22.9,25.2,0.0,99.0,2.5,5.8,4.9,1013.6,1010.9,88.0,99.0,78.0
2021-08-14,6000A,MELILLA,52,MELILLA,351635N,025723W,52.0,28.6,23.0,25.8,0.0,6.0,2.5,5.8,10.2,1013.2,1010.1,79.0,94.0,70.0
2021-08-15,6000A,MELILLA,52,MELILLA,351635N,025723W,52.0,32.0,23.4,27.7,0.0,30.0,3.1,7.2,9.4,1011.1,1007.6,77.0,93.0,59.0
2021-08-16,6000A,MELILLA,52,MELILLA,351635N,025723W,52.0,39.7,22.9,31.3,0.0,6.0,1.9,7.5,10.5,1009.0,1006.6,72.0,95.0,21.0
2021-08-17,6000A,MELILLA,52,MELILLA,351635N,025723W,52.0,29.9,23.3,26.6,0.0,2.0,3.1,6.9,9.4,1012.1,1007.6,82.0,95.0,51.0
2021-08-18,6000A,MELILLA,52,MELILLA,351635N,025723W,52.0,28.3,24.2,26.2,0.0,5.0,3.3,7.5,9.7,1011.8,1007.9,78.0,93.0,62.0
2021-08-19,6000A,MELILLA,52,MELILLA,351635N,025723W,52.0,28.3,23.7,26.0,0.0,5.0,3.1,7.5,11.4,1008.9,1006.0,78.0,92.0,67.0
2021-08-20,6000A,MELILLA,52,MELILLA,351635N,025723W,52.0,28.2,23.7,26.0,0.0,8.0,3.1,6.9,10.0,1010.0,1007.2,82.0,93.0,70.0
2021-08-21,6000A,MELILLA,52,MELILLA,351635N,025723W,52.0,28.8,24.5,26.6,0.0,4.0,2.8,6.7,7.3,1012.3,1008.2,77.0,91.0,66.0
2021-08-22,6000A,MELILLA,52,MELILLA,351635N,025723W,52.0,29.2,24.3,26.8,0.0,6.0,3.3,9.2,4.9,1011.6,1007.8,86.0,91.0,71.0
2021-08-23,6000A,MELILLA,52,MELILLA,351635N,025723W,52.0,29.1,25.1,27.1,0.0,10.0,3.3,9.2,5.4,1009.4,1005.4,84.0,92.0,73.0
2021-08-24,6000A,MELILLA,52,MELILLA,351635N,025723W,52.0,27.4,24.3,25.8,0.8,12.0,3.3,8.9,1.5,1007.8,1004.8,89.0,92.0,80.0
2021-08-25,6000A,MELILLA,52,MELILLA,351635N,025723W,52.0,29.2,23.8,26.5,,1.0,2.8,7.8,8.8,1007.9,1005.5,83.0,97.0,68.0
2021-08-26,6000A,MELILLA,52,MELILLA,351635N,025723W,52.0,28.0,23.4,25.7,0.0,9.0,3.3,7.2,6.3,1008.9,1006.3,81.0,93.0,71.0
2021-08-27,6000A,MELILLA,52,MELILLA,351635N,025723W,52.0,28.7,22.6,25.6,0.0,28.0,2.8,9.2,7.0,1010.4,1006.5,81.0,90.0,67.0
2021-08-28,6000A,MELILLA,52,MELILLA,351635N,025723W,52.0,31.1,23.4,27.2,0.0,27.0,4.7,13.3,11.3,1009.8,1007.1,55.0,87.0,35.0
2021-08-29,6000A,MELILLA,52,MELILLA,351635N,025723W,52.0,28.9,22.6,25.8,0.0,26.0,3.6,13.1,11.8,1009.2,1006.5,59.0,82.0,44.0
2021-08-30,6000A,MELILLA,52,MELILLA,351635N,025723W,52.0,30.4,22.2,26.3,0.0,26.0,3.1,9.4,11.4,1007.9,1004.8,45.0,77.0,36.0
2021-08-31,6000A,MELILLA,52,MELILLA,351635N,025723W,52.0,27.4,22.2,24.8,0.2,7.0,2.8,7.5,5.6,1008.3,1005.5,78.0,87.0,62.0
2021-09-01,6000A,MELILLA,52,MELILLA,351635N,025723W,52.0,27.7,22.9,25.3,2.2,26.0,1.7,6.4,2.3,1009.6,1006.7,82.0,95.0,65.0
2021-09-02,6000A,MELILLA,52,MELILLA,351635N,025723W,52.0,29.3,20.8,25.0,0.0,30.0,1.9,7.2,11.3,1010.9,1008.9,61.0,90.0,53.0
2021-09-03,6000A,MELILLA,52,MELILLA,351635N,025723W,52.0,28.3,20.9,24.6,0.0,36.0,2.5,6.9,11.5,1010.8,1008.0,63.0,84.0,50.0
2021-09-04,6000A,MELILLA,52,MELILLA,351635N,025723W,52.0,27.5,21.6,24.6,0.0,99.0,2.2,6.4,11.7,1009.4,1006.9,74.0,90.0,70.0
2021-09-05,6000A,MELILLA,52,MELILLA,351635N,025723W,52.0,28.1,24.0,26.0,0.0,5.0,3.3,7.5,7.8,1011.4,1008.3,75.0,90.0,69.0
2021-09-06,6000A,MELILLA,52,MELILLA,351635N,025723W,52.0,28.5,24.1,26.3,0.0,10.0,3.9,8.3,7.9,1011.9,1009.6,82.0,90.0,68.0
2021-09-07,6000A,MELILLA,52,MELILLA,351635N,025723W,52.0,28.8,23.8,26.3,,27.0,2.5,9.4,6.9,1011.1,1007.7,80.0,87.0,71.0
2021-09-08,6000A,MELILLA,52,MELILLA,351635N,025723W,52.0,28.1,23.5,25.8,0.0,27.0,5.8,14.7,9.5,1010.8,1007.1,67.0,88.0,53.0
2021-09-09,6000A,MELILLA,52,MELILLA,351635N,025723W,52.0,28.3,22.6,25.4,0.0,26.0,6.1,16.7,11.7,1010.4,1008.4,59.0,73.0,47.0
2021-09-10,6000A,MELILLA,52,MELILLA,351635N,025723W,52.0,30.9,21.7,26.3,0.0,25.0,3.6,11.4,11.6,1012.3,1010.2,48.0,81.0,38.0
2021-09-11,6000A,MELILLA,52,MELILLA,351635N,025723W,52.0,31.7,20.3,26.0,0.0,99.0,1.7,6.4,11.6,1012.0,1008.7,64.0,75.0,32.0
2021-09-12,6000A,MELILLA,52,MELILLA,351635N,025723W,52.0,27.4,20.8,24.1,0.0,30.0,1.9,8.9,11.2,1009.3,1005.4,80.0,91.0,53.0
2021-09-13,6000A,MELILLA,52,MELILLA,351635N,025723W,52.0,30.2,23.3,26.8,0.0,27.0,2.5,8.1,0.4,1010.6,1006.5,73.0,91.0,51.0
2021-09-14,6000A,MELILLA,52,MELILLA,351635N,025723W,52.0,28.0,23.3,25.6,3.8,26.0,1.9,13.6,1.9,1008.0,1003.7,68.0,85.0,49.0
2021-09-15,6000A,MELILLA,52,MELILLA,351635N,025723W,52.0,26.2,20.5,23.4,1.4,25.0,2.2,11.4,5.3,1011.3,1006.7,81.0,91.0,61.0
2021-09-16,6000A,MELILLA,52,MELILLA,351635N,025723W,52.0,26.6,19.4,23.0,0.0,4.0,2.2,7.5,11.1,1011.3,1009.6,67.0,86.0,58.0
2021-09-17,6000A,MELILLA,52,MELILLA,351635N,025723W,52.0,26.9,20.7,23.8,0.0,99.0,2.5,6.1,11.4,1011.2,1007.5,79.0,89.0,66.0
2021-09-18,6000A,MELILLA,52,MELILLA,351635N,025723W,52.0,29.6,20.4,25.0,0.0,28.0,2.5,7.2,11.4,1009.2,1007.3,64.0,90.0,42.0
2021-09-19,6000A,MELILLA,52,MELILLA,351635N,025723W,52.0,29.0,21.9,25.4,0.0,2.0,3.1,7.8,11.3,1011.4,1008.7,60.0,79.0,39.0
2021-09-20,6000A,MELILLA,52,MELILLA,351635N,025723W,52.0,27.4,21.7,24.6,0.0,5.0,2.5,6.4,9.8,1012.3,1009.5,78.0,86.0,65.0
2021-09-21,6000A,MELILLA,52,MELILLA,351635N,025723W,52.0,26.4,21.0,23.7,9.0,6.0,5.8,13.1,2.3,1010.4,1008.4,87.0,97.0,73.0
2021-09-22,6000A,MELILLA,52,MELILLA,351635N,025723W,52.0,23.9,19.2,21.6,32.6,8.0,5.6,13.3,0.6,1009.3,1006.7,89.0,100.0,84.0
2021-09-23,6000A,MELILLA,52,MELILLA,351635N,025723W,52.0,24.2,21.9,23.0,0.6,6.0,4.4,9.7,0.0,1008.0,1005.9,92.0,97.0,88.0
2021-09-24,6000A,MELILLA,52,MELILLA,351635N,025723W,52.0,27.4,21.9,24.6,0.6,24.0,1.7,9.2,7.1,1010.4,1006.4,84.0,98.0,70.0
2021-09-25,6000A,MELILLA,52,MELILLA,351635N,025723W,52.0,24.0,21.1,22.6,0.0,26.0,2.8,8.9,1.8,1013.1,1009.8,76.0,95.0,64.0
2021-09-26,6000A,MELILLA,52,MELILLA,351635N,025723W,52.0,25.9,19.4,22.6,0.0,26.0,1.9,6.1,10.4,1015.3,1012.7,74.0,89.0,57.0
2021-09-27,6000A,MELILLA,52,MELILLA,351635N,025723W,52.0,25.4,18.0,21.7,0.0,99.0,1.9,4.7,11.0,1015.4,1013.6,76.0,91.0,57.0
2021-09-28,6000A,MELILLA,52,MELILLA,351635N,025723W,52.0,25.6,19.1,22.4,0.0,2.0,2.2,6.9,9.0,1015.8,1012.8,80.0,94.0,67.0
2021-09-29,6000A,MELILLA,52,MELILLA,351635N,025723W,52.0,24.7,17.9,21.3,0.0,9.0,2.8,6.4,10.1,1016.9,1014.7,83.0,92.0,73.0
2021-09-30,6000A,MELILLA,52,MELILLA,351635N,025723W,52.0,25.1,21.5,23.3,0.0,99.0,3.3,6.9,3.8,1017.3,1014.4,82.0,92.0,74.0
2021-10-01,6000A,MELILLA,52,MELILLA,351635N,025723W,52.0,25.7,20.1,22.9,0.0,1.0,1.7,6.9,9.1,1015.1,1012.4,81.0,94.0,67.0
2021-10-02,6000A,MELILLA,52,MELILLA,351635N,025723W,52.0,24.9,18.5,21.7,0.0,4.0,1.7,6.1,9.0,1012.4,1007.9,83.0,94.0,74.0
2021-10-03,6000A,MELILLA,52,MELILLA,351635N,025723W,52.0,25.7,18.2,22.0,0.0,26.0,4.4,12.5,10.0,1011.5,1006.6,69.0,92.0,50.0
2021-10-04,6000A,MELILLA,52,MELILLA,351635N,025723W,52.0,24.6,17.5,21.0,0.0,27.0,2.8,11.4,8.5,1014.9,1011.0,51.0,66.0,32.0
2021-10-05,6000A,MELILLA,52,MELILLA,351635N,025723W,52.0,23.2,15.1,19.2,0.0,,1.7,,10.9,1015.7,1013.1,68.0,77.0,39.0
2021-10-06,6000A,MELILLA,52,MELILLA,351635N,025723W,52.0,24.3,16.0,20.2,0.0,17.0,2.2,6.1,10.9,1015.0,1013.1,70.0,80.0,52.0
2021-10-07,6000A,MELILLA,52,MELILLA,351635N,025723W,52.0,24.6,19.1,21.8,0.0,11.0,3.1,7.5,7.3,1013.9,1010.9,81.0,91.0,67.0
2021-10-08,6000A,MELILLA,52,MELILLA,351635N,025723W,52.0,24.4,18.3,21.4,0.0,8.0,2.2,7.5,8.5,1012.6,1010.6,83.0,94.0,72.0
2021-10-09,6000A,MELILLA,52,MELILLA,351635N,025723W,52.0,24.4,19.6,22.0,0.0,10.0,2.5,7.2,10.6,1013.4,1011.2,78.0,88.0,64.0
2021-10-10,6000A,MELILLA,52,MELILLA,351635N,025723W,52.0,24.1,20.6,22.4,0.0,8.0,5.3,8.9,7.6,1012.9,1010.3,76.0,85.0,63.0
2021-10-11,6000A,MELILLA,52,MELILLA,351635N,025723W,52.0,24.3,21.3,22.8,0.0,8.0,5.3,9.2,3.9,1012.0,1009.6,79.0,84.0,72.0
2021-10-12,6000A,MELILLA,52,MELILLA,351635N,025723W,52.0,23.7,19.1,21.4,0.0,8.0,3.6,9.7,5.5,1012.0,1009.1,76.0,85.0,72.0
2021-10-13,6000A,MELILLA,52,MELILLA,351635N,025723W,52.0,23.4,17.0,20.2,0.0,7.0,2.8,6.7,10.2,1013.6,1009.4,79.0,92.0,66.0
2021-10-14,6000A,MELILLA,52,MELILLA,351635N,025723W,52.0,23.0,18.6,20.8,0.0,6.0,3.1,7.2,10.0,1015.8,1013.2,73.0,84.0,65.0
2021-10-15,6000A,MELILLA,52,MELILLA,351635N,025723W,52.0,23.6,16.7,20.2,0.0,2.0,1.9,5.6,10.2,1014.2,1011.1,74.0,88.0,51.0
2021-10-16,6000A,MELILLA,52,MELILLA,351635N,025723W,52.0,24.1,15.2,19.6,0.0,6.0,1.7,5.0,10.2,1012.2,1010.2,73.0,87.0,48.0
2021-10-17,6000A,MELILLA,52,MELILLA,351635N,025723W,52.0,27.6,18.5,23.0,0.0,26.0,1.7,7.2,8.7,1013.9,1009.6,54.0,81.0,32.0
2021-10-18,6000A,MELILLA,52,MELILLA,351635N,025723W,52.0,24.4,17.2,20.8,0.0,7.0,2.8,6.1,10.0,1016.9,1013.5,79.0,91.0,62.0
2021-10-19,6000A,MELILLA,52,MELILLA,351635N,025723W,52.0,,,,0.0,8.0,4.7,16.1,3.2,1018.7,1016.1,85.0,94.0,78.0
2021-10-20,6000A,MELILLA,52,MELILLA,351635N,025723W,52.0,23.5,17.5,20.5,0.0,99.0,2.8,6.4,5.4,1016.7,1013.3,85.0,92.0,77.0
2021-10-21,6000A,MELILLA,52,MELILLA,351635N,025723W,52.0,27.1,16.6,21.8,0.0,27.0,3.1,9.4,10.0,1013.8,1009.4,73.0,93.0,35.0
2021-10-22,6000A,MELILLA,52,MELILLA,351635N,025723W,52.0,23.5,18.5,21.0,0.0,25.0,3.1,10.0,9.0,1012.3,1008.5,72.0,83.0,61.0
2021-10-23,6000A,MELILLA,52,MELILLA,351635N,025723W,52.0,21.6,16.7,19.2,0.2,6.0,2.8,8.3,6.3,1015.7,1010.9,81.0,88.0,67.0
2021-10-24,6000A,MELILLA,52,MELILLA,351635N,025723W,52.0,22.5,17.7,20.1,0.0,6.0,3.6,7.5,9.5,1017.0,1014.4,78.0,87.0,66.0
2021-10-25,6000A,MELILLA,52,MELILLA,351635N,025723W,52.0,22.3,17.1,19.7,0.0,7.0,2.5,6.4,8.0,1014.9,1011.8,73.0,90.0,60.0
2021-10-26,6000A,MELILLA,52,MELILLA,351635N,025723W,52.0,21.7,19.3,20.5,0.6,7.0,4.7,8.6,0.4,1014.1,1011.4,84.0,90.0,75.0
2021-10-27,6000A,MELILLA,52,MELILLA,351635N,025723W,52.0,21.9,17.8,19.8,0.0,9.0,3.3,8.1,2.5,1013.9,1011.4,86.0,92.0,73.0
2021-10-28,6000A,MELILLA,52,MELILLA,351635N,025723W,52.0,22.4,16.4,19.4,0.0,10.0,1.7,6.7,8.1,1012.2,1009.7,80.0,90.0,66.0
2021-10-29,6000A,MELILLA,52,MELILLA,351635N,025723W,52.0,23.9,15.2,19.6,0.0,28.0,2.5,7.2,7.4,1011.7,1008.3,81.0,91.0,60.0
2021-10-30,6000A,MELILLA,52,MELILLA,351635N,025723W,52.0,25.7,15.3,20.5,0.0,24.0,2.8,8.9,8.2,1012.6,1008.5,62.0,86.0,39.0
2021-10-31,6000A,MELILLA,52,MELILLA,351635N,025723W,52.0,27.5,17.9,22.7,0.0,24.0,3.6,11.4,9.0,1014.0,1011.0,63.0,79.0,39.0
2021-11-01,6000A,MELILLA,52,MELILLA,351635N,025723W,52.0,25.2,20.7,23.0,0.0,26.0,3.1,11.7,9.0,1012.8,1009.5,71.0,83.0,64.0
2021-11-02,6000A,MELILLA,52,MELILLA,351635N,025723W,52.0,25.3,19.6,22.4,0.0,26.0,4.2,11.1,9.0,1010.9,1005.7,72.0,87.0,58.0
2021-11-03,6000A,MELILLA,52,MELILLA,351635N,025723W,52.0,19.8,15.8,17.8,7.4,27.0,4.2,17.8,4.6,1007.4,1002.9,66.0,98.0,51.0
2021-11-04,6000A,MELILLA,52,MELILLA,351635N,025723W,52.0,18.7,13.7,16.2,6.8,24.0,3.1,9.7,4.2,1010.9,1006.3,69.0,85.0,55.0
2021-11-05,6000A,MELILLA,52,MELILLA,351635N,025723W,52.0,18.4,10.8,14.6,3.2,23.0,3.3,12.8,5.7,1014.2,1010.7,66.0,81.0,47.0
2021-11-06,6000A,MELILLA,52,MELILLA,351635N,025723W,52.0,16.3,10.4,13.4,1.0,4.0,2.5,13.9,5.9,1017.3,1011.8,73.0,87.0,55.0
2021-11-07,6000A,MELILLA,52,MELILLA,351635N,025723W,52.0,20.9,10.1,15.5,0.2,16.0,1.7,6.7,8.8,1016.7,1012.9,56.0,79.0,33.0
2021-11-08,6000A,MELILLA,52,MELILLA,351635N,025723W,52.0,20.1,9.0,14.6,0.0,25.0,1.9,8.9,9.5,1013.1,1009.5,53.0,81.0,33.0
2021-11-09,6000A,MELILLA,52,MELILLA,351635N,025723W,52.0,20.8,10.7,15.8,0.0,24.0,1.7,9.2,9.6,1010.7,1008.5,60.0,86.0,39.0
2021-11-10,6000A,MELILLA,52,MELILLA,351635N,025723W,52.0,21.6,11.2,16.4,0.0,35.0,1.9,6.4,9.3,1012.6,1009.8,73.0,87.0,54.0
2021-11-11,6000A,MELILLA,52,MELILLA,351635N,025723W,52.0,20.1,12.1,16.1,0.0,4.0,1.9,4.7,9.3,1012.9,1010.6,75.0,84.0,61.0
2021-11-12,6000A,MELILLA,52,MELILLA,351635N,025723W,52.0,21.1,11.0,16.0,0.0,5.0,1.4,5.8,7.7,1011.1,1008.8,70.0,88.0,53.0
2021-11-13,6000A,MELILLA,52,MELILLA,351635N,025723W,52.0,19.9,12.2,16.0,0.0,14.0,2.8,6.4,7.1,1012.4,1010.0,79.0,94.0,66.0
2021-11-14,6000A,MELILLA,52,MELILLA,351635N,025723W,52.0,20.9,13.7,17.3,0.0,24.0,1.9,5.8,9.1,1011.7,1008.2,74.0,93.0,48.0
2021-11-15,6000A,MELILLA,52,MELILLA,351635N,025723W,52.0,21.3,13.6,17.4,0.0,28.0,3.6,13.6,8.6,1012.2,1007.5,61.0,82.0,43.0
2021-11-16,6000A,MELILLA,52,MELILLA,351635N,025723W,52.0,20.2,11.5,15.8,0.0,7.0,2.8,6.7,9.4,1011.7,1008.8,66.0,85.0,47.0
2021-11-17,6000A,MELILLA,52,MELILLA,351635N,025723W,52.0,19.2,15.3,17.2,0.0,5.0,4.2,11.1,6.5,1012.4,1008.9,74.0,82.0,59.0
2021-11-18,6000A,MELILLA,52,MELILLA,351635N,025723W,52.0,19.4,16.4,17.9,0.0,6.0,6.4,13.6,4.9,1015.7,1011.7,77.0,85.0,65.0
2021-11-19,6000A,MELILLA,52,MELILLA,351635N,025723W,52.0,22.3,17.1,19.7,0.0,8.0,4.7,12.5,5.2,1015.4,1011.3,74.0,87.0,41.0
2021-11-20,6000A,MELILLA,52,MELILLA,351635N,025723W,52.0,20.3,14.9,17.6,0.0,26.0,2.2,8.3,2.6,1013.7,1011.3,73.0,87.0,52.0
2021-11-21,6000A,MELILLA,52,MELILLA,351635N,025723W,52.0,20.7,12.5,16.6,0.0,26.0,2.8,20.3,4.3,1011.8,1007.3,65.0,86.0,50.0
2021-11-22,6000A,MELILLA,52,MELILLA,351635N,025723W,52.0,20.4,13.8,17.1,,26.0,2.8,9.4,8.9,1007.3,1005.1,69.0,80.0,47.0
2021-11-23,6000A,MELILLA,52,MELILLA,351635N,025723W,52.0,17.1,12.0,14.6,2.4,26.0,3.3,9.2,0.8,1008.7,1005.1,82.0,91.0,45.0
2021-11-24,6000A,MELILLA,52,MELILLA,351635N,025723W,52.0,17.3,10.8,14.0,2.8,26.0,2.5,11.7,3.9,1010.8,1007.2,67.0,90.0,50.0
2021-11-25,6000A,MELILLA,52,MELILLA,351635N,025723W,52.0,17.6,12.1,14.8,7.6,22.0,2.8,11.7,2.1,1007.2,1003.7,73.0,88.0,63.0
2021-11-26,6000A,MELILLA,52,MELILLA,351635N,025723W,52.0,15.9,11.7,13.8,2.8,26.0,2.8,8.9,2.1,1006.1,1003.0,79.0,94.0,66.0
2021-11-27,6000A,MELILLA,52,MELILLA,351635N,025723W,52.0,16.7,12.1,14.4,0.2,26.0,3.9,16.7,5.1,1006.0,1003.1,58.0,73.0,47.0
2021-11-28,6000A,MELILLA,52,MELILLA,351635N,025723W,52.0,14.9,12.1,13.5,0.0,30.0,4.2,17.2,7.9,1015.7,1005.9,53.0,62.0,39.0
2021-11-29,6000A,MELILLA,52,MELILLA,351635N,025723W,52.0,17.8,13.6,15.7,0.0,26.0,4.7,20.6,4.3,1018.3,1014.7,66.0,78.0,58.0
2021-11-30,6000A,MELILLA,52,MELILLA,351635N,025723W,52.0,17.2,10.5,13.8,0.0,26.0,2.2,8.6,4.8,1021.3,1017.8,72.0,88.0,61.0
2021-12-01,6000A,MELILLA,52,MELILLA,351635N,025723W,52.0,17.9,10.0,14.0,,26.0,2.5,11.9,5.6,1020.0,1011.6,73.0,91.0,57.0
2021-12-02,6000A,MELILLA,52,MELILLA,351635N,025723W,52.0,16.0,12.7,14.4,1.4,28.0,3.3,16.7,2.0,1013.0,1005.7,70.0,87.0,45.0
2021-12-03,6000A,MELILLA,52,MELILLA,351635N,025723W,52.0,17.0,10.6,13.8,0.0,28.0,3.6,13.9,8.9,1019.0,1013.0,52.0,77.0,44.0
2021-12-04,6000A,MELILLA,52,MELILLA,351635N,025723W,52.0,18.5,8.4,13.4,0.0,25.0,4.4,16.9,9.0,1019.5,1015.8,61.0,79.0,41.0
2021-12-05,6000A,MELILLA,52,MELILLA,351635N,025723W,52.0,18.4,14.3,16.4,0.0,27.0,6.4,18.3,8.4,1018.4,1013.2,70.0,79.0,64.0
2021-12-06,6000A,MELILLA,52,MELILLA,351635N,025723W,52.0,16.8,12.2,14.5,0.0,26.0,2.5,13.3,7.4,1020.7,1017.6,68.0,76.0,61.0
2021-12-07,6000A,MELILLA,52,MELILLA,351635N,025723W,52.0,18.8,9.1,14.0,0.0,27.0,2.8,12.5,9.1,1018.7,1013.4,62.0,81.0,43.0
2021-12-08,6000A,MELILLA,52,MELILLA,351635N,025723W,52.0,20.8,14.5,17.6,0.0,25.0,5.8,17.2,4.2,1016.7,1012.4,61.0,83.0,28.0
2021-12-09,6000A,MELILLA,52,MELILLA,351635N,025723W,52.0,16.4,13.4,14.9,0.0,27.0,5.6,17.5,8.0,1019.8,1015.9,67.0,77.0,57.0
2021-12-10,6000A,MELILLA,52,MELILLA,351635N,025723W,52.0,17.9,13.7,15.8,0.0,28.0,6.7,20.0,5.9,1016.8,1012.4,71.0,82.0,62.0
2021-12-11,6000A,MELILLA,52,MELILLA,351635N,025723W,52.0,21.0,12.2,16.6,0.0,26.0,3.6,17.2,9.0,1017.4,1013.3,60.0,80.0,43.0
2021-12-12,6000A,MELILLA,52,MELILLA,351635N,025723W,52.0,19.4,10.8,15.1,0.0,9.0,1.9,5.3,9.1,1019.0,1016.7,73.0,90.0,47.0
2021-12-13,6000A,MELILLA,52,MELILLA,351635N,025723W,52.0,17.1,13.7,15.4,0.0,6.0,1.7,5.3,8.7,1018.6,1015.9,82.0,93.0,72.0
2021-12-14,6000A,MELILLA,52,MELILLA,351635N,025723W,52.0,17.1,13.7,15.4,0.0,3.0,3.1,8.3,2.7,1018.1,1015.5,77.0,87.0,68.0
2021-12-15,6000A,MELILLA,52,MELILLA,351635N,025723W,52.0,16.0,13.7,14.8,0.0,8.0,5.3,11.4,0.8,1017.3,1015.6,77.0,85.0,72.0
2021-12-16,6000A,MELILLA,52,MELILLA,351635N,025723W,52.0,16.2,12.8,14.5,0.0,8.0,5.0,10.3,6.8,1017.6,1015.3,72.0,86.0,51.0
2021-12-17,6000A,MELILLA,52,MELILLA,351635N,025723W,52.0,16.8,12.8,14.8,0.0,7.0,3.6,9.7,6.3,1018.7,1016.1,76.0,86.0,61.0
2021-12-18,6000A,MELILLA,52,MELILLA,351635N,025723W,52.0,16.7,13.8,15.2,0.4,7.0,3.9,9.2,2.7,1019.4,1017.4,81.0,90.0,72.0
2021-12-19,6000A,MELILLA,52,MELILLA,351635N,025723W,52.0,17.2,14.0,15.6,0.0,8.0,2.2,9.4,5.6,1018.0,1015.2,80.0,87.0,69.0
2021-12-20,6000A,MELILLA,52,MELILLA,351635N,025723W,52.0,17.7,11.3,14.5,0.0,8.0,1.7,5.3,7.5,1018.4,1015.4,79.0,91.0,65.0
2021-12-21,6000A,MELILLA,52,MELILLA,351635N,025723W,52.0,19.2,10.2,14.7,0.0,26.0,1.4,8.3,8.4,1016.1,1012.2,80.0,95.0,54.0
2021-12-22,6000A,MELILLA,52,MELILLA,351635N,025723W,52.0,18.5,12.7,15.6,0.4,25.0,1.4,9.2,0.1,1016.6,1013.0,81.0,93.0,67.0
2021-12-23,6000A,MELILLA,52,MELILLA,351635N,025723W,52.0,19.8,12.1,16.0,0.2,12.0,1.7,5.8,6.9,1015.5,1012.1,82.0,93.0,66.0
2021-12-24,6000A,MELILLA,52,MELILLA,351635N,025723W,52.0,17.6,11.7,14.6,2.8,25.0,2.2,11.1,0.3,1012.1,1006.9,90.0,98.0,81.0
2021-12-25,6000A,MELILLA,52,MELILLA,351635N,025723W,52.0,22.0,11.3,16.6,0.0,20.0,3.1,11.7,2.9,1007.0,1003.5,60.0,93.0,43.0
2021-12-26,6000A,MELILLA,52,MELILLA,351635N,025723W,52.0,19.9,14.0,17.0,0.0,26.0,3.9,9.7,3.7,1011.9,1006.5,79.0,86.0,57.0
2021-12-27,6000A,MELILLA,52,MELILLA,351635N,025723W,52.0,21.1,14.2,17.6,0.0,26.0,5.3,14.4,7.3,1017.2,1010.9,76.0,83.0,53.0
2021-12-28,6000A,MELILLA,52,MELILLA,351635N,025723W,52.0,21.4,16.4,18.9,0.0,27.0,4.2,13.6,8.1,1019.0,1015.9,71.0,84.0,57.0
2021-12-29,6000A,MELILLA,52,MELILLA,351635N,025723W,52.0,21.5,12.4,17.0,0.0,25.0,1.1,6.1,9.1,1019.1,1015.2,70.0,91.0,49.0
2021-12-30,6000A,MELILLA,52,MELILLA,351635N,025723W,52.0,18.5,9.9,14.2,0.0,31.0,1.9,6.7,8.9,1020.1,1015.7,84.0,96.0,55.0
2021-12-31,6000A,MELILLA,52,MELILLA,351635N,025723W,52.0,14.8,9.3,12.0,0.0,11.0,1.7,4.2,2.6,1022.0,1018.8,93.0,99.0,83.0
2022-01-01,6000A,MELILLA,52,MELILLA,351635N,025723W,52.0,15.1,11.8,13.4,0.0,12.0,1.7,4.4,4.1,1023.6,1020.6,81.0,92.0,74.0
2022-01-02,6000A,MELILLA,52,MELILLA,351635N,025723W,52.0,15.0,9.5,12.2,0.0,17.0,1.4,4.7,7.9,1024.4,1021.5,82.0,94.0,71.0
2022-01-03,6000A,MELILLA,52,MELILLA,351635N,025723W,52.0,14.7,9.6,12.2,0.0,8.0,1.7,4.4,7.4,1021.9,1016.6,87.0,97.0,72.0
2022-01-04,6000A,MELILLA,52,MELILLA,351635N,025723W,52.0,22.3,7.1,14.7,0.0,26.0,3.3,13.6,8.4,1016.6,1009.6,66.0,99.0,27.0
2022-01-05,6000A,MELILLA,52,MELILLA,351635N,025723W,52.0,16.0,13.3,14.6,2.0,27.0,5.6,20.8,7.7,1013.9,1010.4,63.0,77.0,57.0
2022-01-06,6000A,MELILLA,52,MELILLA,351635N,025723W,52.0,15.8,10.9,13.4,0.2,25.0,2.8,13.6,6.8,1016.0,1008.2,80.0,94.0,46.0
2022-01-07,6000A,MELILLA,52,MELILLA,351635N,025723W,52.0,16.6,9.2,12.9,0.0,26.0,1.7,8.1,8.7,1022.2,1015.6,72.0,86.0,60.0
2022-01-08,6000A,MELILLA,52,MELILLA,351635N,025723W,52.0,17.9,7.5,12.7,0.0,12.0,1.7,4.4,9.1,1023.4,1019.0,69.0,87.0,47.0
2022-01-09,6000A,MELILLA,52,MELILLA,351635N,025723W,52.0,21.0,8.0,14.5,0.0,27.0,6.4,17.8,9.1,1019.2,1014.6,31.0,76.0,13.0
2022-01-10,6000A,MELILLA,52,MELILLA,351635N,025723W,52.0,20.1,13.9,17.0,0.0,26.0,5.0,13.1,9.1,1015.1,1010.4,61.0,82.0,51.0
2022-01-11,6000A,MELILLA,52,MELILLA,351635N,025723W,52.0,17.4,11.1,14.2,0.0,5.0,3.9,10.6,5.5,1018.6,1011.5,80.0,89.0,65.0
2022-01-12,6000A,MELILLA,52,MELILLA,351635N,025723W,52.0,14.7,11.7,13.2,0.0,10.0,5.6,12.5,9.1,1021.6,1017.9,60.0,77.0,52.0
2022-01-13,6000A,MELILLA,52,MELILLA,351635N,025723W,52.0,14.7,9.8,12.2,0.0,10.0,5.8,12.8,9.1,1023.9,1021.3,64.0,75.0,45.0
2022-01-14,6000A,MELILLA,52,MELILLA,351635N,025723W,52.0,14.6,8.4,11.5,0.0,11.0,1.7,10.0,9.0,1023.5,1020.8,66.0,77.0,52.0
2022-01-15,6000A,MELILLA,52,MELILLA,351635N,025723W,52.0,16.7,8.6,12.6,0.0,8.0,1.9,5.8,8.3,1022.5,1019.8,74.0,89.0,62.0
2022-01-16,6000A,MELILLA,52,MELILLA,351635N,025723W,52.0,16.2,9.3,12.8,0.0,11.0,1.7,5.6,8.5,1024.6,1020.1,76.0,91.0,60.0
2022-01-17,6000A,MELILLA,52,MELILLA,351635N,025723W,52.0,15.2,8.3,11.8,0.0,10.0,2.2,7.5,9.2,1026.7,1023.2,72.0,90.0,58.0
2022-01-18,6000A,MELILLA,52,MELILLA,351635N,025723W,52.0,15.9,9.6,12.8,0.0,10.0,1.9,5.8,9.2,1024.3,1022.3,70.0,85.0,54.0
2022-01-19,6000A,MELILLA,52,MELILLA,351635N,025723W,52.0,15.5,7.4,11.4,0.0,8.0,1.9,5.8,9.2,1024.5,1021.3,70.0,87.0,56.0
2022-01-20,6000A,MELILLA,52,MELILLA,351635N,025723W,52.0,16.8,7.8,12.3,0.0,99.0,2.2,6.1,8.7,1021.7,1017.0,72.0,92.0,53.0
2022-01-21,6000A,MELILLA,52,MELILLA,351635N,025723W,52.0,16.1,9.5,12.8,0.0,10.0,3.1,7.8,8.9,1019.3,1016.0,72.0,85.0,57.0
2022-01-22,6000A,MELILLA,52,MELILLA,351635N,025723W,52.0,15.4,10.1,12.8,0.0,7.0,3.6,8.6,9.3,1020.5,1018.0,74.0,87.0,60.0
2022-01-23,6000A,MELILLA,52,MELILLA,351635N,025723W,52.0,15.4,12.5,14.0,0.0,10.0,3.6,8.1,4.0,1019.5,1017.2,76.0,85.0,67.0
2022-01-24,6000A,MELILLA,52,MELILLA,351635N,025723W,52.0,16.0,12.5,14.2,0.0,8.0,5.3,10.6,2.4,1019.8,1017.2,76.0,82.0,65.0
2022-01-25,6000A,MELILLA,52,MELILLA,351635N,025723W,52.0,16.0,12.9,14.4,0.0,8.0,6.1,13.1,4.1,1020.3,1018.1,75.0,87.0,63.0
2022-01-26,6000A,MELILLA,52,MELILLA,351635N,025723W,52.0,17.7,12.0,14.8,0.4,14.0,4.7,13.1,4.3,1019.2,1015.7,70.0,91.0,50.0
2022-01-27,6000A,MELILLA,52,MELILLA,351635N,025723W,52.0,16.5,10.5,13.5,0.2,7.0,3.3,8.9,8.8,1018.7,1016.5,63.0,82.0,43.0
2022-01-28,6000A,MELILLA,52,MELILLA,351635N,025723W,52.0,17.4,10.1,13.8,0.2,6.0,3.1,9.2,5.2,1022.0,1017.6,76.0,91.0,52.0
2022-01-29,6000A,MELILLA,52,MELILLA,351635N,025723W,52.0,16.9,13.3,15.1,0.0,7.0,5.0,11.1,8.7,1024.0,1021.4,78.0,89.0,66.0
2022-01-30,6000A,MELILLA,52,MELILLA,351635N,025723W,52.0,16.8,10.1,13.4,0.0,8.0,1.4,5.3,8.7,1022.3,1018.8,72.0,89.0,57.0
2022-01-31,6000A,MELILLA,52,MELILLA,351635N,025723W,52.0,18.8,9.9,14.4,0.0,22.0,3.1,9.2,8.8,1020.8,1016.8,68.0,91.0,32.0
2022-02-01,6000A,MELILLA,52,MELILLA,351635N,025723W,52.0,19.7,12.4,16.0,0.0,24.0,3.9,11.9,8.7,1022.5,1015.9,53.0,84.0,34.0
2022-02-02,6000A,MELILLA,52,MELILLA,351635N,025723W,52.0,19.8,9.5,14.6,0.0,13.0,1.9,7.5,9.3,1022.5,1017.1,74.0,90.0,38.0
2022-02-03,6000A,MELILLA,52,MELILLA,351635N,025723W,52.0,20.5,10.9,15.7,0.0,27.0,1.9,6.9,7.1,1017.6,1015.0,77.0,91.0,29.0
2022-02-04,6000A,MELILLA,52,MELILLA,351635N,025723W,52.0,22.0,14.2,18.1,0.0,25.0,3.9,11.7,8.0,1016.4,1013.9,36.0,46.0,24.0
2022-02-05,6000A,MELILLA,52,MELILLA,351635N,025723W,52.0,19.6,13.6,16.6,0.0,24.0,2.8,9.4,7.6,1018.8,1014.8,68.0,88.0,42.0
2022-02-06,6000A,MELILLA,52,MELILLA,351635N,025723W,52.0,17.5,13.2,15.4,0.0,7.0,3.6,9.2,3.1,1021.8,1017.8,84.0,89.0,72.0
2022-02-07,6000A,MELILLA,52,MELILLA,351635N,025723W,52.0,17.5,12.8,15.2,0.0,7.0,3.1,6.4,8.1,1021.8,1018.3,77.0,87.0,62.0
2022-02-08,6000A,MELILLA,52,MELILLA,351635N,025723W,52.0,16.8,12.9,14.8,0.0,7.0,5.8,10.8,0.8,1023.6,1020.3,79.0,91.0,73.0
2022-02-09,6000A,MELILLA,52,MELILLA,351635N,025723W,52.0,16.5,13.0,14.8,0.0,9.0,3.9,8.6,5.4,1024.4,1021.8,75.0,83.0,67.0
2022-02-10,6000A,MELILLA,52,MELILLA,351635N,025723W,52.0,17.5,10.3,13.9,0.0,14.0,1.9,6.4,8.0,1022.9,1019.3,76.0,91.0,55.0
2022-02-11,6000A,MELILLA,52,MELILLA,351635N,025723W,52.0,16.0,9.1,12.6,0.0,11.0,1.7,4.7,1.1,1020.1,1017.7,76.0,89.0,62.0
2022-02-12,6000A,MELILLA,52,MELILLA,351635N,025723W,52.0,15.9,10.1,13.0,0.0,7.0,1.9,5.8,4.5,1020.5,1017.6,78.0,88.0,66.0
2022-02-13,6000A,MELILLA,52,MELILLA,351635N,025723W,52.0,16.2,9.4,12.8,0.0,8.0,1.9,5.8,9.7,1018.8,1014.5,77.0,91.0,59.0
2022-02-14,6000A,MELILLA,52,MELILLA,351635N,025723W,52.0,19.5,10.3,14.9,0.0,26.0,4.7,16.4,8.7,1018.1,1012.8,58.0,74.0,50.0
2022-02-15,6000A,MELILLA,52,MELILLA,351635N,025723W,52.0,19.0,10.3,14.6,0.0,28.0,1.9,11.1,10.1,1023.0,1017.9,64.0,77.0,39.0
2022-02-16,6000A,MELILLA,52,MELILLA,351635N,025723W,52.0,20.1,9.2,14.6,0.0,28.0,3.1,11.7,10.2,1022.8,1019.4,44.0,65.0,21.0
2022-02-17,6000A,MELILLA,52,MELILLA,351635N,025723W,52.0,21.5,11.9,16.7,0.0,26.0,2.5,9.7,10.4,1020.8,1015.6,60.0,89.0,41.0
2022-02-18,6000A,MELILLA,52,MELILLA,351635N,025723W,52.0,19.9,10.0,15.0,0.0,26.0,3.9,11.7,10.1,1015.6,1010.0,77.0,96.0,54.0
2022-02-19,6000A,MELILLA,52,MELILLA,351635N,025723W,52.0,19.8,14.3,17.0,,25.0,2.8,9.4,8.0,1017.5,1009.8,67.0,82.0,52.0
2022-02-20,6000A,MELILLA,52,MELILLA,351635N,025723W,52.0,16.6,12.9,14.8,0.2,5.0,4.2,10.0,1.1,1021.8,1017.4,84.0,94.0,75.0
2022-02-21,6000A,MELILLA,52,MELILLA,351635N,025723W,52.0,17.6,11.0,14.3,0.0,7.0,2.5,22.5,4.6,1021.9,1017.5,82.0,90.0,74.0
2022-02-22,6000A,MELILLA,52,MELILLA,351635N,025723W,52.0,18.1,9.5,13.8,0.0,10.0,1.9,5.3,10.1,1021.2,1018.2,85.0,96.0,54.0
2022-02-23,6000A,MELILLA,52,MELILLA,351635N,025723W,52.0,17.2,11.7,14.4,0.0,6.0,3.3,8.1,1.9,1018.2,1014.6,85.0,94.0,77.0
2022-02-24,6000A,MELILLA,52,MELILLA,351635N,025723W,52.0,17.5,10.9,14.2,0.2,28.0,2.8,8.9,6.7,1016.0,1011.6,83.0,96.0,70.0
2022-02-25,6000A,MELILLA,52,MELILLA,351635N,025723W,52.0,17.6,13.8,15.7,2.8,6.0,3.9,13.1,1.4,1015.6,1010.6,85.0,95.0,62.0
2022-02-26,6000A,MELILLA,52,MELILLA,351635N,025723W,52.0,15.3,13.4,14.4,1.6,8.0,6.7,16.1,0.0,1014.4,1008.8,89.0,95.0,84.0
2022-02-27,6000A,MELILLA,52,MELILLA,351635N,025723W,52.0,14.0,12.5,13.2,0.6,6.0,5.6,11.7,0.0,1016.7,1011.9,92.0,98.0,82.0
2022-02-28,6000A,MELILLA,52,MELILLA,351635N,025723W,52.0,16.2,11.9,14.0,0.2,9.0,4.7,10.0,6.7,1022.1,1016.4,72.0,87.0,58.0
2022-03-01,6000A,MELILLA,52,MELILLA,351635N,025723W,52.0,19.6,8.7,14.2,0.0,14.0,2.2,9.2,10.7,1022.0,1017.7,70.0,90.0,30.0
2022-03-02,6000A,MELILLA,52,MELILLA,351635N,025723W,52.0,18.3,8.7,13.5,0.2,32.0,1.7,6.7,10.7,1018.6,1014.8,74.0,89.0,50.0
2022-03-03,6000A,MELILLA,52,MELILLA,351635N,025723W,52.0,20.3,11.9,16.1,2.0,27.0,3.9,16.4,9.5,1015.4,1008.4,58.0,87.0,35.0
2022-03-04,6000A,MELILLA,52,MELILLA,351635N,025723W,52.0,15.1,9.6,12.4,0.4,24.0,4.7,20.6,2.8,1013.2,1005.8,63.0,87.0,55.0
2022-03-05,6000A,MELILLA,52,MELILLA,351635N,025723W,52.0,17.0,12.7,14.8,0.0,26.0,3.1,9.2,2.6,1012.6,1007.0,62.0,73.0,49.0
2022-03-06,6000A,MELILLA,52,MELILLA,351635N,025723W,52.0,17.1,10.6,13.8,0.0,14.0,2.2,6.1,5.0,1008.0,1003.9,68.0,79.0,53.0
2022-03-07,6000A,MELILLA,52,MELILLA,351635N,025723W,52.0,18.0,9.5,13.8,0.0,33.0,1.7,7.8,6.3,1011.5,1006.8,66.0,87.0,46.0
2022-03-08,6000A,MELILLA,52,MELILLA,351635N,025723W,52.0,18.5,10.6,14.6,0.2,36.0,2.2,12.2,8.6,1015.6,1011.1,65.0,80.0,45.0
2022-03-09,6000A,MELILLA,52,MELILLA,351635N,025723W,52.0,17.9,10.2,14.0,0.0,6.0,2.8,7.8,10.6,1015.8,1012.8,77.0,88.0,58.0
2022-03-10,6000A,MELILLA,52,MELILLA,351635N,025723W,52.0,17.7,11.9,14.8,0.0,9.0,2.8,7.2,6.7,1015.7,1013.3,79.0,89.0,72.0
2022-03-11,6000A,MELILLA,52,MELILLA,351635N,025723W,52.0,18.3,10.2,14.2,0.4,36.0,2.8,6.4,6.8,1013.8,1009.8,77.0,91.0,69.0
2022-03-12,6000A,MELILLA,52,MELILLA,351635N,025723W,52.0,19.2,13.7,16.4,0.0,22.0,2.8,10.0,9.6,1013.5,1010.5,70.0,88.0,51.0
2022-03-13,6000A,MELILLA,52,MELILLA,351635N,025723W,52.0,18.7,14.1,16.4,0.0,22.0,2.5,5.8,1.6,1011.0,1003.4,71.0,87.0,56.0
2022-03-14,6000A,MELILLA,52,MELILLA,351635N,025723W,52.0,18.5,13.7,16.1,0.2,25.0,3.1,18.9,3.7,1003.4,996.5,68.0,90.0,50.0
2022-03-15,6000A,MELILLA,52,MELILLA,351635N,025723W,52.0,15.9,13.3,14.6,10.2,18.0,1.1,14.4,0.0,1003.6,999.4,82.0,89.0,63.0
2022-03-16,6000A,MELILLA,52,MELILLA,351635N,025723W,52.0,17.7,12.3,15.0,7.6,26.0,2.8,10.6,8.5,1008.0,1001.5,75.0,93.0,55.0
2022-03-17,6000A,MELILLA,52,MELILLA,351635N,025723W,52.0,17.0,12.6,14.8,5.6,26.0,2.5,10.3,2.1,1013.4,1006.0,81.0,91.0,68.0
2022-03-18,6000A,MELILLA,52,MELILLA,351635N,025723W,52.0,16.4,12.3,14.4,0.2,6.0,4.2,9.7,0.9,1016.4,1013.0,77.0,96.0,66.0
2022-03-19,6000A,MELILLA,52,MELILLA,351635N,025723W,52.0,16.5,12.8,14.6,5.0,10.0,4.7,10.3,1.2,1015.7,1013.7,86.0,96.0,78.0
2022-03-20,6000A,MELILLA,52,MELILLA,351635N,025723W,52.0,17.2,13.8,15.5,0.6,8.0,6.4,11.1,7.6,1014.9,1009.6,82.0,89.0,74.0
2022-03-21,6000A,MELILLA,52,MELILLA,351635N,025723W,52.0,16.9,12.3,14.6,,99.0,3.6,9.4,0.1,1014.3,1011.2,91.0,95.0,85.0
2022-03-22,6000A,MELILLA,52,MELILLA,351635N,025723W,52.0,17.6,11.8,14.7,19.4,7.0,3.1,7.5,2.2,1014.5,1011.5,86.0,95.0,75.0
2022-03-23,6000A,MELILLA,52,MELILLA,351635N,025723W,52.0,17.6,13.3,15.4,1.8,4.0,4.2,10.0,2.0,1011.7,1004.0,93.0,98.0,85.0
2022-03-24,6000A,MELILLA,52,MELILLA,351635N,025723W,52.0,17.2,13.1,15.2,0.0,8.0,2.2,10.3,0.0,1004.7,1000.5,83.0,96.0,72.0
2022-03-25,6000A,MELILLA,52,MELILLA,351635N,025723W,52.0,14.8,11.2,13.0,4.8,16.0,2.8,7.8,0.0,1007.7,1003.1,87.0,93.0,76.0
2022-03-26,6000A,MELILLA,52,MELILLA,351635N,025723W,52.0,16.6,9.5,13.0,0.0,3.0,2.2,6.1,8.6,1012.2,1006.4,80.0,90.0,66.0
2022-03-27,6000A,MELILLA,52,MELILLA,351635N,025723W,52.0,17.5,11.1,14.3,0.0,7.0,4.7,13.9,4.0,1016.0,1011.3,88.0,94.0,78.0
2022-03-28,6000A,MELILLA,52,MELILLA,351635N,025723W,52.0,17.3,13.0,15.2,3.8,7.0,6.1,11.4,0.1,1014.9,1006.9,88.0,98.0,81.0
2022-03-29,6000A,MELILLA,52,MELILLA,351635N,025723W,52.0,,,,7.0,26.0,1.4,10.3,2.7,1006.9,999.0,88.0,99.0,77.0
2022-03-30,6000A,MELILLA,52,MELILLA,351635N,025723W,52.0,20.0,13.4,16.7,0.0,25.0,4.2,16.4,8.2,1002.4,997.9,79.0,92.0,56.0
2022-03-31,6000A,MELILLA,52,MELILLA,351635N,025723W,52.0,20.2,14.7,17.4,0.0,25.0,5.0,16.4,5.2,1005.6,1001.8,71.0,79.0,60.0
2022-04-01,6000A,MELILLA,52,MELILLA,351635N,025723W,52.0,18.1,14.0,16.0,0.0,26.0,3.9,15.3,9.3,1009.5,1004.8,68.0,80.0,60.0
2022-04-02,6000A,MELILLA,52,MELILLA,351635N,025723W,52.0,17.1,12.9,15.0,0.0,8.0,3.9,11.9,7.2,1010.6,1007.0,67.0,80.0,54.0
2022-04-03,6000A,MELILLA,52,MELILLA,351635N,025723W,52.0,15.7,13.1,14.4,0.0,6.0,8.1,14.2,3.3,1007.2,1002.3,60.0,73.0,54.0
2022-04-04,6000A,MELILLA,52,MELILLA,351635N,025723W,52.0,,,,33.0,6.0,9.4,21.1,0.0,1003.3,997.4,94.0,100.0,69.0
2022-04-05,6000A,MELILLA,52,MELILLA,351635N,025723W,52.0,14.6,11.2,12.9,45.4,6.0,4.2,20.3,3.1,1006.6,999.6,93.0,100.0,76.0
2022-04-06,6000A,MELILLA,52,MELILLA,351635N,025723W,52.0,17.7,11.5,14.6,0.2,26.0,3.1,13.3,7.0,1015.7,1004.0,71.0,91.0,55.0
2022-04-07,6000A,MELILLA,52,MELILLA,351635N,025723W,52.0,20.2,13.1,16.6,0.0,31.0,2.8,7.5,11.6,1017.5,1014.7,61.0,87.0,45.0
2022-04-08,6000A,MELILLA,52,MELILLA,351635N,025723W,52.0,22.1,12.4,17.2,0.0,26.0,4.4,14.2,11.9,1015.7,1011.9,53.0,70.0,38.0
2022-04-09,6000A,MELILLA,52,MELILLA,351635N,025723W,52.0,21.7,13.4,17.6,0.0,27.0,3.9,11.9,11.9,1013.5,1010.0,50.0,68.0,38.0
2022-04-10,6000A,MELILLA,52,MELILLA,351635N,025723W,52.0,18.6,11.9,15.2,0.0,8.0,3.9,7.5,10.5,1010.6,1006.1,78.0,91.0,59.0
2022-04-11,6000A,MELILLA,52,MELILLA,351635N,025723W,52.0,19.3,15.4,17.4,8.6,27.0,3.3,10.8,2.9,1006.3,1001.5,82.0,90.0,72.0
2022-04-12,6000A,MELILLA,52,MELILLA,351635N,025723W,52.0,19.4,13.8,16.6,11.4,14.0,2.2,6.9,4.8,1007.4,1003.7,80.0,95.0,62.0
2022-04-13,6000A,MELILLA,52,MELILLA,351635N,025723W,52.0,18.7,13.4,16.0,0.0,25.0,4.7,15.0,10.4,1007.8,1004.3,72.0,91.0,64.0
2022-04-14,6000A,MELILLA,52,MELILLA,351635N,025723W,52.0,20.0,15.9,18.0,0.0,26.0,3.1,11.7,5.0,1012.7,1005.5,69.0,78.0,47.0
2022-04-15,6000A,MELILLA,52,MELILLA,351635N,025723W,52.0,21.5,14.4,18.0,0.0,26.0,1.9,7.8,10.4,1016.2,1010.9,51.0,72.0,31.0
2022-04-16,6000A,MELILLA,52,MELILLA,351635N,025723W,52.0,23.6,13.0,18.3,0.0,4.0,1.7,4.7,11.5,1015.7,1012.3,55.0,70.0,35.0
2022-04-17,6000A,MELILLA,52,MELILLA,351635N,025723W,52.0,26.3,15.2,20.8,0.0,10.0,1.7,6.4,11.7,1012.3,1008.2,49.0,74.0,33.0
2022-04-18,6000A,MELILLA,52,MELILLA,351635N,025723W,52.0,22.1,15.0,18.6,0.0,2.0,1.9,6.7,10.7,1009.6,1006.4,79.0,84.0,61.0
2022-04-19,6000A,MELILLA,52,MELILLA,351635N,025723W,52.0,22.2,15.6,18.9,0.0,27.0,4.2,15.8,11.3,1007.1,1003.4,71.0,87.0,52.0
2022-04-20,6000A,MELILLA,52,MELILLA,351635N,025723W,52.0,18.3,14.8,16.6,0.0,26.0,5.3,20.0,6.0,1004.6,1001.9,54.0,72.0,38.0
2022-04-21,6000A,MELILLA,52,MELILLA,351635N,025723W,52.0,19.6,14.9,17.2,0.0,26.0,5.8,17.2,12.1,1004.8,1002.9,56.0,69.0,50.0
2022-04-22,6000A,MELILLA,52,MELILLA,351635N,025723W,52.0,20.1,12.8,16.4,8.2,7.0,2.2,9.7,11.0,1003.8,997.5,62.0,75.0,44.0
2022-04-23,6000A,MELILLA,52,MELILLA,351635N,025723W,52.0,19.5,12.0,15.8,1.2,28.0,3.6,16.4,7.2,1008.6,998.1,66.0,96.0,53.0
2022-04-24,6000A,MELILLA,52,MELILLA,351635N,025723W,52.0,20.4,14.1,17.2,0.0,24.0,2.8,7.2,11.9,1008.5,1005.9,59.0,81.0,52.0
2022-04-25,6000A,MELILLA,52,MELILLA,351635N,025723W,52.0,19.3,13.0,16.2,0.0,4.0,2.5,6.1,11.9,1006.6,1004.7,68.0,85.0,51.0
2022-04-26,6000A,MELILLA,52,MELILLA,351635N,025723W,52.0,18.4,13.8,16.1,0.0,3.0,3.1,18.9,3.7,1009.3,1005.3,79.0,90.0,71.0
2022-04-27,6000A,MELILLA,52,MELILLA,351635N,025723W,52.0,17.6,14.1,15.8,5.2,99.0,2.2,4.7,1.1,1012.9,1008.2,82.0,93.0,72.0
2022-04-28,6000A,MELILLA,52,MELILLA,351635N,025723W,52.0,20.8,12.5,16.6,1.2,4.0,4.4,9.2,8.9,1015.0,1010.3,75.0,94.0,53.0
2022-04-29,6000A,MELILLA,52,MELILLA,351635N,025723W,52.0,17.3,14.8,16.0,0.0,6.0,1.9,7.8,1.6,1017.7,1014.0,81.0,90.0,74.0
2022-04-30,6000A,MELILLA,52,MELILLA,351635N,025723W,52.0,20.4,13.9,17.2,0.0,8.0,1.9,5.8,10.0,1017.3,1014.9,76.0,92.0,59.0
2022-05-01,6000A,MELILLA,52,MELILLA,351635N,025723W,52.0,24.0,12.3,18.2,0.0,7.0,1.7,5.3,12.1,1015.5,1009.8,55.0,88.0,39.0
2022-05-02,6000A,MELILLA,52,MELILLA,351635N,025723W,52.0,22.3,16.3,19.3,0.0,26.0,3.6,15.0,11.2,1009.8,1005.1,57.0,75.0,30.0
2022-05-03,6000A,MELILLA,52,MELILLA,351635N,025723W,52.0,19.9,14.5,17.2,1.2,26.0,1.9,8.9,4.2,1006.9,1003.7,76.0,87.0,58.0
2022-05-04,6000A,MELILLA,52,MELILLA,351635N,025723W,52.0,19.3,13.8,16.6,3.2,32.0,3.1,11.4,6.7,1012.2,1005.6,71.0,93.0,61.0
2022-05-05,6000A,MELILLA,52,MELILLA,351635N,025723W,52.0,20.5,14.1,17.3,0.0,10.0,2.2,5.3,9.4,1017.5,1011.4,76.0,91.0,61.0
2022-05-06,6000A,MELILLA,52,MELILLA,351635N,025723W,52.0,25.1,13.8,19.4,0.0,2.0,1.7,5.3,12.6,1016.8,1012.2,63.0,87.0,46.0
2022-05-07,6000A,MELILLA,52,MELILLA,351635N,025723W,52.0,21.7,14.9,18.3,0.0,6.0,2.2,6.1,12.5,1013.7,1011.9,73.0,88.0,60.0
2022-05-08,6000A,MELILLA,52,MELILLA,351635N,025723W,52.0,22.5,15.3,18.9,0.0,6.0,1.9,5.3,12.0,1013.5,1011.1,64.0,91.0,42.0
2022-05-09,6000A,MELILLA,52,MELILLA,351635N,025723W,52.0,21.8,15.2,18.5,0.0,5.0,2.8,6.7,12.1,1015.3,1012.0,81.0,92.0,69.0
2022-05-10,6000A,MELILLA,52,MELILLA,351635N,025723W,52.0,21.3,16.4,18.8,0.0,8.0,3.9,8.3,11.7,1016.7,1014.4,80.0,91.0,73.0
2022-05-11,6000A,MELILLA,52,MELILLA,351635N,025723W,52.0,23.1,16.8,20.0,0.0,7.0,3.9,7.5,,1014.4,1010.5,76.0,92.0,39.0
2022-05-12,6000A,MELILLA,52,MELILLA,351635N,025723W,52.0,21.0,16.5,18.8,0.0,2.0,2.8,8.1,1.0,1015.3,1011.1,80.0,91.0,72.0
2022-05-13,6000A,MELILLA,52,MELILLA,351635N,025723W,52.0,21.7,17.9,19.8,0.0,7.0,2.5,6.4,8.5,1014.9,1012.7,80.0,92.0,68.0
2022-05-14,6000A,MELILLA,52,MELILLA,351635N,025723W,52.0,21.5,17.7,19.6,0.0,28.0,2.8,8.3,6.5,1012.8,1009.3,82.0,89.0,74.0
2022-05-15,6000A,MELILLA,52,MELILLA,351635N,025723W,52.0,24.0,18.6,21.3,0.0,26.0,4.4,11.7,8.7,1013.6,1008.9,68.0,88.0,53.0
2022-05-16,6000A,MELILLA,52,MELILLA,351635N,025723W,52.0,27.6,19.3,23.4,0.0,24.0,2.5,8.6,12.1,1014.5,1011.9,43.0,73.0,34.0
2022-05-17,6000A,MELILLA,52,MELILLA,351635N,025723W,52.0,28.4,17.2,22.8,0.0,4.0,1.7,5.8,12.3,1013.6,1010.9,39.0,79.0,17.0
2022-05-18,6000A,MELILLA,52,MELILLA,351635N,025723W,52.0,26.1,18.1,22.1,0.0,10.0,2.2,6.4,10.6,1011.3,1008.7,67.0,86.0,46.0
2022-05-19,6000A,MELILLA,52,MELILLA,351635N,025723W,52.0,22.5,20.0,21.2,0.0,10.0,3.3,6.4,0.0,1012.3,1009.8,86.0,92.0,79.0
2022-05-20,6000A,MELILLA,52,MELILLA,351635N,025723W,52.0,22.2,19.6,20.9,0.0,8.0,3.6,7.5,0.0,1013.1,1010.5,88.0,95.0,82.0
2022-05-21,6000A,MELILLA,52,MELILLA,351635N,025723W,52.0,23.2,19.5,21.4,0.0,27.0,2.5,9.7,1.9,1012.0,1009.1,88.0,92.0,78.0
2022-05-22,6000A,MELILLA,52,MELILLA,351635N,025723W,52.0,26.8,19.1,23.0,0.0,27.0,4.4,15.3,8.8,1009.7,1006.0,65.0,94.0,46.0
2022-05-23,6000A,MELILLA,52,MELILLA,351635N,025723W,52.0,28.4,19.6,24.0,0.0,26.0,5.8,15.0,12.5,1006.5,1002.8,51.0,78.0,42.0
2022-05-24,6000A,MELILLA,52,MELILLA,351635N,025723W,52.0,26.9,20.5,23.7,0.0,26.0,6.4,15.8,12.6,1006.8,1002.9,55.0,70.0,40.0
2022-05-25,6000A,MELILLA,52,MELILLA,351635N,025723W,52.0,24.3,18.1,21.2,0.0,26.0,2.8,15.3,12.0,1015.1,1005.1,60.0,87.0,40.0
2022-05-26,6000A,MELILLA,52,MELILLA,351635N,025723W,52.0,22.4,17.9,20.2,0.0,8.0,5.3,9.4,12.7,1016.3,1014.1,68.0,87.0,58.0
2022-05-27,6000A,MELILLA,52,MELILLA,351635N,025723W,52.0,25.6,16.1,20.8,0.0,8.0,2.8,6.7,12.8,1015.0,1010.3,62.0,90.0,32.0
2022-05-28,6000A,MELILLA,52,MELILLA,351635N,025723W,52.0,27.0,19.5,23.2,0.0,26.0,2.2,9.7,10.1,1011.2,1004.3,64.0,81.0,38.0
2022-05-29,6000A,MELILLA,52,MELILLA,351635N,025723W,52.0,24.3,19.2,21.8,0.0,26.0,4.2,12.2,11.9,1005.1,1002.7,68.0,85.0,58.0
2022-05-30,6000A,MELILLA,52,MELILLA,351635N,025723W,52.0,24.8,18.6,21.7,0.0,27.0,3.9,11.1,11.8,1006.9,1004.2,59.0,78.0,50.0
2022-05-31,6000A,MELILLA,52,MELILLA,351635N,025723W,52.0,28.0,18.4,23.2,0.0,5.0,2.2,5.8,12.6,1008.8,1005.4,47.0,72.0,35.0
2022-06-01,6000A,MELILLA,52,MELILLA,351635N,025723W,52.0,27.7,20.1,23.9,0.0,25.0,4.2,8.6,12.8,1010.0,1007.7,50.0,75.0,40.0
2022-06-02,6000A,MELILLA,52,MELILLA,351635N,025723W,52.0,25.4,20.8,23.1,0.0,27.0,4.4,12.8,5.9,1009.1,1006.6,59.0,67.0,51.0
2022-06-03,6000A,MELILLA,52,MELILLA,351635N,025723W,52.0,25.4,19.1,22.2,0.0,27.0,3.6,10.0,10.8,1009.9,1007.7,53.0,78.0,42.0
2022-06-04,6000A,MELILLA,52,MELILLA,351635N,025723W,52.0,25.6,19.2,22.4,0.0,28.0,5.3,12.5,11.8,1012.8,1009.0,57.0,80.0,42.0
2022-06-05,6000A,MELILLA,52,MELILLA,351635N,025723W,52.0,26.5,20.3,23.4,0.0,26.0,3.9,10.8,10.2,1014.2,1011.7,61.0,80.0,46.0
2022-06-06,6000A,MELILLA,52,MELILLA,351635N,025723W,52.0,29.5,18.6,24.0,0.0,2.0,2.5,6.7,12.4,1012.8,1010.7,44.0,86.0,21.0
2022-06-07,6000A,MELILLA,52,MELILLA,351635N,025723W,52.0,30.8,19.7,25.2,0.0,15.0,2.2,5.6,12.4,1012.1,1008.8,51.0,86.0,28.0
2022-06-08,6000A,MELILLA,52,MELILLA,351635N,025723W,52.0,32.9,22.7,27.8,0.0,26.0,5.8,15.6,12.8,1009.7,1007.6,37.0,60.0,27.0
2022-06-09,6000A,MELILLA,52,MELILLA,351635N,025723W,52.0,31.3,21.6,26.4,0.0,26.0,3.1,11.4,12.8,1011.3,1007.8,59.0,89.0,36.0
2022-06-10,6000A,MELILLA,52,MELILLA,351635N,025723W,52.0,25.7,21.5,23.6,0.0,10.0,3.9,7.8,8.1,1012.4,1010.3,77.0,91.0,72.0
2022-06-11,6000A,MELILLA,52,MELILLA,351635N,025723W,52.0,26.1,21.4,23.8,0.0,9.0,4.2,8.1,7.7,1013.6,1010.3,74.0,88.0,62.0
2022-06-12,6000A,MELILLA,52,MELILLA,351635N,025723W,52.0,24.9,21.5,23.2,0.0,6.0,3.9,6.9,2.4,1013.5,1010.5,78.0,87.0,71.0
2022-06-13,6000A,MELILLA,52,MELILLA,351635N,025723W,52.0,27.2,20.3,23.8,0.0,3.0,1.7,5.8,11.3,1011.9,1007.8,73.0,89.0,61.0
2022-06-14,6000A,MELILLA,52,MELILLA,351635N,025723W,52.0,28.2,21.8,25.0,0.0,25.0,2.5,7.5,7.6,1010.5,1006.7,78.0,91.0,63.0
2022-06-15,6000A,MELILLA,52,MELILLA,351635N,025723W,52.0,31.0,22.8,26.9,0.0,99.0,1.9,8.1,7.4,1010.8,1007.9,72.0,92.0,53.0
2022-06-16,6000A,MELILLA,52,MELILLA,351635N,025723W,52.0,29.0,23.2,26.1,0.0,25.0,3.6,12.2,12.3,1011.1,1007.9,77.0,86.0,61.0
2022-06-17,6000A,MELILLA,52,MELILLA,351635N,025723W,52.0,27.5,23.1,25.3,0.0,36.0,2.8,8.1,11.0,1011.7,1009.0,75.0,88.0,66.0
2022-06-18,6000A,MELILLA,52,MELILLA,351635N,025723W,52.0,30.6,22.7,26.6,0.0,26.0,2.8,10.8,11.9,1010.5,1005.2,65.0,86.0,50.0
2022-06-19,6000A,MELILLA,52,MELILLA,351635N,025723W,52.0,28.6,22.4,25.5,0.0,24.0,3.3,9.4,11.5,1007.3,1004.2,55.0,84.0,45.0
2022-06-20,6000A,MELILLA,52,MELILLA,351635N,025723W,52.0,26.8,21.1,24.0,,26.0,3.6,11.7,9.8,1008.3,1004.7,63.0,81.0,53.0
2022-06-21,6000A,MELILLA,52,MELILLA,351635N,025723W,52.0,27.4,20.3,23.8,0.2,25.0,3.3,11.7,10.3,1008.2,1004.9,55.0,76.0,40.0
2022-06-22,6000A,MELILLA,52,MELILLA,351635N,025723W,52.0,25.1,19.8,22.4,0.0,27.0,3.9,9.2,2.9,1009.6,1007.3,59.0,77.0,43.0
2022-06-23,6000A,MELILLA,52,MELILLA,351635N,025723W,52.0,25.8,19.5,22.6,0.0,27.0,3.3,9.2,12.9,1011.1,1008.5,56.0,74.0,41.0
2022-06-24,6000A,MELILLA,52,MELILLA,351635N,025723W,52.0,27.0,19.8,23.4,0.0,28.0,3.6,11.4,10.7,1011.2,1007.6,53.0,72.0,42.0
2022-06-25,6000A,MELILLA,52,MELILLA,351635N,025723W,52.0,27.8,20.7,24.2,0.0,26.0,3.9,9.7,13.1,1008.3,1003.6,48.0,69.0,38.0
2022-06-26,6000A,MELILLA,52,MELILLA,351635N,025723W,52.0,27.9,21.3,24.6,0.0,28.0,3.9,13.1,13.1,1006.7,1003.8,49.0,61.0,38.0
2022-06-27,6000A,MELILLA,52,MELILLA,351635N,025723W,52.0,26.4,21.1,23.8,0.0,26.0,5.3,12.8,13.1,1011.2,1006.6,43.0,58.0,34.0
2022-06-28,6000A,MELILLA,52,MELILLA,351635N,025723W,52.0,26.5,19.0,22.8,0.0,11.0,2.2,6.4,13.2,1011.6,1009.2,66.0,86.0,41.0
2022-06-29,6000A,MELILLA,52,MELILLA,351635N,025723W,52.0,27.4,18.9,23.2,0.0,4.0,2.5,7.2,12.0,1010.2,1005.6,63.0,88.0,40.0
2022-06-30,6000A,MELILLA,52,MELILLA,351635N,025723W,52.0,29.5,19.4,24.4,0.0,26.0,2.8,9.4,13.0,1007.1,1004.4,38.0,87.0,29.0
2022-07-01,6000A,MELILLA,52,MELILLA,351635N,025723W,52.0,26.4,20.4,23.4,0.4,9.0,3.1,8.1,9.5,1009.5,1006.2,72.0,89.0,48.0
2022-07-02,6000A,MELILLA,52,MELILLA,351635N,025723W,52.0,24.5,22.4,23.4,,5.0,3.9,10.3,0.0,1012.1,1008.1,91.0,97.0,85.0
2022-07-03,6000A,MELILLA,52,MELILLA,351635N,025723W,52.0,26.9,22.0,24.4,0.0,28.0,2.8,8.3,1.5,1012.9,1009.6,86.0,95.0,75.0
2022-07-04,6000A,MELILLA,52,MELILLA,351635N,025723W,52.0,28.6,21.6,25.1,0.0,25.0,2.2,10.0,9.4,1011.7,1007.2,75.0,92.0,55.0
2022-07-05,6000A,MELILLA,52,MELILLA,351635N,025723W,52.0,30.1,22.8,26.4,2.8,25.0,2.2,11.4,9.0,1012.2,1008.4,64.0,82.0,45.0
2022-07-06,6000A,MELILLA,52,MELILLA,351635N,025723W,52.0,29.3,21.4,25.4,0.0,25.0,3.1,9.2,10.6,1013.7,1010.9,70.0,91.0,53.0
2022-07-07,6000A,MELILLA,52,MELILLA,351635N,025723W,52.0,28.7,22.7,25.7,0.0,7.0,3.3,8.3,8.7,1015.6,1012.8,79.0,93.0,65.0
2022-07-08,6000A,MELILLA,52,MELILLA,351635N,025723W,52.0,27.6,23.3,25.4,0.0,7.0,3.9,8.1,10.5,1015.6,1013.1,80.0,94.0,71.0
2022-07-09,6000A,MELILLA,52,MELILLA,351635N,025723W,52.0,27.8,22.5,25.2,0.0,10.0,3.6,8.1,10.8,1015.2,1012.0,76.0,89.0,68.0
2022-07-10,6000A,MELILLA,52,MELILLA,351635N,025723W,52.0,27.1,22.0,24.6,0.0,99.0,3.3,6.9,11.4,1012.4,1008.5,75.0,88.0,69.0
2022-07-11,6000A,MELILLA,52,MELILLA,351635N,025723W,52.0,27.9,21.9,24.9,0.0,4.0,3.6,7.2,11.8,1009.3,1006.7,75.0,88.0,67.0
2022-07-12,6000A,MELILLA,52,MELILLA,351635N,025723W,52.0,28.2,23.6,25.9,0.0,8.0,4.7,8.3,7.5,1013.6,1008.7,78.0,89.0,70.0
2022-07-13,6000A,MELILLA,52,MELILLA,351635N,025723W,52.0,28.5,23.2,25.8,0.0,8.0,3.6,6.9,9.8,1014.5,1012.1,74.0,90.0,66.0
2022-07-14,6000A,MELILLA,52,MELILLA,351635N,025723W,52.0,27.9,22.3,25.1,0.0,10.0,3.9,6.4,12.3,1013.5,1008.8,78.0,93.0,70.0
2022-07-15,6000A,MELILLA,52,MELILLA,351635N,025723W,52.0,28.7,22.7,25.7,0.0,6.0,3.3,8.9,11.7,1009.6,1008.1,76.0,91.0,70.0
2022-07-16,6000A,MELILLA,52,MELILLA,351635N,025723W,52.0,29.6,23.1,26.4,0.0,4.0,3.3,6.4,12.0,1010.3,1008.5,62.0,92.0,52.0
2022-07-17,6000A,MELILLA,52,MELILLA,351635N,025723W,52.0,29.7,23.5,26.6,0.0,10.0,3.3,6.4,12.5,1011.4,1009.6,70.0,89.0,60.0
2022-07-18,6000A,MELILLA,52,MELILLA,351635N,025723W,52.0,29.4,23.5,26.4,0.0,4.0,2.5,6.4,11.5,1011.4,1009.2,74.0,91.0,61.0
2022-07-19,6000A,MELILLA,52,MELILLA,351635N,025723W,52.0,31.2,24.1,27.6,0.0,34.0,2.8,8.1,10.8,1011.1,1008.6,72.0,87.0,55.0
2022-07-20,6000A,MELILLA,52,MELILLA,351635N,025723W,52.0,29.2,23.7,26.4,0.0,10.0,2.8,6.7,11.8,1010.9,1008.8,79.0,91.0,70.0
2022-07-21,6000A,MELILLA,52,MELILLA,351635N,025723W,52.0,29.6,25.2,27.4,0.0,6.0,3.3,6.9,7.5,1012.0,1009.9,73.0,88.0,66.0
2022-07-22,6000A,MELILLA,52,MELILLA,351635N,025723W,52.0,29.5,24.0,26.8,0.0,99.0,3.3,6.4,10.7,1010.9,1009.1,79.0,90.0,68.0
2022-07-23,6000A,MELILLA,52,MELILLA,351635N,025723W,52.0,29.5,24.2,26.8,0.0,6.0,2.8,7.2,11.3,1011.5,1009.3,80.0,91.0,70.0
2022-07-24,6000A,MELILLA,52,MELILLA,351635N,025723W,52.0,29.7,23.9,26.8,0.0,2.0,2.5,5.8,11.2,1011.7,1008.9,78.0,93.0,70.0
2022-07-25,6000A,MELILLA,52,MELILLA,351635N,025723W,52.0,34.2,23.9,29.0,0.0,6.0,2.2,4.7,11.4,1010.1,1007.2,55.0,93.0,26.0
2022-07-26,6000A,MELILLA,52,MELILLA,351635N,025723W,52.0,39.7,26.9,33.3,0.0,24.0,3.9,9.2,11.9,1008.2,1006.3,21.0,82.0,13.0
2022-07-27,6000A,MELILLA,52,MELILLA,351635N,025723W,52.0,31.9,24.7,28.3,0.0,28.0,3.9,12.5,12.4,1008.2,1005.8,43.0,55.0,22.0
2022-07-28,6000A,MELILLA,52,MELILLA,351635N,025723W,52.0,30.0,22.1,26.0,0.0,8.0,2.2,5.8,12.5,1006.8,1004.5,60.0,79.0,35.0
2022-07-29,6000A,MELILLA,52,MELILLA,351635N,025723W,52.0,30.3,22.6,26.4,0.0,8.0,2.8,6.9,10.7,1008.7,1005.4,70.0,88.0,44.0
2022-07-30,6000A,MELILLA,52,MELILLA,351635N,025723W,52.0,31.2,25.9,28.6,0.0,10.0,3.9,11.1,6.0,1010.2,1006.2,82.0,90.0,72.0
2022-07-31,6000A,MELILLA,52,MELILLA,351635N,025723W,52.0,29.2,26.0,27.6,0.0,6.0,3.9,7.5,2.6,1010.4,1008.4,84.0,91.0,77.0
2022-08-01,6000A,MELILLA,52,MELILLA,351635N,025723W,52.0,30.3,25.7,28.0,0.0,8.0,3.3,6.9,8.0,1010.2,1008.1,78.0,90.0,63.0
2022-08-02,6000A,MELILLA,52,MELILLA,351635N,025723W,52.0,30.3,25.3,27.8,0.0,8.0,3.3,7.2,11.1,1009.8,1007.2,75.0,86.0,65.0
2022-08-03,6000A,MELILLA,52,MELILLA,351635N,025723W,52.0,31.8,24.9,28.4,0.0,27.0,1.7,6.7,11.4,1007.6,1004.0,68.0,89.0,40.0
2022-08-04,6000A,MELILLA,52,MELILLA,351635N,025723W,52.0,30.2,24.6,27.4,0.6,3.0,3.3,7.8,9.7,1007.2,1004.9,76.0,90.0,67.0
2022-08-05,6000A,MELILLA,52,MELILLA,351635N,025723W,52.0,29.7,25.0,27.4,0.0,4.0,2.8,7.8,6.2,1009.1,1005.9,81.0,90.0,68.0
2022-08-06,6000A,MELILLA,52,MELILLA,351635N,025723W,52.0,30.9,24.9,27.9,0.0,35.0,3.1,7.2,9.5,1009.9,1008.1,75.0,89.0,61.0
2022-08-07,6000A,MELILLA,52,MELILLA,351635N,025723W,52.0,30.8,23.9,27.4,0.0,2.0,3.6,8.9,9.4,1009.4,1007.0,70.0,89.0,58.0
2022-08-08,6000A,MELILLA,52,MELILLA,351635N,025723W,52.0,29.6,24.3,27.0,0.0,3.0,2.8,7.8,9.6,1009.7,1007.5,69.0,87.0,60.0
2022-08-09,6000A,MELILLA,52,MELILLA,351635N,025723W,52.0,30.3,25.2,27.8,0.0,99.0,3.3,7.5,4.7,1008.9,1006.3,81.0,88.0,72.0
2022-08-10,6000A,MELILLA,52,MELILLA,351635N,025723W,52.0,30.4,25.6,28.0,0.0,2.0,3.3,8.9,6.4,1007.8,1005.5,80.0,91.0,71.0
2022-08-11,6000A,MELILLA,52,MELILLA,351635N,025723W,52.0,30.3,25.7,28.0,0.0,99.0,3.1,8.3,8.3,1009.2,1006.4,74.0,87.0,63.0
2022-08-12,6000A,MELILLA,52,MELILLA,351635N,025723W,52.0,30.9,25.7,28.3,0.0,24.0,2.5,7.8,8.4,1009.2,1005.3,83.0,90.0,71.0
2022-08-13,6000A,MELILLA,52,MELILLA,351635N,025723W,52.0,33.7,26.5,30.1,0.0,26.0,3.1,16.4,8.3,1007.9,1003.4,75.0,95.0,61.0
2022-08-14,6000A,MELILLA,52,MELILLA,351635N,025723W,52.0,31.7,26.4,29.0,0.0,28.0,5.8,14.4,6.0,1005.5,1002.1,64.0,87.0,39.0
2022-08-15,6000A,MELILLA,52,MELILLA,351635N,025723W,52.0,29.5,24.0,26.8,0.0,26.0,3.3,11.7,10.0,1006.2,1003.2,54.0,73.0,42.0
2022-08-16,6000A,MELILLA,52,MELILLA,351635N,025723W,52.0,29.5,22.3,25.9,0.0,26.0,5.3,13.9,11.8,1005.2,1001.8,57.0,80.0,40.0
2022-08-17,6000A,MELILLA,52,MELILLA,351635N,025723W,52.0,29.9,24.5,27.2,0.0,24.0,5.0,12.8,11.9,1005.7,1003.1,44.0,52.0,35.0
2022-08-18,6000A,MELILLA,52,MELILLA,351635N,025723W,52.0,30.1,22.5,26.3,0.0,24.0,2.5,8.6,12.2,1009.4,1005.2,44.0,84.0,28.0
2022-08-19,6000A,MELILLA,52,MELILLA,351635N,025723W,52.0,28.3,22.1,25.2,0.0,8.0,3.1,7.8,11.7,1011.2,1008.7,75.0,90.0,63.0
2022-08-20,6000A,MELILLA,52,MELILLA,351635N,025723W,52.0,27.9,22.9,25.4,0.0,99.0,3.1,7.5,7.9,1012.3,1009.4,82.0,90.0,67.0
2022-08-21,6000A,MELILLA,52,MELILLA,351635N,025723W,52.0,30.3,21.2,25.8,0.0,99.0,2.2,5.3,10.7,1011.6,1006.6,73.0,90.0,33.0
2022-08-22,6000A,MELILLA,52,MELILLA,351635N,025723W,52.0,35.4,22.3,28.8,0.0,2.0,2.8,7.8,12.1,1006.9,1004.2,41.0,84.0,21.0
2022-08-23,6000A,MELILLA,52,MELILLA,351635N,025723W,52.0,29.0,23.2,26.1,0.0,8.0,3.3,7.5,8.5,1007.8,1005.2,79.0,88.0,55.0
2022-08-24,6000A,MELILLA,52,MELILLA,351635N,025723W,52.0,28.9,23.5,26.2,0.0,26.0,2.2,7.2,8.1,1008.8,1006.3,80.0,91.0,67.0
2022-08-25,6000A,MELILLA,52,MELILLA,351635N,025723W,52.0,29.9,24.1,27.0,0.0,99.0,2.2,7.2,6.9,1009.5,1006.0,74.0,90.0,62.0
2022-08-26,6000A,MELILLA,52,MELILLA,351635N,025723W,52.0,28.9,22.9,25.9,0.0,8.0,1.7,6.1,9.1,1007.8,1004.1,76.0,89.0,63.0
2022-08-27,6000A,MELILLA,52,MELILLA,351635N,025723W,52.0,29.2,24.8,27.0,0.0,99.0,3.9,8.3,9.8,1006.2,1002.4,76.0,87.0,67.0
2022-08-28,6000A,MELILLA,52,MELILLA,351635N,025723W,52.0,28.9,25.6,27.2,0.0,12.0,3.1,8.1,1.9,1007.1,1003.0,85.0,91.0,76.0
2022-08-29,6000A,MELILLA,52,MELILLA,351635N,025723W,52.0,28.5,25.1,26.8,0.0,99.0,3.3,6.1,0.1,1009.7,1005.4,87.0,93.0,80.0
2022-08-30,6000A,MELILLA,52,MELILLA,351635N,025723W,52.0,31.2,24.0,27.6,0.0,31.0,2.2,8.6,5.7,1013.2,1008.7,81.0,96.0,45.0
2022-08-31,6000A,MELILLA,52,MELILLA,351635N,025723W,52.0,32.4,26.7,29.6,0.0,30.0,2.2,6.7,8.6,1012.5,1008.9,64.0,70.0,43.0
2022-09-01,6000A,MELILLA,52,MELILLA,351635N,025723W,52.0,33.0,24.4,28.7,0.0,32.0,1.9,7.8,7.0,1009.2,1006.9,45.0,80.0,19.0
2022-09-02,6000A,MELILLA,52,MELILLA,351635N,025723W,52.0,32.5,26.6,29.6,0.0,24.0,3.9,11.1,0.9,1008.8,1006.3,33.0,45.0,20.0
2022-09-03,6000A,MELILLA,52,MELILLA,351635N,025723W,52.0,30.0,24.2,27.1,0.0,25.0,4.2,10.8,5.1,1009.2,1005.5,45.0,58.0,29.0
2022-09-04,6000A,MELILLA,52,MELILLA,351635N,025723W,52.0,29.1,22.7,25.9,0.0,25.0,4.2,9.4,11.2,1013.1,1008.5,50.0,72.0,33.0
2022-09-05,6000A,MELILLA,52,MELILLA,351635N,025723W,52.0,29.7,22.2,26.0,0.0,26.0,3.9,9.4,11.2,1014.3,1011.2,48.0,68.0,26.0
2022-09-06,6000A,MELILLA,52,MELILLA,351635N,025723W,52.0,30.9,23.3,27.1,0.0,24.0,3.9,10.0,7.4,1012.9,1009.1,42.0,63.0,29.0
2022-09-07,6000A,MELILLA,52,MELILLA,351635N,025723W,52.0,31.7,24.5,28.1,0.0,26.0,5.3,12.2,11.1,1010.7,1007.0,42.0,52.0,35.0
2022-09-08,6000A,MELILLA,52,MELILLA,351635N,025723W,52.0,32.6,22.3,27.4,0.0,26.0,2.8,11.1,11.4,1010.6,1007.8,30.0,66.0,24.0
2022-09-09,6000A,MELILLA,52,MELILLA,351635N,025723W,52.0,33.5,22.2,27.8,0.0,11.0,1.9,5.6,11.7,1011.5,1008.9,53.0,71.0,31.0
2022-09-10,6000A,MELILLA,52,MELILLA,351635N,025723W,52.0,29.2,22.1,25.6,0.0,6.0,2.2,6.4,11.3,1011.6,1009.2,66.0,87.0,54.0
2022-09-11,6000A,MELILLA,52,MELILLA,351635N,025723W,52.0,28.2,23.7,26.0,0.0,8.0,2.5,6.7,8.1,1010.1,1005.5,83.0,92.0,71.0
2022-09-12,6000A,MELILLA,52,MELILLA,351635N,025723W,52.0,30.9,23.2,27.0,0.8,24.0,4.4,16.4,5.9,1007.9,1001.4,81.0,94.0,55.0
2022-09-13,6000A,MELILLA,52,MELILLA,351635N,025723W,52.0,26.9,23.8,25.4,0.0,25.0,3.3,13.9,0.0,1006.6,1001.7,75.0,86.0,62.0
2022-09-14,6000A,MELILLA,52,MELILLA,351635N,025723W,52.0,27.6,22.7,25.2,0.0,99.0,2.8,9.4,4.0,1008.8,1005.0,67.0,83.0,56.0
2022-09-15,6000A,MELILLA,52,MELILLA,351635N,025723W,52.0,28.1,21.7,24.9,0.0,24.0,4.2,10.3,11.5,1009.5,1007.0,66.0,83.0,50.0
2022-09-16,6000A,MELILLA,52,MELILLA,351635N,025723W,52.0,28.9,21.6,25.2,0.0,24.0,2.8,8.6,11.4,1008.0,1004.8,56.0,81.0,50.0
2022-09-17,6000A,MELILLA,52,MELILLA,351635N,025723W,52.0,26.3,19.6,23.0,0.0,10.0,2.5,8.3,11.4,1006.1,1003.3,72.0,85.0,57.0
2022-09-18,6000A,MELILLA,52,MELILLA,351635N,025723W,52.0,25.6,24.0,24.8,0.0,8.0,5.6,11.7,0.0,1006.5,1003.2,86.0,90.0,81.0
2022-09-19,6000A,MELILLA,52,MELILLA,351635N,025723W,52.0,25.6,21.5,23.6,1.0,7.0,3.6,10.6,0.8,1010.5,1005.7,83.0,95.0,74.0
2022-09-20,6000A,MELILLA,52,MELILLA,351635N,025723W,52.0,25.3,21.0,23.2,0.2,10.0,2.2,7.2,,1011.2,1009.2,86.0,93.0,79.0
2022-09-21,6000A,MELILLA,52,MELILLA,351635N,025723W,52.0,26.9,21.3,24.1,0.0,1.0,3.1,9.7,8.0,1011.3,1009.1,85.0,92.0,71.0
2022-09-22,6000A,MELILLA,52,MELILLA,351635N,025723W,52.0,27.4,20.9,24.2,0.0,8.0,2.2,6.9,11.0,1012.0,1009.8,79.0,92.0,60.0
2022-09-23,6000A,MELILLA,52,MELILLA,351635N,025723W,52.0,26.5,19.9,23.2,0.0,9.0,2.2,6.7,10.9,1012.6,1008.5,80.0,88.0,64.0
2022-09-24,6000A,MELILLA,52,MELILLA,351635N,025723W,52.0,27.6,18.9,23.2,0.0,25.0,2.2,9.7,10.7,1008.5,1004.2,64.0,88.0,45.0
2022-09-25,6000A,MELILLA,52,MELILLA,351635N,025723W,52.0,26.6,21.7,24.2,0.0,22.0,2.8,10.0,4.3,1005.8,1003.2,59.0,78.0,47.0
2022-09-26,6000A,MELILLA,52,MELILLA,351635N,025723W,52.0,24.8,20.7,22.8,0.0,31.0,3.1,9.2,8.2,1010.6,1004.9,58.0,81.0,41.0
2022-09-27,6000A,MELILLA,52,MELILLA,351635N,025723W,52.0,26.7,19.6,23.2,0.0,24.0,3.6,11.7,11.1,1012.6,1010.2,49.0,75.0,24.0
2022-09-28,6000A,MELILLA,52,MELILLA,351635N,025723W,52.0,26.0,20.8,23.4,0.0,24.0,4.4,13.3,11.2,1011.0,1006.1,50.0,79.0,39.0
2022-09-29,6000A,MELILLA,52,MELILLA,351635N,025723W,52.0,25.5,20.1,22.8,0.2,25.0,4.7,13.9,10.8,1006.7,1002.0,67.0,77.0,42.0
2022-09-30,6000A,MELILLA,52,MELILLA,351635N,025723W,52.0,23.9,16.8,20.4,0.0,26.0,2.8,13.6,9.3,1013.7,1002.4,65.0,86.0,52.0
2022-10-01,6000A,MELILLA,52,MELILLA,351635N,025723W,52.0,24.1,15.4,19.8,0.0,8.0,4.7,11.4,10.9,1018.5,1013.5,66.0,84.0,52.0
2022-10-02,6000A,MELILLA,52,MELILLA,351635N,025723W,52.0,23.5,20.8,22.2,0.0,9.0,4.2,8.9,0.0,1018.4,1013.5,81.0,86.0,74.0
2022-10-03,6000A,MELILLA,52,MELILLA,351635N,025723W,52.0,26.1,20.2,23.2,0.0,26.0,3.3,10.0,8.1,1015.5,1013.1,75.0,93.0,61.0
2022-10-04,6000A,MELILLA,52,MELILLA,351635N,025723W,52.0,27.6,19.2,23.4,0.0,2.0,1.4,5.6,7.8,1014.8,1012.3,79.0,94.0,42.0
2022-10-05,6000A,MELILLA,52,MELILLA,351635N,025723W,52.0,24.9,19.4,22.2,0.0,6.0,2.5,6.1,7.5,1017.1,1013.2,85.0,93.0,70.0
2022-10-06,6000A,MELILLA,52,MELILLA,351635N,025723W,52.0,24.8,20.8,22.8,0.0,6.0,3.3,8.9,6.7,1016.9,1014.5,84.0,94.0,74.0
2022-10-07,6000A,MELILLA,52,MELILLA,351635N,025723W,52.0,24.7,21.1,22.9,0.0,7.0,3.3,8.6,6.2,1015.2,1009.8,81.0,89.0,72.0
2022-10-08,6000A,MELILLA,52,MELILLA,351635N,025723W,52.0,24.7,21.1,22.9,0.0,4.0,3.6,7.8,1.2,1010.6,1007.9,88.0,92.0,77.0
2022-10-09,6000A,MELILLA,52,MELILLA,351635N,025723W,52.0,25.0,20.4,22.7,0.0,99.0,1.9,5.8,6.2,1010.4,1007.9,84.0,93.0,74.0
2022-10-10,6000A,MELILLA,52,MELILLA,351635N,025723W,52.0,26.3,20.1,23.2,0.0,31.0,1.7,7.2,7.5,1011.9,1009.4,75.0,94.0,65.0
2022-10-11,6000A,MELILLA,52,MELILLA,351635N,025723W,52.0,24.6,19.6,22.1,3.0,8.0,1.9,6.7,1.9,1012.2,1009.1,87.0,94.0,69.0
2022-10-12,6000A,MELILLA,52,MELILLA,351635N,025723W,52.0,24.0,19.9,22.0,1.8,7.0,4.7,10.0,2.1,1014.4,1010.1,88.0,94.0,77.0
2022-10-13,6000A,MELILLA,52,MELILLA,351635N,025723W,52.0,23.9,20.3,22.1,,8.0,5.0,10.3,2.7,1018.2,1012.9,85.0,92.0,77.0
2022-10-14,6000A,MELILLA,52,MELILLA,351635N,025723W,52.0,24.2,19.1,21.6,0.0,10.0,2.5,6.7,9.1,1017.7,1012.1,86.0,95.0,64.0
2022-10-15,6000A,MELILLA,52,MELILLA,351635N,025723W,52.0,24.9,18.7,21.8,0.0,30.0,1.7,6.4,7.5,1012.1,1008.5,86.0,91.0,70.0
2022-10-16,6000A,MELILLA,52,MELILLA,351635N,025723W,52.0,25.8,18.8,22.3,0.0,25.0,2.5,13.9,3.5,1012.3,1008.2,79.0,92.0,59.0
2022-10-17,6000A,MELILLA,52,MELILLA,351635N,025723W,52.0,25.8,20.8,23.3,0.4,20.0,2.5,14.2,7.9,1016.9,1012.0,85.0,96.0,72.0
2022-10-18,6000A,MELILLA,52,MELILLA,351635N,025723W,52.0,25.0,20.1,22.6,0.0,28.0,2.2,8.6,2.9,1017.6,1015.2,90.0,98.0,79.0
2022-10-19,6000A,MELILLA,52,MELILLA,351635N,025723W,52.0,26.1,19.7,22.9,0.0,26.0,1.4,6.4,8.3,1015.8,1010.6,81.0,96.0,71.0
2022-10-20,6000A,MELILLA,52,MELILLA,351635N,025723W,52.0,23.4,19.5,21.4,0.0,26.0,1.9,6.7,3.5,1011.0,1008.9,88.0,95.0,81.0
2022-10-21,6000A,MELILLA,52,MELILLA,351635N,025723W,52.0,24.6,18.1,21.4,0.0,32.0,1.4,8.3,7.2,1012.4,1009.9,80.0,98.0,57.0
2022-10-22,6000A,MELILLA,52,MELILLA,351635N,025723W,52.0,31.6,18.5,25.0,0.0,31.0,2.5,10.3,9.0,1011.0,1007.4,58.0,81.0,35.0
2022-10-23,6000A,MELILLA,52,MELILLA,351635N,025723W,52.0,27.3,19.2,23.2,0.0,34.0,2.5,8.9,9.1,1012.5,1009.3,72.0,91.0,44.0
2022-10-24,6000A,MELILLA,52,MELILLA,351635N,025723W,52.0,28.4,17.9,23.2,0.0,7.0,1.4,4.7,9.7,1012.7,1010.3,60.0,81.0,26.0
2022-10-25,6000A,MELILLA,52,MELILLA,351635N,025723W,52.0,36.8,17.7,27.2,0.0,99.0,3.1,9.2,9.2,1011.8,1008.8,60.0,88.0,13.0
2022-10-26,6000A,MELILLA,52,MELILLA,351635N,025723W,52.0,28.2,19.2,23.7,0.0,31.0,1.7,5.0,5.9,1013.8,1010.8,75.0,88.0,37.0
2022-10-27,6000A,MELILLA,52,MELILLA,351635N,025723W,52.0,24.6,17.4,21.0,0.0,31.0,1.7,6.4,9.4,1017.3,1013.5,84.0,98.0,63.0
2022-10-28,6000A,MELILLA,52,MELILLA,351635N,025723W,52.0,23.4,16.8,20.1,0.0,3.0,2.2,5.6,6.9,1018.4,1015.3,86.0,97.0,74.0
2022-10-29,6000A,MELILLA,52,MELILLA,351635N,025723W,52.0,24.1,19.3,21.7,0.0,4.0,1.9,6.9,5.5,1015.5,1013.2,80.0,91.0,66.0
2022-10-30,6000A,MELILLA,52,MELILLA,351635N,025723W,52.0,23.2,18.7,21.0,0.0,8.0,1.7,5.3,3.5,1013.8,1011.8,85.0,92.0,75.0
2022-10-31,6000A,MELILLA,52,MELILLA,351635N,025723W,52.0,24.1,18.8,21.4,0.0,34.0,1.9,8.3,8.4,1015.3,1011.9,82.0,89.0,72.0
2022-11-01,6000A,MELILLA,52,MELILLA,351635N,025723W,52.0,24.0,19.2,21.6,0.0,12.0,1.9,5.8,2.9,1016.7,1013.7,83.0,92.0,73.0
2022-11-02,6000A,MELILLA,52,MELILLA,351635N,025723W,52.0,24.0,17.8,20.9,0.0,10.0,2.2,5.6,7.4,1017.1,1014.4,86.0,96.0,75.0
2022-11-03,6000A,MELILLA,52,MELILLA,351635N,025723W,52.0,24.0,17.8,20.9,0.0,26.0,2.8,9.2,5.4,1016.3,1013.4,79.0,92.0,57.0
2022-11-04,6000A,MELILLA,52,MELILLA,351635N,025723W,52.0,23.5,19.3,21.4,0.0,26.0,5.6,17.8,8.9,1014.5,1011.6,76.0,82.0,65.0
2022-11-05,6000A,MELILLA,52,MELILLA,351635N,025723W,52.0,23.9,16.6,20.2,0.0,25.0,2.5,10.6,9.5,1014.8,1012.8,75.0,83.0,64.0
2022-11-06,6000A,MELILLA,52,MELILLA,351635N,025723W,52.0,23.9,14.2,19.0,0.0,30.0,1.4,6.7,9.4,1014.4,1011.8,70.0,89.0,51.0
2022-11-07,6000A,MELILLA,52,MELILLA,351635N,025723W,52.0,23.5,15.7,19.6,0.0,4.0,2.5,5.0,9.3,1014.3,1011.3,66.0,80.0,51.0
2022-11-08,6000A,MELILLA,52,MELILLA,351635N,025723W,52.0,22.5,16.0,19.2,0.0,26.0,1.4,5.3,7.4,1013.8,1011.4,80.0,90.0,69.0
2022-11-09,6000A,MELILLA,52,MELILLA,351635N,025723W,52.0,23.8,16.2,20.0,0.0,26.0,2.5,10.6,7.3,1014.7,1012.1,77.0,91.0,61.0
2022-11-10,6000A,MELILLA,52,MELILLA,351635N,025723W,52.0,23.0,16.2,19.6,0.0,26.0,2.5,8.1,7.7,1016.0,1014.0,77.0,84.0,61.0
2022-11-11,6000A,MELILLA,52,MELILLA,351635N,025723W,52.0,22.9,18.3,20.6,0.0,6.0,4.2,9.4,6.6,1014.8,1010.1,78.0,84.0,63.0
2022-11-12,6000A,MELILLA,52,MELILLA,351635N,025723W,52.0,30.3,18.3,24.3,0.0,18.0,2.8,13.3,7.7,1013.0,1009.8,48.0,85.0,22.0
2022-11-13,6000A,MELILLA,52,MELILLA,351635N,025723W,52.0,22.7,16.3,19.5,0.0,26.0,2.5,5.8,6.6,1014.5,1012.2,84.0,93.0,74.0
2022-11-14,6000A,MELILLA,52,MELILLA,351635N,025723W,52.0,23.4,15.0,19.2,0.0,26.0,1.9,6.7,8.9,1016.1,1013.5,74.0,93.0,53.0
2022-11-15,6000A,MELILLA,52,MELILLA,351635N,025723W,52.0,24.2,17.3,20.8,0.0,25.0,3.9,8.6,6.0,1014.5,1011.3,62.0,77.0,47.0
2022-11-16,6000A,MELILLA,52,MELILLA,351635N,025723W,52.0,22.1,19.0,20.6,2.8,25.0,1.9,10.0,0.0,1011.6,1009.0,78.0,88.0,56.0
2022-11-17,6000A,MELILLA,52,MELILLA,351635N,025723W,52.0,23.8,19.0,21.4,0.0,25.0,2.8,9.2,5.4,1010.6,1008.6,81.0,88.0,67.0
2022-11-18,6000A,MELILLA,52,MELILLA,351635N,025723W,52.0,22.1,14.3,18.2,6.2,27.0,4.7,16.1,4.5,1012.4,1007.4,80.0,91.0,52.0
2022-11-19,6000A,MELILLA,52,MELILLA,351635N,025723W,52.0,17.8,15.7,16.8,0.4,26.0,5.0,17.8,6.3,1016.7,1012.0,60.0,69.0,45.0
2022-11-20,6000A,MELILLA,52,MELILLA,351635N,025723W,52.0,19.6,15.2,17.4,0.0,25.0,3.6,13.6,8.8,1019.5,1015.5,68.0,81.0,59.0
2022-11-21,6000A,MELILLA,52,MELILLA,351635N,025723W,52.0,21.1,13.1,17.1,0.0,26.0,3.3,13.1,9.0,1018.9,1012.2,73.0,83.0,50.0
2022-11-22,6000A,MELILLA,52,MELILLA,351635N,025723W,52.0,20.5,17.5,19.0,0.0,26.0,3.6,14.7,5.1,1016.0,1012.5,73.0,84.0,53.0
2022-11-23,6000A,MELILLA,52,MELILLA,351635N,025723W,52.0,23.3,16.9,20.1,0.0,24.0,4.7,12.8,9.0,1014.8,1012.8,69.0,84.0,49.0
2022-11-24,6000A,MELILLA,52,MELILLA,351635N,025723W,52.0,22.7,16.1,19.4,0.0,25.0,1.9,8.6,8.2,1014.9,1012.8,73.0,85.0,56.0
2022-11-25,6000A,MELILLA,52,MELILLA,351635N,025723W,52.0,22.0,14.7,18.4,0.0,26.0,4.4,10.8,3.8,1020.8,1014.3,68.0,85.0,56.0
2022-11-26,6000A,MELILLA,52,MELILLA,351635N,025723W,52.0,20.6,13.9,17.2,0.0,13.0,1.9,6.1,6.9,1022.5,1020.4,85.0,93.0,72.0
2022-11-27,6000A,MELILLA,52,MELILLA,351635N,025723W,52.0,21.1,12.2,16.6,0.0,99.0,1.7,7.8,9.1,1020.8,1014.9,71.0,90.0,41.0
2022-11-28,6000A,MELILLA,52,MELILLA,351635N,025723W,52.0,19.8,15.3,17.6,0.0,25.0,4.2,17.2,8.6,1016.2,1013.3,64.0,88.0,50.0
2022-11-29,6000A,MELILLA,52,MELILLA,351635N,025723W,52.0,19.0,10.5,14.8,0.0,22.0,2.2,6.4,9.3,1015.5,1011.3,64.0,78.0,50.0
2022-11-30,6000A,MELILLA,52,MELILLA,351635N,025723W,52.0,19.5,9.5,14.5,0.0,8.0,1.9,4.7,9.2,1011.3,1008.0,60.0,81.0,40.0
2022-12-01,6000A,MELILLA,52,MELILLA,351635N,025723W,52.0,18.1,10.4,14.2,17.0,5.0,2.2,7.8,1.1,1008.0,1003.9,73.0,93.0,62.0
2022-12-02,6000A,MELILLA,52,MELILLA,351635N,025723W,52.0,15.7,12.8,14.2,8.0,5.0,1.7,6.7,0.9,1005.6,1002.6,86.0,94.0,69.0
2022-12-03,6000A,MELILLA,52,MELILLA,351635N,025723W,52.0,19.0,10.3,14.6,0.0,99.0,1.9,7.2,9.0,1003.6,1001.2,81.0,94.0,61.0
2022-12-04,6000A,MELILLA,52,MELILLA,351635N,025723W,52.0,22.0,11.9,17.0,0.0,2.0,2.2,5.8,9.0,1006.2,1001.9,67.0,91.0,50.0
2022-12-05,6000A,MELILLA,52,MELILLA,351635N,025723W,52.0,19.5,13.6,16.6,0.8,27.0,3.1,8.6,3.9,1007.0,1002.7,84.0,93.0,69.0
2022-12-06,6000A,MELILLA,52,MELILLA,351635N,025723W,52.0,21.3,14.4,17.8,0.0,21.0,2.8,13.6,5.5,1011.3,1005.5,73.0,91.0,57.0
2022-12-07,6000A,MELILLA,52,MELILLA,351635N,025723W,52.0,21.1,12.6,16.8,0.8,99.0,1.9,5.8,5.3,1010.3,1003.9,74.0,91.0,53.0
2022-12-08,6000A,MELILLA,52,MELILLA,351635N,025723W,52.0,22.2,13.4,17.8,,22.0,2.2,9.7,0.0,1003.9,999.0,72.0,95.0,48.0
2022-12-09,6000A,MELILLA,52,MELILLA,351635N,025723W,52.0,23.4,15.7,19.6,1.4,99.0,3.6,15.8,2.2,1002.3,998.1,71.0,93.0,50.0
2022-12-10,6000A,MELILLA,52,MELILLA,351635N,025723W,52.0,19.7,16.1,17.9,0.4,26.0,3.1,11.7,2.8,1009.7,1002.1,79.0,88.0,72.0
2022-12-11,6000A,MELILLA,52,MELILLA,351635N,025723W,52.0,25.2,15.1,20.2,2.4,26.0,4.7,15.6,0.8,1009.1,1002.7,66.0,89.0,46.0
2022-12-12,6000A,MELILLA,52,MELILLA,351635N,025723W,52.0,23.4,16.9,20.2,0.0,28.0,1.4,6.9,3.2,1010.3,1007.1,74.0,84.0,60.0
2022-12-13,6000A,MELILLA,52,MELILLA,351635N,025723W,52.0,25.2,16.0,20.6,0.0,25.0,1.7,8.6,5.1,1008.3,1004.1,62.0,90.0,46.0
2022-12-14,6000A,MELILLA,52,MELILLA,351635N,025723W,52.0,25.4,15.4,20.4,10.2,32.0,3.9,18.6,0.9,1005.6,998.3,74.0,94.0,48.0
2022-12-15,6000A,MELILLA,52,MELILLA,351635N,025723W,52.0,19.8,13.8,16.8,2.8,22.0,1.7,15.6,3.2,1003.6,998.6,76.0,94.0,49.0
2022-12-16,6000A,MELILLA,52,MELILLA,351635N,025723W,52.0,22.1,12.0,17.0,0.0,20.0,1.7,9.4,4.1,1009.6,1003.1,66.0,86.0,47.0
2022-12-17,6000A,MELILLA,52,MELILLA,351635N,025723W,52.0,19.5,13.2,16.4,0.4,32.0,2.2,7.2,5.4,1017.6,1009.4,78.0,90.0,60.0
2022-12-18,6000A,MELILLA,52,MELILLA,351635N,025723W,52.0,19.4,11.7,15.6,0.0,10.0,2.8,6.1,8.4,1020.4,1017.3,82.0,90.0,65.0
2022-12-19,6000A,MELILLA,52,MELILLA,351635N,025723W,52.0,19.1,12.9,16.0,0.0,99.0,1.7,4.2,6.4,1021.8,1019.3,84.0,93.0,72.0
2022-12-20,6000A,MELILLA,52,MELILLA,351635N,025723W,52.0,19.5,11.0,15.2,0.0,1.0,1.4,4.2,9.0,1020.7,1018.7,82.0,96.0,67.0
2022-12-21,6000A,MELILLA,52,MELILLA,351635N,025723W,52.0,21.5,13.1,17.3,0.0,24.0,3.1,11.1,7.1,1022.0,1019.4,77.0,90.0,53.0
2022-12-22,6000A,MELILLA,52,MELILLA,351635N,025723W,52.0,20.7,16.2,18.4,0.0,27.0,2.8,12.2,9.0,1023.1,1019.9,74.0,85.0,61.0
2022-12-23,6000A,MELILLA,52,MELILLA,351635N,025723W,52.0,22.5,11.5,17.0,0.0,26.0,1.9,5.3,9.1,1021.2,1018.1,69.0,85.0,47.0
2022-12-24,6000A,MELILLA,52,MELILLA,351635N,025723W,52.0,23.3,12.2,17.8,0.0,10.0,1.4,3.9,9.1,1018.3,1015.4,61.0,78.0,40.0
2022-12-25,6000A,MELILLA,52,MELILLA,351635N,025723W,52.0,24.1,11.9,18.0,0.0,26.0,1.7,6.1,9.1,1016.5,1013.5,63.0,86.0,37.0
2022-12-26,6000A,MELILLA,52,MELILLA,351635N,025723W,52.0,20.8,11.8,16.3,0.0,6.0,1.7,3.9,8.9,1021.6,1015.3,76.0,94.0,50.0
2022-12-27,6000A,MELILLA,52,MELILLA,351635N,025723W,52.0,18.9,11.0,15.0,0.0,4.0,1.7,4.7,9.0,1023.4,1020.4,83.0,96.0,65.0
2022-12-28,6000A,MELILLA,52,MELILLA,351635N,025723W,52.0,18.6,13.3,16.0,0.0,26.0,1.9,7.2,7.1,1020.8,1017.7,83.0,95.0,71.0
2022-12-29,6000A,MELILLA,52,MELILLA,351635N,025723W,52.0,20.8,11.2,16.0,0.0,24.0,2.8,9.2,9.0,1021.3,1018.5,61.0,92.0,35.0
2022-12-30,6000A,MELILLA,52,MELILLA,351635N,025723W,52.0,21.2,11.6,16.4,0.0,99.0,1.4,6.1,9.1,1021.7,1019.7,46.0,59.0,32.0
2022-12-31,6000A,MELILLA,52,MELILLA,351635N,025723W,52.0,19.9,9.9,14.9,0.0,32.0,0.6,3.3,5.8,1021.1,1019.2,52.0,76.0,27.0
2023-01-01,6000A,MELILLA,52,MELILLA,351635N,025723W,52.0,19.8,10.3,15.0,0.0,26.0,2.5,6.7,6.2,1020.1,1016.1,67.0,90.0,29.0
2023-01-02,6000A,MELILLA,52,MELILLA,351635N,025723W,52.0,21.8,10.8,16.3,0.0,7.0,1.7,3.6,7.7,1020.0,1017.2,60.0,91.0,37.0
2023-01-03,6000A,MELILLA,52,MELILLA,351635N,025723W,52.0,19.2,11.7,15.4,0.0,6.0,1.9,5.3,6.6,1024.9,1019.6,75.0,92.0,58.0
2023-01-04,6000A,MELILLA,52,MELILLA,351635N,025723W,52.0,18.6,15.0,16.8,0.0,9.0,2.5,6.4,3.0,1026.9,1024.5,81.0,89.0,63.0
2023-01-05,6000A,MELILLA,52,MELILLA,351635N,025723W,52.0,18.7,12.2,15.4,0.0,12.0,2.2,6.9,8.7,1024.7,1020.2,77.0,89.0,58.0
2023-01-06,6000A,MELILLA,52,MELILLA,351635N,025723W,52.0,19.1,10.6,14.8,0.0,7.0,1.9,4.4,9.1,1021.3,1018.9,71.0,90.0,56.0
2023-01-07,6000A,MELILLA,52,MELILLA,351635N,025723W,52.0,19.6,9.6,14.6,0.0,25.0,2.2,8.6,8.7,1021.5,1018.4,75.0,92.0,60.0
2023-01-08,6000A,MELILLA,52,MELILLA,351635N,025723W,52.0,24.4,10.7,17.6,0.0,24.0,2.2,8.1,8.3,1019.9,1017.1,45.0,83.0,21.0
2023-01-09,6000A,MELILLA,52,MELILLA,351635N,025723W,52.0,20.7,16.9,18.8,0.0,28.0,6.4,16.1,6.4,1022.8,1018.4,78.0,88.0,52.0
2023-01-10,6000A,MELILLA,52,MELILLA,351635N,025723W,52.0,22.0,14.3,18.2,0.0,25.0,3.1,11.4,8.9,1024.6,1021.5,68.0,77.0,56.0
2023-01-11,6000A,MELILLA,52,MELILLA,351635N,025723W,52.0,19.7,13.0,16.4,0.0,27.0,3.3,12.5,7.9,1022.3,1018.8,76.0,86.0,64.0
2023-01-12,6000A,MELILLA,52,MELILLA,351635N,025723W,52.0,18.6,12.0,15.3,0.0,26.0,1.9,7.2,5.8,1022.9,1020.5,81.0,92.0,67.0
2023-01-13,6000A,MELILLA,52,MELILLA,351635N,025723W,52.0,18.6,10.4,14.5,0.0,24.0,1.7,4.2,6.9,1021.8,1019.9,82.0,93.0,66.0
2023-01-14,6000A,MELILLA,52,MELILLA,351635N,025723W,52.0,18.6,10.5,14.6,0.0,10.0,1.7,5.6,8.9,1023.2,1018.3,81.0,93.0,64.0
2023-01-15,6000A,MELILLA,52,MELILLA,351635N,025723W,52.0,19.7,10.8,15.2,0.0,27.0,3.3,12.5,8.9,1018.8,1016.4,77.0,91.0,50.0
2023-01-16,6000A,MELILLA,52,MELILLA,351635N,025723W,52.0,17.5,14.9,16.2,0.0,25.0,5.3,20.0,6.8,1018.0,1010.7,68.0,81.0,48.0
2023-01-17,6000A,MELILLA,52,MELILLA,351635N,025723W,52.0,20.3,14.7,17.5,2.6,28.0,4.4,13.1,7.3,1010.7,1004.0,65.0,85.0,47.0
2023-01-18,6000A,MELILLA,52,MELILLA,351635N,025723W,52.0,15.3,12.1,13.7,0.4,30.0,4.4,17.5,5.4,1014.5,1003.9,56.0,88.0,45.0
2023-01-19,6000A,MELILLA,52,MELILLA,351635N,025723W,52.0,15.7,11.8,13.8,0.0,25.0,3.9,17.5,8.7,1018.9,1014.4,50.0,67.0,40.0
2023-01-20,6000A,MELILLA,52,MELILLA,351635N,025723W,52.0,18.4,13.1,15.8,0.0,26.0,5.6,18.6,4.9,1015.1,1012.7,70.0,82.0,58.0
2023-01-21,6000A,MELILLA,52,MELILLA,351635N,025723W,52.0,19.2,15.5,17.4,1.8,99.0,3.1,11.4,4.0,1013.6,1010.8,76.0,83.0,69.0
2023-01-22,6000A,MELILLA,52,MELILLA,351635N,025723W,52.0,15.8,7.2,11.5,,8.0,3.9,11.1,3.7,1017.3,1011.7,54.0,88.0,44.0
2023-01-23,6000A,MELILLA,52,MELILLA,351635N,025723W,52.0,13.5,5.6,9.6,0.4,9.0,1.7,7.8,2.8,1016.4,1012.6,63.0,77.0,47.0
2023-01-24,6000A,MELILLA,52,MELILLA,351635N,025723W,52.0,12.4,7.4,9.9,10.8,2.0,2.2,8.9,3.2,1016.2,1012.2,70.0,92.0,49.0
2023-01-25,6000A,MELILLA,52,MELILLA,351635N,025723W,52.0,12.5,7.6,10.0,8.6,8.0,2.5,14.4,4.2,1018.4,1015.2,84.0,93.0,60.0
2023-01-26,6000A,MELILLA,52,MELILLA,351635N,025723W,52.0,15.0,9.2,12.1,0.0,26.0,4.4,13.9,8.4,1016.9,1009.5,58.0,79.0,43.0
2023-01-27,6000A,MELILLA,52,MELILLA,351635N,025723W,52.0,15.0,9.5,12.2,2.8,25.0,4.2,11.7,7.3,1009.8,1007.7,58.0,69.0,44.0
2023-01-28,6000A,MELILLA,52,MELILLA,351635N,025723W,52.0,14.5,7.2,10.8,0.6,25.0,3.1,12.2,8.6,1014.3,1007.9,62.0,82.0,48.0
2023-01-29,6000A,MELILLA,52,MELILLA,351635N,025723W,52.0,14.4,7.3,10.8,6.6,8.0,2.8,9.7,5.7,1018.0,1013.0,69.0,91.0,55.0
2023-01-30,6000A,MELILLA,52,MELILLA,351635N,025723W,52.0,14.1,9.4,11.8,0.0,8.0,5.8,11.1,8.8,1021.7,1017.3,66.0,89.0,58.0
2023-01-31,6000A,MELILLA,52,MELILLA,351635N,025723W,52.0,16.0,9.5,12.8,0.0,9.0,1.7,5.8,9.4,1023.1,1020.4,69.0,84.0,56.0
2023-02-01,6000A,MELILLA,52,MELILLA,351635N,025723W,52.0,16.1,7.6,11.8,0.0,10.0,1.9,5.3,9.4,1021.8,1019.1,70.0,83.0,58.0
2023-02-02,6000A,MELILLA,52,MELILLA,351635N,025723W,52.0,16.4,8.3,12.4,13.0,4.0,2.2,8.6,3.7,1022.9,1019.6,83.0,96.0,56.0
2023-02-03,6000A,MELILLA,52,MELILLA,351635N,025723W,52.0,16.1,9.7,12.9,0.0,7.0,2.2,5.6,8.3,1025.1,1022.0,72.0,91.0,56.0
2023-02-04,6000A,MELILLA,52,MELILLA,351635N,025723W,52.0,16.2,9.8,13.0,0.0,11.0,1.9,5.8,9.3,1024.7,1022.3,66.0,87.0,46.0
2023-02-05,6000A,MELILLA,52,MELILLA,351635N,025723W,52.0,17.2,7.6,12.4,0.0,10.0,2.5,6.9,9.2,1024.0,1020.3,73.0,85.0,49.0
2023-02-06,6000A,MELILLA,52,MELILLA,351635N,025723W,52.0,15.9,11.9,13.9,0.0,6.0,2.5,6.7,8.9,1020.3,1013.4,74.0,89.0,55.0
2023-02-07,6000A,MELILLA,52,MELILLA,351635N,025723W,52.0,16.0,10.8,13.4,6.6,8.0,4.2,11.1,6.9,1014.0,1009.8,75.0,88.0,61.0
2023-02-08,6000A,MELILLA,52,MELILLA,351635N,025723W,52.0,15.7,9.9,12.8,0.0,8.0,2.8,7.8,6.9,1017.7,1012.3,78.0,90.0,70.0
2023-02-09,6000A,MELILLA,52,MELILLA,351635N,025723W,52.0,15.5,12.9,14.2,0.0,8.0,6.4,14.4,0.3,1025.7,1017.4,74.0,81.0,64.0
2023-02-10,6000A,MELILLA,52,MELILLA,351635N,025723W,52.0,14.0,11.9,13.0,0.0,9.0,8.9,16.4,3.9,1026.6,1022.8,59.0,72.0,50.0
2023-02-11,6000A,MELILLA,52,MELILLA,351635N,025723W,52.0,14.7,12.3,13.5,0.0,99.0,5.6,13.6,1.9,1023.3,1018.8,60.0,76.0,55.0
2023-02-12,6000A,MELILLA,52,MELILLA,351635N,025723W,52.0,17.7,10.9,14.3,0.0,8.0,3.3,10.6,8.4,1023.6,1018.3,65.0,86.0,42.0
2023-02-13,6000A,MELILLA,52,MELILLA,351635N,025723W,52.0,17.1,13.9,15.5,0.0,7.0,6.1,12.5,7.6,1024.2,1021.4,76.0,86.0,59.0
2023-02-14,6000A,MELILLA,52,MELILLA,351635N,025723W,52.0,16.8,14.4,15.6,0.0,7.0,3.9,15.3,0.6,1021.8,1017.5,82.0,89.0,77.0
2023-02-15,6000A,MELILLA,52,MELILLA,351635N,025723W,52.0,18.0,12.3,15.2,0.0,5.0,2.5,10.6,7.6,1018.1,1015.5,70.0,92.0,50.0
2023-02-16,6000A,MELILLA,52,MELILLA,351635N,025723W,52.0,17.4,14.5,16.0,0.4,5.0,6.1,12.2,6.3,1020.0,1017.0,85.0,89.0,80.0
2023-02-17,6000A,MELILLA,52,MELILLA,351635N,025723W,52.0,15.7,14.3,15.0,7.8,10.0,5.6,15.0,0.0,1022.2,1018.8,93.0,97.0,83.0
2023-02-18,6000A,MELILLA,52,MELILLA,351635N,025723W,52.0,21.9,14.6,18.2,0.0,8.0,5.0,9.7,1.7,1020.8,1018.1,88.0,95.0,83.0
2023-02-19,6000A,MELILLA,52,MELILLA,351635N,025723W,52.0,17.2,14.6,15.9,0.0,7.0,3.6,8.1,5.1,1018.5,1014.9,91.0,96.0,85.0
2023-02-20,6000A,MELILLA,52,MELILLA,351635N,025723W,52.0,18.5,12.9,15.7,0.0,8.0,3.1,11.1,2.7,1016.6,1013.5,90.0,95.0,82.0
2023-02-21,6000A,MELILLA,52,MELILLA,351635N,025723W,52.0,18.3,13.3,15.8,0.0,23.0,2.8,6.7,8.3,1015.4,1011.3,87.0,95.0,75.0
2023-02-22,6000A,MELILLA,52,MELILLA,351635N,025723W,52.0,19.7,12.1,15.9,0.0,28.0,1.4,5.0,9.4,1013.1,1009.5,82.0,93.0,52.0
2023-02-23,6000A,MELILLA,52,MELILLA,351635N,025723W,52.0,18.4,13.1,15.8,0.0,26.0,3.6,9.7,8.5,1009.5,1003.6,64.0,86.0,55.0
2023-02-24,6000A,MELILLA,52,MELILLA,351635N,025723W,52.0,14.4,11.2,12.8,2.0,28.0,3.1,11.4,0.5,1005.1,1001.5,70.0,85.0,41.0
2023-02-25,6000A,MELILLA,52,MELILLA,351635N,025723W,52.0,12.9,8.5,10.7,19.0,33.0,2.8,13.1,1.1,1005.0,1002.7,77.0,92.0,43.0
2023-02-26,6000A,MELILLA,52,MELILLA,351635N,025723W,52.0,17.0,10.9,14.0,0.4,25.0,3.3,12.2,7.6,1004.1,1001.6,69.0,81.0,58.0
2023-02-27,6000A,MELILLA,52,MELILLA,351635N,025723W,52.0,16.6,13.4,15.0,0.0,27.0,4.4,16.1,8.0,1010.4,1003.0,64.0,75.0,55.0
2023-02-28,6000A,MELILLA,52,MELILLA,351635N,025723W,52.0,14.5,12.1,13.3,0.0,31.0,3.6,10.8,3.2,1013.9,1009.5,47.0,75.0,43.0
2023-03-01,6000A,MELILLA,52,MELILLA,351635N,025723W,52.0,17.2,10.8,14.0,0.0,27.0,2.8,10.8,9.6,1012.2,1008.7,53.0,70.0,40.0
2023-03-02,6000A,MELILLA,52,MELILLA,351635N,025723W,52.0,14.2,7.6,10.9,2.0,30.0,2.8,9.7,2.8,1015.0,1010.4,58.0,87.0,48.0
2023-03-03,6000A,MELILLA,52,MELILLA,351635N,025723W,52.0,15.9,5.9,10.9,0.0,6.0,2.2,6.1,10.7,1014.3,1011.5,44.0,73.0,23.0
2023-03-04,6000A,MELILLA,52,MELILLA,351635N,025723W,52.0,15.7,9.9,12.8,0.0,4.0,2.5,6.4,5.5,1015.1,1012.7,62.0,74.0,53.0
2023-03-05,6000A,MELILLA,52,MELILLA,351635N,025723W,52.0,17.1,9.7,13.4,0.0,26.0,2.2,7.5,9.0,1013.4,1008.6,75.0,86.0,55.0
2023-03-06,6000A,MELILLA,52,MELILLA,351635N,025723W,52.0,20.4,12.5,16.4,0.0,26.0,2.8,7.2,3.4,1010.9,1007.6,65.0,83.0,55.0
2023-03-07,6000A,MELILLA,52,MELILLA,351635N,025723W,52.0,20.5,13.2,16.8,0.0,26.0,3.6,10.3,9.4,1011.0,1007.0,73.0,87.0,65.0
2023-03-08,6000A,MELILLA,52,MELILLA,351635N,025723W,52.0,22.8,16.4,19.6,0.0,27.0,4.2,11.4,10.8,1012.1,1009.9,70.0,87.0,53.0
2023-03-09,6000A,MELILLA,52,MELILLA,351635N,025723W,52.0,21.9,15.4,18.6,0.0,25.0,3.9,11.7,5.1,1016.1,1010.7,74.0,90.0,58.0
2023-03-10,6000A,MELILLA,52,MELILLA,351635N,025723W,52.0,22.3,16.6,19.4,0.0,28.0,5.0,14.2,10.4,1017.6,1014.7,63.0,87.0,39.0
2023-03-11,6000A,MELILLA,52,MELILLA,351635N,025723W,52.0,24.2,16.5,20.4,0.0,27.0,5.3,14.7,11.1,1017.0,1012.7,50.0,65.0,36.0
2023-03-12,6000A,MELILLA,52,MELILLA,351635N,025723W,52.0,24.9,14.9,19.9,0.0,25.0,2.8,12.8,11.1,1015.3,1012.4,66.0,83.0,42.0
2023-03-13,6000A,MELILLA,52,MELILLA,351635N,025723W,52.0,23.4,13.9,18.6,0.0,27.0,3.9,13.3,9.3,1013.2,1010.7,62.0,85.0,40.0
2023-03-14,6000A,MELILLA,52,MELILLA,351635N,025723W,52.0,20.9,13.0,17.0,0.0,99.0,4.4,14.2,11.1,1015.1,1011.5,55.0,71.0,35.0
2023-03-15,6000A,MELILLA,52,MELILLA,351635N,025723W,52.0,19.6,10.1,14.8,0.0,9.0,2.2,6.7,11.0,1012.9,1008.9,64.0,74.0,40.0
2023-03-16,6000A,MELILLA,52,MELILLA,351635N,025723W,52.0,18.4,11.3,14.8,0.0,28.0,2.2,6.9,9.3,1008.9,1005.7,85.0,94.0,74.0
2023-03-17,6000A,MELILLA,52,MELILLA,351635N,025723W,52.0,21.2,14.5,17.8,0.0,27.0,3.9,10.6,9.1,1011.1,1007.4,66.0,92.0,45.0
2023-03-18,6000A,MELILLA,52,MELILLA,351635N,025723W,52.0,20.3,14.9,17.6,0.0,28.0,3.3,11.7,8.3,1011.9,1009.2,65.0,80.0,50.0
2023-03-19,6000A,MELILLA,52,MELILLA,351635N,025723W,52.0,20.7,14.6,17.6,0.0,26.0,4.2,10.0,11.2,1016.0,1010.4,63.0,87.0,41.0
2023-03-20,6000A,MELILLA,52,MELILLA,351635N,025723W,52.0,18.5,12.5,15.5,0.0,7.0,2.5,7.2,8.7,1016.3,1013.5,78.0,90.0,67.0
2023-03-21,6000A,MELILLA,52,MELILLA,351635N,025723W,52.0,19.8,11.9,15.8,0.0,9.0,2.8,6.1,11.2,1014.0,1010.3,72.0,88.0,46.0
2023-03-22,6000A,MELILLA,52,MELILLA,351635N,025723W,52.0,19.7,10.1,14.9,0.0,6.0,2.2,5.6,11.3,1011.7,1009.5,70.0,83.0,53.0
2023-03-23,6000A,MELILLA,52,MELILLA,351635N,025723W,52.0,21.1,11.1,16.1,0.0,32.0,1.7,5.8,11.5,1011.7,1009.0,65.0,90.0,37.0
2023-03-24,6000A,MELILLA,52,MELILLA,351635N,025723W,52.0,23.5,14.2,18.8,0.0,26.0,5.0,13.6,10.6,1014.9,1010.8,47.0,65.0,30.0
2023-03-25,6000A,MELILLA,52,MELILLA,351635N,025723W,52.0,23.1,14.9,19.0,0.0,24.0,2.2,7.2,11.6,1016.6,1013.6,59.0,75.0,39.0
2023-03-26,6000A,MELILLA,52,MELILLA,351635N,025723W,52.0,27.4,14.7,21.0,0.0,25.0,3.9,11.9,11.9,1014.9,1011.5,38.0,57.0,27.0
2023-03-27,6000A,MELILLA,52,MELILLA,351635N,025723W,52.0,22.5,15.9,19.2,0.0,26.0,3.1,9.7,10.8,1015.3,1011.4,65.0,77.0,36.0
2023-03-28,6000A,MELILLA,52,MELILLA,351635N,025723W,52.0,20.1,14.5,17.3,0.0,8.0,4.2,8.3,10.0,1018.0,1014.6,78.0,89.0,69.0
2023-03-29,6000A,MELILLA,52,MELILLA,351635N,025723W,52.0,19.4,13.6,16.5,0.0,8.0,3.1,6.9,7.7,1018.4,1015.9,75.0,88.0,67.0
2023-03-30,6000A,MELILLA,52,MELILLA,351635N,025723W,52.0,26.1,13.5,19.8,0.0,25.0,3.6,13.1,11.2,1019.7,1016.6,61.0,93.0,21.0
2023-03-31,6000A,MELILLA,52,MELILLA,351635N,025723W,52.0,27.5,20.8,24.2,0.0,27.0,5.3,13.3,10.9,1017.9,1014.3,28.0,46.0,11.0
2023-04-01,6000A,MELILLA,52,MELILLA,351635N,025723W,52.0,24.2,19.3,21.8,0.0,26.0,5.0,17.2,11.3,1016.0,1012.3,52.0,64.0,38.0
2023-04-02,6000A,MELILLA,52,MELILLA,351635N,025723W,52.0,22.8,14.9,18.8,0.0,26.0,4.2,18.3,11.4,1015.7,1012.5,54.0,71.0,39.0
2023-04-03,6000A,MELILLA,52,MELILLA,351635N,025723W,52.0,20.4,12.7,16.6,0.0,6.0,2.2,7.2,11.7,1013.5,1006.1,62.0,81.0,43.0
2023-04-04,6000A,MELILLA,52,MELILLA,351635N,025723W,52.0,18.6,13.1,15.8,0.0,8.0,4.2,8.3,6.7,1008.6,1004.4,74.0,87.0,65.0
2023-04-05,6000A,MELILLA,52,MELILLA,351635N,025723W,52.0,19.3,15.7,17.5,0.0,4.0,7.5,16.1,9.7,1009.6,1006.8,66.0,77.0,59.0
2023-04-06,6000A,MELILLA,52,MELILLA,351635N,025723W,52.0,19.3,15.2,17.2,0.0,5.0,5.8,10.6,10.0,1011.3,1007.8,68.0,79.0,56.0
2023-04-07,6000A,MELILLA,52,MELILLA,351635N,025723W,52.0,19.0,13.8,16.4,0.0,6.0,4.2,8.3,9.6,1012.2,1009.9,64.0,84.0,53.0
2023-04-08,6000A,MELILLA,52,MELILLA,351635N,025723W,52.0,20.8,11.5,16.2,0.0,4.0,2.2,5.8,11.7,1012.2,1008.9,73.0,92.0,48.0
2023-04-09,6000A,MELILLA,52,MELILLA,351635N,025723W,52.0,22.5,12.0,17.2,0.0,6.0,2.2,5.3,11.8,1016.0,1011.9,59.0,91.0,28.0
2023-04-10,6000A,MELILLA,52,MELILLA,351635N,025723W,52.0,29.2,14.6,21.9,0.0,25.0,2.2,6.1,11.6,1016.2,1013.8,38.0,60.0,22.0
2023-04-11,6000A,MELILLA,52,MELILLA,351635N,025723W,52.0,28.6,20.3,24.4,0.0,25.0,3.6,9.7,11.4,1015.9,1012.4,28.0,38.0,16.0
2023-04-12,6000A,MELILLA,52,MELILLA,351635N,025723W,52.0,25.7,17.7,21.7,0.0,26.0,5.3,15.8,11.7,1012.4,1007.4,47.0,55.0,17.0
2023-04-13,6000A,MELILLA,52,MELILLA,351635N,025723W,52.0,21.8,18.0,19.9,0.0,26.0,4.2,17.8,11.7,1012.4,1007.2,56.0,73.0,34.0
2023-04-14,6000A,MELILLA,52,MELILLA,351635N,025723W,52.0,23.6,16.1,19.8,0.0,27.0,3.3,12.2,11.7,1013.5,1009.8,34.0,46.0,24.0
2023-04-15,6000A,MELILLA,52,MELILLA,351635N,025723W,52.0,26.0,16.5,21.2,0.0,26.0,2.8,11.4,11.9,1012.4,1008.8,41.0,73.0,33.0
2023-04-16,6000A,MELILLA,52,MELILLA,351635N,025723W,52.0,21.9,14.8,18.4,0.0,8.0,4.2,10.0,11.3,1011.7,1009.0,64.0,79.0,51.0
2023-04-17,6000A,MELILLA,52,MELILLA,351635N,025723W,52.0,20.3,15.4,17.8,0.0,99.0,4.7,8.6,10.6,1009.1,1005.1,69.0,81.0,62.0
2023-04-18,6000A,MELILLA,52,MELILLA,351635N,025723W,52.0,20.4,15.4,17.9,0.0,8.0,5.3,9.4,8.4,1006.0,1003.4,72.0,85.0,66.0
2023-04-19,6000A,MELILLA,52,MELILLA,351635N,025723W,52.0,19.3,16.3,17.8,0.0,6.0,5.3,10.8,0.4,1008.2,1003.4,77.0,84.0,70.0
2023-04-20,6000A,MELILLA,52,MELILLA,351635N,025723W,52.0,20.4,14.4,17.4,0.0,6.0,2.5,7.2,10.3,1007.2,1003.0,73.0,86.0,62.0
2023-04-21,6000A,MELILLA,52,MELILLA,351635N,025723W,52.0,23.6,12.9,18.2,0.0,26.0,3.1,10.8,11.9,1005.4,1001.4,61.0,90.0,33.0
2023-04-22,6000A,MELILLA,52,MELILLA,351635N,025723W,52.0,24.1,16.2,20.2,0.0,32.0,2.8,8.6,10.9,1008.4,1005.0,59.0,90.0,41.0
2023-04-23,6000A,MELILLA,52,MELILLA,351635N,025723W,52.0,23.7,16.8,20.2,0.0,27.0,1.7,6.9,12.1,1009.6,1007.4,61.0,75.0,47.0
2023-04-24,6000A,MELILLA,52,MELILLA,351635N,025723W,52.0,24.6,15.5,20.0,0.0,6.0,2.2,5.3,12.1,1011.0,1008.1,58.0,76.0,47.0
2023-04-25,6000A,MELILLA,52,MELILLA,351635N,025723W,52.0,27.4,15.0,21.2,0.0,4.0,1.7,6.1,12.2,1011.0,1007.5,48.0,75.0,32.0
2023-04-26,6000A,MELILLA,52,MELILLA,351635N,025723W,52.0,29.9,17.0,23.4,0.0,8.0,1.9,5.8,12.4,1009.1,1006.7,35.0,56.0,25.0
2023-04-27,6000A,MELILLA,52,MELILLA,351635N,025723W,52.0,22.1,16.9,19.5,0.0,6.0,2.8,6.7,9.8,1009.7,1006.3,82.0,93.0,48.0
2023-04-28,6000A,MELILLA,52,MELILLA,351635N,025723W,52.0,24.7,18.5,21.6,0.0,25.0,1.9,10.0,8.7,1010.3,1007.4,80.0,93.0,66.0
2023-04-29,6000A,MELILLA,52,MELILLA,351635N,025723W,52.0,29.2,19.7,24.4,0.0,26.0,4.7,14.4,6.1,1011.0,1007.1,47.0,88.0,25.0
2023-04-30,6000A,MELILLA,52,MELILLA,351635N,025723W,52.0,29.6,19.3,24.4,0.0,26.0,2.2,11.4,8.0,1010.4,1006.7,42.0,77.0,33.0
2023-05-01,6000A,MELILLA,52,MELILLA,351635N,025723W,52.0,25.1,17.0,21.0,0.0,2.0,2.5,9.2,12.5,1011.1,1008.3,62.0,94.0,40.0
2023-05-02,6000A,MELILLA,52,MELILLA,351635N,025723W,52.0,24.4,17.4,20.9,0.0,6.0,2.8,7.2,12.0,1010.5,1006.1,71.0,94.0,53.0
2023-05-03,6000A,MELILLA,52,MELILLA,351635N,025723W,52.0,22.2,17.8,20.0,0.0,4.0,3.6,7.8,9.8,1013.6,1007.7,74.0,85.0,59.0
2023-05-04,6000A,MELILLA,52,MELILLA,351635N,025723W,52.0,22.9,16.8,19.8,0.0,3.0,2.2,6.1,8.5,1014.8,1011.8,78.0,85.0,69.0
2023-05-05,6000A,MELILLA,52,MELILLA,351635N,025723W,52.0,24.6,17.1,20.8,0.0,5.0,2.5,5.8,10.8,1012.0,1008.5,53.0,86.0,44.0
2023-05-06,6000A,MELILLA,52,MELILLA,351635N,025723W,52.0,25.6,17.3,21.4,0.0,99.0,2.5,9.2,11.8,1009.5,1007.5,59.0,87.0,43.0
2023-05-07,6000A,MELILLA,52,MELILLA,351635N,025723W,52.0,26.9,18.9,22.9,0.0,24.0,5.0,11.7,12.3,1014.8,1008.4,54.0,85.0,43.0
2023-05-08,6000A,MELILLA,52,MELILLA,351635N,025723W,52.0,24.8,17.6,21.2,0.0,4.0,1.9,5.3,11.1,1015.9,1013.6,77.0,92.0,64.0
2023-05-09,6000A,MELILLA,52,MELILLA,351635N,025723W,52.0,32.4,17.6,25.0,0.0,26.0,2.2,11.9,12.5,1014.3,1008.9,41.0,87.0,24.0
2023-05-10,6000A,MELILLA,52,MELILLA,351635N,025723W,52.0,27.0,18.5,22.8,0.0,27.0,3.6,11.4,10.5,1012.1,1008.4,75.0,88.0,33.0
2023-05-11,6000A,MELILLA,52,MELILLA,351635N,025723W,52.0,23.3,18.0,20.6,0.0,99.0,3.3,8.6,9.4,1009.8,1006.7,75.0,89.0,64.0
2023-05-12,6000A,MELILLA,52,MELILLA,351635N,025723W,52.0,23.1,18.6,20.8,0.4,4.0,3.6,7.2,10.8,1007.8,1004.7,71.0,86.0,64.0
2023-05-13,6000A,MELILLA,52,MELILLA,351635N,025723W,52.0,20.4,16.8,18.6,3.8,6.0,4.4,14.4,5.3,1012.9,1005.7,71.0,86.0,64.0
2023-05-14,6000A,MELILLA,52,MELILLA,351635N,025723W,52.0,25.1,14.3,19.7,0.0,26.0,1.7,9.4,11.1,1013.2,1010.9,64.0,86.0,28.0
2023-05-15,6000A,MELILLA,52,MELILLA,351635N,025723W,52.0,27.2,19.5,23.4,0.0,24.0,3.6,11.4,12.6,1012.0,1007.4,35.0,52.0,25.0
2023-05-16,6000A,MELILLA,52,MELILLA,351635N,025723W,52.0,26.6,19.7,23.2,0.0,24.0,3.3,8.9,12.3,1007.9,1004.4,54.0,79.0,24.0
2023-05-17,6000A,MELILLA,52,MELILLA,351635N,025723W,52.0,21.4,17.6,19.5,0.0,3.0,3.3,8.1,1.0,1009.3,1003.2,68.0,78.0,47.0
2023-05-18,6000A,MELILLA,52,MELILLA,351635N,025723W,52.0,21.0,15.8,18.4,2.6,3.0,4.4,11.4,3.7,1010.4,1007.2,71.0,96.0,60.0
2023-05-19,6000A,MELILLA,52,MELILLA,351635N,025723W,52.0,22.9,16.3,19.6,1.0,10.0,3.3,11.7,9.9,1011.3,1009.0,59.0,83.0,47.0
2023-05-20,6000A,MELILLA,52,MELILLA,351635N,025723W,52.0,23.2,14.8,19.0,0.4,7.0,3.1,7.2,12.1,1009.6,1004.7,55.0,74.0,42.0
2023-05-21,6000A,MELILLA,52,MELILLA,351635N,025723W,52.0,20.8,15.5,18.2,6.4,1.0,3.1,12.2,0.4,1005.7,1001.3,79.0,90.0,63.0
2023-05-22,6000A,MELILLA,52,MELILLA,351635N,025723W,52.0,19.1,14.5,16.8,2.4,36.0,2.5,10.0,4.6,1006.4,1003.7,77.0,90.0,68.0
2023-05-23,6000A,MELILLA,52,MELILLA,351635N,025723W,52.0,21.4,13.1,17.2,6.8,31.0,2.2,7.8,6.9,1007.8,1004.1,71.0,87.0,50.0
2023-05-24,6000A,MELILLA,52,MELILLA,351635N,025723W,52.0,23.8,15.1,19.4,0.0,6.0,2.5,7.5,9.5,1010.0,1006.3,71.0,94.0,55.0
2023-05-25,6000A,MELILLA,52,MELILLA,351635N,025723W,52.0,23.1,14.9,19.0,0.0,4.0,2.8,6.4,12.8,1010.4,1007.6,62.0,82.0,50.0
2023-05-26,6000A,MELILLA,52,MELILLA,351635N,025723W,52.0,22.8,17.9,20.4,1.0,5.0,4.7,9.2,5.1,1009.4,1007.2,73.0,83.0,69.0
2023-05-27,6000A,MELILLA,52,MELILLA,351635N,025723W,52.0,23.4,17.2,20.3,27.0,5.0,4.2,14.2,6.1,1010.5,1006.4,71.0,92.0,57.0
2023-05-28,6000A,MELILLA,52,MELILLA,351635N,025723W,52.0,25.3,18.8,22.0,0.0,28.0,3.3,9.7,7.8,1009.7,1008.0,62.0,79.0,45.0
2023-05-29,6000A,MELILLA,52,MELILLA,351635N,025723W,52.0,24.8,17.9,21.4,0.2,25.0,3.9,10.0,12.8,1009.3,1006.4,57.0,78.0,41.0
2023-05-30,6000A,MELILLA,52,MELILLA,351635N,025723W,52.0,25.1,17.8,21.4,0.0,26.0,3.9,11.9,12.2,1010.8,1007.9,55.0,72.0,44.0
2023-05-31,6000A,MELILLA,52,MELILLA,351635N,025723W,52.0,26.8,18.9,22.8,0.0,33.0,3.3,8.3,12.9,1010.6,1006.8,47.0,81.0,36.0
2023-06-01,6000A,MELILLA,52,MELILLA,351635N,025723W,52.0,22.6,16.9,19.8,0.0,8.0,3.1,6.4,7.1,1007.2,1003.3,75.0,85.0,65.0
2023-06-02,6000A,MELILLA,52,MELILLA,351635N,025723W,52.0,25.7,19.0,22.4,0.0,13.0,3.1,9.4,5.5,1006.4,1003.9,65.0,86.0,46.0
2023-06-03,6000A,MELILLA,52,MELILLA,351635N,025723W,52.0,24.0,17.2,20.6,0.0,6.0,2.8,8.6,12.3,1007.6,1005.1,69.0,82.0,60.0
2023-06-04,6000A,MELILLA,52,MELILLA,351635N,025723W,52.0,24.0,17.8,20.9,0.0,6.0,2.8,7.2,10.6,1009.2,1006.6,72.0,86.0,61.0
2023-06-05,6000A,MELILLA,52,MELILLA,351635N,025723W,52.0,24.0,19.2,21.6,0.0,5.0,3.6,8.1,10.0,1009.1,1006.7,72.0,85.0,62.0
2023-06-06,6000A,MELILLA,52,MELILLA,351635N,025723W,52.0,23.7,19.7,21.7,0.0,99.0,4.2,7.5,4.2,1007.9,1004.6,78.0,86.0,69.0
2023-06-07,6000A,MELILLA,52,MELILLA,351635N,025723W,52.0,23.2,20.2,21.7,5.1,8.0,3.9,7.2,0.0,1009.0,1004.4,81.0,89.0,75.0
2023-06-08,6000A,MELILLA,52,MELILLA,351635N,025723W,52.0,24.2,19.0,21.6,0.5,6.0,3.3,12.2,2.5,1008.2,1003.9,85.0,95.0,78.0
2023-06-09,6000A,MELILLA,52,MELILLA,351635N,025723W,52.0,27.3,19.1,23.2,,4.0,3.1,7.5,12.2,1008.8,1006.7,70.0,93.0,44.0
2023-06-10,6000A,MELILLA,52,MELILLA,351635N,025723W,52.0,26.4,21.0,23.7,0.0,27.0,3.3,9.7,11.5,1009.0,1007.3,57.0,75.0,43.0
2023-06-11,6000A,MELILLA,52,MELILLA,351635N,025723W,52.0,27.7,20.7,24.2,0.0,30.0,2.8,7.8,11.3,1009.4,1007.2,54.0,82.0,42.0
2023-06-12,6000A,MELILLA,52,MELILLA,351635N,025723W,52.0,27.2,21.5,24.4,0.0,25.0,3.1,10.8,10.9,1007.8,1004.5,48.0,67.0,38.0
2023-06-13,6000A,MELILLA,52,MELILLA,351635N,025723W,52.0,25.7,21.0,23.4,0.0,26.0,5.3,16.4,12.7,1007.0,1003.8,63.0,78.0,53.0
2023-06-14,6000A,MELILLA,52,MELILLA,351635N,025723W,52.0,28.2,20.0,24.1,0.0,24.0,2.2,11.1,13.3,1010.3,1006.4,45.0,79.0,39.0
2023-06-15,6000A,MELILLA,52,MELILLA,351635N,025723W,52.0,27.3,19.1,23.2,0.0,13.0,2.8,6.7,13.3,1011.2,1009.0,54.0,77.0,44.0
2023-06-16,6000A,MELILLA,52,MELILLA,351635N,025723W,52.0,26.3,20.3,23.3,0.0,11.0,2.8,6.1,13.3,1010.7,1008.3,70.0,84.0,56.0
2023-06-17,6000A,MELILLA,52,MELILLA,351635N,025723W,52.0,26.6,21.1,23.8,0.0,28.0,2.8,6.7,11.2,1008.5,1004.3,75.0,91.0,63.0
2023-06-18,6000A,MELILLA,52,MELILLA,351635N,025723W,52.0,26.6,21.5,24.0,0.0,7.0,3.6,8.1,9.5,1006.2,1003.4,75.0,87.0,68.0
2023-06-19,6000A,MELILLA,52,MELILLA,351635N,025723W,52.0,28.0,21.1,24.6,0.0,4.0,3.3,9.2,12.4,1005.9,1003.5,63.0,84.0,51.0
2023-06-20,6000A,MELILLA,52,MELILLA,351635N,025723W,52.0,27.6,22.2,24.9,0.0,30.0,3.6,9.4,12.9,1006.9,1004.4,62.0,78.0,54.0
2023-06-21,6000A,MELILLA,52,MELILLA,351635N,025723W,52.0,28.9,22.7,25.8,0.0,99.0,3.6,11.1,12.8,1010.5,1004.9,48.0,76.0,41.0
2023-06-22,6000A,MELILLA,52,MELILLA,351635N,025723W,52.0,28.2,22.4,25.3,0.0,24.0,3.3,9.7,13.0,1013.4,1010.3,60.0,82.0,41.0
2023-06-23,6000A,MELILLA,52,MELILLA,351635N,025723W,52.0,27.1,21.1,24.1,0.0,9.0,4.2,8.6,7.5,1014.5,1012.6,83.0,93.0,73.0
2023-06-24,6000A,MELILLA,52,MELILLA,351635N,025723W,52.0,27.1,22.1,24.6,0.0,9.0,3.6,8.3,11.0,1012.9,1010.1,78.0,92.0,70.0
2023-06-25,6000A,MELILLA,52,MELILLA,351635N,025723W,52.0,27.7,21.4,24.6,0.0,9.0,2.8,6.1,12.8,1011.9,1010.4,73.0,91.0,65.0
2023-06-26,6000A,MELILLA,52,MELILLA,351635N,025723W,52.0,30.2,21.8,26.0,0.0,5.0,3.3,6.9,13.1,1012.6,1010.0,65.0,94.0,39.0
2023-06-27,6000A,MELILLA,52,MELILLA,351635N,025723W,52.0,30.2,22.5,26.4,0.0,9.0,2.8,6.4,13.1,1011.4,1006.1,71.0,82.0,46.0
2023-06-28,6000A,MELILLA,52,MELILLA,351635N,025723W,52.0,28.9,22.1,25.5,0.0,2.0,2.5,7.5,11.0,1009.0,1006.0,76.0,91.0,68.0
2023-06-29,6000A,MELILLA,52,MELILLA,351635N,025723W,52.0,28.6,21.7,25.2,0.0,99.0,1.9,4.7,12.1,1009.6,1006.7,76.0,90.0,69.0
2023-06-30,6000A,MELILLA,52,MELILLA,351635N,025723W,52.0,33.3,24.0,28.6,0.0,24.0,2.2,8.9,12.5,1009.8,1006.6,47.0,89.0,27.0
2023-07-01,6000A,MELILLA,52,MELILLA,351635N,025723W,52.0,27.8,23.7,25.8,0.0,8.0,3.3,6.9,8.5,1010.1,1007.7,79.0,91.0,67.0
2023-07-02,6000A,MELILLA,52,MELILLA,351635N,025723W,52.0,28.2,23.5,25.8,0.0,7.0,3.9,6.9,11.1,1010.0,1008.6,75.0,88.0,63.0
2023-07-03,6000A,MELILLA,52,MELILLA,351635N,025723W,52.0,28.8,22.5,25.6,0.0,3.0,2.8,5.8,12.9,1010.9,1008.8,71.0,91.0,56.0
2023-07-04,6000A,MELILLA,52,MELILLA,351635N,025723W,52.0,34.0,23.1,28.6,0.0,31.0,2.2,7.2,12.2,1010.9,1008.3,58.0,92.0,30.0
2023-07-05,6000A,MELILLA,52,MELILLA,351635N,025723W,52.0,34.4,24.3,29.4,0.0,2.0,3.1,8.3,12.5,1009.7,1007.0,40.0,83.0,20.0
2023-07-06,6000A,MELILLA,52,MELILLA,351635N,025723W,52.0,29.0,24.2,26.6,0.0,5.0,2.8,6.9,10.2,1007.9,1005.0,73.0,89.0,44.0
2023-07-07,6000A,MELILLA,52,MELILLA,351635N,025723W,52.0,29.4,24.2,26.8,0.0,7.0,3.1,7.2,10.4,1010.4,1005.1,74.0,91.0,63.0
2023-07-08,6000A,MELILLA,52,MELILLA,351635N,025723W,52.0,31.2,23.3,27.2,0.0,31.0,2.8,6.1,12.2,1012.1,1009.3,64.0,86.0,43.0
2023-07-09,6000A,MELILLA,52,MELILLA,351635N,025723W,52.0,30.4,24.0,27.2,0.0,11.0,2.2,6.4,12.2,1012.3,1009.8,68.0,87.0,43.0
2023-07-10,6000A,MELILLA,52,MELILLA,351635N,025723W,52.0,30.2,25.0,27.6,0.0,8.0,3.3,7.8,11.9,1012.5,1009.4,79.0,89.0,72.0
2023-07-11,6000A,MELILLA,52,MELILLA,351635N,025723W,52.0,33.1,25.9,29.5,0.0,11.0,2.8,9.7,10.0,1010.4,1007.1,74.0,87.0,3.0
2023-07-12,6000A,MELILLA,52,MELILLA,351635N,025723W,52.0,38.9,26.0,32.4,0.0,26.0,3.9,12.2,11.8,1008.9,1006.5,31.0,84.0,16.0
2023-07-13,6000A,MELILLA,52,MELILLA,351635N,025723W,52.0,37.0,25.9,31.4,0.0,26.0,3.3,9.7,12.2,1010.8,1007.4,39.0,90.0,18.0
2023-07-14,6000A,MELILLA,52,MELILLA,351635N,025723W,52.0,30.6,25.4,28.0,0.0,99.0,2.2,6.7,9.7,1010.7,1007.2,70.0,88.0,62.0
2023-07-15,6000A,MELILLA,52,MELILLA,351635N,025723W,52.0,34.1,24.5,29.3,0.0,26.0,3.9,11.1,11.1,1008.4,1005.9,44.0,90.0,24.0
2023-07-16,6000A,MELILLA,52,MELILLA,351635N,025723W,52.0,33.5,25.5,29.5,0.0,24.0,3.1,8.3,11.0,1007.8,1005.6,51.0,82.0,32.0
2023-07-17,6000A,MELILLA,52,MELILLA,351635N,025723W,52.0,30.0,25.6,27.8,0.0,9.0,3.3,7.5,9.9,1009.7,1006.9,74.0,88.0,67.0
2023-07-18,6000A,MELILLA,52,MELILLA,351635N,025723W,52.0,32.6,25.6,29.1,0.0,31.0,2.2,8.3,11.5,1011.8,1008.8,72.0,89.0,55.0
2023-07-19,6000A,MELILLA,52,MELILLA,351635N,025723W,52.0,39.9,25.5,32.7,0.0,29.0,2.2,6.7,11.3,1010.9,1007.1,45.0,88.0,24.0
2023-07-20,6000A,MELILLA,52,MELILLA,351635N,025723W,52.0,35.6,29.5,32.6,0.0,26.0,5.0,12.2,11.8,1008.4,1005.4,37.0,46.0,21.0
2023-07-21,6000A,MELILLA,52,MELILLA,351635N,025723W,52.0,33.4,27.8,30.6,0.0,23.0,4.7,12.8,11.4,1008.1,1005.8,30.0,39.0,22.0
2023-07-22,6000A,MELILLA,52,MELILLA,351635N,025723W,52.0,33.5,26.6,30.0,0.0,24.0,2.5,11.7,6.7,1009.2,1006.4,40.0,69.0,30.0
2023-07-23,6000A,MELILLA,52,MELILLA,351635N,025723W,52.0,30.6,24.0,27.3,0.0,36.0,2.5,6.9,11.7,1008.6,1005.4,68.0,83.0,54.0
2023-07-24,6000A,MELILLA,52,MELILLA,351635N,025723W,52.0,33.9,24.9,29.4,0.0,26.0,4.7,15.8,11.2,1006.9,1004.6,38.0,86.0,23.0
2023-07-25,6000A,MELILLA,52,MELILLA,351635N,025723W,52.0,32.4,26.7,29.6,0.0,26.0,3.9,12.8,12.1,1009.0,1006.2,41.0,47.0,27.0
2023-07-26,6000A,MELILLA,52,MELILLA,351635N,025723W,52.0,32.9,24.0,28.4,0.0,25.0,2.8,7.8,12.4,1009.3,1007.2,41.0,74.0,21.0
2023-07-27,6000A,MELILLA,52,MELILLA,351635N,025723W,52.0,29.1,23.0,26.0,0.0,28.0,3.1,9.4,11.9,1009.8,1007.2,62.0,84.0,44.0
2023-07-28,6000A,MELILLA,52,MELILLA,351635N,025723W,52.0,28.5,22.0,25.2,0.0,3.0,2.5,5.8,11.9,1008.3,1006.1,55.0,72.0,50.0
2023-07-29,6000A,MELILLA,52,MELILLA,351635N,025723W,52.0,30.2,23.3,26.8,0.0,4.0,1.9,5.8,11.2,1008.8,1006.7,60.0,77.0,44.0
2023-07-30,6000A,MELILLA,52,MELILLA,351635N,025723W,52.0,33.3,25.7,29.5,0.0,7.0,2.2,6.1,10.0,1011.1,1008.1,55.0,79.0,41.0
2023-07-31,6000A,MELILLA,52,MELILLA,351635N,025723W,52.0,35.4,26.1,30.8,0.0,26.0,2.8,11.4,12.3,1011.1,1008.5,39.0,79.0,24.0
2023-08-01,6000A,MELILLA,52,MELILLA,351635N,025723W,52.0,35.2,27.4,31.3,0.0,28.0,3.6,11.7,12.5,1008.8,1005.3,25.0,45.0,18.0
2023-08-02,6000A,MELILLA,52,MELILLA,351635N,025723W,52.0,35.5,25.7,30.6,0.0,25.0,3.6,13.3,12.4,1006.6,1003.4,35.0,49.0,19.0
2023-08-03,6000A,MELILLA,52,MELILLA,351635N,025723W,52.0,32.9,27.7,30.3,0.0,28.0,4.4,15.0,12.3,1006.5,1004.2,41.0,51.0,25.0
2023-08-04,6000A,MELILLA,52,MELILLA,351635N,025723W,52.0,32.5,24.9,28.7,0.0,28.0,4.2,11.9,12.0,1011.6,1004.8,57.0,86.0,25.0
2023-08-05,6000A,MELILLA,52,MELILLA,351635N,025723W,52.0,29.2,24.2,26.7,0.0,8.0,4.2,9.2,12.3,1011.7,1008.1,67.0,89.0,56.0
2023-08-06,6000A,MELILLA,52,MELILLA,351635N,025723W,52.0,29.4,22.5,26.0,0.0,9.0,2.8,6.9,12.1,1009.6,1007.6,65.0,87.0,48.0
2023-08-07,6000A,MELILLA,52,MELILLA,351635N,025723W,52.0,29.2,24.2,26.7,0.0,10.0,4.4,8.6,7.9,1010.6,1008.4,77.0,87.0,56.0
2023-08-08,6000A,MELILLA,52,MELILLA,351635N,025723W,52.0,29.0,25.0,27.0,0.2,4.0,4.2,6.9,5.8,1010.5,1008.6,77.0,88.0,66.0
2023-08-09,6000A,MELILLA,52,MELILLA,351635N,025723W,52.0,29.8,24.4,27.1,0.0,6.0,2.5,7.2,10.4,1012.9,1009.6,79.0,90.0,67.0
2023-08-10,6000A,MELILLA,52,MELILLA,351635N,025723W,52.0,30.4,24.9,27.6,0.0,7.0,2.2,5.6,11.7,1013.3,1010.4,79.0,91.0,71.0
2023-08-11,6000A,MELILLA,52,MELILLA,351635N,025723W,52.0,33.0,25.9,29.4,0.0,9.0,2.2,6.1,11.5,1013.6,1010.1,68.0,89.0,43.0
2023-08-12,6000A,MELILLA,52,MELILLA,351635N,025723W,52.0,30.9,25.2,28.0,0.0,2.0,2.8,6.7,11.7,1013.2,1009.9,73.0,89.0,59.0
2023-08-13,6000A,MELILLA,52,MELILLA,351635N,025723W,52.0,29.8,24.1,27.0,0.0,7.0,3.1,6.7,11.1,1010.7,1007.7,78.0,90.0,64.0
2023-08-14,6000A,MELILLA,52,MELILLA,351635N,025723W,52.0,29.9,24.8,27.4,0.0,4.0,3.1,6.7,10.2,1008.5,1006.3,77.0,89.0,68.0
2023-08-15,6000A,MELILLA,52,MELILLA,351635N,025723W,52.0,30.0,25.5,27.8,0.0,5.0,2.8,6.4,10.9,1008.4,1006.4,77.0,90.0,67.0
2023-08-16,6000A,MELILLA,52,MELILLA,351635N,025723W,52.0,32.2,25.0,28.6,0.0,6.0,1.9,7.5,10.5,1008.6,1006.2,69.0,90.0,56.0
2023-08-17,6000A,MELILLA,52,MELILLA,351635N,025723W,52.0,34.3,23.5,28.9,0.0,30.0,2.2,6.9,11.7,1008.4,1006.1,39.0,82.0,18.0
2023-08-18,6000A,MELILLA,52,MELILLA,351635N,025723W,52.0,34.5,25.8,30.2,0.0,26.0,2.2,8.6,11.7,1008.5,1006.9,27.0,42.0,17.0
2023-08-19,6000A,MELILLA,52,MELILLA,351635N,025723W,52.0,38.8,25.8,32.3,0.0,24.0,3.3,7.8,11.4,1010.6,1007.4,31.0,67.0,15.0
2023-08-20,6000A,MELILLA,52,MELILLA,351635N,025723W,52.0,30.6,23.6,27.1,0.0,7.0,2.5,6.4,12.1,1012.3,1009.6,70.0,92.0,40.0
2023-08-21,6000A,MELILLA,52,MELILLA,351635N,025723W,52.0,29.7,25.0,27.4,0.0,10.0,3.1,7.2,9.4,1012.6,1010.3,79.0,94.0,69.0
2023-08-22,6000A,MELILLA,52,MELILLA,351635N,025723W,52.0,29.9,25.5,27.7,0.0,99.0,3.6,7.2,9.6,1010.5,1007.5,78.0,90.0,66.0
2023-08-23,6000A,MELILLA,52,MELILLA,351635N,025723W,52.0,30.9,25.1,28.0,0.0,11.0,2.8,6.9,7.0,1009.1,1007.2,77.0,89.0,63.0
2023-08-24,6000A,MELILLA,52,MELILLA,351635N,025723W,52.0,30.7,25.0,27.8,0.0,9.0,2.5,6.4,11.6,1009.2,1007.5,77.0,91.0,65.0
2023-08-25,6000A,MELILLA,52,MELILLA,351635N,025723W,52.0,30.9,24.3,27.6,0.0,9.0,1.9,5.3,11.6,1008.9,1005.9,76.0,89.0,54.0
2023-08-26,6000A,MELILLA,52,MELILLA,351635N,025723W,52.0,35.9,24.3,30.1,0.0,26.0,2.2,17.2,10.3,1006.1,1003.0,58.0,74.0,29.0
2023-08-27,6000A,MELILLA,52,MELILLA,351635N,025723W,52.0,32.6,25.0,28.8,0.0,26.0,6.7,17.5,11.5,1011.2,1003.1,49.0,69.0,27.0
2023-08-28,6000A,MELILLA,52,MELILLA,351635N,025723W,52.0,29.4,21.8,25.6,0.0,8.0,1.9,7.2,11.8,1012.2,1008.7,48.0,64.0,36.0
2023-08-29,6000A,MELILLA,52,MELILLA,351635N,025723W,52.0,30.3,19.6,25.0,0.0,6.0,1.9,5.3,11.9,1008.8,1003.7,44.0,61.0,31.0
2023-08-30,6000A,MELILLA,52,MELILLA,351635N,025723W,52.0,31.6,21.9,26.8,0.0,24.0,2.2,11.7,11.7,1007.6,1002.4,48.0,66.0,25.0
2023-08-31,6000A,MELILLA,52,MELILLA,351635N,025723W,52.0,28.2,21.0,24.6,0.0,6.0,2.8,6.9,11.4,1011.0,1007.2,70.0,85.0,61.0
2023-09-01,6000A,MELILLA,52,MELILLA,351635N,025723W,52.0,28.2,22.5,25.4,10.0,24.0,2.5,7.8,8.1,1010.6,1006.7,78.0,91.0,66.0
2023-09-02,6000A,MELILLA,52,MELILLA,351635N,025723W,52.0,26.1,18.8,22.4,31.2,18.0,3.3,12.2,1.6,1009.2,1004.2,80.0,97.0,68.0
2023-09-03,6000A,MELILLA,52,MELILLA,351635N,025723W,52.0,24.6,19.7,22.2,3.6,11.0,2.2,12.5,0.4,1005.8,1000.6,84.0,97.0,78.0
2023-09-04,6000A,MELILLA,52,MELILLA,351635N,025723W,52.0,27.8,19.8,23.8,0.0,26.0,2.5,8.1,11.4,1009.6,1005.2,70.0,89.0,54.0
2023-09-05,6000A,MELILLA,52,MELILLA,351635N,025723W,52.0,30.8,20.5,25.6,0.0,99.0,1.9,6.7,10.5,1010.0,1007.3,62.0,76.0,42.0
2023-09-06,6000A,MELILLA,52,MELILLA,351635N,025723W,52.0,28.5,20.5,24.5,0.0,4.0,1.9,5.6,10.9,1010.6,1008.4,71.0,92.0,47.0
2023-09-07,6000A,MELILLA,52,MELILLA,351635N,025723W,52.0,27.2,22.8,25.0,0.0,6.0,3.9,8.3,7.8,1011.2,1009.3,83.0,96.0,71.0
2023-09-08,6000A,MELILLA,52,MELILLA,351635N,025723W,52.0,26.7,22.5,24.6,0.0,6.0,3.3,7.2,8.2,1010.7,1008.9,80.0,90.0,70.0
2023-09-09,6000A,MELILLA,52,MELILLA,351635N,025723W,52.0,27.4,23.1,25.2,0.0,36.0,3.1,8.1,8.1,1010.8,1008.0,82.0,91.0,70.0
2023-09-10,6000A,MELILLA,52,MELILLA,351635N,025723W,52.0,27.5,22.8,25.2,0.0,6.0,2.8,6.9,8.5,1011.6,1008.5,79.0,92.0,71.0
2023-09-11,6000A,MELILLA,52,MELILLA,351635N,025723W,52.0,28.3,22.5,25.4,0.0,32.0,2.5,8.3,8.9,1010.6,1007.0,74.0,89.0,62.0
2023-09-12,6000A,MELILLA,52,MELILLA,351635N,025723W,52.0,29.3,21.4,25.4,0.0,25.0,3.6,7.8,9.2,1009.6,1007.1,62.0,84.0,40.0
2023-09-13,6000A,MELILLA,52,MELILLA,351635N,025723W,52.0,27.7,21.6,24.6,0.0,2.0,2.2,9.2,10.5,1009.7,1007.8,67.0,88.0,50.0
2023-09-14,6000A,MELILLA,52,MELILLA,351635N,025723W,52.0,27.6,24.2,25.9,0.0,99.0,2.5,7.8,3.9,1008.9,1005.9,85.0,92.0,72.0
2023-09-15,6000A,MELILLA,52,MELILLA,351635N,025723W,52.0,29.8,23.3,26.6,0.0,27.0,2.2,8.3,9.3,1006.7,1003.2,76.0,91.0,59.0
2023-09-16,6000A,MELILLA,52,MELILLA,351635N,025723W,52.0,27.4,22.9,25.2,0.0,8.0,2.2,6.9,4.9,1006.9,1003.7,73.0,83.0,59.0
2023-09-17,6000A,MELILLA,52,MELILLA,351635N,025723W,52.0,28.4,21.2,24.8,6.8,25.0,1.9,10.3,6.1,1012.7,1005.9,74.0,93.0,54.0
2023-09-18,6000A,MELILLA,52,MELILLA,351635N,025723W,52.0,26.7,21.0,23.8,0.0,31.0,2.2,6.7,7.7,1012.6,1010.0,70.0,91.0,58.0
2023-09-19,6000A,MELILLA,52,MELILLA,351635N,025723W,52.0,25.4,20.8,23.1,0.0,5.0,2.8,7.2,6.2,1011.7,1009.0,74.0,87.0,58.0
2023-09-20,6000A,MELILLA,52,MELILLA,351635N,025723W,52.0,27.9,20.1,24.0,0.0,23.0,2.2,7.5,7.5,1010.5,1007.8,75.0,92.0,44.0
2023-09-21,6000A,MELILLA,52,MELILLA,351635N,025723W,52.0,26.1,20.9,23.5,0.0,26.0,4.2,11.4,10.3,1009.0,1005.6,67.0,75.0,57.0
2023-09-22,6000A,MELILLA,52,MELILLA,351635N,025723W,52.0,26.6,21.1,23.8,0.0,28.0,2.8,11.1,8.2,1010.3,1005.8,65.0,77.0,50.0
2023-09-23,6000A,MELILLA,52,MELILLA,351635N,025723W,52.0,25.5,19.2,22.4,0.0,23.0,2.5,6.1,10.2,1013.1,1009.5,62.0,83.0,50.0
2023-09-24,6000A,MELILLA,52,MELILLA,351635N,025723W,52.0,26.5,22.3,24.4,0.0,8.0,4.7,8.6,8.3,1013.7,1011.8,74.0,83.0,65.0
2023-09-25,6000A,MELILLA,52,MELILLA,351635N,025723W,52.0,25.8,21.3,23.6,0.0,99.0,3.1,6.7,7.0,1013.6,1011.6,78.0,87.0,62.0
2023-09-26,6000A,MELILLA,52,MELILLA,351635N,025723W,52.0,25.7,21.5,23.6,0.0,7.0,3.9,8.3,7.1,1014.1,1012.0,76.0,85.0,68.0
2023-09-27,6000A,MELILLA,52,MELILLA,351635N,025723W,52.0,25.8,20.7,23.2,0.0,8.0,3.3,6.7,10.0,1014.2,1011.8,75.0,87.0,66.0
2023-09-28,6000A,MELILLA,52,MELILLA,351635N,025723W,52.0,25.5,20.3,22.9,0.0,8.0,3.1,7.2,10.6,1013.8,1011.7,78.0,91.0,65.0
2023-09-29,6000A,MELILLA,52,MELILLA,351635N,025723W,52.0,25.3,19.9,22.6,0.0,7.0,3.6,6.9,7.6,1016.3,1012.8,78.0,89.0,70.0
2023-09-30,6000A,MELILLA,52,MELILLA,351635N,025723W,52.0,26.3,21.7,24.0,0.0,8.0,3.9,7.5,8.1,1018.1,1015.8,78.0,89.0,67.0
2023-10-01,6000A,MELILLA,52,MELILLA,351635N,025723W,52.0,25.8,21.1,23.4,0.0,9.0,2.8,6.4,9.7,1016.8,1014.0,77.0,90.0,68.0
2023-10-02,6000A,MELILLA,52,MELILLA,351635N,025723W,52.0,26.6,20.5,23.6,0.0,36.0,2.2,6.1,8.3,1016.2,1013.9,79.0,90.0,68.0
2023-10-03,6000A,MELILLA,52,MELILLA,351635N,025723W,52.0,26.6,20.7,23.6,0.0,5.0,2.2,6.4,7.9,1018.0,1015.0,77.0,91.0,65.0
2023-10-04,6000A,MELILLA,52,MELILLA,351635N,025723W,52.0,26.7,22.5,24.6,0.0,10.0,3.3,7.2,7.9,1019.5,1017.2,80.0,89.0,62.0
2023-10-05,6000A,MELILLA,52,MELILLA,351635N,025723W,52.0,25.8,21.8,23.8,0.0,99.0,3.6,7.2,8.0,1018.0,1014.9,84.0,93.0,73.0
2023-10-06,6000A,MELILLA,52,MELILLA,351635N,025723W,52.0,25.5,20.7,23.1,0.0,99.0,3.1,6.7,4.6,1016.6,1014.4,86.0,93.0,78.0
2023-10-07,6000A,MELILLA,52,MELILLA,351635N,025723W,52.0,26.0,20.7,23.4,0.0,8.0,3.1,7.5,6.4,1016.5,1014.4,83.0,96.0,73.0
2023-10-08,6000A,MELILLA,52,MELILLA,351635N,025723W,52.0,25.7,21.6,23.6,0.0,7.0,3.3,7.8,9.0,1017.9,1015.4,84.0,95.0,69.0
2023-10-09,6000A,MELILLA,52,MELILLA,351635N,025723W,52.0,26.1,20.4,23.2,0.0,9.0,3.1,7.5,9.4,1018.3,1015.5,75.0,86.0,59.0
2023-10-10,6000A,MELILLA,52,MELILLA,351635N,025723W,52.0,25.8,18.7,22.2,0.0,8.0,2.2,6.4,9.5,1016.4,1014.1,81.0,92.0,66.0
2023-10-11,6000A,MELILLA,52,MELILLA,351635N,025723W,52.0,26.2,19.5,22.8,0.0,8.0,2.5,6.1,6.6,1015.9,1013.5,81.0,92.0,64.0
2023-10-12,6000A,MELILLA,52,MELILLA,351635N,025723W,52.0,26.0,20.2,23.1,0.0,99.0,2.5,7.5,7.9,1015.6,1012.9,82.0,94.0,64.0
2023-10-13,6000A,MELILLA,52,MELILLA,351635N,025723W,52.0,26.2,21.0,23.6,0.0,35.0,1.9,7.2,6.9,1014.9,1012.4,82.0,93.0,70.0
2023-10-14,6000A,MELILLA,52,MELILLA,351635N,025723W,52.0,27.3,19.2,23.2,0.0,24.0,3.1,13.1,0.1,1016.2,1012.3,70.0,92.0,50.0
2023-10-15,6000A,MELILLA,52,MELILLA,351635N,025723W,52.0,26.6,18.7,22.6,0.0,36.0,2.2,6.7,9.8,1013.3,1009.5,67.0,84.0,45.0
2023-10-16,6000A,MELILLA,52,MELILLA,351635N,025723W,52.0,27.9,19.9,23.9,0.0,4.0,2.5,7.2,9.4,1009.5,1004.7,63.0,85.0,40.0
2023-10-17,6000A,MELILLA,52,MELILLA,351635N,025723W,52.0,28.9,19.1,24.0,0.0,25.0,2.2,7.5,6.5,1005.8,1002.9,71.0,82.0,44.0
2023-10-18,6000A,MELILLA,52,MELILLA,351635N,025723W,52.0,27.1,20.2,23.6,0.0,99.0,2.2,8.3,8.6,1008.3,1005.6,74.0,82.0,61.0
2023-10-19,6000A,MELILLA,52,MELILLA,351635N,025723W,52.0,29.0,17.9,23.4,11.2,22.0,1.4,19.4,3.2,1005.6,991.6,73.0,92.0,31.0
2023-10-20,6000A,MELILLA,52,MELILLA,351635N,025723W,52.0,23.2,16.1,19.6,0.0,26.0,5.0,15.8,8.6,1005.0,996.5,67.0,92.0,54.0
2023-10-21,6000A,MELILLA,52,MELILLA,351635N,025723W,52.0,23.3,18.0,20.6,0.0,27.0,2.2,6.9,6.2,1005.6,1001.6,66.0,79.0,52.0
2023-10-22,6000A,MELILLA,52,MELILLA,351635N,025723W,52.0,23.2,18.1,20.6,0.0,5.0,3.3,7.5,6.9,1001.9,995.5,77.0,85.0,64.0
2023-10-23,6000A,MELILLA,52,MELILLA,351635N,025723W,52.0,23.9,18.2,21.0,4.8,2.0,3.3,8.6,6.5,1010.3,1001.7,84.0,93.0,67.0
2023-10-24,6000A,MELILLA,52,MELILLA,351635N,025723W,52.0,23.7,16.1,19.9,0.0,24.0,3.1,8.3,9.0,1013.6,1009.6,72.0,88.0,47.0
2023-10-25,6000A,MELILLA,52,MELILLA,351635N,025723W,52.0,27.6,16.6,22.1,0.0,24.0,2.8,11.1,9.6,1013.1,1011.3,61.0,81.0,35.0
2023-10-26,6000A,MELILLA,52,MELILLA,351635N,025723W,52.0,24.7,19.7,22.2,0.0,27.0,5.0,11.1,8.8,1011.6,1007.2,72.0,82.0,61.0
2023-10-27,6000A,MELILLA,52,MELILLA,351635N,025723W,52.0,23.9,19.1,21.5,0.0,26.0,3.9,10.3,2.2,1009.6,1006.6,73.0,84.0,62.0
2023-10-28,6000A,MELILLA,52,MELILLA,351635N,025723W,52.0,23.9,16.1,20.0,0.0,99.0,1.9,7.2,3.4,1009.0,1006.0,66.0,84.0,47.0
2023-10-29,6000A,MELILLA,52,MELILLA,351635N,025723W,52.0,23.8,15.4,19.6,2.2,12.0,1.7,6.1,8.5,1006.3,1001.9,72.0,88.0,47.0
2023-10-30,6000A,MELILLA,52,MELILLA,351635N,025723W,52.0,25.1,17.6,21.4,,25.0,3.3,9.4,5.3,1009.8,1000.9,76.0,93.0,51.0
2023-10-31,6000A,MELILLA,52,MELILLA,351635N,025723W,52.0,22.6,17.1,19.8,0.0,8.0,2.2,7.5,1.6,1010.7,1007.9,78.0,84.0,68.0
2023-11-01,6000A,MELILLA,52,MELILLA,351635N,025723W,52.0,25.3,18.3,21.8,0.0,23.0,2.8,10.0,7.9,1015.3,1010.2,72.0,91.0,54.0
2023-11-02,6000A,MELILLA,52,MELILLA,351635N,025723W,52.0,27.6,19.0,23.3,2.6,25.0,3.9,15.8,9.1,1012.8,1004.8,60.0,84.0,38.0
2023-11-03,6000A,MELILLA,52,MELILLA,351635N,025723W,52.0,20.0,17.1,18.6,,27.0,4.7,15.3,0.5,1009.8,1007.1,72.0,88.0,64.0
2023-11-04,6000A,MELILLA,52,MELILLA,351635N,025723W,52.0,23.9,17.5,20.7,0.0,27.0,4.2,10.0,8.8,1008.9,1003.3,66.0,78.0,49.0
2023-11-05,6000A,MELILLA,52,MELILLA,351635N,025723W,52.0,22.6,17.0,19.8,,25.0,3.9,12.2,9.2,1010.1,1003.6,65.0,84.0,50.0
2023-11-06,6000A,MELILLA,52,MELILLA,351635N,025723W,52.0,20.2,15.8,18.0,0.6,24.0,3.6,11.7,2.3,1015.3,1009.7,70.0,88.0,57.0
2023-11-07,6000A,MELILLA,52,MELILLA,351635N,025723W,52.0,20.8,13.8,17.3,0.0,26.0,3.3,9.7,9.1,1019.9,1014.7,61.0,75.0,50.0
2023-11-08,6000A,MELILLA,52,MELILLA,351635N,025723W,52.0,20.5,10.6,15.6,0.0,12.0,1.7,5.8,8.9,1020.3,1016.4,62.0,82.0,36.0
2023-11-09,6000A,MELILLA,52,MELILLA,351635N,025723W,52.0,24.4,13.2,18.8,,26.0,3.6,10.6,7.3,1016.4,1013.3,46.0,70.0,18.0
2023-11-10,6000A,MELILLA,52,MELILLA,351635N,025723W,52.0,22.0,18.1,20.0,,26.0,5.6,17.8,5.6,1015.2,1011.9,73.0,90.0,56.0
2023-11-11,6000A,MELILLA,52,MELILLA,351635N,025723W,52.0,23.4,18.3,20.8,0.0,24.0,4.2,11.9,9.4,1015.4,1013.3,75.0,82.0,61.0
2023-11-12,6000A,MELILLA,52,MELILLA,351635N,025723W,52.0,25.4,18.1,21.8,0.0,26.0,4.2,11.1,8.4,1017.1,1013.6,52.0,77.0,42.0
2023-11-13,6000A,MELILLA,52,MELILLA,351635N,025723W,52.0,24.0,16.0,20.0,0.0,27.0,1.4,4.2,9.2,1018.8,1016.5,64.0,80.0,48.0
2023-11-14,6000A,MELILLA,52,MELILLA,351635N,025723W,52.0,26.3,14.5,20.4,0.0,99.0,1.1,3.3,8.7,1018.8,1016.4,67.0,86.0,31.0
2023-11-15,6000A,MELILLA,52,MELILLA,351635N,025723W,52.0,26.1,15.8,21.0,0.0,2.0,1.9,5.0,9.2,1017.8,1015.5,42.0,71.0,21.0
2023-11-16,6000A,MELILLA,52,MELILLA,351635N,025723W,52.0,23.2,13.2,18.2,0.0,26.0,1.4,5.8,9.1,1018.8,1016.3,73.0,87.0,57.0
2023-11-17,6000A,MELILLA,52,MELILLA,351635N,025723W,52.0,23.1,13.0,18.0,0.0,5.0,1.1,3.9,9.2,1018.4,1015.5,63.0,90.0,42.0
2023-11-18,6000A,MELILLA,52,MELILLA,351635N,025723W,52.0,20.2,14.4,17.3,0.0,6.0,2.8,6.4,5.7,1020.3,1017.7,82.0,99.0,75.0
2023-11-19,6000A,MELILLA,52,MELILLA,351635N,025723W,52.0,20.6,15.6,18.1,0.0,8.0,1.7,5.0,7.1,1018.1,1013.7,81.0,87.0,71.0
2023-11-20,6000A,MELILLA,52,MELILLA,351635N,025723W,52.0,21.4,15.3,18.4,0.0,99.0,1.4,8.3,7.5,1015.9,1012.2,76.0,85.0,53.0
2023-11-21,6000A,MELILLA,52,MELILLA,351635N,025723W,52.0,22.3,17.3,19.8,0.0,26.0,5.3,16.1,7.8,1013.0,1009.8,72.0,82.0,54.0
2023-11-22,6000A,MELILLA,52,MELILLA,351635N,025723W,52.0,20.5,12.2,16.4,0.0,27.0,2.2,11.1,6.7,1014.3,1010.4,64.0,86.0,51.0
2023-11-23,6000A,MELILLA,52,MELILLA,351635N,025723W,52.0,19.5,9.5,14.5,0.0,11.0,2.8,7.2,7.1,1017.6,1013.3,61.0,79.0,44.0
2023-11-24,6000A,MELILLA,52,MELILLA,351635N,025723W,52.0,20.1,9.2,14.6,0.0,28.0,1.9,6.4,8.9,1015.1,1009.9,56.0,76.0,36.0
2023-11-25,6000A,MELILLA,52,MELILLA,351635N,025723W,52.0,21.7,10.3,16.0,0.0,24.0,2.2,6.4,9.0,1010.4,1007.8,47.0,80.0,27.0
2023-11-26,6000A,MELILLA,52,MELILLA,351635N,025723W,52.0,21.6,11.6,16.6,0.0,14.0,2.5,5.8,8.4,1013.4,1009.6,69.0,87.0,41.0
2023-11-27,6000A,MELILLA,52,MELILLA,351635N,025723W,52.0,21.1,13.2,17.2,0.0,24.0,3.1,10.3,7.7,1013.6,1010.5,68.0,80.0,50.0
2023-11-28,6000A,MELILLA,52,MELILLA,351635N,025723W,52.0,21.3,15.9,18.6,0.0,26.0,4.4,10.8,4.4,1011.1,1007.2,68.0,78.0,52.0
2023-11-29,6000A,MELILLA,52,MELILLA,351635N,025723W,52.0,23.4,15.6,19.5,0.0,99.0,2.8,6.1,8.9,1008.5,1005.2,59.0,78.0,42.0
2023-11-30,6000A,MELILLA,52,MELILLA,351635N,025723W,52.0,23.9,14.1,19.0,0.0,10.0,1.4,3.6,7.2,1005.6,1001.1,58.0,75.0,36.0
2023-12-01,6000A,MELILLA,52,MELILLA,351635N,025723W,52.0,27.2,13.1,20.2,0.0,27.0,3.9,12.8,2.6,1008.3,998.7,48.0,78.0,15.0
2023-12-02,6000A,MELILLA,52,MELILLA,351635N,025723W,52.0,18.5,14.9,16.7,0.0,26.0,3.3,12.5,6.9,1015.1,1008.1,56.0,68.0,41.0
2023-12-03,6000A,MELILLA,52,MELILLA,351635N,025723W,52.0,19.8,12.5,16.2,0.0,25.0,3.1,7.8,8.5,1017.5,1013.7,52.0,77.0,33.0
2023-12-04,6000A,MELILLA,52,MELILLA,351635N,025723W,52.0,20.8,10.9,15.8,0.0,28.0,2.2,8.3,7.8,1015.0,1012.2,55.0,82.0,33.0
2023-12-05,6000A,MELILLA,52,MELILLA,351635N,025723W,52.0,19.0,14.5,16.8,0.2,8.0,2.8,6.4,0.5,1012.5,1006.7,69.0,91.0,49.0
2023-12-06,6000A,MELILLA,52,MELILLA,351635N,025723W,52.0,20.0,14.5,17.2,0.0,99.0,2.5,5.8,3.6,1014.4,1006.5,83.0,92.0,71.0
2023-12-07,6000A,MELILLA,52,MELILLA,351635N,025723W,52.0,22.9,13.8,18.4,0.0,26.0,2.2,13.1,5.9,1016.5,1013.3,82.0,91.0,60.0
2023-12-08,6000A,MELILLA,52,MELILLA,351635N,025723W,52.0,24.6,17.0,20.8,0.0,99.0,5.3,15.8,4.2,1018.7,1013.2,58.0,87.0,43.0
2023-12-09,6000A,MELILLA,52,MELILLA,351635N,025723W,52.0,20.8,16.5,18.6,0.0,28.0,3.1,12.8,8.8,1020.6,1017.7,62.0,74.0,42.0
2023-12-10,6000A,MELILLA,52,MELILLA,351635N,025723W,52.0,23.1,13.4,18.2,0.0,23.0,1.7,5.0,9.0,1019.9,1017.3,61.0,83.0,37.0
2023-12-11,6000A,MELILLA,52,MELILLA,351635N,025723W,52.0,25.2,12.2,18.7,0.0,28.0,1.1,4.2,8.4,1017.5,1014.2,51.0,82.0,25.0
2023-12-12,6000A,MELILLA,52,MELILLA,351635N,025723W,52.0,27.8,17.2,22.5,0.0,25.0,3.1,9.7,8.6,1015.2,1012.5,36.0,48.0,22.0
2023-12-13,6000A,MELILLA,52,MELILLA,351635N,025723W,52.0,22.3,15.4,18.8,0.0,26.0,5.8,14.7,5.6,1014.9,1011.1,65.0,80.0,44.0
2023-12-14,6000A,MELILLA,52,MELILLA,351635N,025723W,52.0,18.4,10.5,14.4,0.0,24.0,3.3,11.1,8.8,1022.6,1014.7,57.0,71.0,42.0
2023-12-15,6000A,MELILLA,52,MELILLA,351635N,025723W,52.0,17.9,9.2,13.6,0.0,9.0,3.6,10.3,8.7,1027.7,1022.5,66.0,75.0,50.0
2023-12-16,6000A,MELILLA,52,MELILLA,351635N,025723W,52.0,18.1,10.7,14.4,0.0,10.0,3.1,8.9,8.9,1029.2,1026.4,57.0,72.0,39.0
2023-12-17,6000A,MELILLA,52,MELILLA,351635N,025723W,52.0,17.7,11.8,14.8,1.2,11.0,2.8,9.2,6.1,1029.0,1027.1,64.0,75.0,53.0
2023-12-18,6000A,MELILLA,52,MELILLA,351635N,025723W,52.0,15.7,9.7,12.7,2.8,6.0,1.1,6.7,1.6,1028.2,1025.7,81.0,90.0,62.0
2023-12-19,6000A,MELILLA,52,MELILLA,351635N,025723W,52.0,17.5,9.8,13.6,0.2,99.0,1.4,4.2,5.0,1026.3,1022.5,74.0,90.0,53.0
2023-12-20,6000A,MELILLA,52,MELILLA,351635N,025723W,52.0,19.3,12.1,15.7,0.0,26.0,3.9,12.5,7.1,1022.5,1016.6,57.0,80.0,42.0
2023-12-21,6000A,MELILLA,52,MELILLA,351635N,025723W,52.0,18.2,10.7,14.4,0.0,29.0,2.5,7.5,8.1,1021.6,1018.4,65.0,81.0,54.0
2023-12-22,6000A,MELILLA,52,MELILLA,351635N,025723W,52.0,19.5,9.2,14.4,0.0,22.0,1.7,5.6,8.9,1020.5,1016.9,72.0,84.0,49.0
2023-12-23,6000A,MELILLA,52,MELILLA,351635N,025723W,52.0,18.6,9.0,13.8,0.0,8.0,1.7,4.4,8.8,1019.8,1017.7,72.0,86.0,56.0
2023-12-24,6000A,MELILLA,52,MELILLA,351635N,025723W,52.0,17.3,9.3,13.3,0.0,7.0,1.9,3.9,8.7,1020.2,1017.6,71.0,87.0,44.0
2023-12-25,6000A,MELILLA,52,MELILLA,351635N,025723W,52.0,17.8,9.0,13.4,0.0,4.0,1.9,4.7,8.7,1018.6,1015.5,71.0,88.0,57.0
2023-12-26,6000A,MELILLA,52,MELILLA,351635N,025723W,52.0,17.5,8.4,13.0,0.0,5.0,1.9,4.7,7.0,1018.2,1015.0,72.0,89.0,56.0
2023-12-27,6000A,MELILLA,52,MELILLA,351635N,025723W,52.0,16.7,9.2,13.0,0.0,8.0,1.4,4.2,2.3,1019.7,1016.1,74.0,88.0,61.0
2023-12-28,6000A,MELILLA,52,MELILLA,351635N,025723W,52.0,20.4,9.6,15.0,0.0,16.0,1.9,6.7,8.2,1020.8,1017.1,64.0,89.0,31.0
2023-12-29,6000A,MELILLA,52,MELILLA,351635N,025723W,52.0,20.1,10.8,15.4,0.0,26.0,1.7,5.3,6.6,1018.6,1014.6,73.0,85.0,38.0
2023-12-30,6000A,MELILLA,52,MELILLA,351635N,025723W,52.0,20.6,12.0,16.3,0.0,99.0,1.4,4.2,7.9,1015.9,1013.2,56.0,67.0,34.0
2023-12-31,6000A,MELILLA,52,MELILLA,351635N,025723W,52.0,20.4,11.0,15.7,0.0,24.0,1.7,8.3,7.7,1015.4,1012.1,64.0,75.0,48.0
2024-01-01,6000A,MELILLA,52,MELILLA,351635N,025723W,52.0,20.4,15.4,17.9,0.0,26.0,2.2,10.8,5.3,1017.6,1012.3,63.0,78.0,53.0
2024-01-02,6000A,MELILLA,52,MELILLA,351635N,025723W,52.0,22.2,11.9,17.0,0.0,25.0,1.7,6.1,8.6,1018.3,1014.3,65.0,78.0,45.0
2024-01-03,6000A,MELILLA,52,MELILLA,351635N,025723W,52.0,24.8,13.6,19.2,0.0,25.0,2.8,8.6,8.9,1017.0,1013.4,41.0,68.0,28.0
2024-01-04,6000A,MELILLA,52,MELILLA,351635N,025723W,52.0,22.7,12.5,17.6,9.0,31.0,1.9,10.0,4.2,1014.2,1007.2,44.0,74.0,30.0
2024-01-05,6000A,MELILLA,52,MELILLA,351635N,025723W,52.0,16.6,13.6,15.1,0.8,29.0,4.4,16.9,4.1,1011.1,1005.2,64.0,86.0,51.0
2024-01-06,6000A,MELILLA,52,MELILLA,351635N,025723W,52.0,16.0,12.5,14.2,0.0,24.0,5.0,16.9,5.3,1015.2,1010.6,53.0,64.0,49.0
2024-01-07,6000A,MELILLA,52,MELILLA,351635N,025723W,52.0,17.3,9.9,13.6,0.0,26.0,1.7,7.2,8.9,1015.8,1013.7,57.0,70.0,41.0
2024-01-08,6000A,MELILLA,52,MELILLA,351635N,025723W,52.0,17.8,7.4,12.6,0.0,26.0,1.7,8.3,8.7,1014.8,1012.4,59.0,70.0,46.0
2024-01-09,6000A,MELILLA,52,MELILLA,351635N,025723W,52.0,21.5,10.5,16.0,7.8,18.0,2.2,13.1,2.0,1014.3,1011.1,73.0,,
2024-01-10,6000A,MELILLA,52,MELILLA,351635N,025723W,52.0,19.0,13.0,16.0,0.0,28.0,2.5,9.7,7.4,1015.3,1011.9,74.0,88.0,62.0
2024-01-11,6000A,MELILLA,52,MELILLA,351635N,025723W,52.0,18.1,10.6,14.4,0.0,27.0,2.5,10.3,8.0,1014.9,1011.9,68.0,83.0,56.0
2024-01-12,6000A,MELILLA,52,MELILLA,351635N,025723W,52.0,17.0,9.2,13.1,0.0,8.0,3.1,7.2,5.7,1019.2,1014.5,77.0,89.0,68.0
2024-01-13,6000A,MELILLA,52,MELILLA,351635N,025723W,52.0,17.1,11.1,14.1,0.0,8.0,1.4,4.4,7.2,1021.0,1017.5,74.0,87.0,58.0
2024-01-14,6000A,MELILLA,52,MELILLA,351635N,025723W,52.0,20.5,9.7,15.1,0.0,31.0,1.9,3.9,8.7,1017.6,1013.8,72.0,89.0,33.0
2024-01-15,6000A,MELILLA,52,MELILLA,351635N,025723W,52.0,22.8,13.9,18.4,0.0,26.0,1.7,7.2,5.4,1013.8,1010.9,35.0,56.0,25.0
2024-01-16,6000A,MELILLA,52,MELILLA,351635N,025723W,52.0,22.5,12.9,17.7,0.0,26.0,1.7,12.2,3.2,1012.6,1007.1,51.0,79.0,31.0
2024-01-17,6000A,MELILLA,52,MELILLA,351635N,025723W,52.0,26.7,16.1,21.4,0.0,22.0,3.3,13.9,7.5,1009.4,1003.4,46.0,69.0,21.0
2024-01-18,6000A,MELILLA,52,MELILLA,351635N,025723W,52.0,20.3,14.3,17.3,0.0,13.0,1.7,5.6,4.4,1010.1,1005.2,66.0,79.0,54.0
2024-01-19,6000A,MELILLA,52,MELILLA,351635N,025723W,52.0,20.5,14.4,17.4,0.6,22.0,5.8,20.8,0.1,1010.0,1002.6,55.0,77.0,38.0
2024-01-20,6000A,MELILLA,52,MELILLA,351635N,025723W,52.0,18.1,12.0,15.0,0.8,25.0,2.5,13.3,6.3,1022.3,1010.0,69.0,80.0,46.0
2024-01-21,6000A,MELILLA,52,MELILLA,351635N,025723W,52.0,17.1,13.4,15.2,0.0,6.0,4.7,9.4,6.3,1028.4,1022.3,69.0,85.0,57.0
2024-01-22,6000A,MELILLA,52,MELILLA,351635N,025723W,52.0,17.8,9.7,13.8,0.0,10.0,1.9,5.6,8.8,1030.7,1027.9,66.0,79.0,53.0
2024-01-23,6000A,MELILLA,52,MELILLA,351635N,025723W,52.0,17.8,8.3,13.0,0.0,8.0,1.7,5.8,8.9,1030.3,1027.8,70.0,82.0,47.0
2024-01-24,6000A,MELILLA,52,MELILLA,351635N,025723W,52.0,19.2,11.7,15.4,0.0,8.0,2.2,5.3,8.9,1031.4,1028.2,76.0,92.0,49.0
2024-01-25,6000A,MELILLA,52,MELILLA,351635N,025723W,52.0,19.2,11.7,15.4,0.0,9.0,1.1,4.2,7.8,1028.2,1022.5,82.0,93.0,65.0
2024-01-26,6000A,MELILLA,52,MELILLA,351635N,025723W,52.0,19.3,10.9,15.1,0.0,31.0,1.4,5.8,8.9,1024.2,1021.8,80.0,93.0,56.0
2024-01-27,6000A,MELILLA,52,MELILLA,351635N,025723W,52.0,17.1,12.5,14.8,0.0,5.0,1.9,4.7,6.3,1023.0,1020.2,82.0,91.0,73.0
2024-01-28,6000A,MELILLA,52,MELILLA,351635N,025723W,52.0,16.3,12.8,14.6,0.0,8.0,1.9,5.0,4.1,1022.3,1019.5,76.0,86.0,69.0
2024-01-29,6000A,MELILLA,52,MELILLA,351635N,025723W,52.0,18.8,13.5,16.2,0.0,7.0,1.1,4.4,3.0,1023.9,1020.1,71.0,81.0,58.0
2024-01-30,6000A,MELILLA,52,MELILLA,351635N,025723W,52.0,18.2,12.8,15.5,0.0,7.0,2.2,7.2,3.5,1025.7,1023.2,71.0,83.0,58.0
2024-01-31,6000A,MELILLA,52,MELILLA,351635N,025723W,52.0,17.6,15.0,16.3,0.0,7.0,3.6,8.3,0.7,1027.2,1024.7,74.0,80.0,66.0
2024-02-01,6000A,MELILLA,52,MELILLA,351635N,025723W,52.0,17.1,13.9,15.5,0.0,9.0,4.2,7.5,1.8,1028.0,1025.2,74.0,81.0,65.0
2024-02-02,6000A,MELILLA,52,MELILLA,351635N,025723W,52.0,18.4,12.6,15.5,0.0,99.0,3.1,7.2,7.8,1025.2,1022.8,68.0,81.0,56.0
2024-02-03,6000A,MELILLA,52,MELILLA,351635N,025723W,52.0,18.0,12.9,15.4,0.0,8.0,3.3,6.7,4.6,1026.0,1023.9,73.0,81.0,63.0
2024-02-04,6000A,MELILLA,52,MELILLA,351635N,025723W,52.0,18.9,11.7,15.3,0.0,14.0,1.7,6.1,8.1,1025.5,1023.1,74.0,86.0,58.0
2024-02-05,6000A,MELILLA,52,MELILLA,351635N,025723W,52.0,17.4,12.4,14.9,0.0,99.0,1.9,5.0,7.8,1024.5,1021.1,71.0,81.0,58.0
2024-02-06,6000A,MELILLA,52,MELILLA,351635N,025723W,52.0,21.0,10.9,16.0,0.0,26.0,5.0,11.7,8.7,1021.6,1018.9,55.0,85.0,38.0
2024-02-07,6000A,MELILLA,52,MELILLA,351635N,025723W,52.0,23.3,14.2,18.8,0.0,26.0,3.1,7.8,8.9,1020.7,1015.7,49.0,80.0,22.0
2024-02-08,6000A,MELILLA,52,MELILLA,351635N,025723W,52.0,23.0,11.5,17.2,,22.0,2.5,10.0,7.2,1015.7,1003.9,33.0,57.0,18.0
2024-02-09,6000A,MELILLA,52,MELILLA,351635N,025723W,52.0,21.4,14.4,17.9,13.2,22.0,6.4,18.3,0.0,1003.9,991.2,46.0,86.0,27.0
2024-02-10,6000A,MELILLA,52,MELILLA,351635N,025723W,52.0,19.5,15.2,17.4,0.0,25.0,3.9,14.7,8.0,1005.8,994.7,68.0,81.0,57.0
2024-02-11,6000A,MELILLA,52,MELILLA,351635N,025723W,52.0,18.9,14.7,16.8,0.0,27.0,2.2,12.5,2.6,1010.0,1005.5,67.0,74.0,54.0
2024-02-12,6000A,MELILLA,52,MELILLA,351635N,025723W,52.0,23.7,14.3,19.0,0.0,27.0,3.1,12.2,8.9,1015.2,1008.7,66.0,83.0,49.0
2024-02-13,6000A,MELILLA,52,MELILLA,351635N,025723W,52.0,24.6,16.7,20.6,0.0,27.0,2.5,11.7,9.2,1017.7,1014.6,69.0,90.0,50.0
2024-02-14,6000A,MELILLA,52,MELILLA,351635N,025723W,52.0,20.8,15.1,18.0,0.0,36.0,2.2,6.7,6.5,1016.8,1013.2,85.0,96.0,70.0
2024-02-15,6000A,MELILLA,52,MELILLA,351635N,025723W,52.0,19.1,13.9,16.5,0.0,25.0,1.9,14.2,2.2,1016.4,1010.7,82.0,89.0,68.0
2024-02-16,6000A,MELILLA,52,MELILLA,351635N,025723W,52.0,18.2,15.7,17.0,0.0,26.0,3.9,16.1,1.3,1019.6,1014.6,68.0,80.0,50.0
2024-02-17,6000A,MELILLA,52,MELILLA,351635N,025723W,52.0,20.5,13.9,17.2,0.0,27.0,3.9,11.1,9.5,1025.9,1019.6,70.0,84.0,45.0
2024-02-18,6000A,MELILLA,52,MELILLA,351635N,025723W,52.0,18.2,12.6,15.4,0.0,7.0,2.2,6.7,6.5,1028.8,1025.7,75.0,84.0,64.0
2024-02-19,6000A,MELILLA,52,MELILLA,351635N,025723W,52.0,18.2,11.6,14.9,0.0,10.0,1.7,6.1,10.0,1026.8,1021.4,77.0,86.0,66.0
2024-02-20,6000A,MELILLA,52,MELILLA,351635N,025723W,52.0,19.5,12.4,16.0,0.0,4.0,1.9,5.6,9.6,1023.3,1020.0,72.0,86.0,52.0
2024-02-21,6000A,MELILLA,52,MELILLA,351635N,025723W,52.0,21.7,11.1,16.4,0.0,7.0,2.2,5.8,10.2,1021.8,1017.2,67.0,87.0,37.0
2024-02-22,6000A,MELILLA,52,MELILLA,351635N,025723W,52.0,23.3,14.4,18.8,0.0,25.0,4.7,14.7,8.6,1017.2,1010.1,50.0,76.0,28.0
2024-02-23,6000A,MELILLA,52,MELILLA,351635N,025723W,52.0,19.1,14.8,17.0,9.4,26.0,6.7,19.2,5.4,1011.8,1006.6,57.0,77.0,44.0
2024-02-24,6000A,MELILLA,52,MELILLA,351635N,025723W,52.0,17.4,10.8,14.1,0.0,31.0,3.9,16.7,8.0,1016.4,1009.6,57.0,93.0,51.0
2024-02-25,6000A,MELILLA,52,MELILLA,351635N,025723W,52.0,20.2,14.0,17.1,0.0,31.0,4.7,11.7,7.2,1016.5,1009.6,58.0,69.0,41.0
2024-02-26,6000A,MELILLA,52,MELILLA,351635N,025723W,52.0,21.5,13.5,17.5,0.8,26.0,3.9,18.9,4.4,1009.6,1003.3,67.0,76.0,41.0
2024-02-27,6000A,MELILLA,52,MELILLA,351635N,025723W,52.0,16.2,13.1,14.6,0.0,28.0,5.0,17.8,9.2,1013.0,1006.4,54.0,64.0,42.0
2024-02-28,6000A,MELILLA,52,MELILLA,351635N,025723W,52.0,17.6,14.0,15.8,0.0,28.0,3.6,18.1,9.8,1015.8,1010.7,52.0,69.0,37.0
2024-02-29,6000A,MELILLA,52,MELILLA,351635N,025723W,52.0,19.2,13.4,16.3,0.0,27.0,5.8,18.1,10.4,1015.3,1009.3,54.0,72.0,45.0
2024-03-01,6000A,MELILLA,52,MELILLA,351635N,025723W,52.0,18.2,13.9,16.0,0.0,26.0,4.4,18.9,9.8,1014.3,1010.2,55.0,73.0,44.0
2024-03-02,6000A,MELILLA,52,MELILLA,351635N,025723W,52.0,19.0,13.3,16.2,,26.0,3.6,14.4,10.2,1010.5,1006.0,55.0,68.0,41.0
2024-03-03,6000A,MELILLA,52,MELILLA,351635N,025723W,52.0,17.0,12.5,14.8,0.2,26.0,4.2,16.1,3.5,1014.9,1004.9,52.0,82.0,42.0
2024-03-04,6000A,MELILLA,52,MELILLA,351635N,025723W,52.0,20.2,13.8,17.0,0.0,26.0,3.6,11.7,10.2,1016.1,1014.0,55.0,69.0,45.0
2024-03-05,6000A,MELILLA,52,MELILLA,351635N,025723W,52.0,20.4,12.9,16.6,0.0,26.0,2.5,10.6,8.3,1018.0,1015.0,61.0,81.0,52.0
2024-03-06,6000A,MELILLA,52,MELILLA,351635N,025723W,52.0,18.4,11.7,15.0,0.0,7.0,2.2,6.4,10.6,1016.4,1010.3,75.0,86.0,60.0
2024-03-07,6000A,MELILLA,52,MELILLA,351635N,025723W,52.0,18.4,12.6,15.5,0.0,27.0,1.9,10.0,6.9,1010.3,1003.0,78.0,85.0,67.0
2024-03-08,6000A,MELILLA,52,MELILLA,351635N,025723W,52.0,19.1,12.0,15.6,0.0,32.0,2.2,10.3,8.8,1008.5,1003.6,54.0,83.0,39.0
2024-03-09,6000A,MELILLA,52,MELILLA,351635N,025723W,52.0,23.9,11.9,17.9,10.2,23.0,3.9,18.9,1.6,1003.6,994.9,54.0,90.0,32.0
2024-03-10,6000A,MELILLA,52,MELILLA,351635N,025723W,52.0,19.1,13.1,16.1,0.6,26.0,4.7,14.7,8.7,1011.0,1000.1,64.0,76.0,52.0
2024-03-11,6000A,MELILLA,52,MELILLA,351635N,025723W,52.0,18.7,14.4,16.6,0.0,27.0,3.3,13.9,10.7,1016.4,1011.0,58.0,74.0,43.0
2024-03-12,6000A,MELILLA,52,MELILLA,351635N,025723W,52.0,18.7,10.3,14.5,0.2,5.0,2.5,6.7,10.5,1016.2,1012.8,69.0,79.0,44.0
2024-03-13,6000A,MELILLA,52,MELILLA,351635N,025723W,52.0,17.9,13.3,15.6,0.0,8.0,2.5,7.5,3.5,1013.1,1009.7,79.0,88.0,70.0
2024-03-14,6000A,MELILLA,52,MELILLA,351635N,025723W,52.0,20.7,12.1,16.4,0.0,25.0,1.7,6.7,10.6,1014.5,1012.1,66.0,90.0,51.0
2024-03-15,6000A,MELILLA,52,MELILLA,351635N,025723W,52.0,23.1,15.0,19.0,0.0,30.0,1.9,7.8,10.6,1017.9,1013.9,61.0,74.0,49.0
2024-03-16,6000A,MELILLA,52,MELILLA,351635N,025723W,52.0,23.7,13.3,18.5,0.0,8.0,1.9,6.1,10.6,1018.8,1016.8,63.0,78.0,43.0
2024-03-17,6000A,MELILLA,52,MELILLA,351635N,025723W,52.0,22.0,14.2,18.1,0.0,30.0,2.2,5.8,10.1,1016.8,1012.9,71.0,89.0,51.0
2024-03-18,6000A,MELILLA,52,MELILLA,351635N,025723W,52.0,20.0,13.9,17.0,0.0,31.0,1.9,6.4,7.0,1013.6,1009.3,78.0,88.0,65.0
2024-03-19,6000A,MELILLA,52,MELILLA,351635N,025723W,52.0,26.1,16.1,21.1,0.0,27.0,1.9,6.7,7.7,1010.9,1007.2,71.0,91.0,37.0
2024-03-20,6000A,MELILLA,52,MELILLA,351635N,025723W,52.0,21.2,15.8,18.5,0.0,26.0,3.3,12.5,8.6,1010.3,1005.7,73.0,91.0,61.0
2024-03-21,6000A,MELILLA,52,MELILLA,351635N,025723W,52.0,18.7,16.5,17.6,0.0,8.0,5.0,11.4,0.0,1009.8,1007.0,85.0,88.0,79.0
2024-03-22,6000A,MELILLA,52,MELILLA,351635N,025723W,52.0,18.2,16.6,17.4,0.0,10.0,4.4,8.9,0.0,1009.4,1005.7,85.0,89.0,81.0
2024-03-23,6000A,MELILLA,52,MELILLA,351635N,025723W,52.0,19.9,15.5,17.7,0.0,99.0,2.8,6.4,2.6,1008.2,1005.1,81.0,88.0,73.0
2024-03-24,6000A,MELILLA,52,MELILLA,351635N,025723W,52.0,18.2,16.0,17.1,2.4,11.0,4.2,12.2,0.0,1006.5,998.5,88.0,93.0,73.0
2024-03-25,6000A,MELILLA,52,MELILLA,351635N,025723W,52.0,22.4,15.5,19.0,6.8,25.0,3.1,8.1,8.3,1001.5,992.9,65.0,91.0,39.0
2024-03-26,6000A,MELILLA,52,MELILLA,351635N,025723W,52.0,16.8,10.9,13.8,8.8,26.0,5.0,17.8,4.0,1001.5,992.1,69.0,90.0,47.0
2024-03-27,6000A,MELILLA,52,MELILLA,351635N,025723W,52.0,21.2,13.9,17.6,0.0,26.0,3.3,17.2,7.5,1004.6,1000.9,58.0,70.0,43.0
2024-03-28,6000A,MELILLA,52,MELILLA,351635N,025723W,52.0,24.9,13.1,19.0,0.0,31.0,1.9,7.2,9.4,1004.4,999.8,43.0,73.0,28.0
2024-03-29,6000A,MELILLA,52,MELILLA,351635N,025723W,52.0,25.1,12.8,19.0,,26.0,3.3,18.6,6.4,999.8,993.9,68.0,85.0,31.0
2024-03-30,6000A,MELILLA,52,MELILLA,351635N,025723W,52.0,23.0,12.8,17.9,0.4,24.0,5.6,17.8,4.6,997.7,991.7,48.0,79.0,32.0
2024-03-31,6000A,MELILLA,52,MELILLA,351635N,025723W,52.0,23.9,12.1,18.0,2.8,21.0,6.1,20.8,5.5,1006.4,992.6,63.0,86.0,41.0
2024-04-01,6000A,MELILLA,52,MELILLA,351635N,025723W,52.0,20.9,12.3,16.6,0.0,26.0,2.8,13.1,10.9,1015.1,1005.5,51.0,82.0,37.0
2024-04-02,6000A,MELILLA,52,MELILLA,351635N,025723W,52.0,19.9,11.7,15.8,0.0,9.0,1.7,6.4,8.7,1014.8,1012.1,61.0,82.0,46.0
2024-04-03,6000A,MELILLA,52,MELILLA,351635N,025723W,52.0,23.0,13.1,18.0,0.0,5.0,2.5,5.8,11.5,1015.8,1012.9,64.0,83.0,42.0
2024-04-04,6000A,MELILLA,52,MELILLA,351635N,025723W,52.0,21.5,12.4,17.0,0.0,11.0,2.5,6.1,11.6,1014.6,1011.2,63.0,85.0,51.0
2024-04-05,6000A,MELILLA,52,MELILLA,351635N,025723W,52.0,20.0,15.1,17.6,0.0,5.0,2.2,6.4,9.7,1012.6,1007.6,72.0,90.0,53.0
2024-04-06,6000A,MELILLA,52,MELILLA,351635N,025723W,52.0,30.9,15.4,23.2,0.0,99.0,2.2,8.3,6.2,1007.6,1003.7,72.0,87.0,26.0
2024-04-07,6000A,MELILLA,52,MELILLA,351635N,025723W,52.0,23.5,16.7,20.1,0.0,28.0,3.6,11.1,3.0,1008.1,1004.8,65.0,84.0,54.0
2024-04-08,6000A,MELILLA,52,MELILLA,351635N,025723W,52.0,22.0,17.8,19.9,0.0,27.0,5.8,16.7,10.8,1013.1,1006.9,56.0,67.0,44.0
2024-04-09,6000A,MELILLA,52,MELILLA,351635N,025723W,52.0,22.0,13.9,18.0,0.0,25.0,3.6,14.7,11.4,1021.5,1012.5,55.0,74.0,36.0
2024-04-10,6000A,MELILLA,52,MELILLA,351635N,025723W,52.0,20.0,12.6,16.3,0.0,11.0,3.6,8.3,11.5,1022.6,1019.4,64.0,88.0,41.0
2024-04-11,6000A,MELILLA,52,MELILLA,351635N,025723W,52.0,20.8,12.9,16.8,0.0,4.0,3.3,8.1,11.8,1024.0,1017.6,63.0,74.0,42.0
2024-04-12,6000A,MELILLA,52,MELILLA,351635N,025723W,52.0,19.9,14.6,17.2,0.0,6.0,5.0,8.9,10.7,1025.3,1022.0,64.0,78.0,54.0
2024-04-13,6000A,MELILLA,52,MELILLA,351635N,025723W,52.0,20.4,13.5,17.0,0.0,12.0,3.3,8.3,11.6,1022.1,1018.0,67.0,81.0,54.0
2024-04-14,6000A,MELILLA,52,MELILLA,351635N,025723W,52.0,21.0,13.8,17.4,0.0,9.0,2.2,7.5,11.6,1019.5,1015.8,72.0,85.0,55.0
2024-04-15,6000A,MELILLA,52,MELILLA,351635N,025723W,52.0,25.5,14.1,19.8,0.0,6.0,1.9,6.4,11.4,1015.9,1011.3,50.0,83.0,26.0
2024-04-16,6000A,MELILLA,52,MELILLA,351635N,025723W,52.0,31.7,16.8,24.2,0.0,99.0,1.9,7.2,11.9,1011.7,1006.3,31.0,53.0,21.0
2024-04-17,6000A,MELILLA,52,MELILLA,351635N,025723W,52.0,28.6,17.9,23.2,0.0,3.0,3.6,10.0,11.1,1008.4,1004.9,60.0,84.0,25.0
2024-04-18,6000A,MELILLA,52,MELILLA,351635N,025723W,52.0,21.1,17.8,19.4,0.0,4.0,2.2,6.7,4.7,1011.3,1007.4,72.0,84.0,59.0
2024-04-19,6000A,MELILLA,52,MELILLA,351635N,025723W,52.0,20.8,16.2,18.5,,10.0,6.4,12.2,8.7,1013.3,1010.1,67.0,83.0,60.0
2024-04-20,6000A,MELILLA,52,MELILLA,351635N,025723W,52.0,17.0,15.2,16.1,1.4,10.0,3.1,8.3,0.0,1010.1,1007.2,80.0,88.0,72.0
2024-04-21,6000A,MELILLA,52,MELILLA,351635N,025723W,52.0,17.9,13.5,15.7,0.8,5.0,4.2,10.0,0.0,1009.6,1007.2,75.0,86.0,69.0
2024-04-22,6000A,MELILLA,52,MELILLA,351635N,025723W,52.0,21.2,11.6,16.4,0.0,99.0,1.9,6.7,11.7,1008.9,1005.7,69.0,88.0,48.0
2024-04-23,6000A,MELILLA,52,MELILLA,351635N,025723W,52.0,20.1,14.9,17.5,0.0,8.0,3.6,7.8,11.8,1011.0,1007.7,70.0,86.0,59.0
2024-04-24,6000A,MELILLA,52,MELILLA,351635N,025723W,52.0,21.3,13.0,17.2,0.0,7.0,2.5,8.1,11.0,1012.1,1007.2,64.0,84.0,53.0
2024-04-25,6000A,MELILLA,52,MELILLA,351635N,025723W,52.0,24.3,12.5,18.4,0.0,26.0,2.5,10.8,11.1,1007.2,1001.6,48.0,82.0,29.0
2024-04-26,6000A,MELILLA,52,MELILLA,351635N,025723W,52.0,22.3,16.6,19.4,0.0,25.0,3.6,11.1,12.2,1003.8,1000.6,55.0,63.0,44.0
2024-04-27,6000A,MELILLA,52,MELILLA,351635N,025723W,52.0,22.8,14.8,18.8,5.0,28.0,3.3,12.8,10.1,1004.7,999.4,55.0,83.0,36.0
2024-04-28,6000A,MELILLA,52,MELILLA,351635N,025723W,52.0,16.9,14.0,15.4,4.4,25.0,1.9,5.8,0.0,1009.1,1003.8,80.0,89.0,63.0
2024-04-29,6000A,MELILLA,52,MELILLA,351635N,025723W,52.0,20.9,13.8,17.4,0.0,28.0,3.3,10.6,9.3,1012.4,1007.7,58.0,78.0,36.0
2024-04-30,6000A,MELILLA,52,MELILLA,351635N,025723W,52.0,21.2,14.6,17.9,0.0,27.0,4.4,14.2,12.2,1013.2,1010.5,53.0,75.0,30.0
2024-05-01,6000A,MELILLA,52,MELILLA,351635N,025723W,52.0,23.5,14.5,19.0,0.0,28.0,3.3,14.2,8.1,1012.9,1008.1,57.0,71.0,32.0
2024-05-02,6000A,MELILLA,52,MELILLA,351635N,025723W,52.0,20.2,14.3,17.2,0.0,28.0,2.8,10.3,12.2,1013.6,1011.6,50.0,65.0,36.0
2024-05-03,6000A,MELILLA,52,MELILLA,351635N,025723W,52.0,21.5,14.7,18.1,0.0,26.0,2.5,6.4,12.3,1014.2,1012.4,52.0,77.0,40.0
2024-05-04,6000A,MELILLA,52,MELILLA,351635N,025723W,52.0,23.0,12.8,17.9,0.0,8.0,2.2,5.3,12.5,1012.8,1010.4,54.0,82.0,39.0
2024-05-05,6000A,MELILLA,52,MELILLA,351635N,025723W,52.0,27.7,16.7,22.2,0.0,26.0,3.3,11.9,11.5,1010.9,1006.9,33.0,59.0,17.0
2024-05-06,6000A,MELILLA,52,MELILLA,351635N,025723W,52.0,24.3,17.9,21.1,0.0,26.0,4.4,14.2,5.2,1008.8,1006.5,61.0,81.0,39.0
2024-05-07,6000A,MELILLA,52,MELILLA,351635N,025723W,52.0,25.3,17.4,21.4,0.0,2.0,3.1,11.7,10.1,1012.8,1008.5,66.0,86.0,40.0
2024-05-08,6000A,MELILLA,52,MELILLA,351635N,025723W,52.0,21.8,17.1,19.4,0.0,8.0,4.4,9.4,7.3,1013.1,1011.1,76.0,86.0,66.0
2024-05-09,6000A,MELILLA,52,MELILLA,351635N,025723W,52.0,21.9,16.8,19.4,0.0,4.0,4.4,8.1,7.8,1011.9,1009.7,71.0,85.0,61.0
2024-05-10,6000A,MELILLA,52,MELILLA,351635N,025723W,52.0,21.4,16.2,18.8,0.0,10.0,4.4,9.4,4.1,1011.1,1008.4,77.0,91.0,69.0
2024-05-11,6000A,MELILLA,52,MELILLA,351635N,025723W,52.0,22.0,17.3,19.6,0.0,9.0,3.6,7.8,2.6,1010.1,1008.3,81.0,89.0,70.0
2024-05-12,6000A,MELILLA,52,MELILLA,351635N,025723W,52.0,22.8,17.3,20.0,0.0,2.0,2.8,7.2,8.4,1010.9,1008.1,73.0,88.0,60.0
2024-05-13,6000A,MELILLA,52,MELILLA,351635N,025723W,52.0,26.5,16.2,21.4,0.0,25.0,2.2,10.6,12.3,1009.1,1003.4,74.0,91.0,32.0
2024-05-14,6000A,MELILLA,52,MELILLA,351635N,025723W,52.0,23.6,18.1,20.8,0.0,26.0,6.7,15.3,12.5,1004.9,1002.1,56.0,71.0,45.0
2024-05-15,6000A,MELILLA,52,MELILLA,351635N,025723W,52.0,22.1,17.1,19.6,0.0,27.0,5.3,14.7,12.4,1005.6,1002.9,47.0,65.0,39.0
2024-05-16,6000A,MELILLA,52,MELILLA,351635N,025723W,52.0,22.7,16.4,19.6,0.0,30.0,4.4,11.7,12.5,1006.9,1004.0,43.0,70.0,33.0
2024-05-17,6000A,MELILLA,52,MELILLA,351635N,025723W,52.0,23.8,16.7,20.2,0.0,26.0,4.2,11.7,12.6,1006.7,1003.6,61.0,77.0,50.0
2024-05-18,6000A,MELILLA,52,MELILLA,351635N,025723W,52.0,24.3,16.9,20.6,0.0,24.0,3.9,10.6,8.9,1006.6,1004.4,48.0,78.0,41.0
2024-05-19,6000A,MELILLA,52,MELILLA,351635N,025723W,52.0,24.0,17.5,20.8,0.0,26.0,3.6,12.2,5.8,1006.9,1003.4,53.0,68.0,33.0
2024-05-20,6000A,MELILLA,52,MELILLA,351635N,025723W,52.0,23.0,16.4,19.7,0.0,26.0,4.4,14.7,12.7,1009.9,1006.1,51.0,69.0,42.0
2024-05-21,6000A,MELILLA,52,MELILLA,351635N,025723W,52.0,23.6,16.2,19.9,0.0,24.0,4.4,13.3,12.8,1012.5,1009.8,45.0,76.0,36.0
2024-05-22,6000A,MELILLA,52,MELILLA,351635N,025723W,52.0,26.9,17.8,22.4,0.0,25.0,3.1,12.5,12.7,1012.4,1009.0,36.0,78.0,28.0
2024-05-23,6000A,MELILLA,52,MELILLA,351635N,025723W,52.0,24.0,17.5,20.8,0.0,7.0,2.2,8.6,6.1,1009.4,1006.8,74.0,89.0,34.0
2024-05-24,6000A,MELILLA,52,MELILLA,351635N,025723W,52.0,20.7,18.3,19.5,0.0,7.0,3.1,7.5,0.2,1011.4,1006.9,85.0,95.0,81.0
2024-05-25,6000A,MELILLA,52,MELILLA,351635N,025723W,52.0,23.3,18.3,20.8,0.0,6.0,3.1,6.9,7.7,1012.1,1009.6,77.0,95.0,60.0
2024-05-26,6000A,MELILLA,52,MELILLA,351635N,025723W,52.0,25.3,18.2,21.8,0.0,7.0,3.1,6.9,9.0,1011.5,1009.1,78.0,93.0,49.0
2024-05-27,6000A,MELILLA,52,MELILLA,351635N,025723W,52.0,25.8,18.8,22.3,0.0,2.0,2.2,6.1,11.9,1010.7,1008.7,69.0,93.0,62.0
2024-05-28,6000A,MELILLA,52,MELILLA,351635N,025723W,52.0,24.5,19.4,22.0,0.0,6.0,3.3,6.9,6.1,1013.1,1009.8,80.0,95.0,65.0
2024-05-29,6000A,MELILLA,52,MELILLA,351635N,025723W,52.0,23.9,18.7,21.3,0.0,7.0,3.3,7.5,4.9,1012.0,1007.7,80.0,91.0,65.0
2024-05-30,6000A,MELILLA,52,MELILLA,351635N,025723W,52.0,28.3,18.6,23.4,0.0,99.0,1.9,5.3,6.1,1007.7,1002.3,60.0,92.0,23.0
2024-05-31,6000A,MELILLA,52,MELILLA,351635N,025723W,52.0,24.7,18.4,21.6,0.0,6.0,3.6,7.8,6.3,1006.7,1001.5,79.0,95.0,67.0
2024-06-01,6000A,MELILLA,52,MELILLA,351635N,025723W,52.0,22.1,18.9,20.5,0.0,6.0,4.2,8.3,0.0,1009.8,1005.5,83.0,96.0,78.0
2024-06-02,6000A,MELILLA,52,MELILLA,351635N,025723W,52.0,23.2,18.4,20.8,0.0,4.0,4.4,9.4,2.1,1010.9,1008.5,80.0,97.0,71.0
2024-06-03,6000A,MELILLA,52,MELILLA,351635N,025723W,52.0,23.5,18.8,21.2,0.0,6.0,3.9,9.2,5.2,1010.3,1008.0,79.0,89.0,70.0
2024-06-04,6000A,MELILLA,52,MELILLA,351635N,025723W,52.0,24.2,19.0,21.6,0.0,5.0,3.1,7.2,11.0,1009.8,1007.6,73.0,88.0,63.0
2024-06-05,6000A,MELILLA,52,MELILLA,351635N,025723W,52.0,23.9,19.3,21.6,0.2,8.0,3.1,7.8,10.3,1009.9,1006.9,74.0,86.0,65.0
2024-06-06,6000A,MELILLA,52,MELILLA,351635N,025723W,52.0,25.2,20.2,22.7,0.0,11.0,3.1,8.9,7.5,1008.4,1003.7,80.0,92.0,68.0
2024-06-07,6000A,MELILLA,52,MELILLA,351635N,025723W,52.0,26.6,19.7,23.2,0.0,26.0,2.5,12.5,8.0,1008.3,1004.1,70.0,87.0,59.0
2024-06-08,6000A,MELILLA,52,MELILLA,351635N,025723W,52.0,25.5,19.8,22.6,0.0,26.0,3.6,11.9,7.3,1008.5,1005.6,66.0,83.0,48.0
2024-06-09,6000A,MELILLA,52,MELILLA,351635N,025723W,52.0,25.9,19.1,22.5,0.0,26.0,4.2,12.2,12.5,1008.2,1004.9,60.0,80.0,43.0
2024-06-10,6000A,MELILLA,52,MELILLA,351635N,025723W,52.0,26.3,19.4,22.8,3.2,26.0,4.7,12.8,11.1,1006.8,1004.6,58.0,77.0,48.0
2024-06-11,6000A,MELILLA,52,MELILLA,351635N,025723W,52.0,26.2,18.9,22.6,,26.0,3.3,11.7,10.0,1010.4,1006.3,63.0,87.0,49.0
2024-06-12,6000A,MELILLA,52,MELILLA,351635N,025723W,52.0,26.8,19.2,23.0,0.0,27.0,1.9,7.5,12.6,1013.2,1009.2,59.0,80.0,45.0
2024-06-13,6000A,MELILLA,52,MELILLA,351635N,025723W,52.0,24.5,18.1,21.3,0.0,8.0,2.8,6.9,12.1,1014.3,1010.9,73.0,87.0,62.0
2024-06-14,6000A,MELILLA,52,MELILLA,351635N,025723W,52.0,26.6,19.4,23.0,0.0,30.0,2.8,9.2,11.5,1010.9,1006.8,71.0,90.0,61.0
2024-06-15,6000A,MELILLA,52,MELILLA,351635N,025723W,52.0,30.2,22.4,26.3,0.0,26.0,4.2,12.5,7.8,1008.3,1006.2,56.0,87.0,36.0
2024-06-16,6000A,MELILLA,52,MELILLA,351635N,025723W,52.0,29.8,20.7,25.2,0.0,27.0,3.1,10.3,13.2,1008.1,1006.0,35.0,77.0,19.0
2024-06-17,6000A,MELILLA,52,MELILLA,351635N,025723W,52.0,29.5,18.3,23.9,0.0,32.0,2.2,6.9,12.9,1007.5,1004.5,48.0,77.0,29.0
2024-06-18,6000A,MELILLA,52,MELILLA,351635N,025723W,52.0,26.8,19.0,22.9,0.0,26.0,3.6,11.7,12.7,1010.1,1005.3,52.0,77.0,41.0
2024-06-19,6000A,MELILLA,52,MELILLA,351635N,025723W,52.0,25.7,19.7,22.7,0.0,25.0,3.6,11.7,11.4,1012.0,1008.6,60.0,81.0,40.0
2024-06-20,6000A,MELILLA,52,MELILLA,351635N,025723W,52.0,25.3,18.8,22.0,0.0,27.0,4.2,12.5,12.3,1013.4,1010.8,52.0,78.0,36.0
2024-06-21,6000A,MELILLA,52,MELILLA,351635N,025723W,52.0,26.9,20.1,23.5,0.0,3.0,2.5,7.5,13.3,1014.4,1012.2,44.0,81.0,36.0
2024-06-22,6000A,MELILLA,52,MELILLA,351635N,025723W,52.0,27.0,17.3,22.2,0.0,5.0,2.2,6.1,13.3,1014.1,1009.7,52.0,82.0,41.0
2024-06-23,6000A,MELILLA,52,MELILLA,351635N,025723W,52.0,26.4,19.2,22.8,0.0,10.0,2.8,7.2,13.3,1009.7,1005.8,63.0,83.0,54.0
2024-06-24,6000A,MELILLA,52,MELILLA,351635N,025723W,52.0,25.9,20.5,23.2,0.0,99.0,3.9,7.5,6.5,1006.9,1004.5,78.0,91.0,63.0
2024-06-25,6000A,MELILLA,52,MELILLA,351635N,025723W,52.0,25.7,20.9,23.3,0.0,7.0,2.2,6.7,9.3,1006.0,1002.2,72.0,90.0,64.0
2024-06-26,6000A,MELILLA,52,MELILLA,351635N,025723W,52.0,26.1,20.8,23.4,0.0,34.0,2.5,7.2,1.6,1005.6,1002.0,74.0,90.0,65.0
2024-06-27,6000A,MELILLA,52,MELILLA,351635N,025723W,52.0,25.7,20.3,23.0,0.0,30.0,2.5,8.9,5.4,1008.2,1004.7,69.0,84.0,54.0
2024-06-28,6000A,MELILLA,52,MELILLA,351635N,025723W,52.0,27.1,20.3,23.7,0.0,27.0,3.6,12.5,9.4,1011.9,1006.9,59.0,71.0,49.0
2024-06-29,6000A,MELILLA,52,MELILLA,351635N,025723W,52.0,27.8,19.8,23.8,0.0,27.0,3.3,11.1,13.0,1012.2,1008.6,58.0,80.0,45.0
2024-06-30,6000A,MELILLA,52,MELILLA,351635N,025723W,52.0,27.2,19.5,23.4,0.0,26.0,3.6,11.4,12.1,1009.3,1006.4,58.0,88.0,38.0
2024-07-01,6000A,MELILLA,52,MELILLA,351635N,025723W,52.0,29.1,20.9,25.0,0.0,26.0,4.7,12.8,13.1,1012.5,1008.5,52.0,81.0,39.0
2024-07-02,6000A,MELILLA,52,MELILLA,351635N,025723W,52.0,27.1,19.1,23.1,0.0,8.0,2.8,6.1,12.8,1011.7,1007.9,64.0,83.0,49.0
2024-07-03,6000A,MELILLA,52,MELILLA,351635N,025723W,52.0,29.9,19.7,24.8,0.0,4.0,2.8,6.4,13.0,1008.5,1005.3,68.0,87.0,36.0
2024-07-04,6000A,MELILLA,52,MELILLA,351635N,025723W,52.0,28.8,22.2,25.5,0.0,6.0,2.5,7.2,12.2,1006.7,1004.0,64.0,80.0,43.0
2024-07-05,6000A,MELILLA,52,MELILLA,351635N,025723W,52.0,26.9,22.3,24.6,0.0,3.0,3.6,8.6,7.6,1006.5,1004.5,73.0,85.0,65.0
2024-07-06,6000A,MELILLA,52,MELILLA,351635N,025723W,52.0,27.3,21.7,24.5,0.0,26.0,4.2,13.3,10.2,1006.5,1004.0,68.0,87.0,49.0
2024-07-07,6000A,MELILLA,52,MELILLA,351635N,025723W,52.0,28.4,21.7,25.0,0.0,26.0,3.9,12.2,13.0,1008.4,1003.9,56.0,67.0,47.0
2024-07-08,6000A,MELILLA,52,MELILLA,351635N,025723W,52.0,26.3,19.9,23.1,0.0,6.0,2.5,7.8,12.7,1010.9,1008.4,65.0,81.0,56.0
2024-07-09,6000A,MELILLA,52,MELILLA,351635N,025723W,52.0,,,,0.0,,2.8,,10.0,,,68.0,,
2024-07-10,6000A,MELILLA,52,MELILLA,351635N,025723W,52.0,29.0,21.0,25.0,0.0,7.0,2.2,5.6,12.4,1011.9,1009.2,66.0,89.0,52.0
2024-07-11,6000A,MELILLA,52,MELILLA,351635N,025723W,52.0,32.0,22.3,27.2,0.0,34.0,2.2,5.8,12.2,1011.1,1008.0,58.0,80.0,32.0
2024-07-12,6000A,MELILLA,52,MELILLA,351635N,025723W,52.0,36.4,25.6,31.0,0.0,28.0,3.6,11.1,11.8,1008.1,1003.5,32.0,76.0,24.0
2024-07-13,6000A,MELILLA,52,MELILLA,351635N,025723W,52.0,32.8,24.3,28.6,0.0,26.0,2.5,8.6,12.1,1006.5,1003.5,29.0,75.0,22.0
2024-07-14,6000A,MELILLA,52,MELILLA,351635N,025723W,52.0,33.1,20.7,26.9,0.0,26.0,2.2,9.2,12.4,1008.4,1006.2,26.0,60.0,10.0
2024-07-15,6000A,MELILLA,52,MELILLA,351635N,025723W,52.0,33.9,23.7,28.8,0.0,26.0,3.1,11.4,12.2,1009.2,1006.4,19.0,42.0,8.0
2024-07-16,6000A,MELILLA,52,MELILLA,351635N,025723W,52.0,33.9,23.9,28.9,0.0,26.0,3.3,11.1,12.1,1009.3,1006.3,39.0,74.0,31.0
2024-07-17,6000A,MELILLA,52,MELILLA,351635N,025723W,52.0,28.4,22.8,25.6,0.0,6.0,2.8,8.3,9.3,1011.0,1007.4,79.0,91.0,67.0
2024-07-18,6000A,MELILLA,52,MELILLA,351635N,025723W,52.0,28.3,24.0,26.2,0.0,5.0,3.6,8.1,4.6,1012.6,1009.1,83.0,94.0,74.0
2024-07-19,6000A,MELILLA,52,MELILLA,351635N,025723W,52.0,30.1,24.7,27.4,0.0,6.0,2.2,6.7,10.3,1012.0,1008.7,82.0,93.0,70.0
2024-07-20,6000A,MELILLA,52,MELILLA,351635N,025723W,52.0,36.0,25.3,30.6,0.0,26.0,3.3,12.5,11.7,1008.7,1002.8,48.0,95.0,20.0
2024-07-21,6000A,MELILLA,52,MELILLA,351635N,025723W,52.0,33.0,26.0,29.5,0.0,27.0,5.3,12.8,12.6,1008.0,1004.2,35.0,65.0,23.0
2024-07-22,6000A,MELILLA,52,MELILLA,351635N,025723W,52.0,29.1,22.7,25.9,0.0,10.0,3.3,7.5,10.4,1012.2,1007.9,73.0,88.0,50.0
2024-07-23,6000A,MELILLA,52,MELILLA,351635N,025723W,52.0,28.7,23.1,25.9,0.0,8.0,4.2,7.8,11.3,1013.4,1011.4,74.0,90.0,65.0
2024-07-24,6000A,MELILLA,52,MELILLA,351635N,025723W,52.0,29.8,23.1,26.4,0.0,5.0,2.8,6.9,11.2,1012.1,1007.6,75.0,93.0,51.0
2024-07-25,6000A,MELILLA,52,MELILLA,351635N,025723W,52.0,34.2,22.9,28.6,0.0,31.0,2.2,8.3,11.0,1007.6,1002.7,68.0,94.0,36.0
2024-07-26,6000A,MELILLA,52,MELILLA,351635N,025723W,52.0,30.9,22.8,26.8,0.0,4.0,2.5,6.4,12.5,1006.1,1002.5,50.0,88.0,46.0
2024-07-27,6000A,MELILLA,52,MELILLA,351635N,025723W,52.0,29.7,23.5,26.6,0.0,4.0,2.5,7.2,10.8,1007.7,1004.7,76.0,91.0,60.0
2024-07-28,6000A,MELILLA,52,MELILLA,351635N,025723W,52.0,29.6,24.7,27.2,0.0,6.0,3.9,12.2,3.1,1009.7,1004.8,85.0,92.0,72.0
2024-07-29,6000A,MELILLA,52,MELILLA,351635N,025723W,52.0,29.7,25.1,27.4,0.0,8.0,5.0,8.9,4.5,1009.0,1004.7,86.0,95.0,76.0
2024-07-30,6000A,MELILLA,52,MELILLA,351635N,025723W,52.0,29.5,24.8,27.2,0.0,1.0,3.3,9.2,6.7,1008.7,1005.9,74.0,91.0,64.0
2024-07-31,6000A,MELILLA,52,MELILLA,351635N,025723W,52.0,30.3,24.0,27.2,0.0,30.0,2.2,6.7,9.6,1008.4,1006.1,78.0,93.0,56.0
2024-08-01,6000A,MELILLA,52,MELILLA,351635N,025723W,52.0,37.6,25.0,31.3,0.0,26.0,2.8,10.0,8.2,1007.2,1004.3,40.0,91.0,17.0
2024-08-02,6000A,MELILLA,52,MELILLA,351635N,025723W,52.0,35.7,28.6,32.2,0.0,26.0,6.7,14.7,11.7,1005.9,1003.5,25.0,38.0,20.0
2024-08-03,6000A,MELILLA,52,MELILLA,351635N,025723W,52.0,31.9,24.6,28.2,0.0,25.0,2.5,10.0,12.4,1007.3,1004.4,54.0,91.0,21.0
2024-08-04,6000A,MELILLA,52,MELILLA,351635N,025723W,52.0,29.7,23.7,26.7,0.0,2.0,2.8,6.9,11.0,1008.3,1005.9,72.0,88.0,62.0
2024-08-05,6000A,MELILLA,52,MELILLA,351635N,025723W,52.0,30.1,23.7,26.9,0.0,4.0,2.8,6.9,10.2,1006.8,1004.2,72.0,90.0,61.0
2024-08-06,6000A,MELILLA,52,MELILLA,351635N,025723W,52.0,31.3,24.6,28.0,0.0,99.0,2.5,5.8,10.8,1005.4,1002.5,70.0,90.0,54.0
2024-08-07,6000A,MELILLA,52,MELILLA,351635N,025723W,52.0,30.6,23.5,27.0,0.0,6.0,2.5,6.1,11.4,1006.0,1002.7,68.0,89.0,47.0
2024-08-08,6000A,MELILLA,52,MELILLA,351635N,025723W,52.0,30.4,25.1,27.8,0.0,2.0,3.1,7.5,11.0,1009.3,1005.5,72.0,90.0,62.0
2024-08-09,6000A,MELILLA,52,MELILLA,351635N,025723W,52.0,30.1,25.0,27.6,0.0,6.0,3.1,7.5,9.6,1010.9,1008.9,74.0,91.0,62.0
2024-08-10,6000A,MELILLA,52,MELILLA,351635N,025723W,52.0,30.6,26.1,28.4,0.0,7.0,3.1,7.5,7.4,1010.3,1007.4,76.0,90.0,63.0
2024-08-11,6000A,MELILLA,52,MELILLA,351635N,025723W,52.0,29.9,25.6,27.8,0.0,8.0,3.6,7.2,4.4,1007.6,1005.3,82.0,93.0,74.0
2024-08-12,6000A,MELILLA,52,MELILLA,351635N,025723W,52.0,30.9,25.4,28.2,0.0,3.0,2.5,7.2,10.0,1007.6,1004.6,79.0,93.0,65.0
2024-08-13,6000A,MELILLA,52,MELILLA,351635N,025723W,52.0,34.2,23.7,29.0,0.0,25.0,4.7,14.7,10.8,1005.4,1003.2,44.0,94.0,28.0
2024-08-14,6000A,MELILLA,52,MELILLA,351635N,025723W,52.0,31.5,24.3,27.9,0.0,25.0,2.5,12.8,12.2,1007.7,1004.0,41.0,62.0,26.0
2024-08-15,6000A,MELILLA,52,MELILLA,351635N,025723W,52.0,28.4,22.2,25.3,0.0,5.0,2.8,8.1,10.6,1009.3,1007.0,74.0,84.0,60.0
2024-08-16,6000A,MELILLA,52,MELILLA,351635N,025723W,52.0,29.1,24.3,26.7,0.0,9.0,4.7,9.2,9.7,1010.3,1008.5,74.0,85.0,64.0
2024-08-17,6000A,MELILLA,52,MELILLA,351635N,025723W,52.0,29.2,23.8,26.5,0.0,6.0,3.1,6.7,11.5,1010.4,1006.8,70.0,88.0,47.0
2024-08-18,6000A,MELILLA,52,MELILLA,351635N,025723W,52.0,34.7,21.6,28.2,0.0,12.0,1.4,5.6,11.9,1008.0,1003.7,52.0,89.0,27.0
2024-08-19,6000A,MELILLA,52,MELILLA,351635N,025723W,52.0,30.9,23.5,27.2,0.0,4.0,2.5,7.2,11.3,1007.1,1003.9,78.0,97.0,42.0
2024-08-20,6000A,MELILLA,52,MELILLA,351635N,025723W,52.0,30.1,24.4,27.2,0.0,6.0,2.2,6.1,11.2,1008.2,1005.5,74.0,88.0,63.0
2024-08-21,6000A,MELILLA,52,MELILLA,351635N,025723W,52.0,28.2,24.2,26.2,1.2,16.0,3.1,8.3,2.5,1010.8,1006.8,85.0,92.0,71.0
2024-08-22,6000A,MELILLA,52,MELILLA,351635N,025723W,52.0,30.4,22.9,26.6,0.0,24.0,2.5,8.3,11.3,1010.0,1006.0,71.0,95.0,57.0
2024-08-23,6000A,MELILLA,52,MELILLA,351635N,025723W,52.0,31.2,23.0,27.1,0.0,8.0,2.8,6.7,11.7,1008.2,1005.6,64.0,83.0,42.0
2024-08-24,6000A,MELILLA,52,MELILLA,351635N,025723W,52.0,30.5,25.2,27.8,0.0,3.0,3.1,7.2,10.1,,,79.0,91.0,68.0
2024-08-25,6000A,MELILLA,52,MELILLA,351635N,025723W,52.0,29.8,24.6,27.2,0.0,2.0,2.5,7.5,8.1,,,81.0,91.0,68.0
2024-08-26,6000A,MELILLA,52,MELILLA,351635N,025723W,52.0,29.8,25.5,27.6,0.0,6.0,4.2,7.8,7.2,,,83.0,92.0,73.0
2024-08-27,6000A,MELILLA,52,MELILLA,351635N,025723W,52.0,29.4,24.6,27.0,0.0,7.0,3.6,6.9,6.6,,,82.0,92.0,72.0
2024-08-28,6000A,MELILLA,52,MELILLA,351635N,025723W,52.0,29.2,23.9,26.6,1.2,9.0,3.6,7.5,7.4,,,80.0,92.0,69.0
2024-08-29,6000A,MELILLA,52,MELILLA,351635N,025723W,52.0,28.9,24.9,26.9,0.8,9.0,3.3,8.6,2.0,,,86.0,93.0,78.0
2024-08-30,6000A,MELILLA,52,MELILLA,351635N,025723W,52.0,29.1,25.2,27.2,,7.0,5.6,11.4,3.9,,,86.0,95.0,75.0
2024-08-31,6000A,MELILLA,52,MELILLA,351635N,025723W,52.0,30.7,25.3,28.0,0.2,5.0,3.6,7.5,5.7,,,83.0,94.0,60.0
2024-09-01,6000A,MELILLA,52,MELILLA,351635N,025723W,52.0,29.6,25.3,27.4,0.0,6.0,2.5,5.8,7.0,,,75.0,90.0,68.0
2024-09-02,6000A,MELILLA,52,MELILLA,351635N,025723W,52.0,30.1,23.7,26.9,0.0,2.0,2.2,7.2,10.4,,,68.0,90.0,50.0
2024-09-03,6000A,MELILLA,52,MELILLA,351635N,025723W,52.0,30.2,23.1,26.6,0.0,2.0,2.8,6.4,10.8,,,71.0,90.0,63.0
2024-09-04,6000A,MELILLA,52,MELILLA,351635N,025723W,52.0,29.9,22.6,26.2,0.0,30.0,1.9,8.9,10.5,,,59.0,86.0,31.0
2024-09-05,6000A,MELILLA,52,MELILLA,351635N,025723W,52.0,28.3,20.4,24.4,0.0,6.0,2.2,7.2,11.5,,,71.0,85.0,60.0
2024-09-06,6000A,MELILLA,52,MELILLA,351635N,025723W,52.0,29.0,21.9,25.4,0.0,4.0,2.2,6.7,9.4,,,74.0,88.0,51.0
2024-09-07,6000A,MELILLA,52,MELILLA,351635N,025723W,52.0,31.0,24.7,27.8,0.2,26.0,4.4,14.2,7.6,,,62.0,80.0,30.0
2024-09-08,6000A,MELILLA,52,MELILLA,351635N,025723W,52.0,29.9,24.2,27.0,0.0,25.0,2.8,10.8,9.6,,,56.0,81.0,48.0
2024-09-09,6000A,MELILLA,52,MELILLA,351635N,025723W,52.0,29.7,22.8,26.2,0.0,26.0,3.3,10.0,11.4,1014.2,1011.6,50.0,73.0,36.0
2024-09-10,6000A,MELILLA,52,MELILLA,351635N,025723W,52.0,28.2,21.0,24.6,0.0,26.0,2.5,8.1,11.6,,,57.0,63.0,43.0
2024-09-11,6000A,MELILLA,52,MELILLA,351635N,025723W,52.0,28.6,20.6,24.6,0.0,14.0,2.2,7.2,4.5,,,58.0,69.0,39.0
2024-09-12,6000A,MELILLA,52,MELILLA,351635N,025723W,52.0,31.1,21.1,26.1,0.0,26.0,2.5,6.9,11.5,,,41.0,77.0,31.0
2024-09-13,6000A,MELILLA,52,MELILLA,351635N,025723W,52.0,28.1,21.7,24.9,0.0,8.0,3.9,10.8,9.5,1012.0,1006.5,62.0,85.0,40.0
2024-09-14,6000A,MELILLA,52,MELILLA,351635N,025723W,52.0,27.1,22.4,24.8,0.0,6.0,6.9,11.7,6.5,1014.0,1011.6,72.0,83.0,64.0
2024-09-15,6000A,MELILLA,52,MELILLA,351635N,025723W,52.0,25.8,21.6,23.7,0.4,9.0,3.6,8.1,10.5,1013.2,1009.5,67.0,84.0,59.0
2024-09-16,6000A,MELILLA,52,MELILLA,351635N,025723W,52.0,27.6,21.1,24.4,0.0,2.0,2.5,6.9,8.8,1009.5,1005.4,69.0,88.0,42.0
2024-09-17,6000A,MELILLA,52,MELILLA,351635N,025723W,52.0,26.5,20.7,23.6,0.0,6.0,3.1,7.5,7.1,1005.8,1003.7,72.0,85.0,58.0
2024-09-18,6000A,MELILLA,52,MELILLA,351635N,025723W,52.0,26.5,20.9,23.7,4.0,8.0,3.3,7.8,8.6,1006.8,1004.4,74.0,83.0,64.0
2024-09-19,6000A,MELILLA,52,MELILLA,351635N,025723W,52.0,25.9,19.8,22.8,2.4,16.0,3.6,10.3,7.0,1008.1,1005.4,77.0,92.0,65.0
2024-09-20,6000A,MELILLA,52,MELILLA,351635N,025723W,52.0,25.4,20.7,23.0,0.0,8.0,2.5,6.1,6.6,1007.5,1005.3,83.0,90.0,67.0
2024-09-21,6000A,MELILLA,52,MELILLA,351635N,025723W,52.0,27.2,21.6,24.4,0.0,25.0,1.9,13.6,6.3,1009.4,1005.2,78.0,91.0,67.0
2024-09-22,6000A,MELILLA,52,MELILLA,351635N,025723W,52.0,27.4,21.4,24.4,0.0,25.0,3.1,8.6,7.9,1010.9,1008.4,61.0,82.0,38.0
2024-09-23,6000A,MELILLA,52,MELILLA,351635N,025723W,52.0,28.0,20.8,24.4,0.0,30.0,3.3,9.7,6.4,1011.0,1008.6,52.0,80.0,36.0
2024-09-24,6000A,MELILLA,52,MELILLA,351635N,025723W,52.0,26.5,20.6,23.6,0.0,25.0,3.9,11.1,10.4,1011.0,1008.4,46.0,67.0,39.0
2024-09-25,6000A,MELILLA,52,MELILLA,351635N,025723W,52.0,29.3,20.1,24.7,0.0,27.0,3.6,8.6,10.8,1012.8,1010.3,48.0,71.0,32.0
2024-09-26,6000A,MELILLA,52,MELILLA,351635N,025723W,52.0,27.9,20.6,24.2,0.0,24.0,5.0,14.7,11.1,1011.6,1008.8,69.0,83.0,46.0
2024-09-27,6000A,MELILLA,52,MELILLA,351635N,025723W,52.0,27.0,21.4,24.2,0.0,26.0,5.6,14.4,11.0,1012.0,1009.4,62.0,80.0,52.0
2024-09-28,6000A,MELILLA,52,MELILLA,351635N,025723W,52.0,26.3,20.5,23.4,0.0,26.0,3.6,10.0,7.3,1015.1,1010.8,69.0,88.0,38.0
2024-09-29,6000A,MELILLA,52,MELILLA,351635N,025723W,52.0,25.9,21.4,23.6,0.0,99.0,5.0,8.9,6.3,1015.6,1013.7,81.0,90.0,70.0
2024-09-30,6000A,MELILLA,52,MELILLA,351635N,025723W,52.0,25.0,21.4,23.2,0.6,8.0,3.3,6.9,5.8,1014.7,1011.6,81.0,91.0,71.0
2024-10-01,6000A,MELILLA,52,MELILLA,351635N,025723W,52.0,26.6,19.6,23.1,0.0,35.0,1.7,8.1,4.2,1011.8,1008.2,81.0,94.0,67.0
2024-10-02,6000A,MELILLA,52,MELILLA,351635N,025723W,52.0,32.5,18.6,25.6,0.0,26.0,5.3,14.4,10.3,1009.2,1005.0,43.0,96.0,27.0
2024-10-03,6000A,MELILLA,52,MELILLA,351635N,025723W,52.0,26.8,22.9,24.8,0.0,27.0,6.9,19.2,9.6,1008.1,1004.9,70.0,75.0,61.0
2024-10-04,6000A,MELILLA,52,MELILLA,351635N,025723W,52.0,27.1,22.3,24.7,0.0,25.0,4.2,13.3,10.2,1009.5,1006.8,66.0,73.0,56.0
2024-10-05,6000A,MELILLA,52,MELILLA,351635N,025723W,52.0,28.5,20.9,24.7,0.0,99.0,2.5,8.6,10.6,1009.7,1007.1,66.0,83.0,50.0
2024-10-06,6000A,MELILLA,52,MELILLA,351635N,025723W,52.0,29.0,21.5,25.2,0.0,25.0,1.4,5.0,8.7,1008.4,1003.5,64.0,82.0,48.0
2024-10-07,6000A,MELILLA,52,MELILLA,351635N,025723W,52.0,27.3,20.2,23.8,0.0,25.0,3.1,11.7,8.0,1007.1,1001.6,71.0,81.0,54.0
2024-10-08,6000A,MELILLA,52,MELILLA,351635N,025723W,52.0,26.2,20.0,23.1,0.0,27.0,3.9,10.3,6.4,1010.5,1006.8,62.0,80.0,48.0
2024-10-09,6000A,MELILLA,52,MELILLA,351635N,025723W,52.0,25.8,18.2,22.0,0.0,27.0,2.2,8.6,9.8,1008.8,1004.4,62.0,71.0,44.0
2024-10-10,6000A,MELILLA,52,MELILLA,351635N,025723W,52.0,25.6,20.4,23.0,0.0,26.0,4.2,14.4,6.0,1009.5,1006.7,66.0,82.0,50.0
2024-10-11,6000A,MELILLA,52,MELILLA,351635N,025723W,52.0,26.4,19.6,23.0,0.0,99.0,2.2,6.4,8.5,1009.5,1007.8,63.0,87.0,43.0
2024-10-12,6000A,MELILLA,52,MELILLA,351635N,025723W,52.0,25.7,18.6,22.2,7.8,27.0,2.2,10.0,6.6,1009.9,1005.0,80.0,95.0,67.0
2024-10-13,6000A,MELILLA,52,MELILLA,351635N,025723W,52.0,22.9,18.9,20.9,0.0,99.0,1.9,6.1,0.0,1009.8,1007.3,84.0,94.0,76.0
2024-10-14,6000A,MELILLA,52,MELILLA,351635N,025723W,52.0,25.4,19.2,22.3,0.8,26.0,2.2,6.9,2.7,1008.7,1003.6,82.0,92.0,68.0
2024-10-15,6000A,MELILLA,52,MELILLA,351635N,025723W,52.0,24.0,18.0,21.0,0.4,9.0,1.9,6.4,7.5,1006.7,1003.2,78.0,93.0,64.0
2024-10-16,6000A,MELILLA,52,MELILLA,351635N,025723W,52.0,30.4,18.9,24.6,1.8,23.0,3.1,12.5,9.8,1010.9,1004.1,62.0,93.0,41.0
2024-10-17,6000A,MELILLA,52,MELILLA,351635N,025723W,52.0,23.4,17.4,20.4,0.0,34.0,3.9,13.9,8.2,1018.3,1010.6,71.0,89.0,57.0
2024-10-18,6000A,MELILLA,52,MELILLA,351635N,025723W,52.0,23.4,17.8,20.6,0.0,29.0,2.8,12.2,9.7,1017.6,1014.2,62.0,78.0,45.0
2024-10-19,6000A,MELILLA,52,MELILLA,351635N,025723W,52.0,24.4,17.1,20.8,0.0,32.0,2.5,8.1,5.3,1016.5,1014.2,67.0,80.0,50.0
2024-10-20,6000A,MELILLA,52,MELILLA,351635N,025723W,52.0,24.8,15.6,20.2,0.0,6.0,1.7,5.0,9.8,1017.1,1014.8,68.0,82.0,41.0
2024-10-21,6000A,MELILLA,52,MELILLA,351635N,025723W,52.0,23.5,16.6,20.0,0.0,11.0,2.5,6.7,9.3,1017.6,1015.5,83.0,90.0,69.0
2024-10-22,6000A,MELILLA,52,MELILLA,351635N,025723W,52.0,23.0,17.9,20.4,0.0,9.0,2.8,7.2,5.6,,,85.0,93.0,71.0
2024-10-23,6000A,MELILLA,52,MELILLA,351635N,025723W,52.0,22.8,18.5,20.6,0.0,9.0,3.6,6.7,,,,85.0,95.0,75.0
2024-10-24,6000A,MELILLA,52,MELILLA,351635N,025723W,52.0,22.1,19.3,20.7,0.0,8.0,3.3,6.7,0.9,1017.1,1014.6,92.0,95.0,86.0
2024-10-25,6000A,MELILLA,52,MELILLA,351635N,025723W,52.0,23.6,17.4,20.5,0.0,27.0,1.9,9.4,3.8,1015.2,1010.4,79.0,96.0,68.0
2024-10-26,6000A,MELILLA,52,MELILLA,351635N,025723W,52.0,20.1,17.0,18.6,1.8,26.0,4.2,15.6,8.4,1014.3,1010.2,57.0,71.0,41.0
2024-10-27,6000A,MELILLA,52,MELILLA,351635N,025723W,52.0,17.8,13.2,15.5,12.4,23.0,1.1,7.2,0.6,1010.6,1008.0,81.0,91.0,59.0
2024-10-28,6000A,MELILLA,52,MELILLA,351635N,025723W,52.0,19.4,13.2,16.3,6.2,9.0,3.3,11.4,0.3,1010.1,1001.6,86.0,97.0,72.0
2024-10-29,6000A,MELILLA,52,MELILLA,351635N,025723W,52.0,20.5,14.7,17.6,0.0,26.0,1.4,8.9,6.1,1007.2,1002.2,84.0,96.0,62.0
2024-10-30,6000A,MELILLA,52,MELILLA,351635N,025723W,52.0,26.5,14.9,20.7,0.0,21.0,2.2,9.4,6.6,1010.6,1006.0,53.0,91.0,31.0
2024-10-31,6000A,MELILLA,52,MELILLA,351635N,025723W,52.0,23.1,16.1,19.6,0.0,7.0,2.2,6.1,8.7,1013.4,1009.8,82.0,93.0,58.0
2024-11-01,6000A,MELILLA,52,MELILLA,351635N,025723W,52.0,21.3,15.0,18.2,0.0,6.0,1.4,5.0,5.8,1012.9,1010.5,84.0,98.0,66.0
2024-11-02,6000A,MELILLA,52,MELILLA,351635N,025723W,52.0,22.6,18.1,20.4,0.0,4.0,2.2,8.9,4.1,1012.5,1009.6,86.0,95.0,68.0
2024-11-03,6000A,MELILLA,52,MELILLA,351635N,025723W,52.0,21.6,17.7,19.6,0.0,6.0,3.3,9.2,6.0,1012.3,1009.7,88.0,97.0,75.0
2024-11-04,6000A,MELILLA,52,MELILLA,351635N,025723W,52.0,22.2,15.6,18.9,0.0,99.0,1.9,5.0,9.1,1015.6,1011.0,84.0,100.0,67.0
2024-11-05,6000A,MELILLA,52,MELILLA,351635N,025723W,52.0,22.0,16.4,19.2,0.0,31.0,1.9,6.7,5.7,1018.0,1015.1,83.0,99.0,68.0
2024-11-06,6000A,MELILLA,52,MELILLA,351635N,025723W,52.0,20.5,17.2,18.8,0.0,11.0,2.2,5.3,0.0,1017.6,1015.5,81.0,96.0,72.0
2024-11-07,6000A,MELILLA,52,MELILLA,351635N,025723W,52.0,20.7,18.1,19.4,0.0,6.0,3.1,6.1,1.1,1016.4,1014.1,94.0,98.0,88.0
2024-11-08,6000A,MELILLA,52,MELILLA,351635N,025723W,52.0,21.2,17.4,19.3,0.0,99.0,1.7,5.3,0.7,1018.0,1014.3,85.0,99.0,76.0
2024-11-09,6000A,MELILLA,52,MELILLA,351635N,025723W,52.0,22.8,15.4,19.1,0.0,31.0,1.9,6.4,4.3,1018.6,1015.9,82.0,96.0,66.0
2024-11-10,6000A,MELILLA,52,MELILLA,351635N,025723W,52.0,22.9,15.5,19.2,0.0,25.0,1.7,5.8,8.9,1018.9,1016.2,78.0,92.0,58.0
2024-11-11,6000A,MELILLA,52,MELILLA,351635N,025723W,52.0,20.7,14.5,17.6,0.0,11.0,2.8,7.5,8.6,1016.9,1014.7,85.0,95.0,72.0
2024-11-12,6000A,MELILLA,52,MELILLA,351635N,025723W,52.0,20.2,14.4,17.3,0.0,9.0,2.5,7.8,9.0,1015.1,1005.9,76.0,85.0,69.0
2024-11-13,6000A,MELILLA,52,MELILLA,351635N,025723W,52.0,20.8,12.7,16.8,0.0,14.0,2.2,6.9,7.8,1008.0,1002.5,80.0,90.0,54.0
2024-11-14,6000A,MELILLA,52,MELILLA,351635N,025723W,52.0,23.0,16.5,19.8,0.0,36.0,1.7,6.4,6.8,1009.6,1006.0,80.0,91.0,56.0
2024-11-15,6000A,MELILLA,52,MELILLA,351635N,025723W,52.0,20.2,17.9,19.0,0.0,7.0,3.3,7.5,1.9,1011.3,1008.1,90.0,95.0,82.0
2024-11-16,6000A,MELILLA,52,MELILLA,351635N,025723W,52.0,20.6,18.0,19.3,0.0,10.0,3.1,7.2,0.9,1012.9,1009.5,91.0,97.0,85.0
2024-11-17,6000A,MELILLA,52,MELILLA,351635N,025723W,52.0,21.0,16.3,18.6,0.0,26.0,2.5,8.9,1.7,1013.0,1009.1,90.0,97.0,79.0
2024-11-18,6000A,MELILLA,52,MELILLA,351635N,025723W,52.0,,,,0.0,,1.9,,6.5,,,85.0,,
2024-11-19,6000A,MELILLA,52,MELILLA,351635N,025723W,52.0,,,,0.0,,1.7,,2.2,,,68.0,,
2024-11-20,6000A,MELILLA,52,MELILLA,351635N,025723W,52.0,22.6,17.8,20.2,0.0,26.0,5.3,15.3,8.8,1016.6,1014.3,69.0,79.0,58.0
2024-11-21,6000A,MELILLA,52,MELILLA,351635N,025723W,52.0,20.7,16.8,18.8,0.0,27.0,5.8,17.8,7.9,1015.7,1011.1,76.0,86.0,65.0
2024-11-22,6000A,MELILLA,52,MELILLA,351635N,025723W,52.0,21.0,16.1,18.6,0.0,27.0,4.7,18.1,8.3,1016.3,1010.8,66.0,77.0,53.0
2024-11-23,6000A,MELILLA,52,MELILLA,351635N,025723W,52.0,21.0,12.4,16.7,0.0,9.0,2.2,5.8,9.0,1017.2,1015.2,75.0,88.0,52.0
2024-11-24,6000A,MELILLA,52,MELILLA,351635N,025723W,52.0,20.0,14.8,17.4,0.0,11.0,1.7,6.4,8.4,1016.0,1013.0,81.0,94.0,46.0
2024-11-25,6000A,MELILLA,52,MELILLA,351635N,025723W,52.0,23.5,15.4,19.4,0.0,26.0,1.7,10.0,2.3,1016.3,1013.1,81.0,94.0,47.0
2024-11-26,6000A,MELILLA,52,MELILLA,351635N,025723W,52.0,22.6,15.2,18.9,0.0,10.0,1.4,4.7,7.3,1016.4,1013.9,76.0,94.0,51.0
2024-11-27,6000A,MELILLA,52,MELILLA,351635N,025723W,52.0,19.2,16.2,17.7,0.0,5.0,1.9,5.6,0.1,1019.1,1014.4,83.0,94.0,73.0
2024-11-28,6000A,MELILLA,52,MELILLA,351635N,025723W,52.0,21.9,14.6,18.2,0.0,16.0,1.4,5.6,4.3,1021.3,1018.3,73.0,94.0,56.0
2024-11-29,6000A,MELILLA,52,MELILLA,351635N,025723W,52.0,20.7,12.8,16.8,0.0,8.0,1.7,4.4,7.4,1022.4,1019.5,82.0,96.0,63.0
2024-11-30,6000A,MELILLA,52,MELILLA,351635N,025723W,52.0,22.5,14.3,18.4,0.0,7.0,1.4,3.9,8.3,1020.9,1018.4,74.0,83.0,48.0
2024-12-01,6000A,MELILLA,52,MELILLA,351635N,025723W,52.0,18.7,12.6,15.6,0.0,8.0,1.9,4.7,4.8,1019.4,1017.0,88.0,94.0,75.0
2024-12-02,6000A,MELILLA,52,MELILLA,351635N,025723W,52.0,19.4,13.4,16.4,0.0,1.0,1.1,5.0,6.9,1018.7,1016.4,84.0,94.0,72.0
2024-12-03,6000A,MELILLA,52,MELILLA,351635N,025723W,52.0,22.3,13.5,17.9,0.0,24.0,3.3,11.4,7.9,1017.7,1015.0,72.0,92.0,55.0
2024-12-04,6000A,MELILLA,52,MELILLA,351635N,025723W,52.0,20.2,16.2,18.2,0.0,25.0,3.3,16.7,6.5,1022.4,1014.1,73.0,84.0,61.0
2024-12-05,6000A,MELILLA,52,MELILLA,351635N,025723W,52.0,21.3,13.1,17.2,0.0,27.0,1.7,8.3,6.5,1023.7,1021.0,78.0,89.0,52.0
2024-12-06,6000A,MELILLA,52,MELILLA,351635N,025723W,52.0,21.8,11.8,16.8,0.0,30.0,1.1,5.0,8.7,1022.8,1019.2,64.0,82.0,42.0
2024-12-07,6000A,MELILLA,52,MELILLA,351635N,025723W,52.0,24.9,13.7,19.3,0.0,27.0,3.6,16.1,6.0,1019.2,1014.3,42.0,73.0,27.0
2024-12-08,6000A,MELILLA,52,MELILLA,351635N,025723W,52.0,19.7,14.7,17.2,0.0,26.0,3.6,15.8,7.9,1016.0,1012.6,66.0,79.0,42.0
2024-12-09,6000A,MELILLA,52,MELILLA,351635N,025723W,52.0,17.5,12.6,15.0,0.0,28.0,3.1,11.1,8.0,1013.0,1009.9,43.0,78.0,34.0
2024-12-10,6000A,MELILLA,52,MELILLA,351635N,025723W,52.0,17.5,9.0,13.2,0.0,24.0,2.2,6.9,8.7,1012.5,1010.1,46.0,74.0,33.0
2024-12-11,6000A,MELILLA,52,MELILLA,351635N,025723W,52.0,17.3,8.5,12.9,0.0,4.0,2.5,5.8,8.0,1011.5,1008.2,64.0,80.0,47.0
2024-12-12,6000A,MELILLA,52,MELILLA,351635N,025723W,52.0,19.9,8.6,14.2,0.0,13.0,1.9,7.8,7.6,1012.7,1009.5,55.0,76.0,27.0
2024-12-13,6000A,MELILLA,52,MELILLA,351635N,025723W,52.0,19.3,10.3,14.8,0.0,99.0,1.4,5.6,8.6,1020.3,1012.5,63.0,88.0,39.0
2024-12-14,6000A,MELILLA,52,MELILLA,351635N,025723W,52.0,18.2,10.3,14.2,0.0,6.0,1.4,4.7,5.7,1024.1,1019.5,80.0,96.0,68.0
2024-12-15,6000A,MELILLA,52,MELILLA,351635N,025723W,52.0,18.4,11.2,14.8,0.0,11.0,1.7,7.8,6.5,1028.3,1022.9,78.0,94.0,64.0
2024-12-16,6000A,MELILLA,52,MELILLA,351635N,025723W,52.0,17.1,12.1,14.6,0.0,8.0,3.6,10.6,8.7,1030.6,1027.4,65.0,82.0,50.0
2024-12-17,6000A,MELILLA,52,MELILLA,351635N,025723W,52.0,18.2,10.6,14.4,0.0,3.0,1.9,6.1,8.0,1027.6,1025.1,63.0,78.0,49.0
2024-12-18,6000A,MELILLA,52,MELILLA,351635N,025723W,52.0,18.9,9.0,14.0,0.0,7.0,1.1,3.9,8.7,1026.3,1022.2,57.0,79.0,35.0
2024-12-19,6000A,MELILLA,52,MELILLA,351635N,025723W,52.0,22.0,11.7,16.8,0.0,25.0,5.0,14.2,2.4,1022.2,1018.4,40.0,70.0,25.0
2024-12-20,6000A,MELILLA,52,MELILLA,351635N,025723W,52.0,20.1,14.1,17.1,0.0,26.0,4.2,10.6,3.9,1021.1,1018.2,69.0,81.0,57.0
2024-12-21,6000A,MELILLA,52,MELILLA,351635N,025723W,52.0,16.0,13.2,14.6,0.2,8.0,3.6,9.2,0.0,1023.3,1019.1,77.0,88.0,66.0
2024-12-22,6000A,MELILLA,52,MELILLA,351635N,025723W,52.0,17.2,12.0,14.6,0.0,8.0,1.9,6.4,8.7,1023.7,1018.2,68.0,83.0,57.0
2024-12-23,6000A,MELILLA,52,MELILLA,351635N,025723W,52.0,18.6,10.4,14.5,0.0,16.0,1.9,6.4,8.8,1018.8,1015.2,76.0,86.0,53.0
2024-12-24,6000A,MELILLA,52,MELILLA,351635N,025723W,52.0,17.4,12.0,14.7,0.0,99.0,2.2,6.1,8.7,1020.2,1018.3,62.0,83.0,49.0
2024-12-25,6000A,MELILLA,52,MELILLA,351635N,025723W,52.0,17.4,10.7,14.0,0.0,8.0,2.8,5.6,8.7,1020.1,1018.4,76.0,89.0,56.0
2024-12-26,6000A,MELILLA,52,MELILLA,351635N,025723W,52.0,18.3,13.0,15.6,0.0,8.0,3.6,8.9,7.9,1021.5,1019.0,72.0,88.0,46.0
2024-12-27,6000A,MELILLA,52,MELILLA,351635N,025723W,52.0,16.8,13.1,15.0,0.0,7.0,4.4,10.6,8.7,1022.3,1019.9,64.0,79.0,52.0
2024-12-28,6000A,MELILLA,52,MELILLA,351635N,025723W,52.0,16.9,11.7,14.3,0.0,9.0,3.1,9.2,8.6,1021.8,1019.3,64.0,78.0,44.0
2024-12-29,6000A,MELILLA,52,MELILLA,351635N,025723W,52.0,17.8,9.7,13.8,0.0,5.0,1.9,5.8,8.7,1020.5,1018.3,68.0,87.0,56.0
2024-12-30,6000A,MELILLA,52,MELILLA,351635N,025723W,52.0,17.0,9.1,13.0,0.0,5.0,2.2,5.8,8.7,1021.2,1019.1,68.0,89.0,53.0
2024-12-31,6000A,MELILLA,52,MELILLA,351635N,025723W,52.0,16.6,8.6,12.6,16.8,9.0,3.1,11.7,7.2,1021.5,1019.2,65.0,86.0,40.0
